"SECONDS";"PID";"VALUE";"UNITS";"LATITUDE";"LONGTITUDE";
"46537.184014";"Average speed (GPS)";"0";"km/h";"13.0157822";"77.5656214";
"46537.184014";"Speed (GPS)";"0";"km/h";"13.0157822";"77.5656214";
"46537.192014";"Altitude (GPS)";"874.299987792969";"m";"13.0157822";"77.5656214";
"46537.193014";"Altitude (GPS)";"874.299987792969";"m";"13.0157822";"77.5656214";
"46537.197014";"Altitude (GPS)";"874.299987792969";"m";"13.0157822";"77.5656214";
"46537.197014";"Average speed (GPS)";"0";"km/h";"13.0157822";"77.5656214";
"46537.197014";"Speed (GPS)";"0";"km/h";"13.0157822";"77.5656214";
"46537.198014";"Altitude (GPS)";"874.299987792969";"m";"13.0157822";"77.5656214";
"46537.198014";"Average speed (GPS)";"0";"km/h";"13.0157822";"77.5656214";
"46537.198014";"Speed (GPS)";"0";"km/h";"13.0157822";"77.5656214";
"46541.956014";"Average speed (GPS)";"0";"km/h";"13.0157822";"77.5656214";
"46541.956014";"Speed (GPS)";"0";"km/h";"13.0157822";"77.5656214";
"46541.957014";"Altitude (GPS)";"872";"m";"13.0157822";"77.5656214";
"46541.957014";"Altitude (GPS)";"872";"m";"13.0157822";"77.5656214";
"46541.957014";"Average speed (GPS)";"0";"km/h";"13.0157822";"77.5656214";
"46541.957014";"Speed (GPS)";"0";"km/h";"13.0157822";"77.5656214";
"46542.011014";"Altitude (GPS)";"874.299987792969";"m";"13.0157822";"77.5656214";
"46542.011014";"Average speed (GPS)";"0";"km/h";"13.0157822";"77.5656214";
"46542.011014";"Speed (GPS)";"0";"km/h";"13.0157822";"77.5656214";
"46542.431014";"Altitude (GPS)";"873.700012207031";"m";"13.0159218";"77.5656546";
"46542.432014";"Altitude (GPS)";"873.700012207031";"m";"13.0159218";"77.5656546";
"46542.432014";"Altitude (GPS)";"873.700012207031";"m";"13.0159218";"77.5656546";
"46542.432014";"Average speed (GPS)";"0";"km/h";"13.0159218";"77.5656546";
"46542.432014";"Average speed (GPS)";"0";"km/h";"13.0159218";"77.5656546";
"46542.432014";"Speed (GPS)";"0";"km/h";"13.0159218";"77.5656546";
"46542.432014";"Speed (GPS)";"0";"km/h";"13.0159218";"77.5656546";
"46547.291014";"Altitude (GPS)";"863";"m";"13.0158133333333";"77.5656683333333";
"46548.605014";"Average speed (GPS)";"0";"km/h";"13.0158133333333";"77.5656683333333";
"46548.605014";"Speed (GPS)";"0";"km/h";"13.0158133333333";"77.5656683333333";
"46548.606014";"Altitude (GPS)";"873.700012207031";"m";"13.0158133333333";"77.5656683333333";
"46548.609014";"Altitude (GPS)";"874.299987792969";"m";"13.0158133333333";"77.5656683333333";
"46548.609014";"Altitude (GPS)";"874.299987792969";"m";"13.0158133333333";"77.5656683333333";
"46548.609014";"Average speed (GPS)";"0";"km/h";"13.0158133333333";"77.5656683333333";
"46548.609014";"Average speed (GPS)";"0";"km/h";"13.0158133333333";"77.5656683333333";
"46548.609014";"Speed (GPS)";"0";"km/h";"13.0158133333333";"77.5656683333333";
"46548.609014";"Speed (GPS)";"0";"km/h";"13.0158133333333";"77.5656683333333";
"46548.611014";"Altitude (GPS)";"874.299987792969";"m";"13.0158133333333";"77.5656683333333";
"46548.611014";"Average speed (GPS)";"0";"km/h";"13.0158133333333";"77.5656683333333";
"46548.611014";"Speed (GPS)";"0";"km/h";"13.0158133333333";"77.5656683333333";
"46548.616014";"Altitude (GPS)";"874.299987792969";"m";"13.0158133333333";"77.5656683333333";
"46548.616014";"Average speed (GPS)";"0";"km/h";"13.0158133333333";"77.5656683333333";
"46548.616014";"Speed (GPS)";"0";"km/h";"13.0158133333333";"77.5656683333333";
"46548.617014";"Altitude (GPS)";"874.299987792969";"m";"13.0157696";"77.5656189";
"46549.181014";"OBD Module Voltage";"14";"V";"13.0157696";"77.5656189";
"46549.339014";"Calculated engine load value";"36.078431372549";"%";"13.0157696";"77.5656189";
"46549.437014";"Engine coolant temperature";"74";"℃";"13.0157696";"77.5656189";
"46549.509014";"Calculated boost";"-0.917363692895667";"psi";"13.0157696";"77.5656189";
"46549.509014";"Intake manifold absolute pressure";"13.778585110665";"psi";"13.0157696";"77.5656189";
"46549.602014";"Engine RPM";"824";"rpm";"13.0157696";"77.5656189";
"46549.602014";"Engine RPM x1000";"0.8";"rpm";"13.0157696";"77.5656189";
"46549.695014";"Vehicle speed";"0";"km/h";"13.0157696";"77.5656189";
"46549.830014";"Intake air temperature";"40";"℃";"13.0157696";"77.5656189";
"46549.901014";"OBD Module Voltage";"14.1";"V";"13.0157696";"77.5656189";
"46550.061014";"Calculated engine load value";"35.2941176470588";"%";"13.0157696";"77.5656189";
"46550.147014";"Engine coolant temperature";"74";"℃";"13.0157696";"77.5656189";
"46550.214014";"OBD Module Voltage";"13.9";"V";"13.0157696";"77.5656189";
"46550.392014";"Calculated engine load value";"35.2941176470588";"%";"13.0157696";"77.5656189";
"46550.444014";"OBD Module Voltage";"14";"V";"13.0157696";"77.5656189";
"46550.578014";"Calculated engine load value";"34.9019607843137";"%";"13.0157696";"77.5656189";
"46550.670014";"Engine coolant temperature";"74";"℃";"13.0157696";"77.5656189";
"46550.723014";"OBD Module Voltage";"14.1";"V";"13.0157696";"77.5656189";
"46550.838014";"Calculated engine load value";"35.2941176470588";"%";"13.0157696";"77.5656189";
"46550.900014";"OBD Module Voltage";"14";"V";"13.0157696";"77.5656189";
"46551.012014";"Calculated engine load value";"35.2941176470588";"%";"13.0157696";"77.5656189";
"46551.062014";"Engine coolant temperature";"75";"℃";"13.0157696";"77.5656189";
"46551.116014";"OBD Module Voltage";"14.1";"V";"13.0157696";"77.5656189";
"46551.224014";"Calculated engine load value";"35.6862745098039";"%";"13.0157696";"77.5656189";
"46551.298014";"OBD Module Voltage";"13.9";"V";"13.0157696";"77.5656189";
"46551.423014";"Calculated engine load value";"35.2941176470588";"%";"13.0157696";"77.5656189";
"46551.471014";"Engine coolant temperature";"74";"℃";"13.0157696";"77.5656189";
"46551.530014";"OBD Module Voltage";"14.1";"V";"13.0157696";"77.5656189";
"46551.566014";"Average speed (GPS)";"0";"km/h";"13.0157696";"77.5656189";
"46551.566014";"Speed (GPS)";"0";"km/h";"13.0157696";"77.5656189";
"46551.570014";"Altitude (GPS)";"832.8";"m";"13.0157696";"77.5656189";
"46551.571014";"Altitude (GPS)";"832.8";"m";"13.0157696";"77.5656189";
"46551.571014";"Average speed (GPS)";"0";"km/h";"13.0157696";"77.5656189";
"46551.571014";"Speed (GPS)";"0";"km/h";"13.0157696";"77.5656189";
"46551.577014";"Altitude (GPS)";"874.299987792969";"m";"13.0157696";"77.5656189";
"46551.577014";"Average speed (GPS)";"0";"km/h";"13.0157696";"77.5656189";
"46551.577014";"Speed (GPS)";"0";"km/h";"13.0157696";"77.5656189";
"46551.598014";"Altitude (GPS)";"874.299987792969";"m";"13.0157696";"77.5656189";
"46551.598014";"Average speed (GPS)";"0";"km/h";"13.0157696";"77.5656189";
"46551.598014";"Speed (GPS)";"0";"km/h";"13.0157696";"77.5656189";
"46551.626014";"Calculated engine load value";"35.2941176470588";"%";"13.0157696";"77.5656189";
"46551.680014";"OBD Module Voltage";"14";"V";"13.0157696";"77.5656189";
"46551.784014";"Calculated engine load value";"35.2941176470588";"%";"13.0157696";"77.5656189";
"46551.833014";"Engine coolant temperature";"75";"℃";"13.0157696";"77.5656189";
"46551.885014";"OBD Module Voltage";"14";"V";"13.0157696";"77.5656189";
"46552.014014";"Calculated engine load value";"35.6862745098039";"%";"13.0157696";"77.5656189";
"46552.074014";"OBD Module Voltage";"14";"V";"13.0157696";"77.5656189";
"46552.174014";"Calculated engine load value";"35.2941176470588";"%";"13.0157696";"77.5656189";
"46552.224014";"Engine coolant temperature";"75";"℃";"13.0157696";"77.5656189";
"46552.295014";"OBD Module Voltage";"14.1";"V";"13.0157696";"77.5656189";
"46552.396014";"Calculated engine load value";"35.2941176470588";"%";"13.0157696";"77.5656189";
"46552.448014";"OBD Module Voltage";"13.9";"V";"13.0157696";"77.5656189";
"46552.533014";"Average speed (GPS)";"0";"km/h";"13.0157696";"77.5656189";
"46552.533014";"Speed (GPS)";"0";"km/h";"13.0157696";"77.5656189";
"46552.534014";"Altitude (GPS)";"839.6";"m";"13.0157696";"77.5656189";
"46552.537014";"Altitude (GPS)";"839.6";"m";"13.0157516666667";"77.565675";
"46552.538014";"Altitude (GPS)";"839.6";"m";"13.0157516666667";"77.565675";
"46552.538014";"Average speed (GPS)";"0";"km/h";"13.0157516666667";"77.565675";
"46552.538014";"Speed (GPS)";"0";"km/h";"13.0157516666667";"77.565675";
"46552.544014";"Calculated engine load value";"35.2941176470588";"%";"13.0157516666667";"77.565675";
"46552.549014";"Altitude (GPS)";"874.299987792969";"m";"13.0157516666667";"77.565675";
"46552.549014";"Average speed (GPS)";"0";"km/h";"13.0157516666667";"77.565675";
"46552.549014";"Speed (GPS)";"0";"km/h";"13.0157516666667";"77.565675";
"46552.550014";"Average speed (GPS)";"0";"km/h";"13.0157516666667";"77.565675";
"46552.550014";"Speed (GPS)";"0";"km/h";"13.0157516666667";"77.565675";
"46552.551014";"Altitude (GPS)";"874.299987792969";"m";"13.0157516666667";"77.565675";
"46552.551014";"Altitude (GPS)";"874.299987792969";"m";"13.0157516666667";"77.565675";
"46552.551014";"Average speed (GPS)";"0";"km/h";"13.0157516666667";"77.565675";
"46552.551014";"Speed (GPS)";"0";"km/h";"13.0157516666667";"77.565675";
"46552.605014";"Engine coolant temperature";"75";"℃";"13.0157516666667";"77.565675";
"46552.661014";"OBD Module Voltage";"14";"V";"13.0157516666667";"77.565675";
"46552.702014";"Altitude (GPS)";"874.299987792969";"m";"13.0157516666667";"77.565675";
"46552.702014";"Average speed (GPS)";"0";"km/h";"13.0157516666667";"77.565675";
"46552.702014";"Speed (GPS)";"0";"km/h";"13.0157516666667";"77.565675";
"46552.824014";"Calculated engine load value";"35.2941176470588";"%";"13.0157516666667";"77.565675";
"46552.897014";"OBD Module Voltage";"14";"V";"13.0157516666667";"77.565675";
"46553.039014";"Calculated engine load value";"35.2941176470588";"%";"13.0157516666667";"77.565675";
"46553.089014";"Engine coolant temperature";"75";"℃";"13.0157516666667";"77.565675";
"46553.140014";"OBD Module Voltage";"13.9";"V";"13.0157516666667";"77.565675";
"46553.241014";"Calculated engine load value";"34.9019607843137";"%";"13.0157516666667";"77.565675";
"46553.298014";"OBD Module Voltage";"14.1";"V";"13.0157516666667";"77.565675";
"46553.387014";"Calculated engine load value";"35.2941176470588";"%";"13.0157516666667";"77.565675";
"46553.438014";"Engine coolant temperature";"75";"℃";"13.0157516666667";"77.565675";
"46553.503014";"OBD Module Voltage";"14";"V";"13.0157516666667";"77.565675";
"46553.627014";"Calculated engine load value";"34.9019607843137";"%";"13.0157516666667";"77.565675";
"46553.702014";"OBD Module Voltage";"14.1";"V";"13.0157516666667";"77.565675";
"46553.773014";"Altitude (GPS)";"844.5";"m";"13.015715";"77.5657133333333";
"46553.774014";"Altitude (GPS)";"844.5";"m";"13.015715";"77.5657133333333";
"46553.774014";"Average speed (GPS)";"0";"km/h";"13.015715";"77.5657133333333";
"46553.774014";"Average speed (GPS)";"0";"km/h";"13.015715";"77.5657133333333";
"46553.774014";"Speed (GPS)";"0";"km/h";"13.015715";"77.5657133333333";
"46553.774014";"Speed (GPS)";"0";"km/h";"13.015715";"77.5657133333333";
"46553.775014";"Altitude (GPS)";"844.5";"m";"13.015715";"77.5657133333333";
"46553.779014";"Altitude (GPS)";"874.299987792969";"m";"13.015715";"77.5657133333333";
"46553.779014";"Average speed (GPS)";"0";"km/h";"13.015715";"77.5657133333333";
"46553.779014";"Speed (GPS)";"0";"km/h";"13.015715";"77.5657133333333";
"46553.780014";"Altitude (GPS)";"874.299987792969";"m";"13.015715";"77.5657133333333";
"46553.780014";"Average speed (GPS)";"0";"km/h";"13.015715";"77.5657133333333";
"46553.780014";"Speed (GPS)";"0";"km/h";"13.015715";"77.5657133333333";
"46553.784014";"Altitude (GPS)";"873.700012207031";"m";"13.015715";"77.5657133333333";
"46553.784014";"Average speed (GPS)";"0";"km/h";"13.015715";"77.5657133333333";
"46553.784014";"Speed (GPS)";"0";"km/h";"13.015715";"77.5657133333333";
"46553.787014";"Altitude (GPS)";"873.700012207031";"m";"13.015715";"77.5657133333333";
"46553.787014";"Average speed (GPS)";"0";"km/h";"13.015715";"77.5657133333333";
"46553.787014";"Speed (GPS)";"0";"km/h";"13.015715";"77.5657133333333";
"46553.788014";"Altitude (GPS)";"873.700012207031";"m";"13.015715";"77.5657133333333";
"46553.788014";"Average speed (GPS)";"0";"km/h";"13.015715";"77.5657133333333";
"46553.788014";"Speed (GPS)";"0";"km/h";"13.015715";"77.5657133333333";
"46553.817014";"Calculated engine load value";"34.9019607843137";"%";"13.015715";"77.5657133333333";
"46553.869014";"Engine coolant temperature";"75";"℃";"13.015715";"77.5657133333333";
"46553.911014";"OBD Module Voltage";"14";"V";"13.015715";"77.5657133333333";
"46553.949014";"Altitude (GPS)";"873.700012207031";"m";"13.0158698";"77.5656633";
"46554.020014";"Calculated engine load value";"34.9019607843137";"%";"13.0158698";"77.5656633";
"46554.079014";"OBD Module Voltage";"14";"V";"13.0158698";"77.5656633";
"46554.181014";"Calculated engine load value";"35.6862745098039";"%";"13.0158698";"77.5656633";
"46554.228014";"Engine coolant temperature";"75";"℃";"13.0158698";"77.5656633";
"46554.281014";"OBD Module Voltage";"14";"V";"13.0158698";"77.5656633";
"46554.376014";"Calculated engine load value";"35.2941176470588";"%";"13.0158698";"77.5656633";
"46554.513014";"OBD Module Voltage";"14.1";"V";"13.0158698";"77.5656633";
"46554.607014";"Calculated engine load value";"34.9019607843137";"%";"13.0158698";"77.5656633";
"46554.659014";"Engine coolant temperature";"75";"℃";"13.0158698";"77.5656633";
"46554.711014";"OBD Module Voltage";"14.1";"V";"13.0158698";"77.5656633";
"46554.767014";"Average speed (GPS)";"0";"km/h";"13.0158698";"77.5656633";
"46554.767014";"Speed (GPS)";"0";"km/h";"13.0158698";"77.5656633";
"46554.768014";"Altitude (GPS)";"847.9";"m";"13.0158698";"77.5656633";
"46554.809014";"Calculated engine load value";"34.5098039215686";"%";"13.0158698";"77.5656633";
"46554.850014";"Average speed (GPS)";"0";"km/h";"13.0158698";"77.5656633";
"46554.850014";"Speed (GPS)";"0";"km/h";"13.0158698";"77.5656633";
"46554.851014";"Altitude (GPS)";"873.700012207031";"m";"13.0158698";"77.5656633";
"46554.866014";"OBD Module Voltage";"14.1";"V";"13.0158698";"77.5656633";
"46554.982014";"Calculated engine load value";"34.9019607843137";"%";"13.0158698";"77.5656633";
"46555.031014";"Engine coolant temperature";"75";"℃";"13.0158698";"77.5656633";
"46555.083014";"OBD Module Voltage";"14.1";"V";"13.0158698";"77.5656633";
"46555.183014";"Calculated engine load value";"34.9019607843137";"%";"13.0158698";"77.5656633";
"46555.254014";"OBD Module Voltage";"14";"V";"13.0158698";"77.5656633";
"46555.362014";"Calculated engine load value";"34.5098039215686";"%";"13.0158698";"77.5656633";
"46555.422014";"Engine coolant temperature";"75";"℃";"13.0158698";"77.5656633";
"46555.472014";"OBD Module Voltage";"14";"V";"13.0158698";"77.5656633";
"46555.607014";"Calculated engine load value";"34.9019607843137";"%";"13.0158698";"77.5656633";
"46555.695014";"OBD Module Voltage";"14.1";"V";"13.0158698";"77.5656633";
"46555.767014";"Average speed (GPS)";"0";"km/h";"13.0158698";"77.5656633";
"46555.767014";"Speed (GPS)";"0";"km/h";"13.0158698";"77.5656633";
"46555.768014";"Altitude (GPS)";"849.7";"m";"13.0158698";"77.5656633";
"46555.821014";"Calculated engine load value";"34.9019607843137";"%";"13.0158698";"77.5656633";
"46555.873014";"Engine coolant temperature";"75";"℃";"13.0158698";"77.5656633";
"46555.878014";"Altitude (GPS)";"873.700012207031";"m";"13.0158698";"77.5656633";
"46555.878014";"Average speed (GPS)";"0";"km/h";"13.0158698";"77.5656633";
"46555.878014";"Speed (GPS)";"0";"km/h";"13.0158698";"77.5656633";
"46555.921014";"OBD Module Voltage";"14";"V";"13.0158698";"77.5656633";
"46556.024014";"Calculated engine load value";"34.9019607843137";"%";"13.0158698";"77.5656633";
"46556.084014";"OBD Module Voltage";"14";"V";"13.0158698";"77.5656633";
"46556.183014";"Calculated engine load value";"34.9019607843137";"%";"13.0158698";"77.5656633";
"46556.232014";"Engine coolant temperature";"75";"℃";"13.0158698";"77.5656633";
"46556.283014";"OBD Module Voltage";"14.1";"V";"13.0158698";"77.5656633";
"46556.380014";"Calculated engine load value";"34.9019607843137";"%";"13.0158698";"77.5656633";
"46556.430014";"OBD Module Voltage";"14.1";"V";"13.0158698";"77.5656633";
"46556.540014";"Calculated engine load value";"34.9019607843137";"%";"13.0158698";"77.5656633";
"46556.590014";"Engine coolant temperature";"75";"℃";"13.0158698";"77.5656633";
"46556.655014";"OBD Module Voltage";"14";"V";"13.0158698";"77.5656633";
"46556.764014";"Calculated engine load value";"34.9019607843137";"%";"13.0158698";"77.5656633";
"46556.779014";"Altitude (GPS)";"851.9";"m";"13.0158698";"77.5656633";
"46556.779014";"Average speed (GPS)";"0";"km/h";"13.0158698";"77.5656633";
"46556.779014";"Speed (GPS)";"0";"km/h";"13.0158698";"77.5656633";
"46556.823014";"OBD Module Voltage";"14";"V";"13.0158698";"77.5656633";
"46556.871014";"Average speed (GPS)";"0";"km/h";"13.0158698";"77.5656633";
"46556.871014";"Speed (GPS)";"0";"km/h";"13.0158698";"77.5656633";
"46556.872014";"Altitude (GPS)";"873.700012207031";"m";"13.0158698";"77.5656633";
"46556.913014";"Calculated engine load value";"34.9019607843137";"%";"13.0158698";"77.5656633";
"46556.974014";"Engine coolant temperature";"75";"℃";"13.0158698";"77.5656633";
"46557.061014";"OBD Module Voltage";"14.1";"V";"13.0158698";"77.5656633";
"46557.166014";"Calculated engine load value";"34.9019607843137";"%";"13.0158698";"77.5656633";
"46557.259014";"OBD Module Voltage";"14.1";"V";"13.0158698";"77.5656633";
"46557.324014";"Calculated engine load value";"34.5098039215686";"%";"13.0158698";"77.5656633";
"46557.374014";"Engine coolant temperature";"75";"℃";"13.0158698";"77.5656633";
"46557.436014";"OBD Module Voltage";"14.1";"V";"13.0158698";"77.5656633";
"46557.536014";"Calculated engine load value";"34.5098039215686";"%";"13.0158698";"77.5656633";
"46557.588014";"OBD Module Voltage";"14.1";"V";"13.0158698";"77.5656633";
"46557.698014";"Calculated engine load value";"34.5098039215686";"%";"13.0158698";"77.5656633";
"46557.749014";"Engine coolant temperature";"75";"℃";"13.0158698";"77.5656633";
"46557.764014";"Average speed (GPS)";"0.0050466597384408";"km/h";"13.01571";"77.565715";
"46557.764014";"Speed (GPS)";"0.131562995910645";"km/h";"13.01571";"77.565715";
"46557.766014";"Altitude (GPS)";"854";"m";"13.01571";"77.565715";
"46557.769014";"Average speed (GPS)";"0.00507429031310998";"km/h";"13.01571";"77.565715";
"46557.769014";"Speed (GPS)";"0.131562995910645";"km/h";"13.01571";"77.565715";
"46557.770014";"Altitude (GPS)";"854";"m";"13.01571";"77.565715";
"46557.782014";"Altitude (GPS)";"873.700012207031";"m";"13.01571";"77.565715";
"46557.782014";"Average speed (GPS)";"0.00507156966073504";"km/h";"13.01571";"77.565715";
"46557.782014";"Speed (GPS)";"0";"km/h";"13.01571";"77.565715";
"46557.798014";"OBD Module Voltage";"14";"V";"13.01571";"77.565715";
"46557.898014";"Calculated engine load value";"34.9019607843137";"%";"13.01571";"77.565715";
"46557.952014";"OBD Module Voltage";"14.1";"V";"13.01571";"77.565715";
"46558.057014";"Calculated engine load value";"34.9019607843137";"%";"13.01571";"77.565715";
"46558.108014";"Engine coolant temperature";"75";"℃";"13.01571";"77.565715";
"46558.162014";"OBD Module Voltage";"14.1";"V";"13.01571";"77.565715";
"46558.280014";"Calculated engine load value";"24.7058823529412";"%";"13.01571";"77.565715";
"46558.345014";"OBD Module Voltage";"14.2";"V";"13.01571";"77.565715";
"46558.485014";"Calculated engine load value";"22.7450980392157";"%";"13.01571";"77.565715";
"46558.548014";"Engine coolant temperature";"75";"℃";"13.01571";"77.565715";
"46558.601014";"OBD Module Voltage";"14.2";"V";"13.01571";"77.565715";
"46558.709014";"Calculated engine load value";"20.7843137254902";"%";"13.01571";"77.565715";
"46558.763014";"OBD Module Voltage";"14.1";"V";"13.01571";"77.565715";
"46558.788014";"Altitude (GPS)";"855.1";"m";"13.0157166666667";"77.5657166666667";
"46558.788014";"Average speed (GPS)";"0.00486153315307608";"km/h";"13.0157166666667";"77.5657166666667";
"46558.788014";"Speed (GPS)";"0";"km/h";"13.0157166666667";"77.5657166666667";
"46558.790014";"Altitude (GPS)";"855.1";"m";"13.0157166666667";"77.5657166666667";
"46558.790014";"Average speed (GPS)";"0.00486109721254726";"km/h";"13.0157166666667";"77.5657166666667";
"46558.790014";"Speed (GPS)";"0";"km/h";"13.0157166666667";"77.5657166666667";
"46558.796014";"Altitude (GPS)";"873.700012207031";"m";"13.0157166666667";"77.5657166666667";
"46558.796014";"Average speed (GPS)";"0.00485985344135413";"km/h";"13.0157166666667";"77.5657166666667";
"46558.796014";"Speed (GPS)";"0";"km/h";"13.0157166666667";"77.5657166666667";
"46558.840014";"Average speed (GPS)";"0.00485114311628727";"km/h";"13.0157166666667";"77.5657166666667";
"46558.840014";"Speed (GPS)";"0";"km/h";"13.0157166666667";"77.5657166666667";
"46558.841014";"Altitude (GPS)";"873.700012207031";"m";"13.0157166666667";"77.5657166666667";
"46558.850014";"Altitude (GPS)";"873.700012207031";"m";"13.0157166666667";"77.5657166666667";
"46558.850014";"Average speed (GPS)";"0.00484912677002044";"km/h";"13.0157166666667";"77.5657166666667";
"46558.850014";"Average speed (GPS)";"0.00484904296614077";"km/h";"13.0157166666667";"77.5657166666667";
"46558.850014";"Speed (GPS)";"0";"km/h";"13.0157166666667";"77.5657166666667";
"46558.850014";"Speed (GPS)";"0";"km/h";"13.0157166666667";"77.5657166666667";
"46558.851014";"Altitude (GPS)";"873.700012207031";"m";"13.0157166666667";"77.5657166666667";
"46558.851014";"Calculated engine load value";"20.7843137254902";"%";"13.0157166666667";"77.5657166666667";
"46558.909014";"Engine coolant temperature";"75";"℃";"13.0157166666667";"77.5657166666667";
"46558.926014";"Altitude (GPS)";"873.700012207031";"m";"13.0158076";"77.5656261";
"46558.963014";"OBD Module Voltage";"14.1";"V";"13.0158076";"77.5656261";
"46559.060014";"Calculated engine load value";"20.7843137254902";"%";"13.0158076";"77.5656261";
"46559.113014";"OBD Module Voltage";"14.1";"V";"13.0158076";"77.5656261";
"46559.216014";"Calculated engine load value";"20.7843137254902";"%";"13.0158076";"77.5656261";
"46559.270014";"Engine coolant temperature";"75";"℃";"13.0158076";"77.5656261";
"46559.323014";"OBD Module Voltage";"14.1";"V";"13.0158076";"77.5656261";
"46559.421014";"Calculated engine load value";"21.1764705882353";"%";"13.0158076";"77.5656261";
"46559.473014";"OBD Module Voltage";"14.1";"V";"13.0158076";"77.5656261";
"46559.589014";"Calculated engine load value";"21.5686274509804";"%";"13.0158076";"77.5656261";
"46559.641014";"Engine coolant temperature";"75";"℃";"13.0158076";"77.5656261";
"46559.694014";"OBD Module Voltage";"14.1";"V";"13.0158076";"77.5656261";
"46559.791014";"Calculated engine load value";"21.1764705882353";"%";"13.0158076";"77.5656261";
"46559.830014";"Altitude (GPS)";"856.3";"m";"13.0158076";"77.5656261";
"46559.830014";"Average speed (GPS)";"0.00466159674150179";"km/h";"13.0158076";"77.5656261";
"46559.830014";"Speed (GPS)";"0";"km/h";"13.0158076";"77.5656261";
"46559.832014";"Average speed (GPS)";"0.00466118892991631";"km/h";"13.0158076";"77.5656261";
"46559.832014";"Speed (GPS)";"0";"km/h";"13.0158076";"77.5656261";
"46559.833014";"Altitude (GPS)";"873.700012207031";"m";"13.0158076";"77.5656261";
"46559.834014";"Average speed (GPS)";"0.00466076850066629";"km/h";"13.0158076";"77.5656261";
"46559.834014";"Speed (GPS)";"0";"km/h";"13.0158076";"77.5656261";
"46559.835014";"Altitude (GPS)";"873.700012207031";"m";"13.0158076";"77.5656261";
"46559.849014";"OBD Module Voltage";"14.1";"V";"13.0158076";"77.5656261";
"46559.947014";"Altitude (GPS)";"873.700012207031";"m";"13.0158076";"77.5656261";
"46559.947014";"Average speed (GPS)";"0.00464016554617584";"km/h";"13.0158076";"77.5656261";
"46559.947014";"Speed (GPS)";"0";"km/h";"13.0158076";"77.5656261";
"46559.967014";"Calculated engine load value";"21.5686274509804";"%";"13.0158076";"77.5656261";
"46560.018014";"Engine coolant temperature";"75";"℃";"13.0158076";"77.5656261";
"46560.085014";"OBD Module Voltage";"14.1";"V";"13.0158076";"77.5656261";
"46560.199014";"Calculated engine load value";"21.5686274509804";"%";"13.0158076";"77.5656261";
"46560.268014";"OBD Module Voltage";"14.1";"V";"13.0158076";"77.5656261";
"46560.337014";"Calculated engine load value";"21.9607843137255";"%";"13.0158076";"77.5656261";
"46560.389014";"Engine coolant temperature";"75";"℃";"13.0158076";"77.5656261";
"46560.441014";"OBD Module Voltage";"14.1";"V";"13.0158076";"77.5656261";
"46560.546014";"Calculated engine load value";"21.5686274509804";"%";"13.0158076";"77.5656261";
"46560.597014";"OBD Module Voltage";"14.1";"V";"13.0158076";"77.5656261";
"46560.696014";"Calculated engine load value";"21.9607843137255";"%";"13.0158076";"77.5656261";
"46560.748014";"Engine coolant temperature";"75";"℃";"13.0158076";"77.5656261";
"46560.768014";"Altitude (GPS)";"857";"m";"13.0158076";"77.5656261";
"46560.768014";"Average speed (GPS)";"0.00449522975325226";"km/h";"13.0158076";"77.5656261";
"46560.768014";"Speed (GPS)";"0";"km/h";"13.0158076";"77.5656261";
"46560.801014";"OBD Module Voltage";"14.1";"V";"13.0158076";"77.5656261";
"46560.870014";"Altitude (GPS)";"873.700012207031";"m";"13.0158076";"77.5656261";
"46560.870014";"Average speed (GPS)";"0.00447785297024827";"km/h";"13.0158076";"77.5656261";
"46560.870014";"Speed (GPS)";"0";"km/h";"13.0158076";"77.5656261";
"46560.916014";"Calculated engine load value";"21.9607843137255";"%";"13.0158076";"77.5656261";
"46560.979014";"OBD Module Voltage";"14.1";"V";"13.0158076";"77.5656261";
"46561.121014";"Calculated engine load value";"21.9607843137255";"%";"13.0158076";"77.5656261";
"46561.182014";"Engine coolant temperature";"75";"℃";"13.0158076";"77.5656261";
"46561.242014";"OBD Module Voltage";"14.1";"V";"13.0158076";"77.5656261";
"46561.348014";"Calculated engine load value";"21.9607843137255";"%";"13.0158076";"77.5656261";
"46561.400014";"OBD Module Voltage";"14.1";"V";"13.0158076";"77.5656261";
"46561.492014";"Calculated engine load value";"22.3529411764706";"%";"13.0158076";"77.5656261";
"46561.537014";"Engine coolant temperature";"75";"℃";"13.0158076";"77.5656261";
"46561.589014";"OBD Module Voltage";"14";"V";"13.0158076";"77.5656261";
"46561.677014";"Calculated engine load value";"21.9607843137255";"%";"13.0158076";"77.5656261";
"46561.741014";"OBD Module Voltage";"14.1";"V";"13.0158076";"77.5656261";
"46561.742014";"Altitude (GPS)";"857.7";"m";"13.0158076";"77.5656261";
"46561.742014";"Altitude (GPS)";"857.7";"m";"13.0158076";"77.5656261";
"46561.742014";"Average speed (GPS)";"0.00433458901740539";"km/h";"13.0158076";"77.5656261";
"46561.742014";"Average speed (GPS)";"0.00433453223407799";"km/h";"13.0158076";"77.5656261";
"46561.742014";"Speed (GPS)";"0";"km/h";"13.0158076";"77.5656261";
"46561.742014";"Speed (GPS)";"0";"km/h";"13.0158076";"77.5656261";
"46561.752014";"Altitude (GPS)";"873.700012207031";"m";"13.0158076";"77.5656261";
"46561.752014";"Average speed (GPS)";"0.00433297230848045";"km/h";"13.0158076";"77.5656261";
"46561.752014";"Speed (GPS)";"0";"km/h";"13.0158076";"77.5656261";
"46561.802014";"Altitude (GPS)";"873.700012207031";"m";"13.0158076";"77.5656261";
"46561.802014";"Average speed (GPS)";"0.00432499011341901";"km/h";"13.0158076";"77.5656261";
"46561.802014";"Speed (GPS)";"0";"km/h";"13.0158076";"77.5656261";
"46561.842014";"Calculated engine load value";"21.5686274509804";"%";"13.0158076";"77.5656261";
"46561.887014";"Engine coolant temperature";"75";"℃";"13.0158076";"77.5656261";
"46561.942014";"OBD Module Voltage";"14";"V";"13.0158076";"77.5656261";
"46562.039014";"Calculated engine load value";"21.5686274509804";"%";"13.0158076";"77.5656261";
"46562.094014";"OBD Module Voltage";"14.1";"V";"13.0158076";"77.5656261";
"46562.195014";"Calculated engine load value";"21.5686274509804";"%";"13.0158076";"77.5656261";
"46562.377014";"Calculated engine load value";"21.5686274509804";"%";"13.0158076";"77.5656261";
"46562.467014";"Engine coolant temperature";"75";"℃";"13.0158076";"77.5656261";
"46562.547014";"Calculated boost";"-1.06240143090289";"psi";"13.0158076";"77.5656261";
"46562.547014";"Intake manifold absolute pressure";"13.633547372658";"psi";"13.0158076";"77.5656261";
"46562.623014";"Engine RPM";"799";"rpm";"13.0158076";"77.5656261";
"46562.623014";"Engine RPM x1000";"0.8";"rpm";"13.0158076";"77.5656261";
"46562.711014";"Distance travelled";"0";"km";"13.0158076";"77.5656261";
"46562.711014";"Distance travelled (total)";"0";"km";"13.0158076";"77.5656261";
"46562.711014";"Vehicle speed";"0";"km/h";"13.0158076";"77.5656261";
"46562.778014";"Altitude (GPS)";"858.7";"m";"13.0157416666667";"77.565695";
"46562.781014";"Altitude (GPS)";"858.7";"m";"13.0157416666667";"77.565695";
"46562.781014";"Average speed (GPS)";"0.00417539481697247";"km/h";"13.0157416666667";"77.565695";
"46562.781014";"Speed (GPS)";"0";"km/h";"13.0157416666667";"77.565695";
"46562.782014";"Altitude (GPS)";"858.7";"m";"13.0157416666667";"77.565695";
"46562.782014";"Average speed (GPS)";"0.00417518480666547";"km/h";"13.0157416666667";"77.565695";
"46562.782014";"Speed (GPS)";"0";"km/h";"13.0157416666667";"77.565695";
"46562.801014";"Average speed (GPS)";"0.00417239292557131";"km/h";"13.0157416666667";"77.565695";
"46562.801014";"Intake air temperature";"40";"℃";"13.0157416666667";"77.565695";
"46562.801014";"Speed (GPS)";"0";"km/h";"13.0157416666667";"77.565695";
"46562.802014";"Altitude (GPS)";"873.700012207031";"m";"13.0157416666667";"77.565695";
"46562.805014";"Altitude (GPS)";"873.700012207031";"m";"13.0157416666667";"77.565695";
"46562.805014";"Average speed (GPS)";"0.00417179583509836";"km/h";"13.0157416666667";"77.565695";
"46562.805014";"Speed (GPS)";"0";"km/h";"13.0157416666667";"77.565695";
"46562.809014";"Altitude (GPS)";"873.700012207031";"m";"13.0157416666667";"77.565695";
"46562.809014";"Average speed (GPS)";"0.00417127477314476";"km/h";"13.0157416666667";"77.565695";
"46562.809014";"Speed (GPS)";"0";"km/h";"13.0157416666667";"77.565695";
"46562.902014";"Calculated engine load value";"21.9607843137255";"%";"13.0157416666667";"77.565695";
"46562.945014";"Altitude (GPS)";"873.700012207031";"m";"13.0157416666667";"77.565695";
"46562.945014";"Average speed (GPS)";"0.00415131625270377";"km/h";"13.0157416666667";"77.565695";
"46562.945014";"Speed (GPS)";"0";"km/h";"13.0157416666667";"77.565695";
"46562.986014";"Calculated boost";"-1.06240143090289";"psi";"13.0157416666667";"77.565695";
"46562.986014";"Intake manifold absolute pressure";"13.633547372658";"psi";"13.0157416666667";"77.565695";
"46563.078014";"Engine RPM";"800";"rpm";"13.0157416666667";"77.565695";
"46563.078014";"Engine RPM x1000";"0.8";"rpm";"13.0157416666667";"77.565695";
"46563.154014";"Average speed";"0";"km/h";"13.0157416666667";"77.565695";
"46563.154014";"Distance travelled";"0";"km";"13.0157416666667";"77.565695";
"46563.154014";"Distance travelled (total)";"0";"km";"13.0157416666667";"77.565695";
"46563.154014";"Vehicle speed";"0";"km/h";"13.0157416666667";"77.565695";
"46563.227014";"Intake air temperature";"40";"℃";"13.0157416666667";"77.565695";
"46563.321014";"Calculated engine load value";"21.9607843137255";"%";"13.0157416666667";"77.565695";
"46563.367014";"Engine coolant temperature";"75";"℃";"13.0157416666667";"77.565695";
"46563.415014";"Calculated boost";"-1.06240143090289";"psi";"13.0157416666667";"77.565695";
"46563.415014";"Intake manifold absolute pressure";"13.633547372658";"psi";"13.0157416666667";"77.565695";
"46563.468014";"Engine RPM";"798";"rpm";"13.0157416666667";"77.565695";
"46563.468014";"Engine RPM x1000";"0.8";"rpm";"13.0157416666667";"77.565695";
"46563.518014";"Average speed";"0";"km/h";"13.0157416666667";"77.565695";
"46563.518014";"Distance travelled";"0";"km";"13.0157416666667";"77.565695";
"46563.518014";"Distance travelled (total)";"0";"km";"13.0157416666667";"77.565695";
"46563.518014";"Vehicle speed";"0";"km/h";"13.0157416666667";"77.565695";
"46563.573014";"Intake air temperature";"40";"℃";"13.0157416666667";"77.565695";
"46563.711014";"Calculated engine load value";"21.5686274509804";"%";"13.0157416666667";"77.565695";
"46563.762014";"Calculated boost";"-1.06240143090289";"psi";"13.0157416666667";"77.565695";
"46563.762014";"Intake manifold absolute pressure";"13.633547372658";"psi";"13.0157416666667";"77.565695";
"46563.774014";"Altitude (GPS)";"859";"m";"13.015745";"77.5656933333333";
"46563.777014";"Altitude (GPS)";"859";"m";"13.015745";"77.5656933333333";
"46563.777014";"Average speed (GPS)";"0.00403341079533267";"km/h";"13.015745";"77.5656933333333";
"46563.777014";"Speed (GPS)";"0";"km/h";"13.015745";"77.5656933333333";
"46563.783014";"Altitude (GPS)";"873.700012207031";"m";"13.015745";"77.5656933333333";
"46563.783014";"Average speed (GPS)";"0.00403256190998121";"km/h";"13.015745";"77.5656933333333";
"46563.783014";"Speed (GPS)";"0";"km/h";"13.015745";"77.5656933333333";
"46563.788014";"Altitude (GPS)";"873.700012207031";"m";"13.015745";"77.5656933333333";
"46563.788014";"Average speed (GPS)";"0.00403184356266773";"km/h";"13.015745";"77.5656933333333";
"46563.788014";"Speed (GPS)";"0";"km/h";"13.015745";"77.5656933333333";
"46563.918014";"Altitude (GPS)";"873.700012207031";"m";"13.015745";"77.5656933333333";
"46563.918014";"Average speed (GPS)";"0.00401402852240879";"km/h";"13.015745";"77.5656933333333";
"46563.918014";"Speed (GPS)";"0";"km/h";"13.015745";"77.5656933333333";
"46563.920014";"Calculated engine load value";"21.9607843137255";"%";"13.015745";"77.5656933333333";
"46564.017014";"Engine coolant temperature";"75";"℃";"13.015745";"77.5656933333333";
"46564.107014";"Calculated boost";"-1.06240143090289";"psi";"13.015745";"77.5656933333333";
"46564.107014";"Intake manifold absolute pressure";"13.633547372658";"psi";"13.015745";"77.5656933333333";
"46564.182014";"Engine RPM";"801";"rpm";"13.015745";"77.5656933333333";
"46564.182014";"Engine RPM x1000";"0.8";"rpm";"13.015745";"77.5656933333333";
"46564.223014";"Altitude (GPS)";"873.700012207031";"m";"13.015745";"77.5656933333333";
"46564.223014";"Average speed (GPS)";"0.0039728044562297";"km/h";"13.015745";"77.5656933333333";
"46564.223014";"Speed (GPS)";"0";"km/h";"13.015745";"77.5656933333333";
"46564.225014";"Altitude (GPS)";"873.700012207031";"m";"13.015745";"77.5656933333333";
"46564.225014";"Average speed (GPS)";"0.00397264011596464";"km/h";"13.015745";"77.5656933333333";
"46564.225014";"Speed (GPS)";"0";"km/h";"13.015745";"77.5656933333333";
"46564.226014";"Altitude (GPS)";"873.700012207031";"m";"13.0158695";"77.565649";
"46564.227014";"Altitude (GPS)";"873.700012207031";"m";"13.0158695";"77.565649";
"46564.227014";"Average speed (GPS)";"0.00397230853741075";"km/h";"13.0158695";"77.565649";
"46564.227014";"Speed (GPS)";"0";"km/h";"13.0158695";"77.565649";
"46564.255014";"Average speed";"0";"km/h";"13.0158695";"77.565649";
"46564.255014";"Distance travelled";"0";"km";"13.0158695";"77.565649";
"46564.255014";"Distance travelled (total)";"0";"km";"13.0158695";"77.565649";
"46564.255014";"Vehicle acceleration";"0";"g";"13.0158695";"77.565649";
"46564.255014";"Vehicle speed";"0";"km/h";"13.0158695";"77.565649";
"46564.337014";"Intake air temperature";"40";"℃";"13.0158695";"77.565649";
"46564.410014";"Calculated instant fuel rate";"0.863438914027149";"L/h";"13.0158695";"77.565649";
"46564.410014";"Instant engine power (based on fuel consumption)";"3.82307061011587";"hp";"13.0158695";"77.565649";
"46564.410014";"MAF air flow rate";"13.63";"g/sec";"13.0158695";"77.565649";
"46564.410014";"Power from MAF";"16.356";"hp";"13.0158695";"77.565649";
"46564.527014";"Calculated engine load value";"21.5686274509804";"%";"13.0158695";"77.565649";
"46564.590014";"Calculated boost";"-1.06240143090289";"psi";"13.0158695";"77.565649";
"46564.590014";"Intake manifold absolute pressure";"13.633547372658";"psi";"13.0158695";"77.565649";
"46564.643014";"Engine RPM";"798";"rpm";"13.0158695";"77.565649";
"46564.643014";"Engine RPM x1000";"0.8";"rpm";"13.0158695";"77.565649";
"46564.697014";"Average speed";"0";"km/h";"13.0158695";"77.565649";
"46564.697014";"Distance travelled";"0";"km";"13.0158695";"77.565649";
"46564.697014";"Distance travelled (total)";"0";"km";"13.0158695";"77.565649";
"46564.697014";"Vehicle acceleration";"0";"g";"13.0158695";"77.565649";
"46564.697014";"Vehicle speed";"0";"km/h";"13.0158695";"77.565649";
"46564.750014";"Intake air temperature";"40";"℃";"13.0158695";"77.565649";
"46564.788014";"Average speed (GPS)";"0.00389872952737137";"km/h";"13.0158695";"77.565649";
"46564.788014";"Speed (GPS)";"0";"km/h";"13.0158695";"77.565649";
"46564.789014";"Altitude (GPS)";"859";"m";"13.0158695";"77.565649";
"46564.828014";"Average speed (GPS)";"0.00389356527086749";"km/h";"13.0158695";"77.565649";
"46564.828014";"Speed (GPS)";"0";"km/h";"13.0158695";"77.565649";
"46564.829014";"Altitude (GPS)";"873.700012207031";"m";"13.0158695";"77.565649";
"46564.836014";"Calculated instant fuel rate";"0.84802036199095";"L/h";"13.0158695";"77.565649";
"46564.836014";"Fuel used";"9.70072163712921E-05";"L";"13.0158695";"77.565649";
"46564.836014";"Fuel used (total)";"9.70072163712921E-05";"L";"13.0158695";"77.565649";
"46564.836014";"Fuel used price";"9.79772885350051E-05";"₹";"13.0158695";"77.565649";
"46564.836014";"Fuel used price (total)";"0";"₹";"13.0158695";"77.565649";
"46564.836014";"Instant engine power (based on fuel consumption)";"3.75480149207809";"hp";"13.0158695";"77.565649";
"46564.836014";"MAF air flow rate";"13.63";"g/sec";"13.0158695";"77.565649";
"46564.836014";"Power from MAF";"16.356";"hp";"13.0158695";"77.565649";
"46564.968014";"Calculated engine load value";"21.9607843137255";"%";"13.0158695";"77.565649";
"46565.018014";"Engine coolant temperature";"75";"℃";"13.0158695";"77.565649";
"46565.078014";"Calculated boost";"-1.06240143090289";"psi";"13.0158695";"77.565649";
"46565.078014";"Intake manifold absolute pressure";"13.633547372658";"psi";"13.0158695";"77.565649";
"46565.127014";"Engine RPM";"799";"rpm";"13.0158695";"77.565649";
"46565.127014";"Engine RPM x1000";"0.8";"rpm";"13.0158695";"77.565649";
"46565.179014";"Average speed";"0";"km/h";"13.0158695";"77.565649";
"46565.179014";"Distance travelled";"0";"km";"13.0158695";"77.565649";
"46565.179014";"Distance travelled (total)";"0";"km";"13.0158695";"77.565649";
"46565.179014";"Vehicle acceleration";"0";"g";"13.0158695";"77.565649";
"46565.179014";"Vehicle speed";"0";"km/h";"13.0158695";"77.565649";
"46565.227014";"Intake air temperature";"40";"℃";"13.0158695";"77.565649";
"46565.295014";"Calculated instant fuel rate";"0.862171945701358";"L/h";"13.0158695";"77.565649";
"46565.295014";"Fuel used";"0.000206990012980141";"L";"13.0158695";"77.565649";
"46565.295014";"Fuel used (total)";"0.000206990012980141";"L";"13.0158695";"77.565649";
"46565.295014";"Fuel used price";"0.000209059913109942";"₹";"13.0158695";"77.565649";
"46565.295014";"Fuel used price (total)";"0";"₹";"13.0158695";"77.565649";
"46565.295014";"Instant engine power (based on fuel consumption)";"3.81746082198657";"hp";"13.0158695";"77.565649";
"46565.295014";"MAF air flow rate";"13.61";"g/sec";"13.0158695";"77.565649";
"46565.295014";"Power from MAF";"16.332";"hp";"13.0158695";"77.565649";
"46565.441014";"Calculated engine load value";"21.9607843137255";"%";"13.0158695";"77.565649";
"46565.491014";"Calculated boost";"-1.06240143090289";"psi";"13.0158695";"77.565649";
"46565.491014";"Intake manifold absolute pressure";"13.633547372658";"psi";"13.0158695";"77.565649";
"46565.550014";"Engine RPM";"799";"rpm";"13.0158695";"77.565649";
"46565.550014";"Engine RPM x1000";"0.8";"rpm";"13.0158695";"77.565649";
"46565.601014";"Average speed";"0";"km/h";"13.0158695";"77.565649";
"46565.601014";"Distance travelled";"0";"km";"13.0158695";"77.565649";
"46565.601014";"Distance travelled (total)";"0";"km";"13.0158695";"77.565649";
"46565.601014";"Vehicle acceleration";"0";"g";"13.0158695";"77.565649";
"46565.601014";"Vehicle speed";"0";"km/h";"13.0158695";"77.565649";
"46565.673014";"Intake air temperature";"40";"℃";"13.0158695";"77.565649";
"46565.722014";"Calculated instant fuel rate";"0.86027149321267";"L/h";"13.0158695";"77.565649";
"46565.722014";"Fuel used";"0.000308930344900704";"L";"13.0158695";"77.565649";
"46565.722014";"Fuel used (total)";"0.000308930344900704";"L";"13.0158695";"77.565649";
"46565.722014";"Fuel used price";"0.000312019648349711";"₹";"13.0158695";"77.565649";
"46565.722014";"Fuel used price (total)";"0";"₹";"13.0158695";"77.565649";
"46565.722014";"Instant engine power (based on fuel consumption)";"3.80904613979263";"hp";"13.0158695";"77.565649";
"46565.722014";"MAF air flow rate";"13.58";"g/sec";"13.0158695";"77.565649";
"46565.722014";"Power from MAF";"16.296";"hp";"13.0158695";"77.565649";
"46565.771014";"Average speed (GPS)";"0.00377621022227615";"km/h";"13.0158695";"77.565649";
"46565.771014";"Speed (GPS)";"0";"km/h";"13.0158695";"77.565649";
"46565.772014";"Altitude (GPS)";"858.9";"m";"13.0158695";"77.565649";
"46565.778014";"Altitude (GPS)";"858.9";"m";"13.0157516666667";"77.5656966666667";
"46565.778014";"Altitude (GPS)";"858.9";"m";"13.0157516666667";"77.5656966666667";
"46565.778014";"Average speed (GPS)";"0.00377536586263357";"km/h";"13.0157516666667";"77.5656966666667";
"46565.778014";"Speed (GPS)";"0";"km/h";"13.0157516666667";"77.5656966666667";
"46565.785014";"Average speed (GPS)";"0.00377449763788003";"km/h";"13.0157516666667";"77.5656966666667";
"46565.785014";"Speed (GPS)";"0";"km/h";"13.0157516666667";"77.5656966666667";
"46565.786014";"Altitude (GPS)";"873.700012207031";"m";"13.0157516666667";"77.5656966666667";
"46565.787014";"Altitude (GPS)";"873.700012207031";"m";"13.0157516666667";"77.5656966666667";
"46565.787014";"Altitude (GPS)";"873.700012207031";"m";"13.0157516666667";"77.5656966666667";
"46565.787014";"Average speed (GPS)";"0.00377434796768162";"km/h";"13.0157516666667";"77.5656966666667";
"46565.787014";"Average speed (GPS)";"0.00377429550752872";"km/h";"13.0157516666667";"77.5656966666667";
"46565.787014";"Speed (GPS)";"0";"km/h";"13.0157516666667";"77.5656966666667";
"46565.787014";"Speed (GPS)";"0";"km/h";"13.0157516666667";"77.5656966666667";
"46565.790014";"Altitude (GPS)";"873.700012207031";"m";"13.0157516666667";"77.5656966666667";
"46565.790014";"Average speed (GPS)";"0.0037739878912461";"km/h";"13.0157516666667";"77.5656966666667";
"46565.790014";"Speed (GPS)";"0";"km/h";"13.0157516666667";"77.5656966666667";
"46565.821014";"Calculated engine load value";"21.9607843137255";"%";"13.0157516666667";"77.5656966666667";
"46565.872014";"Engine coolant temperature";"75";"℃";"13.0157516666667";"77.5656966666667";
"46565.915014";"Altitude (GPS)";"873.700012207031";"m";"13.0158695";"77.565649";
"46565.919014";"Calculated boost";"-1.06240143090289";"psi";"13.0158695";"77.565649";
"46565.919014";"Intake manifold absolute pressure";"13.633547372658";"psi";"13.0158695";"77.565649";
"46565.969014";"Engine RPM";"799";"rpm";"13.0158695";"77.565649";
"46565.969014";"Engine RPM x1000";"0.8";"rpm";"13.0158695";"77.565649";
"46566.019014";"Average speed";"0";"km/h";"13.0158695";"77.565649";
"46566.019014";"Distance travelled";"0";"km";"13.0158695";"77.565649";
"46566.019014";"Distance travelled (total)";"0";"km";"13.0158695";"77.565649";
"46566.019014";"Vehicle acceleration";"0";"g";"13.0158695";"77.565649";
"46566.019014";"Vehicle speed";"0";"km/h";"13.0158695";"77.565649";
"46566.071014";"Intake air temperature";"40";"℃";"13.0158695";"77.565649";
"46566.121014";"Calculated instant fuel rate";"0.86027149321267";"L/h";"13.0158695";"77.565649";
"46566.121014";"Fuel used";"0.000404469850672448";"L";"13.0158695";"77.565649";
"46566.121014";"Fuel used (total)";"0.000404469850672448";"L";"13.0158695";"77.565649";
"46566.121014";"Fuel used price";"0.000408514549179173";"₹";"13.0158695";"77.565649";
"46566.121014";"Fuel used price (total)";"0";"₹";"13.0158695";"77.565649";
"46566.121014";"Instant engine power (based on fuel consumption)";"3.80904613979263";"hp";"13.0158695";"77.565649";
"46566.121014";"MAF air flow rate";"13.58";"g/sec";"13.0158695";"77.565649";
"46566.121014";"Power from MAF";"16.296";"hp";"13.0158695";"77.565649";
"46566.230014";"Calculated engine load value";"21.9607843137255";"%";"13.0158695";"77.565649";
"46566.278014";"Calculated boost";"-1.06240143090289";"psi";"13.0158695";"77.565649";
"46566.278014";"Intake manifold absolute pressure";"13.633547372658";"psi";"13.0158695";"77.565649";
"46566.329014";"Engine RPM";"799";"rpm";"13.0158695";"77.565649";
"46566.329014";"Engine RPM x1000";"0.8";"rpm";"13.0158695";"77.565649";
"46566.391014";"Average speed";"0";"km/h";"13.0158695";"77.565649";
"46566.391014";"Distance travelled";"0";"km";"13.0158695";"77.565649";
"46566.391014";"Distance travelled (total)";"0";"km";"13.0158695";"77.565649";
"46566.391014";"Vehicle acceleration";"0";"g";"13.0158695";"77.565649";
"46566.391014";"Vehicle speed";"0";"km/h";"13.0158695";"77.565649";
"46566.444014";"Intake air temperature";"40";"℃";"13.0158695";"77.565649";
"46566.517014";"Calculated instant fuel rate";"0.865339366515837";"L/h";"13.0158695";"77.565649";
"46566.517014";"Fuel used";"0.000499464018012821";"L";"13.0158695";"77.565649";
"46566.517014";"Fuel used (total)";"0.000499464018012821";"L";"13.0158695";"77.565649";
"46566.517014";"Fuel used price";"0.000504458658192949";"₹";"13.0158695";"77.565649";
"46566.517014";"Fuel used price (total)";"0";"₹";"13.0158695";"77.565649";
"46566.517014";"Instant engine power (based on fuel consumption)";"3.83148529230982";"hp";"13.0158695";"77.565649";
"46566.517014";"MAF air flow rate";"13.66";"g/sec";"13.0158695";"77.565649";
"46566.517014";"Power from MAF";"16.392";"hp";"13.0158695";"77.565649";
"46566.651014";"Calculated engine load value";"21.9607843137255";"%";"13.0158695";"77.565649";
"46566.702014";"Engine coolant temperature";"75";"℃";"13.0158695";"77.565649";
"46566.753014";"Calculated boost";"-1.06240143090289";"psi";"13.0158695";"77.565649";
"46566.753014";"Intake manifold absolute pressure";"13.633547372658";"psi";"13.0158695";"77.565649";
"46566.769014";"Average speed (GPS)";"0.00365947752457248";"km/h";"13.0158695";"77.565649";
"46566.769014";"Speed (GPS)";"0";"km/h";"13.0158695";"77.565649";
"46566.770014";"Altitude (GPS)";"858.9";"m";"13.0158695";"77.565649";
"46566.801014";"Engine RPM";"800";"rpm";"13.0158695";"77.565649";
"46566.801014";"Engine RPM x1000";"0.8";"rpm";"13.0158695";"77.565649";
"46566.855014";"Average speed";"0";"km/h";"13.0158695";"77.565649";
"46566.855014";"Distance travelled";"0";"km";"13.0158695";"77.565649";
"46566.855014";"Distance travelled (total)";"0";"km";"13.0158695";"77.565649";
"46566.855014";"Vehicle acceleration";"0";"g";"13.0158695";"77.565649";
"46566.855014";"Vehicle speed";"0";"km/h";"13.0158695";"77.565649";
"46566.884014";"Altitude (GPS)";"873.700012207031";"m";"13.0158695";"77.565649";
"46566.884014";"Average speed (GPS)";"0.00364652659642563";"km/h";"13.0158695";"77.565649";
"46566.884014";"Speed (GPS)";"0";"km/h";"13.0158695";"77.565649";
"46566.908014";"Intake air temperature";"40";"℃";"13.0158695";"77.565649";
"46566.958014";"Calculated instant fuel rate";"0.867239819004525";"L/h";"13.0158695";"77.565649";
"46566.958014";"Fuel used";"0.000605791835571895";"L";"13.0158695";"77.565649";
"46566.958014";"Fuel used (total)";"0.000605791835571895";"L";"13.0158695";"77.565649";
"46566.958014";"Fuel used price";"0.000611849753927614";"₹";"13.0158695";"77.565649";
"46566.958014";"Fuel used price (total)";"0";"₹";"13.0158695";"77.565649";
"46566.958014";"Instant engine power (based on fuel consumption)";"3.83989997450376";"hp";"13.0158695";"77.565649";
"46566.958014";"MAF air flow rate";"13.69";"g/sec";"13.0158695";"77.565649";
"46566.958014";"Power from MAF";"16.428";"hp";"13.0158695";"77.565649";
"46567.073014";"Calculated engine load value";"21.9607843137255";"%";"13.0158695";"77.565649";
"46567.125014";"Calculated boost";"-1.06240143090289";"psi";"13.0158695";"77.565649";
"46567.125014";"Intake manifold absolute pressure";"13.633547372658";"psi";"13.0158695";"77.565649";
"46567.172014";"Engine RPM";"799";"rpm";"13.0158695";"77.565649";
"46567.172014";"Engine RPM x1000";"0.8";"rpm";"13.0158695";"77.565649";
"46567.221014";"Average speed";"0";"km/h";"13.0158695";"77.565649";
"46567.221014";"Distance travelled";"0";"km";"13.0158695";"77.565649";
"46567.221014";"Distance travelled (total)";"0";"km";"13.0158695";"77.565649";
"46567.221014";"Vehicle acceleration";"0";"g";"13.0158695";"77.565649";
"46567.221014";"Vehicle speed";"0";"km/h";"13.0158695";"77.565649";
"46567.271014";"Intake air temperature";"40";"℃";"13.0158695";"77.565649";
"46567.318014";"Calculated instant fuel rate";"0.863438914027149";"L/h";"13.0158695";"77.565649";
"46567.318014";"Fuel used";"0.00069215999920186";"L";"13.0158695";"77.565649";
"46567.318014";"Fuel used (total)";"0.00069215999920186";"L";"13.0158695";"77.565649";
"46567.318014";"Fuel used price";"0.000699081599193879";"₹";"13.0158695";"77.565649";
"46567.318014";"Fuel used price (total)";"0";"₹";"13.0158695";"77.565649";
"46567.318014";"Instant engine power (based on fuel consumption)";"3.82307061011587";"hp";"13.0158695";"77.565649";
"46567.318014";"MAF air flow rate";"13.63";"g/sec";"13.0158695";"77.565649";
"46567.318014";"Power from MAF";"16.356";"hp";"13.0158695";"77.565649";
"46567.414014";"Calculated engine load value";"21.9607843137255";"%";"13.0158695";"77.565649";
"46567.474014";"Engine coolant temperature";"75";"℃";"13.0158695";"77.565649";
"46567.525014";"Calculated boost";"-1.06240143090289";"psi";"13.0158695";"77.565649";
"46567.525014";"Intake manifold absolute pressure";"13.633547372658";"psi";"13.0158695";"77.565649";
"46567.577014";"Engine RPM";"799";"rpm";"13.0158695";"77.565649";
"46567.577014";"Engine RPM x1000";"0.8";"rpm";"13.0158695";"77.565649";
"46567.626014";"Average speed";"0";"km/h";"13.0158695";"77.565649";
"46567.626014";"Distance travelled";"0";"km";"13.0158695";"77.565649";
"46567.626014";"Distance travelled (total)";"0";"km";"13.0158695";"77.565649";
"46567.626014";"Vehicle acceleration";"0";"g";"13.0158695";"77.565649";
"46567.626014";"Vehicle speed";"0";"km/h";"13.0158695";"77.565649";
"46567.685014";"Intake air temperature";"40";"℃";"13.0158695";"77.565649";
"46567.744014";"Calculated instant fuel rate";"0.895113122171946";"L/h";"13.0158695";"77.565649";
"46567.744014";"Fuel used";"0.000798088829835345";"L";"13.0158695";"77.565649";
"46567.744014";"Fuel used (total)";"0.000798088829835345";"L";"13.0158695";"77.565649";
"46567.744014";"Fuel used price";"0.000806069718133698";"₹";"13.0158695";"77.565649";
"46567.744014";"Fuel used price (total)";"0";"₹";"13.0158695";"77.565649";
"46567.744014";"Instant engine power (based on fuel consumption)";"3.9633153133483";"hp";"13.0158695";"77.565649";
"46567.744014";"MAF air flow rate";"14.13";"g/sec";"13.0158695";"77.565649";
"46567.744014";"Power from MAF";"16.956";"hp";"13.0158695";"77.565649";
"46567.782014";"Altitude (GPS)";"858.9";"m";"13.0158695";"77.565649";
"46567.782014";"Average speed (GPS)";"0.00354816568249335";"km/h";"13.0158695";"77.565649";
"46567.782014";"Speed (GPS)";"0";"km/h";"13.0158695";"77.565649";
"46567.783014";"Altitude (GPS)";"858.9";"m";"13.0158695";"77.565649";
"46567.783014";"Average speed (GPS)";"0.00354806443565897";"km/h";"13.0158695";"77.565649";
"46567.783014";"Speed (GPS)";"0";"km/h";"13.0158695";"77.565649";
"46567.789014";"Altitude (GPS)";"873.700012207031";"m";"13.0158695";"77.565649";
"46567.789014";"Average speed (GPS)";"0.00354741105297904";"km/h";"13.0158695";"77.565649";
"46567.789014";"Speed (GPS)";"0";"km/h";"13.0158695";"77.565649";
"46567.851014";"Altitude (GPS)";"873.700012207031";"m";"13.0158695";"77.565649";
"46567.851014";"Average speed (GPS)";"0.00354080552563464";"km/h";"13.0158695";"77.565649";
"46567.851014";"Speed (GPS)";"0";"km/h";"13.0158695";"77.565649";
"46567.870014";"Calculated engine load value";"86.2745098039216";"%";"13.0158695";"77.565649";
"46567.928014";"Calculated boost";"-1.06240143090289";"psi";"13.0158695";"77.565649";
"46567.928014";"Intake manifold absolute pressure";"13.633547372658";"psi";"13.0158695";"77.565649";
"46567.978014";"Engine RPM";"1091";"rpm";"13.0158695";"77.565649";
"46567.978014";"Engine RPM x1000";"1.1";"rpm";"13.0158695";"77.565649";
"46568.038014";"Average speed";"0";"km/h";"13.0158695";"77.565649";
"46568.038014";"Distance travelled";"0";"km";"13.0158695";"77.565649";
"46568.038014";"Distance travelled (total)";"0";"km";"13.0158695";"77.565649";
"46568.038014";"Vehicle acceleration";"0";"g";"13.0158695";"77.565649";
"46568.038014";"Vehicle speed";"0";"km/h";"13.0158695";"77.565649";
"46568.090014";"Intake air temperature";"40";"℃";"13.0158695";"77.565649";
"46568.141014";"Calculated instant fuel rate";"6.80904977375566";"L/h";"13.0158695";"77.565649";
"46568.141014";"Fuel used";"0.00154783973119281";"L";"13.0158695";"77.565649";
"46568.141014";"Fuel used (total)";"0.00154783973119281";"L";"13.0158695";"77.565649";
"46568.141014";"Fuel used price";"0.00156331812850474";"₹";"13.0158695";"77.565649";
"46568.141014";"Fuel used price (total)";"0";"₹";"13.0158695";"77.565649";
"46568.141014";"Instant engine power (based on fuel consumption)";"30.1486042034502";"hp";"13.0158695";"77.565649";
"46568.141014";"MAF air flow rate";"27.36";"g/sec";"13.0158695";"77.565649";
"46568.141014";"Power from MAF";"32.832";"hp";"13.0158695";"77.565649";
"46568.252014";"Calculated engine load value";"29.8039215686275";"%";"13.0158695";"77.565649";
"46568.303014";"Engine coolant temperature";"75";"℃";"13.0158695";"77.565649";
"46568.353014";"Calculated boost";"0.0979004731548731";"psi";"13.0158695";"77.565649";
"46568.353014";"Intake manifold absolute pressure";"14.793849276714";"psi";"13.0158695";"77.565649";
"46568.404014";"Engine RPM";"1894";"rpm";"13.0158695";"77.565649";
"46568.404014";"Engine RPM x1000";"1.9";"rpm";"13.0158695";"77.565649";
"46568.464014";"Average speed";"0";"km/h";"13.0158695";"77.565649";
"46568.464014";"Distance travelled";"0";"km";"13.0158695";"77.565649";
"46568.464014";"Distance travelled (total)";"0";"km";"13.0158695";"77.565649";
"46568.464014";"Vehicle acceleration";"0";"g";"13.0158695";"77.565649";
"46568.464014";"Vehicle speed";"0";"km/h";"13.0158695";"77.565649";
"46568.520014";"Intake air temperature";"40";"℃";"13.0158695";"77.565649";
"46568.571014";"Calculated instant fuel rate";"2.75800904977376";"L/h";"13.0158695";"77.565649";
"46568.571014";"Fuel used";"0.00187763586478758";"L";"13.0158695";"77.565649";
"46568.571014";"Fuel used (total)";"0.00187763586478758";"L";"13.0158695";"77.565649";
"46568.571014";"Fuel used price";"0.00189641222343546";"₹";"13.0158695";"77.565649";
"46568.571014";"Fuel used price (total)";"0";"₹";"13.0158695";"77.565649";
"46568.571014";"Instant engine power (based on fuel consumption)";"12.2117073591753";"hp";"13.0158695";"77.565649";
"46568.571014";"MAF air flow rate";"32.08";"g/sec";"13.0158695";"77.565649";
"46568.571014";"Power from MAF";"38.496";"hp";"13.0158695";"77.565649";
"46568.708014";"Calculated engine load value";"0.784313725490196";"%";"13.0158695";"77.565649";
"46568.759014";"Calculated boost";"-0.772325954888447";"psi";"13.0158695";"77.565649";
"46568.759014";"Intake manifold absolute pressure";"13.923622848672";"psi";"13.0158695";"77.565649";
"46568.771014";"Altitude (GPS)";"858.9";"m";"13.01576";"77.5656833333333";
"46568.772014";"Average speed (GPS)";"0.00344562197446607";"km/h";"13.01576";"77.5656833333333";
"46568.772014";"Speed (GPS)";"0";"km/h";"13.01576";"77.5656833333333";
"46568.773014";"Altitude (GPS)";"858.9";"m";"13.01576";"77.5656833333333";
"46568.793014";"Altitude (GPS)";"873.700012207031";"m";"13.01576";"77.5656833333333";
"46568.793014";"Average speed (GPS)";"0.0034435475468413";"km/h";"13.01576";"77.5656833333333";
"46568.793014";"Speed (GPS)";"0";"km/h";"13.01576";"77.5656833333333";
"46568.818014";"Engine RPM";"1541";"rpm";"13.01576";"77.5656833333333";
"46568.818014";"Engine RPM x1000";"1.5";"rpm";"13.01576";"77.5656833333333";
"46568.870014";"Average speed";"0";"km/h";"13.01576";"77.5656833333333";
"46568.870014";"Distance travelled";"0";"km";"13.01576";"77.5656833333333";
"46568.870014";"Distance travelled (total)";"0";"km";"13.01576";"77.5656833333333";
"46568.870014";"Vehicle acceleration";"0";"g";"13.01576";"77.5656833333333";
"46568.870014";"Vehicle speed";"0";"km/h";"13.01576";"77.5656833333333";
"46568.925014";"Intake air temperature";"40";"℃";"13.01576";"77.5656833333333";
"46568.977014";"Calculated instant fuel rate";"0.0592533936651584";"L/h";"13.01576";"77.5656833333333";
"46568.977014";"Fuel used";"0.00188432131491767";"L";"13.01576";"77.5656833333333";
"46568.977014";"Fuel used (total)";"0.00188432131491767";"L";"13.01576";"77.5656833333333";
"46568.977014";"Fuel used price";"0.00190316452806685";"₹";"13.01576";"77.5656833333333";
"46568.977014";"Fuel used price (total)";"0";"₹";"13.01576";"77.5656833333333";
"46568.977014";"Instant engine power (based on fuel consumption)";"0.262357769832656";"hp";"13.01576";"77.5656833333333";
"46568.977014";"MAF air flow rate";"26.19";"g/sec";"13.01576";"77.5656833333333";
"46568.977014";"Power from MAF";"31.428";"hp";"13.01576";"77.5656833333333";
"46569.103014";"Calculated engine load value";"0";"%";"13.01576";"77.5656833333333";
"46569.162014";"Engine coolant temperature";"75";"℃";"13.01576";"77.5656833333333";
"46569.215014";"Calculated boost";"-1.20743916891011";"psi";"13.01576";"77.5656833333333";
"46569.215014";"Intake manifold absolute pressure";"13.488509634651";"psi";"13.01576";"77.5656833333333";
"46569.275014";"Altitude (GPS)";"873.700012207031";"m";"13.01576";"77.5656833333333";
"46569.275014";"Average speed (GPS)";"0.00339584614793473";"km/h";"13.01576";"77.5656833333333";
"46569.275014";"Speed (GPS)";"0";"km/h";"13.01576";"77.5656833333333";
"46569.284014";"Altitude (GPS)";"873.700012207031";"m";"13.01576";"77.5656833333333";
"46569.284014";"Average speed (GPS)";"0.00339495585144039";"km/h";"13.01576";"77.5656833333333";
"46569.284014";"Speed (GPS)";"0";"km/h";"13.01576";"77.5656833333333";
"46569.286014";"Altitude (GPS)";"873.700012207031";"m";"13.0158679";"77.5656672";
"46569.286014";"Average speed (GPS)";"0.00339473076490302";"km/h";"13.0158679";"77.5656672";
"46569.286014";"Speed (GPS)";"0";"km/h";"13.0158679";"77.5656672";
"46569.287014";"Altitude (GPS)";"873.700012207031";"m";"13.0158679";"77.5656672";
"46569.292014";"Engine RPM";"1239";"rpm";"13.0158679";"77.5656672";
"46569.292014";"Engine RPM x1000";"1.2";"rpm";"13.0158679";"77.5656672";
"46569.343014";"Average speed";"0";"km/h";"13.0158679";"77.5656672";
"46569.343014";"Distance travelled";"0";"km";"13.0158679";"77.5656672";
"46569.343014";"Distance travelled (total)";"0";"km";"13.0158679";"77.5656672";
"46569.343014";"Vehicle acceleration";"0";"g";"13.0158679";"77.5656672";
"46569.343014";"Vehicle speed";"0";"km/h";"13.0158679";"77.5656672";
"46569.398014";"Intake air temperature";"40";"℃";"13.0158679";"77.5656672";
"46569.451014";"Calculated instant fuel rate";"0";"L/h";"13.0158679";"77.5656672";
"46569.451014";"Fuel used";"0.00188432131491767";"L";"13.0158679";"77.5656672";
"46569.451014";"Fuel used (total)";"0.00188432131491767";"L";"13.0158679";"77.5656672";
"46569.451014";"Fuel used price";"0.00190316452806685";"₹";"13.0158679";"77.5656672";
"46569.451014";"Fuel used price (total)";"0";"₹";"13.0158679";"77.5656672";
"46569.451014";"Instant engine power (based on fuel consumption)";"0";"hp";"13.0158679";"77.5656672";
"46569.451014";"MAF air flow rate";"19.91";"g/sec";"13.0158679";"77.5656672";
"46569.451014";"Power from MAF";"23.892";"hp";"13.0158679";"77.5656672";
"46569.568014";"Calculated engine load value";"7.45098039215686";"%";"13.0158679";"77.5656672";
"46569.621014";"Calculated boost";"-1.35247690691733";"psi";"13.0158679";"77.5656672";
"46569.621014";"Intake manifold absolute pressure";"13.343471896644";"psi";"13.0158679";"77.5656672";
"46569.670014";"Engine RPM";"973";"rpm";"13.0158679";"77.5656672";
"46569.670014";"Engine RPM x1000";"1";"rpm";"13.0158679";"77.5656672";
"46569.716014";"Average speed";"0";"km/h";"13.0158679";"77.5656672";
"46569.716014";"Distance travelled";"0";"km";"13.0158679";"77.5656672";
"46569.716014";"Distance travelled (total)";"0";"km";"13.0158679";"77.5656672";
"46569.716014";"Vehicle acceleration";"0";"g";"13.0158679";"77.5656672";
"46569.716014";"Vehicle speed";"0";"km/h";"13.0158679";"77.5656672";
"46569.766014";"Average speed (GPS)";"0.00334854006121892";"km/h";"13.0158679";"77.5656672";
"46569.766014";"Speed (GPS)";"0";"km/h";"13.0158679";"77.5656672";
"46569.767014";"Altitude (GPS)";"858.8";"m";"13.0158679";"77.5656672";
"46569.768014";"Intake air temperature";"40";"℃";"13.0158679";"77.5656672";
"46569.816014";"Calculated instant fuel rate";"0.350984162895928";"L/h";"13.0158679";"77.5656672";
"46569.816014";"Fuel used";"0.00191986707027244";"L";"13.0158679";"77.5656672";
"46569.816014";"Fuel used (total)";"0.00191986707027244";"L";"13.0158679";"77.5656672";
"46569.816014";"Fuel used price";"0.00193906574097516";"₹";"13.0158679";"77.5656672";
"46569.816014";"Fuel used price (total)";"0";"₹";"13.0158679";"77.5656672";
"46569.816014";"Instant engine power (based on fuel consumption)";"1.55406157399729";"hp";"13.0158679";"77.5656672";
"46569.816014";"MAF air flow rate";"16.33";"g/sec";"13.0158679";"77.5656672";
"46569.816014";"Power from MAF";"19.596";"hp";"13.0158679";"77.5656672";
"46569.868014";"Altitude (GPS)";"873.700012207031";"m";"13.0158679";"77.5656672";
"46569.868014";"Average speed (GPS)";"0.00333895373834703";"km/h";"13.0158679";"77.5656672";
"46569.868014";"Speed (GPS)";"0";"km/h";"13.0158679";"77.5656672";
"46569.921014";"Calculated engine load value";"20";"%";"13.0158679";"77.5656672";
"46569.990014";"Engine coolant temperature";"75";"℃";"13.0158679";"77.5656672";
"46570.039014";"Calculated boost";"-1.35247690691733";"psi";"13.0158679";"77.5656672";
"46570.039014";"Intake manifold absolute pressure";"13.343471896644";"psi";"13.0158679";"77.5656672";
"46570.089014";"Engine RPM";"896";"rpm";"13.0158679";"77.5656672";
"46570.089014";"Engine RPM x1000";"0.9";"rpm";"13.0158679";"77.5656672";
"46570.140014";"Average speed";"0";"km/h";"13.0158679";"77.5656672";
"46570.140014";"Distance travelled";"0";"km";"13.0158679";"77.5656672";
"46570.140014";"Distance travelled (total)";"0";"km";"13.0158679";"77.5656672";
"46570.140014";"Vehicle acceleration";"0";"g";"13.0158679";"77.5656672";
"46570.140014";"Vehicle speed";"0";"km/h";"13.0158679";"77.5656672";
"46570.189014";"Intake air temperature";"40";"℃";"13.0158679";"77.5656672";
"46570.262014";"Calculated instant fuel rate";"0.868269230769231";"L/h";"13.0158679";"77.5656672";
"46570.262014";"Fuel used";"0.00202742944439103";"L";"13.0158679";"77.5656672";
"46570.262014";"Fuel used (total)";"0.00202742944439103";"L";"13.0158679";"77.5656672";
"46570.262014";"Fuel used price";"0.00204770373883494";"₹";"13.0158679";"77.5656672";
"46570.262014";"Fuel used price (total)";"0";"₹";"13.0158679";"77.5656672";
"46570.262014";"Instant engine power (based on fuel consumption)";"3.84445792735882";"hp";"13.0158679";"77.5656672";
"46570.262014";"MAF air flow rate";"15.05";"g/sec";"13.0158679";"77.5656672";
"46570.262014";"Power from MAF";"18.06";"hp";"13.0158679";"77.5656672";
"46570.370014";"Calculated engine load value";"31.3725490196078";"%";"13.0158679";"77.5656672";
"46570.416014";"Calculated boost";"-1.20743916891011";"psi";"13.0158679";"77.5656672";
"46570.416014";"Intake manifold absolute pressure";"13.488509634651";"psi";"13.0158679";"77.5656672";
"46570.460014";"Engine RPM";"864";"rpm";"13.0158679";"77.5656672";
"46570.460014";"Engine RPM x1000";"0.9";"rpm";"13.0158679";"77.5656672";
"46570.515014";"Average speed";"0";"km/h";"13.0158679";"77.5656672";
"46570.515014";"Distance travelled";"0";"km";"13.0158679";"77.5656672";
"46570.515014";"Distance travelled (total)";"0";"km";"13.0158679";"77.5656672";
"46570.515014";"Vehicle acceleration";"0";"g";"13.0158679";"77.5656672";
"46570.515014";"Vehicle speed";"0";"km/h";"13.0158679";"77.5656672";
"46570.563014";"Intake air temperature";"40";"℃";"13.0158679";"77.5656672";
"46570.665014";"Calculated instant fuel rate";"1.31402714932127";"L/h";"13.0158679";"77.5656672";
"46570.665014";"Fuel used";"0.00217479331859917";"L";"13.0158679";"77.5656672";
"46570.665014";"Fuel used (total)";"0.00217479331859917";"L";"13.0158679";"77.5656672";
"46570.665014";"Fuel used price";"0.00219654125178516";"₹";"13.0158679";"77.5656672";
"46570.665014";"Fuel used price (total)";"0";"₹";"13.0158679";"77.5656672";
"46570.665014";"Instant engine power (based on fuel consumption)";"5.81815168838512";"hp";"13.0158679";"77.5656672";
"46570.665014";"MAF air flow rate";"14.52";"g/sec";"13.0158679";"77.5656672";
"46570.665014";"Power from MAF";"17.424";"hp";"13.0158679";"77.5656672";
"46570.763014";"Altitude (GPS)";"858.7";"m";"13.0158679";"77.5656672";
"46570.763014";"Average speed (GPS)";"0.00325655343219088";"km/h";"13.0158679";"77.5656672";
"46570.763014";"Speed (GPS)";"0";"km/h";"13.0158679";"77.5656672";
"46570.811014";"Calculated engine load value";"34.5098039215686";"%";"13.0158679";"77.5656672";
"46570.844014";"Altitude (GPS)";"873.700012207031";"m";"13.0158679";"77.5656672";
"46570.844014";"Average speed (GPS)";"0.00324926850861747";"km/h";"13.0158679";"77.5656672";
"46570.844014";"Speed (GPS)";"0";"km/h";"13.0158679";"77.5656672";
"46570.852014";"Engine coolant temperature";"75";"℃";"13.0158679";"77.5656672";
"46570.903014";"Calculated boost";"-1.06240143090289";"psi";"13.0158679";"77.5656672";
"46570.903014";"Intake manifold absolute pressure";"13.633547372658";"psi";"13.0158679";"77.5656672";
"46570.966014";"Engine RPM";"833";"rpm";"13.0158679";"77.5656672";
"46570.966014";"Engine RPM x1000";"0.8";"rpm";"13.0158679";"77.5656672";
"46571.013014";"Average speed";"0";"km/h";"13.0158679";"77.5656672";
"46571.013014";"Distance travelled";"0";"km";"13.0158679";"77.5656672";
"46571.013014";"Distance travelled (total)";"0";"km";"13.0158679";"77.5656672";
"46571.013014";"Vehicle acceleration";"0";"g";"13.0158679";"77.5656672";
"46571.013014";"Vehicle speed";"0";"km/h";"13.0158679";"77.5656672";
"46571.062014";"Intake air temperature";"40";"℃";"13.0158679";"77.5656672";
"46571.112014";"Calculated instant fuel rate";"1.39864253393665";"L/h";"13.0158679";"77.5656672";
"46571.112014";"Fuel used";"0.00234857352675654";"L";"13.0158679";"77.5656672";
"46571.112014";"Fuel used (total)";"0.00234857352675654";"L";"13.0158679";"77.5656672";
"46571.112014";"Fuel used price";"0.0023720592620241";"₹";"13.0158679";"77.5656672";
"46571.112014";"Fuel used price (total)";"0";"₹";"13.0158679";"77.5656672";
"46571.112014";"Instant engine power (based on fuel consumption)";"6.19280539559174";"hp";"13.0158679";"77.5656672";
"46571.112014";"MAF air flow rate";"14.05";"g/sec";"13.0158679";"77.5656672";
"46571.112014";"Power from MAF";"16.86";"hp";"13.0158679";"77.5656672";
"46571.263014";"Calculated engine load value";"36.078431372549";"%";"13.0158679";"77.5656672";
"46571.346014";"Engine coolant temperature";"75";"℃";"13.0158679";"77.5656672";
"46571.433014";"Calculated boost";"-1.06240143090289";"psi";"13.0158679";"77.5656672";
"46571.433014";"Intake manifold absolute pressure";"13.633547372658";"psi";"13.0158679";"77.5656672";
"46571.506014";"Engine RPM";"825";"rpm";"13.0158679";"77.5656672";
"46571.506014";"Engine RPM x1000";"0.8";"rpm";"13.0158679";"77.5656672";
"46571.592014";"Average speed";"0";"km/h";"13.0158679";"77.5656672";
"46571.592014";"Distance travelled";"0";"km";"13.0158679";"77.5656672";
"46571.592014";"Distance travelled (total)";"0";"km";"13.0158679";"77.5656672";
"46571.592014";"Vehicle acceleration";"0";"g";"13.0158679";"77.5656672";
"46571.592014";"Vehicle speed";"0";"km/h";"13.0158679";"77.5656672";
"46571.667014";"Intake air temperature";"40";"℃";"13.0158679";"77.5656672";
"46571.750014";"Calculated instant fuel rate";"1.47678733031674";"L/h";"13.0158679";"77.5656672";
"46571.750014";"Fuel used";"0.00261012228513889";"L";"13.0158679";"77.5656672";
"46571.750014";"Fuel used (total)";"0.00261012228513889";"L";"13.0158679";"77.5656672";
"46571.750014";"Fuel used price";"0.00263622350799028";"₹";"13.0158679";"77.5656672";
"46571.750014";"Fuel used price (total)";"0";"₹";"13.0158679";"77.5656672";
"46571.750014";"Instant engine power (based on fuel consumption)";"6.53880911342373";"hp";"13.0158679";"77.5656672";
"46571.750014";"MAF air flow rate";"14.19";"g/sec";"13.0158679";"77.5656672";
"46571.750014";"Power from MAF";"17.028";"hp";"13.0158679";"77.5656672";
"46571.787014";"Altitude (GPS)";"858.6";"m";"13.0158679";"77.5656672";
"46571.787014";"Average speed (GPS)";"0.00316711860842347";"km/h";"13.0158679";"77.5656672";
"46571.787014";"Speed (GPS)";"0";"km/h";"13.0158679";"77.5656672";
"46571.788014";"Altitude (GPS)";"858.6";"m";"13.0158679";"77.5656672";
"46571.788014";"Average speed (GPS)";"0.00316708107585919";"km/h";"13.0158679";"77.5656672";
"46571.788014";"Speed (GPS)";"0";"km/h";"13.0158679";"77.5656672";
"46571.818014";"Average speed (GPS)";"0.00316446482159709";"km/h";"13.0158679";"77.5656672";
"46571.818014";"Speed (GPS)";"0";"km/h";"13.0158679";"77.5656672";
"46571.819014";"Altitude (GPS)";"873.700012207031";"m";"13.0158679";"77.5656672";
"46571.831014";"Distance traveled with MIL on";"0";"km";"13.0158679";"77.5656672";
"46571.880014";"Altitude (GPS)";"873.700012207031";"m";"13.0158679";"77.5656672";
"46571.880014";"Average speed (GPS)";"0.0031592464419814";"km/h";"13.0158679";"77.5656672";
"46571.880014";"Speed (GPS)";"0";"km/h";"13.0158679";"77.5656672";
"46571.913014";"Fuel rail press.";"4369.98704615091";"psi";"13.0158679";"77.5656672";
"46572.021014";"Calculated engine load value";"36.078431372549";"%";"13.0158679";"77.5656672";
"46572.072014";"Calculated boost";"-0.917363692895667";"psi";"13.0158679";"77.5656672";
"46572.072014";"Intake manifold absolute pressure";"13.778585110665";"psi";"13.0158679";"77.5656672";
"46572.124014";"Engine RPM";"824";"rpm";"13.0158679";"77.5656672";
"46572.124014";"Engine RPM x1000";"0.8";"rpm";"13.0158679";"77.5656672";
"46572.177014";"Average speed";"0";"km/h";"13.0158679";"77.5656672";
"46572.177014";"Distance travelled";"0";"km";"13.0158679";"77.5656672";
"46572.177014";"Distance travelled (total)";"0";"km";"13.0158679";"77.5656672";
"46572.177014";"Vehicle acceleration";"0";"g";"13.0158679";"77.5656672";
"46572.177014";"Vehicle speed";"0";"km/h";"13.0158679";"77.5656672";
"46572.243014";"Intake air temperature";"40";"℃";"13.0158679";"77.5656672";
"46572.327014";"Calculated instant fuel rate";"1.46221719457014";"L/h";"13.0158679";"77.5656672";
"46572.327014";"Fuel used";"0.00284418418429676";"L";"13.0158679";"77.5656672";
"46572.327014";"Fuel used (total)";"0.00284418418429676";"L";"13.0158679";"77.5656672";
"46572.327014";"Fuel used price";"0.00287262602613973";"₹";"13.0158679";"77.5656672";
"46572.327014";"Fuel used price (total)";"0";"₹";"13.0158679";"77.5656672";
"46572.327014";"Instant engine power (based on fuel consumption)";"6.47429654993682";"hp";"13.0158679";"77.5656672";
"46572.327014";"MAF air flow rate";"14.05";"g/sec";"13.0158679";"77.5656672";
"46572.327014";"Power from MAF";"16.86";"hp";"13.0158679";"77.5656672";
"46572.483014";"Calculated engine load value";"35.6862745098039";"%";"13.0158679";"77.5656672";
"46572.565014";"Engine coolant temperature";"75";"℃";"13.0158679";"77.5656672";
"46572.648014";"Calculated boost";"-0.917363692895667";"psi";"13.0158679";"77.5656672";
"46572.648014";"Intake manifold absolute pressure";"13.778585110665";"psi";"13.0158679";"77.5656672";
"46572.729014";"Engine RPM";"826";"rpm";"13.0158679";"77.5656672";
"46572.729014";"Engine RPM x1000";"0.8";"rpm";"13.0158679";"77.5656672";
"46572.761014";"Average speed (GPS)";"0.0135416462556364";"km/h";"13.0157683333333";"77.5656783333333";
"46572.761014";"Speed (GPS)";"0.453985011577606";"km/h";"13.0157683333333";"77.5656783333333";
"46572.762014";"Altitude (GPS)";"858.6";"m";"13.0157683333333";"77.5656783333333";
"46572.763014";"Altitude (GPS)";"858.6";"m";"13.0157683333333";"77.5656783333333";
"46572.763014";"Average speed (GPS)";"0.0135560313663323";"km/h";"13.0157683333333";"77.5656783333333";
"46572.763014";"Speed (GPS)";"0.453985011577606";"km/h";"13.0157683333333";"77.5656783333333";
"46572.780014";"Altitude (GPS)";"873.700012207031";"m";"13.0157683333333";"77.5656783333333";
"46572.780014";"Average speed (GPS)";"0.0135499213782546";"km/h";"13.0157683333333";"77.5656783333333";
"46572.780014";"Speed (GPS)";"0";"km/h";"13.0157683333333";"77.5656783333333";
"46572.798014";"Average speed";"0";"km/h";"13.0157683333333";"77.5656783333333";
"46572.798014";"Distance travelled";"0";"km";"13.0157683333333";"77.5656783333333";
"46572.798014";"Distance travelled (total)";"0";"km";"13.0157683333333";"77.5656783333333";
"46572.798014";"Vehicle acceleration";"0";"g";"13.0157683333333";"77.5656783333333";
"46572.798014";"Vehicle speed";"0";"km/h";"13.0157683333333";"77.5656783333333";
"46572.894014";"Intake air temperature";"40";"℃";"13.0157683333333";"77.5656783333333";
"46572.977014";"Calculated instant fuel rate";"1.46073529411765";"L/h";"13.0157683333333";"77.5656783333333";
"46572.977014";"Fuel used";"0.00310803939733597";"L";"13.0157683333333";"77.5656783333333";
"46572.977014";"Fuel used (total)";"0.00310803939733597";"L";"13.0157683333333";"77.5656783333333";
"46572.977014";"Fuel used price";"0.00313911979130933";"₹";"13.0157683333333";"77.5656783333333";
"46572.977014";"Fuel used price (total)";"0";"₹";"13.0157683333333";"77.5656783333333";
"46572.977014";"Instant engine power (based on fuel consumption)";"6.4677351013213";"hp";"13.0157683333333";"77.5656783333333";
"46572.977014";"MAF air flow rate";"14.19";"g/sec";"13.0157683333333";"77.5656783333333";
"46572.977014";"Power from MAF";"17.028";"hp";"13.0157683333333";"77.5656783333333";
"46573.053014";"Distance traveled with MIL on";"0";"km";"13.0157683333333";"77.5656783333333";
"46573.127014";"Fuel rail press.";"4210.44553434321";"psi";"13.0157683333333";"77.5656783333333";
"46573.204014";"Barometric pressure";"13.05339642063";"psi";"13.0157683333333";"77.5656783333333";
"46573.318014";"Calculated engine load value";"35.6862745098039";"%";"13.0157683333333";"77.5656783333333";
"46573.368014";"Calculated boost";"0.7251886900361";"psi";"13.0157683333333";"77.5656783333333";
"46573.368014";"Intake manifold absolute pressure";"13.778585110665";"psi";"13.0157683333333";"77.5656783333333";
"46573.420014";"Engine RPM";"828";"rpm";"13.0157683333333";"77.5656783333333";
"46573.420014";"Engine RPM x1000";"0.8";"rpm";"13.0157683333333";"77.5656783333333";
"46573.509014";"Calculated engine load value";"36.078431372549";"%";"13.0157683333333";"77.5656783333333";
"46573.593014";"Engine coolant temperature";"75";"℃";"13.0157683333333";"77.5656783333333";
"46573.666014";"Calculated boost";"0.7251886900361";"psi";"13.0157683333333";"77.5656783333333";
"46573.666014";"Intake manifold absolute pressure";"13.778585110665";"psi";"13.0157683333333";"77.5656783333333";
"46573.738014";"Engine RPM";"824";"rpm";"13.0157683333333";"77.5656783333333";
"46573.738014";"Engine RPM x1000";"0.8";"rpm";"13.0157683333333";"77.5656783333333";
"46573.774014";"Average speed (GPS)";"0.0132068747276956";"km/h";"13.015765";"77.56568";
"46573.774014";"Speed (GPS)";"0";"km/h";"13.015765";"77.56568";
"46573.775014";"Altitude (GPS)";"859.1";"m";"13.015765";"77.56568";
"46573.775014";"Average speed (GPS)";"0.0132065644345573";"km/h";"13.015765";"77.56568";
"46573.775014";"Speed (GPS)";"0";"km/h";"13.015765";"77.56568";
"46573.776014";"Altitude (GPS)";"859.1";"m";"13.015765";"77.56568";
"46573.788014";"Altitude (GPS)";"873.700012207031";"m";"13.015765";"77.56568";
"46573.788014";"Average speed (GPS)";"0.0132024308252676";"km/h";"13.015765";"77.56568";
"46573.788014";"Speed (GPS)";"0";"km/h";"13.015765";"77.56568";
"46573.806014";"Average speed";"0";"km/h";"13.015765";"77.56568";
"46573.806014";"Distance travelled";"0";"km";"13.015765";"77.56568";
"46573.806014";"Distance travelled (total)";"0";"km";"13.015765";"77.56568";
"46573.806014";"Vehicle acceleration";"0";"g";"13.015765";"77.56568";
"46573.806014";"Vehicle speed";"0";"km/h";"13.015765";"77.56568";
"46573.883014";"Intake air temperature";"40";"℃";"13.015765";"77.56568";
"46573.966014";"Calculated instant fuel rate";"1.46533936651584";"L/h";"13.015765";"77.56568";
"46573.966014";"Fuel used";"0.00351091227254965";"L";"13.015765";"77.56568";
"46573.966014";"Fuel used (total)";"0.00351091227254965";"L";"13.015765";"77.56568";
"46573.966014";"Fuel used price";"0.00354602139527514";"₹";"13.015765";"77.56568";
"46573.966014";"Fuel used price (total)";"0";"₹";"13.015765";"77.56568";
"46573.966014";"Instant engine power (based on fuel consumption)";"6.48812067068402";"hp";"13.015765";"77.56568";
"46573.966014";"MAF air flow rate";"14.08";"g/sec";"13.015765";"77.56568";
"46573.966014";"Power from MAF";"16.896";"hp";"13.015765";"77.56568";
"46574.058014";"Distance traveled with MIL on";"0";"km";"13.015765";"77.56568";
"46574.145014";"Fuel rail press.";"4306.17044142783";"psi";"13.015765";"77.56568";
"46574.217014";"Barometric pressure";"13.05339642063";"psi";"13.015765";"77.56568";
"46574.262014";"Calculated engine load value";"35.6862745098039";"%";"13.015765";"77.56568";
"46574.307014";"Calculated boost";"0.7251886900361";"psi";"13.015765";"77.56568";
"46574.307014";"Intake manifold absolute pressure";"13.778585110665";"psi";"13.015765";"77.56568";
"46574.354014";"Engine RPM";"826";"rpm";"13.015765";"77.56568";
"46574.354014";"Engine RPM x1000";"0.8";"rpm";"13.015765";"77.56568";
"46574.432014";"Average speed";"0";"km/h";"13.015765";"77.56568";
"46574.432014";"Distance travelled";"0";"km";"13.015765";"77.56568";
"46574.432014";"Distance travelled (total)";"0";"km";"13.015765";"77.56568";
"46574.432014";"Vehicle acceleration";"0";"g";"13.015765";"77.56568";
"46574.432014";"Vehicle speed";"0";"km/h";"13.015765";"77.56568";
"46574.520014";"Intake air temperature";"40";"℃";"13.015765";"77.56568";
"46574.617014";"Calculated instant fuel rate";"1.45455882352941";"L/h";"13.015765";"77.56568";
"46574.617014";"Fuel used";"0.00377372838508641";"L";"13.015765";"77.56568";
"46574.617014";"Fuel used (total)";"0.00377372838508641";"L";"13.015765";"77.56568";
"46574.617014";"Fuel used price";"0.00381146566893728";"₹";"13.015765";"77.56568";
"46574.617014";"Fuel used price (total)";"0";"₹";"13.015765";"77.56568";
"46574.617014";"Instant engine power (based on fuel consumption)";"6.44038738419098";"hp";"13.015765";"77.56568";
"46574.617014";"MAF air flow rate";"14.13";"g/sec";"13.015765";"77.56568";
"46574.617014";"Power from MAF";"16.956";"hp";"13.015765";"77.56568";
"46574.643014";"Altitude (GPS)";"873.700012207031";"m";"13.015765";"77.56568";
"46574.643014";"Average speed (GPS)";"0.0129211137792538";"km/h";"13.015765";"77.56568";
"46574.643014";"Speed (GPS)";"0";"km/h";"13.015765";"77.56568";
"46574.644014";"Altitude (GPS)";"873.700012207031";"m";"13.0158602";"77.5656731";
"46574.645014";"Altitude (GPS)";"873.700012207031";"m";"13.0158602";"77.5656731";
"46574.645014";"Average speed (GPS)";"0.0129204898472011";"km/h";"13.0158602";"77.5656731";
"46574.645014";"Speed (GPS)";"0";"km/h";"13.0158602";"77.5656731";
"46574.646014";"Altitude (GPS)";"873.700012207031";"m";"13.0158602";"77.5656731";
"46574.646014";"Average speed (GPS)";"0.0129202327622508";"km/h";"13.0158602";"77.5656731";
"46574.646014";"Speed (GPS)";"0";"km/h";"13.0158602";"77.5656731";
"46574.694014";"Distance traveled with MIL on";"0";"km";"13.0158602";"77.5656731";
"46574.767014";"Fuel rail press.";"4401.89534851245";"psi";"13.0158602";"77.5656731";
"46574.793014";"Altitude (GPS)";"859.3";"m";"13.0157683333333";"77.5656766666667";
"46574.794014";"Altitude (GPS)";"859.3";"m";"13.0157683333333";"77.5656766666667";
"46574.794014";"Average speed (GPS)";"0.0128727892898055";"km/h";"13.0157683333333";"77.5656766666667";
"46574.794014";"Speed (GPS)";"0";"km/h";"13.0157683333333";"77.5656766666667";
"46574.795014";"Altitude (GPS)";"873.700012207031";"m";"13.0157683333333";"77.5656766666667";
"46574.795014";"Average speed (GPS)";"0.0128724421185899";"km/h";"13.0157683333333";"77.5656766666667";
"46574.795014";"Speed (GPS)";"0";"km/h";"13.0157683333333";"77.5656766666667";
"46574.798014";"Altitude (GPS)";"873.700012207031";"m";"13.0157683333333";"77.5656766666667";
"46574.798014";"Average speed (GPS)";"0.0128716488371746";"km/h";"13.0157683333333";"77.5656766666667";
"46574.798014";"Speed (GPS)";"0";"km/h";"13.0157683333333";"77.5656766666667";
"46574.802014";"Altitude (GPS)";"873.700012207031";"m";"13.0157683333333";"77.5656766666667";
"46574.802014";"Average speed (GPS)";"0.0128702978651242";"km/h";"13.0157683333333";"77.5656766666667";
"46574.802014";"Speed (GPS)";"0";"km/h";"13.0157683333333";"77.5656766666667";
"46574.847014";"Barometric pressure";"13.05339642063";"psi";"13.0157683333333";"77.5656766666667";
"46574.998014";"Calculated engine load value";"36.078431372549";"%";"13.0157683333333";"77.5656766666667";
"46575.019014";"Altitude (GPS)";"873.700012207031";"m";"13.0158602";"77.5656731";
"46575.059014";"Average speed";"0";"km/h";"13.0158602";"77.5656731";
"46575.059014";"Distance travelled";"0";"km";"13.0158602";"77.5656731";
"46575.059014";"Distance travelled (total)";"0";"km";"13.0158602";"77.5656731";
"46575.059014";"Vehicle acceleration";"0";"g";"13.0158602";"77.5656731";
"46575.059014";"Vehicle speed";"0";"km/h";"13.0158602";"77.5656731";
"46575.112014";"Intake air temperature";"40";"℃";"13.0158602";"77.5656731";
"46575.152014";"Calculated instant fuel rate";"1.46846153846154";"L/h";"13.0158602";"77.5656731";
"46575.152014";"Fuel used";"0.00399186924401804";"L";"13.0158602";"77.5656731";
"46575.152014";"Fuel used (total)";"0.00399186924401804";"L";"13.0158602";"77.5656731";
"46575.152014";"Fuel used price";"0.00403178793645822";"₹";"13.0158602";"77.5656731";
"46575.152014";"Fuel used price (total)";"0";"₹";"13.0158602";"77.5656731";
"46575.152014";"Instant engine power (based on fuel consumption)";"6.50194479143121";"hp";"13.0158602";"77.5656731";
"46575.152014";"MAF air flow rate";"14.11";"g/sec";"13.0158602";"77.5656731";
"46575.152014";"Power from MAF";"16.932";"hp";"13.0158602";"77.5656731";
"46575.223014";"Distance traveled with MIL on";"0";"km";"13.0158602";"77.5656731";
"46575.297014";"Fuel rail press.";"4465.71195323553";"psi";"13.0158602";"77.5656731";
"46575.384014";"Barometric pressure";"13.05339642063";"psi";"13.0158602";"77.5656731";
"46575.446014";"Calculated engine load value";"35.2941176470588";"%";"13.0158602";"77.5656731";
"46575.496014";"Average speed";"0";"km/h";"13.0158602";"77.5656731";
"46575.496014";"Distance travelled";"0";"km";"13.0158602";"77.5656731";
"46575.496014";"Distance travelled (total)";"0";"km";"13.0158602";"77.5656731";
"46575.496014";"Vehicle acceleration";"0";"g";"13.0158602";"77.5656731";
"46575.496014";"Vehicle speed";"0";"km/h";"13.0158602";"77.5656731";
"46575.544014";"Intake air temperature";"40";"℃";"13.0158602";"77.5656731";
"46575.605014";"Calculated instant fuel rate";"1.43042986425339";"L/h";"13.0158602";"77.5656731";
"46575.605014";"Fuel used";"0.0041718494658789";"L";"13.0158602";"77.5656731";
"46575.605014";"Fuel used (total)";"0.0041718494658789";"L";"13.0158602";"77.5656731";
"46575.605014";"Fuel used price";"0.00421356796053769";"₹";"13.0158602";"77.5656731";
"46575.605014";"Fuel used price (total)";"0";"₹";"13.0158602";"77.5656731";
"46575.605014";"Instant engine power (based on fuel consumption)";"6.33355097276428";"hp";"13.0158602";"77.5656731";
"46575.605014";"MAF air flow rate";"14.05";"g/sec";"13.0158602";"77.5656731";
"46575.605014";"Power from MAF";"16.86";"hp";"13.0158602";"77.5656731";
"46575.660014";"Distance traveled with MIL on";"0";"km";"13.0158602";"77.5656731";
"46575.709014";"Fuel rail press.";"4240.90345932468";"psi";"13.0158602";"77.5656731";
"46575.766014";"Barometric pressure";"13.05339642063";"psi";"13.0158602";"77.5656731";
"46575.775014";"Average speed (GPS)";"0.0125668714987483";"km/h";"13.0158602";"77.5656731";
"46575.775014";"Speed (GPS)";"0";"km/h";"13.0158602";"77.5656731";
"46575.776014";"Altitude (GPS)";"859.4";"m";"13.0158602";"77.5656731";
"46575.816014";"Calculated engine load value";"35.6862745098039";"%";"13.0158602";"77.5656731";
"46575.833014";"Altitude (GPS)";"873.700012207031";"m";"13.0158602";"77.5656731";
"46575.833014";"Average speed (GPS)";"0.0125493307039636";"km/h";"13.0158602";"77.5656731";
"46575.833014";"Speed (GPS)";"0";"km/h";"13.0158602";"77.5656731";
"46575.876014";"Average speed";"0";"km/h";"13.0158602";"77.5656731";
"46575.876014";"Distance travelled";"0";"km";"13.0158602";"77.5656731";
"46575.876014";"Distance travelled (total)";"0";"km";"13.0158602";"77.5656731";
"46575.876014";"Vehicle acceleration";"0";"g";"13.0158602";"77.5656731";
"46575.876014";"Vehicle speed";"0";"km/h";"13.0158602";"77.5656731";
"46575.928014";"Intake air temperature";"40";"℃";"13.0158602";"77.5656731";
"46575.976014";"Calculated instant fuel rate";"1.4525";"L/h";"13.0158602";"77.5656731";
"46575.976014";"Fuel used";"0.00432178732893445";"L";"13.0158602";"77.5656731";
"46575.976014";"Fuel used (total)";"0.00432178732893445";"L";"13.0158602";"77.5656731";
"46575.976014";"Fuel used price";"0.0043650052022238";"₹";"13.0158602";"77.5656731";
"46575.976014";"Fuel used price (total)";"0";"₹";"13.0158602";"77.5656731";
"46575.976014";"Instant engine power (based on fuel consumption)";"6.43127147848088";"hp";"13.0158602";"77.5656731";
"46575.976014";"MAF air flow rate";"14.11";"g/sec";"13.0158602";"77.5656731";
"46575.976014";"Power from MAF";"16.932";"hp";"13.0158602";"77.5656731";
"46576.032014";"Distance traveled with MIL on";"0";"km";"13.0158602";"77.5656731";
"46576.081014";"Fuel rail press.";"4465.71195323553";"psi";"13.0158602";"77.5656731";
"46576.137014";"Barometric pressure";"13.05339642063";"psi";"13.0158602";"77.5656731";
"46576.180014";"Calculated engine load value";"35.2941176470588";"%";"13.0158602";"77.5656731";
"46576.224014";"Average speed";"0";"km/h";"13.0158602";"77.5656731";
"46576.224014";"Distance travelled";"0";"km";"13.0158602";"77.5656731";
"46576.224014";"Distance travelled (total)";"0";"km";"13.0158602";"77.5656731";
"46576.224014";"Vehicle acceleration";"0";"g";"13.0158602";"77.5656731";
"46576.224014";"Vehicle speed";"0";"km/h";"13.0158602";"77.5656731";
"46576.269014";"Intake air temperature";"40";"℃";"13.0158602";"77.5656731";
"46576.315014";"Calculated instant fuel rate";"1.43857466063348";"L/h";"13.0158602";"77.5656731";
"46576.315014";"Fuel used";"0.00445725103153626";"L";"13.0158602";"77.5656731";
"46576.315014";"Fuel used (total)";"0.00445725103153626";"L";"13.0158602";"77.5656731";
"46576.315014";"Fuel used price";"0.00450182354185163";"₹";"13.0158602";"77.5656731";
"46576.315014";"Fuel used price (total)";"0";"₹";"13.0158602";"77.5656731";
"46576.315014";"Instant engine power (based on fuel consumption)";"6.36961389645262";"hp";"13.0158602";"77.5656731";
"46576.315014";"MAF air flow rate";"14.13";"g/sec";"13.0158602";"77.5656731";
"46576.315014";"Power from MAF";"16.956";"hp";"13.0158602";"77.5656731";
"46576.376014";"Distance traveled with MIL on";"0";"km";"13.0158602";"77.5656731";
"46576.433014";"Fuel rail press.";"4240.90345932468";"psi";"13.0158602";"77.5656731";
"46576.477014";"Barometric pressure";"13.05339642063";"psi";"13.0158602";"77.5656731";
"46576.563014";"Calculated engine load value";"35.2941176470588";"%";"13.0158602";"77.5656731";
"46576.622014";"Average speed";"0";"km/h";"13.0158602";"77.5656731";
"46576.622014";"Distance travelled";"0";"km";"13.0158602";"77.5656731";
"46576.622014";"Distance travelled (total)";"0";"km";"13.0158602";"77.5656731";
"46576.622014";"Vehicle acceleration";"0";"g";"13.0158602";"77.5656731";
"46576.622014";"Vehicle speed";"0";"km/h";"13.0158602";"77.5656731";
"46576.673014";"Intake air temperature";"40";"℃";"13.0158602";"77.5656731";
"46576.741014";"Calculated instant fuel rate";"1.44162895927602";"L/h";"13.0158602";"77.5656731";
"46576.741014";"Fuel used";"0.00462758125506567";"L";"13.0158602";"77.5656731";
"46576.741014";"Fuel used (total)";"0.00462758125506567";"L";"13.0158602";"77.5656731";
"46576.741014";"Fuel used price";"0.00467385706761633";"₹";"13.0158602";"77.5656731";
"46576.741014";"Fuel used price (total)";"0";"₹";"13.0158602";"77.5656731";
"46576.741014";"Instant engine power (based on fuel consumption)";"6.38313749283575";"hp";"13.0158602";"77.5656731";
"46576.741014";"MAF air flow rate";"14.16";"g/sec";"13.0158602";"77.5656731";
"46576.741014";"Power from MAF";"16.992";"hp";"13.0158602";"77.5656731";
"46576.773014";"Altitude (GPS)";"859.6";"m";"13.0158602";"77.5656731";
"46576.773014";"Altitude (GPS)";"859.6";"m";"13.0158602";"77.5656731";
"46576.773014";"Average speed (GPS)";"0.0122703077895668";"km/h";"13.0158602";"77.5656731";
"46576.773014";"Average speed (GPS)";"0.0122701972258744";"km/h";"13.0158602";"77.5656731";
"46576.773014";"Speed (GPS)";"0";"km/h";"13.0158602";"77.5656731";
"46576.773014";"Speed (GPS)";"0";"km/h";"13.0158602";"77.5656731";
"46576.784014";"Altitude (GPS)";"873.700012207031";"m";"13.0158602";"77.5656731";
"46576.784014";"Average speed (GPS)";"0.0122671153032561";"km/h";"13.0158602";"77.5656731";
"46576.784014";"Speed (GPS)";"0";"km/h";"13.0158602";"77.5656731";
"46576.788014";"Distance traveled with MIL on";"0";"km";"13.0158602";"77.5656731";
"46576.851014";"Altitude (GPS)";"873.700012207031";"m";"13.0158602";"77.5656731";
"46576.851014";"Average speed (GPS)";"0.0122477561016451";"km/h";"13.0158602";"77.5656731";
"46576.851014";"Speed (GPS)";"0";"km/h";"13.0158602";"77.5656731";
"46576.856014";"Fuel rail press.";"4432.35327349392";"psi";"13.0158602";"77.5656731";
"46576.929014";"Barometric pressure";"13.05339642063";"psi";"13.0158602";"77.5656731";
"46576.979014";"Calculated engine load value";"34.9019607843137";"%";"13.0158602";"77.5656731";
"46577.028014";"Average speed";"0";"km/h";"13.0158602";"77.5656731";
"46577.028014";"Distance travelled";"0";"km";"13.0158602";"77.5656731";
"46577.028014";"Distance travelled (total)";"0";"km";"13.0158602";"77.5656731";
"46577.028014";"Vehicle acceleration";"0";"g";"13.0158602";"77.5656731";
"46577.028014";"Vehicle speed";"0";"km/h";"13.0158602";"77.5656731";
"46577.079014";"Intake air temperature";"40";"℃";"13.0158602";"77.5656731";
"46577.130014";"Calculated instant fuel rate";"1.42057692307692";"L/h";"13.0158602";"77.5656731";
"46577.130014";"Fuel used";"0.00478100817963298";"L";"13.0158602";"77.5656731";
"46577.130014";"Fuel used (total)";"0.00478100817963298";"L";"13.0158602";"77.5656731";
"46577.130014";"Fuel used price";"0.00482881826142931";"₹";"13.0158602";"77.5656731";
"46577.130014";"Fuel used price (total)";"0";"₹";"13.0158602";"77.5656731";
"46577.130014";"Instant engine power (based on fuel consumption)";"6.28992485258019";"hp";"13.0158602";"77.5656731";
"46577.130014";"MAF air flow rate";"14.11";"g/sec";"13.0158602";"77.5656731";
"46577.130014";"Power from MAF";"16.932";"hp";"13.0158602";"77.5656731";
"46577.178014";"Distance traveled with MIL on";"0";"km";"13.0158602";"77.5656731";
"46577.235014";"Fuel rail press.";"4113.27024987852";"psi";"13.0158602";"77.5656731";
"46577.292014";"Barometric pressure";"13.05339642063";"psi";"13.0158602";"77.5656731";
"46577.331014";"Calculated engine load value";"35.2941176470588";"%";"13.0158602";"77.5656731";
"46577.379014";"Average speed";"0";"km/h";"13.0158602";"77.5656731";
"46577.379014";"Distance travelled";"0";"km";"13.0158602";"77.5656731";
"46577.379014";"Distance travelled (total)";"0";"km";"13.0158602";"77.5656731";
"46577.379014";"Vehicle acceleration";"0";"g";"13.0158602";"77.5656731";
"46577.379014";"Vehicle speed";"0";"km/h";"13.0158602";"77.5656731";
"46577.429014";"Intake air temperature";"40";"℃";"13.0158602";"77.5656731";
"46577.478014";"Calculated instant fuel rate";"1.38257918552036";"L/h";"13.0158602";"77.5656731";
"46577.478014";"Fuel used";"0.00491469079801534";"L";"13.0158602";"77.5656731";
"46577.478014";"Fuel used (total)";"0.00491469079801534";"L";"13.0158602";"77.5656731";
"46577.478014";"Fuel used price";"0.00496383770599549";"₹";"13.0158602";"77.5656731";
"46577.478014";"Fuel used price (total)";"0";"₹";"13.0158602";"77.5656731";
"46577.478014";"Instant engine power (based on fuel consumption)";"6.1216812960953";"hp";"13.0158602";"77.5656731";
"46577.478014";"MAF air flow rate";"13.58";"g/sec";"13.0158602";"77.5656731";
"46577.478014";"Power from MAF";"16.296";"hp";"13.0158602";"77.5656731";
"46577.537014";"Distance traveled with MIL on";"0";"km";"13.0158602";"77.5656731";
"46577.588014";"Fuel rail press.";"4496.169878217";"psi";"13.0158602";"77.5656731";
"46577.637014";"Barometric pressure";"13.05339642063";"psi";"13.0158602";"77.5656731";
"46577.686014";"Calculated engine load value";"36.078431372549";"%";"13.0158602";"77.5656731";
"46577.748014";"Average speed";"0";"km/h";"13.0158602";"77.5656731";
"46577.748014";"Distance travelled";"0";"km";"13.0158602";"77.5656731";
"46577.748014";"Distance travelled (total)";"0";"km";"13.0158602";"77.5656731";
"46577.748014";"Vehicle acceleration";"0";"g";"13.0158602";"77.5656731";
"46577.748014";"Vehicle speed";"0";"km/h";"13.0158602";"77.5656731";
"46577.783014";"Altitude (GPS)";"859.7";"m";"13.0157733333333";"77.5656733333333";
"46577.788014";"Average speed (GPS)";"0.0119825519116413";"km/h";"13.0157733333333";"77.5656733333333";
"46577.788014";"Speed (GPS)";"0";"km/h";"13.0157733333333";"77.5656733333333";
"46577.789014";"Altitude (GPS)";"859.7";"m";"13.0157733333333";"77.5656733333333";
"46577.801014";"Intake air temperature";"40";"℃";"13.0157733333333";"77.5656733333333";
"46577.818014";"Average speed (GPS)";"0.011974275495739";"km/h";"13.0157733333333";"77.5656733333333";
"46577.818014";"Speed (GPS)";"0";"km/h";"13.0157733333333";"77.5656733333333";
"46577.819014";"Altitude (GPS)";"873.700012207031";"m";"13.0157733333333";"77.5656733333333";
"46577.882014";"Calculated instant fuel rate";"1.35502262443439";"L/h";"13.0157733333333";"77.5656733333333";
"46577.882014";"Fuel used";"0.00506689792993087";"L";"13.0157733333333";"77.5656733333333";
"46577.882014";"Fuel used (total)";"0.00506689792993087";"L";"13.0157733333333";"77.5656733333333";
"46577.882014";"Fuel used price";"0.00511756690923018";"₹";"13.0157733333333";"77.5656733333333";
"46577.882014";"Fuel used price (total)";"0";"₹";"13.0157733333333";"77.5656733333333";
"46577.882014";"Instant engine power (based on fuel consumption)";"5.99966840428309";"hp";"13.0157733333333";"77.5656733333333";
"46577.882014";"MAF air flow rate";"13.02";"g/sec";"13.0157733333333";"77.5656733333333";
"46577.882014";"Power from MAF";"15.624";"hp";"13.0157733333333";"77.5656733333333";
"46577.949014";"Distance traveled with MIL on";"0";"km";"13.0157733333333";"77.5656733333333";
"46577.999014";"Fuel rail press.";"4240.90345932468";"psi";"13.0157733333333";"77.5656733333333";
"46578.051014";"Barometric pressure";"13.05339642063";"psi";"13.0157733333333";"77.5656733333333";
"46578.102014";"Calculated engine load value";"36.4705882352941";"%";"13.0157733333333";"77.5656733333333";
"46578.153014";"Average speed";"0";"km/h";"13.0157733333333";"77.5656733333333";
"46578.153014";"Distance travelled";"0";"km";"13.0157733333333";"77.5656733333333";
"46578.153014";"Distance travelled (total)";"0";"km";"13.0157733333333";"77.5656733333333";
"46578.153014";"Vehicle acceleration";"0";"g";"13.0157733333333";"77.5656733333333";
"46578.153014";"Vehicle speed";"0";"km/h";"13.0157733333333";"77.5656733333333";
"46578.219014";"Intake air temperature";"40";"℃";"13.0157733333333";"77.5656733333333";
"46578.268014";"Calculated instant fuel rate";"1.30031674208145";"L/h";"13.0157733333333";"77.5656733333333";
"46578.268014";"Fuel used";"0.00520646515188788";"L";"13.0157733333333";"77.5656733333333";
"46578.268014";"Fuel used (total)";"0.00520646515188788";"L";"13.0157733333333";"77.5656733333333";
"46578.268014";"Fuel used price";"0.00525852980340676";"₹";"13.0157733333333";"77.5656733333333";
"46578.268014";"Fuel used price (total)";"0";"₹";"13.0157733333333";"77.5656733333333";
"46578.268014";"Instant engine power (based on fuel consumption)";"5.75744576684309";"hp";"13.0157733333333";"77.5656733333333";
"46578.268014";"MAF air flow rate";"12.36";"g/sec";"13.0157733333333";"77.5656733333333";
"46578.268014";"Power from MAF";"14.832";"hp";"13.0157733333333";"77.5656733333333";
"46578.325014";"Distance traveled with MIL on";"0";"km";"13.0157733333333";"77.5656733333333";
"46578.376014";"Fuel rail press.";"4432.35327349392";"psi";"13.0157733333333";"77.5656733333333";
"46578.426014";"Barometric pressure";"13.05339642063";"psi";"13.0157733333333";"77.5656733333333";
"46578.487014";"Calculated engine load value";"38.0392156862745";"%";"13.0157733333333";"77.5656733333333";
"46578.537014";"Average speed";"0";"km/h";"13.0157733333333";"77.5656733333333";
"46578.537014";"Distance travelled";"0";"km";"13.0157733333333";"77.5656733333333";
"46578.537014";"Distance travelled (total)";"0";"km";"13.0157733333333";"77.5656733333333";
"46578.537014";"Vehicle acceleration";"0";"g";"13.0157733333333";"77.5656733333333";
"46578.537014";"Vehicle speed";"0";"km/h";"13.0157733333333";"77.5656733333333";
"46578.589014";"Intake air temperature";"40";"℃";"13.0157733333333";"77.5656733333333";
"46578.638014";"Calculated instant fuel rate";"1.33759049773756";"L/h";"13.0157733333333";"77.5656733333333";
"46578.638014";"Fuel used";"0.00534385241588675";"L";"13.0157733333333";"77.5656733333333";
"46578.638014";"Fuel used (total)";"0.00534385241588675";"L";"13.0157733333333";"77.5656733333333";
"46578.638014";"Fuel used price";"0.00539729094004562";"₹";"13.0157733333333";"77.5656733333333";
"46578.638014";"Fuel used price (total)";"0";"₹";"13.0157733333333";"77.5656733333333";
"46578.638014";"Instant engine power (based on fuel consumption)";"5.92248373011124";"hp";"13.0157733333333";"77.5656733333333";
"46578.638014";"MAF air flow rate";"12.19";"g/sec";"13.0157733333333";"77.5656733333333";
"46578.638014";"Power from MAF";"14.628";"hp";"13.0157733333333";"77.5656733333333";
"46578.696014";"Distance traveled with MIL on";"0";"km";"13.0157733333333";"77.5656733333333";
"46578.754014";"Fuel rail press.";"4177.0868546016";"psi";"13.0157733333333";"77.5656733333333";
"46578.779014";"Average speed (GPS)";"0.0222420817133487";"km/h";"13.0157733333333";"77.5656716666667";
"46578.779014";"Speed (GPS)";"0.485486000776291";"km/h";"13.0157733333333";"77.5656716666667";
"46578.780014";"Altitude (GPS)";"859.7";"m";"13.0157733333333";"77.5656716666667";
"46578.780014";"Average speed (GPS)";"0.0222510559474565";"km/h";"13.0157733333333";"77.5656716666667";
"46578.780014";"Speed (GPS)";"0.485486000776291";"km/h";"13.0157733333333";"77.5656716666667";
"46578.798014";"Barometric pressure";"13.05339642063";"psi";"13.0157733333333";"77.5656716666667";
"46578.799014";"Altitude (GPS)";"873.700012207031";"m";"13.0157733333333";"77.5656716666667";
"46578.799014";"Average speed (GPS)";"0.0222415319795223";"km/h";"13.0157733333333";"77.5656716666667";
"46578.799014";"Speed (GPS)";"0";"km/h";"13.0157733333333";"77.5656716666667";
"46578.800014";"Altitude (GPS)";"873.700012207031";"m";"13.0157733333333";"77.5656716666667";
"46578.800014";"Average speed (GPS)";"0.0222519972139299";"km/h";"13.0157733333333";"77.5656716666667";
"46578.800014";"Speed (GPS)";"0.485486000776291";"km/h";"13.0157733333333";"77.5656716666667";
"46578.845014";"Calculated engine load value";"38.8235294117647";"%";"13.0157733333333";"77.5656716666667";
"46578.898014";"Average speed";"0";"km/h";"13.0157733333333";"77.5656716666667";
"46578.898014";"Distance travelled";"0";"km";"13.0157733333333";"77.5656716666667";
"46578.898014";"Distance travelled (total)";"0";"km";"13.0157733333333";"77.5656716666667";
"46578.898014";"Vehicle acceleration";"0";"g";"13.0157733333333";"77.5656716666667";
"46578.898014";"Vehicle speed";"0";"km/h";"13.0157733333333";"77.5656716666667";
"46578.917014";"Altitude (GPS)";"873.700012207031";"m";"13.0157733333333";"77.5656716666667";
"46578.917014";"Average speed (GPS)";"0.0221932855682288";"km/h";"13.0157733333333";"77.5656716666667";
"46578.917014";"Speed (GPS)";"0";"km/h";"13.0157733333333";"77.5656716666667";
"46578.944014";"Intake air temperature";"40";"℃";"13.0157733333333";"77.5656716666667";
"46578.995014";"Calculated instant fuel rate";"1.3091742081448";"L/h";"13.0157733333333";"77.5656716666667";
"46578.995014";"Fuel used";"0.00547395374841221";"L";"13.0157733333333";"77.5656716666667";
"46578.995014";"Fuel used (total)";"0.00547395374841221";"L";"13.0157733333333";"77.5656716666667";
"46578.995014";"Fuel used price";"0.00552869328589633";"₹";"13.0157733333333";"77.5656716666667";
"46578.995014";"Fuel used price (total)";"0";"₹";"13.0157733333333";"77.5656716666667";
"46578.995014";"Instant engine power (based on fuel consumption)";"5.79666419635415";"hp";"13.0157733333333";"77.5656716666667";
"46578.995014";"MAF air flow rate";"11.69";"g/sec";"13.0157733333333";"77.5656716666667";
"46578.995014";"Power from MAF";"14.028";"hp";"13.0157733333333";"77.5656716666667";
"46579.049014";"Distance traveled with MIL on";"0";"km";"13.0157733333333";"77.5656716666667";
"46579.098014";"Fuel rail press.";"4496.169878217";"psi";"13.0157733333333";"77.5656716666667";
"46579.145014";"Barometric pressure";"13.05339642063";"psi";"13.0157733333333";"77.5656716666667";
"46579.217014";"Calculated engine load value";"38.8235294117647";"%";"13.0157733333333";"77.5656716666667";
"46579.267014";"Average speed";"0";"km/h";"13.0157733333333";"77.5656716666667";
"46579.267014";"Distance travelled";"0";"km";"13.0157733333333";"77.5656716666667";
"46579.267014";"Distance travelled (total)";"0";"km";"13.0157733333333";"77.5656716666667";
"46579.267014";"Vehicle acceleration";"0";"g";"13.0157733333333";"77.5656716666667";
"46579.267014";"Vehicle speed";"0";"km/h";"13.0157733333333";"77.5656716666667";
"46579.316014";"Intake air temperature";"40";"℃";"13.0157733333333";"77.5656716666667";
"46579.370014";"Calculated instant fuel rate";"1.32485294117647";"L/h";"13.0157733333333";"77.5656716666667";
"46579.370014";"Fuel used";"0.00561175122440485";"L";"13.0157733333333";"77.5656716666667";
"46579.370014";"Fuel used (total)";"0.00561175122440485";"L";"13.0157733333333";"77.5656716666667";
"46579.370014";"Fuel used price";"0.0056678687366489";"₹";"13.0157733333333";"77.5656716666667";
"46579.370014";"Fuel used price (total)";"0";"₹";"13.0157733333333";"77.5656716666667";
"46579.370014";"Instant engine power (based on fuel consumption)";"5.8660853244542";"hp";"13.0157733333333";"77.5656716666667";
"46579.370014";"MAF air flow rate";"11.83";"g/sec";"13.0157733333333";"77.5656716666667";
"46579.370014";"Power from MAF";"14.196";"hp";"13.0157733333333";"77.5656716666667";
"46579.433014";"Distance traveled with MIL on";"0";"km";"13.0157733333333";"77.5656716666667";
"46579.482014";"Fuel rail press.";"4272.81176168622";"psi";"13.0157733333333";"77.5656716666667";
"46579.532014";"Barometric pressure";"13.05339642063";"psi";"13.0157733333333";"77.5656716666667";
"46579.581014";"Calculated engine load value";"39.6078431372549";"%";"13.0157733333333";"77.5656716666667";
"46579.632014";"Average speed";"0";"km/h";"13.0157733333333";"77.5656716666667";
"46579.632014";"Distance travelled";"0";"km";"13.0157733333333";"77.5656716666667";
"46579.632014";"Distance travelled (total)";"0";"km";"13.0157733333333";"77.5656716666667";
"46579.632014";"Vehicle acceleration";"0";"g";"13.0157733333333";"77.5656716666667";
"46579.632014";"Vehicle speed";"0";"km/h";"13.0157733333333";"77.5656716666667";
"46579.690014";"Barometric pressure";"13.05339642063";"psi";"13.0157733333333";"77.5656716666667";
"46579.709014";"Average speed (GPS)";"0.0218043412515025";"km/h";"13.0157733333333";"77.5656716666667";
"46579.709014";"Speed (GPS)";"0";"km/h";"13.0157733333333";"77.5656716666667";
"46579.710014";"Altitude (GPS)";"873.700012207031";"m";"13.0157733333333";"77.5656716666667";
"46579.731014";"Altitude (GPS)";"873.700012207031";"m";"13.0158602";"77.5656731";
"46579.734014";"Altitude (GPS)";"873.700012207031";"m";"13.0158602";"77.5656731";
"46579.734014";"Average speed (GPS)";"0.0217923821762124";"km/h";"13.0158602";"77.5656731";
"46579.734014";"Speed (GPS)";"0";"km/h";"13.0158602";"77.5656731";
"46579.753014";"Average speed";"0";"km/h";"13.0158602";"77.5656731";
"46579.753014";"Distance travelled";"0";"km";"13.0158602";"77.5656731";
"46579.753014";"Distance travelled (total)";"0";"km";"13.0158602";"77.5656731";
"46579.753014";"Vehicle acceleration";"0";"g";"13.0158602";"77.5656731";
"46579.753014";"Vehicle speed";"0";"km/h";"13.0158602";"77.5656731";
"46579.803014";"Altitude (GPS)";"859.9";"m";"13.0158602";"77.5656731";
"46579.803014";"Average speed (GPS)";"0.0217594308011233";"km/h";"13.0158602";"77.5656731";
"46579.803014";"Speed (GPS)";"0";"km/h";"13.0158602";"77.5656731";
"46579.811014";"Calculated engine load value";"39.6078431372549";"%";"13.0158602";"77.5656731";
"46579.871014";"Altitude (GPS)";"873.700012207031";"m";"13.0158602";"77.5656731";
"46579.871014";"Average speed (GPS)";"0.0217265463687886";"km/h";"13.0158602";"77.5656731";
"46579.871014";"Speed (GPS)";"0";"km/h";"13.0158602";"77.5656731";
"46579.882014";"Calculated instant fuel rate";"1.31619909502262";"L/h";"13.0158602";"77.5656731";
"46579.882014";"Fuel used";"0.00579900160485734";"L";"13.0158602";"77.5656731";
"46579.882014";"Fuel used (total)";"0.00579900160485734";"L";"13.0158602";"77.5656731";
"46579.882014";"Fuel used price";"0.00585699162090591";"₹";"13.0158602";"77.5656731";
"46579.882014";"Fuel used price (total)";"0";"₹";"13.0158602";"77.5656731";
"46579.882014";"Instant engine power (based on fuel consumption)";"5.82776846803535";"hp";"13.0158602";"77.5656731";
"46579.882014";"MAF air flow rate";"11.52";"g/sec";"13.0158602";"77.5656731";
"46579.882014";"Power from MAF";"13.824";"hp";"13.0158602";"77.5656731";
"46579.953014";"Calculated boost";"0.43511321402166";"psi";"13.0158602";"77.5656731";
"46579.953014";"Intake manifold absolute pressure";"13.488509634651";"psi";"13.0158602";"77.5656731";
"46580.003014";"Barometric pressure";"13.05339642063";"psi";"13.0158602";"77.5656731";
"46580.063014";"Average speed";"0";"km/h";"13.0158602";"77.5656731";
"46580.063014";"Distance travelled";"0";"km";"13.0158602";"77.5656731";
"46580.063014";"Distance travelled (total)";"0";"km";"13.0158602";"77.5656731";
"46580.063014";"Vehicle acceleration";"0";"g";"13.0158602";"77.5656731";
"46580.063014";"Vehicle speed";"0";"km/h";"13.0158602";"77.5656731";
"46580.117014";"Calculated engine load value";"39.6078431372549";"%";"13.0158602";"77.5656731";
"46580.168014";"Calculated instant fuel rate";"1.31048642533937";"L/h";"13.0158602";"77.5656731";
"46580.168014";"Fuel used";"0.00590325939095965";"L";"13.0158602";"77.5656731";
"46580.168014";"Fuel used (total)";"0.00590325939095965";"L";"13.0158602";"77.5656731";
"46580.168014";"Fuel used price";"0.00596229198486925";"₹";"13.0158602";"77.5656731";
"46580.168014";"Fuel used price (total)";"0";"₹";"13.0158602";"77.5656731";
"46580.168014";"Instant engine power (based on fuel consumption)";"5.8024743340595";"hp";"13.0158602";"77.5656731";
"46580.168014";"MAF air flow rate";"11.47";"g/sec";"13.0158602";"77.5656731";
"46580.168014";"Power from MAF";"13.764";"hp";"13.0158602";"77.5656731";
"46580.227014";"Calculated boost";"0.43511321402166";"psi";"13.0158602";"77.5656731";
"46580.227014";"Intake manifold absolute pressure";"13.488509634651";"psi";"13.0158602";"77.5656731";
"46580.278014";"Barometric pressure";"13.05339642063";"psi";"13.0158602";"77.5656731";
"46580.330014";"Average speed";"0";"km/h";"13.0158602";"77.5656731";
"46580.330014";"Distance travelled";"0";"km";"13.0158602";"77.5656731";
"46580.330014";"Distance travelled (total)";"0";"km";"13.0158602";"77.5656731";
"46580.330014";"Vehicle acceleration";"0";"g";"13.0158602";"77.5656731";
"46580.330014";"Vehicle speed";"0";"km/h";"13.0158602";"77.5656731";
"46580.389014";"Calculated engine load value";"39.6078431372549";"%";"13.0158602";"77.5656731";
"46580.441014";"Calculated instant fuel rate";"1.3002036199095";"L/h";"13.0158602";"77.5656731";
"46580.441014";"Fuel used";"0.00600209465806121";"L";"13.0158602";"77.5656731";
"46580.441014";"Fuel used (total)";"0.00600209465806121";"L";"13.0158602";"77.5656731";
"46580.441014";"Fuel used price";"0.00606211560464183";"₹";"13.0158602";"77.5656731";
"46580.441014";"Fuel used price (total)";"0";"₹";"13.0158602";"77.5656731";
"46580.441014";"Instant engine power (based on fuel consumption)";"5.75694489290297";"hp";"13.0158602";"77.5656731";
"46580.441014";"MAF air flow rate";"11.38";"g/sec";"13.0158602";"77.5656731";
"46580.441014";"Power from MAF";"13.656";"hp";"13.0158602";"77.5656731";
"46580.522014";"Calculated boost";"0.43511321402166";"psi";"13.0158602";"77.5656731";
"46580.522014";"Intake manifold absolute pressure";"13.488509634651";"psi";"13.0158602";"77.5656731";
"46580.575014";"Barometric pressure";"13.05339642063";"psi";"13.0158602";"77.5656731";
"46580.626014";"Average speed";"0";"km/h";"13.0158602";"77.5656731";
"46580.626014";"Distance travelled";"0";"km";"13.0158602";"77.5656731";
"46580.626014";"Distance travelled (total)";"0";"km";"13.0158602";"77.5656731";
"46580.626014";"Vehicle acceleration";"0";"g";"13.0158602";"77.5656731";
"46580.626014";"Vehicle speed";"0";"km/h";"13.0158602";"77.5656731";
"46580.694014";"Calculated engine load value";"26.6666666666667";"%";"13.0158602";"77.5656731";
"46580.746014";"Calculated instant fuel rate";"0.916153846153846";"L/h";"13.0158602";"77.5656731";
"46580.746014";"Fuel used";"0.00607955505857403";"L";"13.0158602";"77.5656731";
"46580.746014";"Fuel used (total)";"0.00607955505857403";"L";"13.0158602";"77.5656731";
"46580.746014";"Fuel used price";"0.00614035060915977";"₹";"13.0158602";"77.5656731";
"46580.746014";"Fuel used price (total)";"0";"₹";"13.0158602";"77.5656731";
"46580.746014";"Instant engine power (based on fuel consumption)";"4.05647786620983";"hp";"13.0158602";"77.5656731";
"46580.746014";"MAF air flow rate";"11.91";"g/sec";"13.0158602";"77.5656731";
"46580.746014";"Power from MAF";"14.292";"hp";"13.0158602";"77.5656731";
"46580.791014";"Altitude (GPS)";"860";"m";"13.0158602";"77.5656731";
"46580.791014";"Average speed (GPS)";"0.0212948500273742";"km/h";"13.0158602";"77.5656731";
"46580.791014";"Speed (GPS)";"0";"km/h";"13.0158602";"77.5656731";
"46580.797014";"Calculated boost";"0.43511321402166";"psi";"13.0158602";"77.5656731";
"46580.797014";"Intake manifold absolute pressure";"13.488509634651";"psi";"13.0158602";"77.5656731";
"46580.845014";"Barometric pressure";"13.05339642063";"psi";"13.0158602";"77.5656731";
"46580.884014";"Altitude (GPS)";"873.700012207031";"m";"13.0158602";"77.5656731";
"46580.884014";"Average speed (GPS)";"0.0212523090891372";"km/h";"13.0158602";"77.5656731";
"46580.884014";"Speed (GPS)";"0";"km/h";"13.0158602";"77.5656731";
"46580.904014";"Average speed";"0";"km/h";"13.0158602";"77.5656731";
"46580.904014";"Distance travelled";"0";"km";"13.0158602";"77.5656731";
"46580.904014";"Distance travelled (total)";"0";"km";"13.0158602";"77.5656731";
"46580.904014";"Vehicle acceleration";"0";"g";"13.0158602";"77.5656731";
"46580.904014";"Vehicle speed";"0";"km/h";"13.0158602";"77.5656731";
"46580.948014";"Calculated engine load value";"22.7450980392157";"%";"13.0158602";"77.5656731";
"46580.995014";"Calculated instant fuel rate";"0.81947963800905";"L/h";"13.0158602";"77.5656731";
"46580.995014";"Fuel used";"0.00613601035387255";"L";"13.0158602";"77.5656731";
"46580.995014";"Fuel used (total)";"0.00613601035387255";"L";"13.0158602";"77.5656731";
"46580.995014";"Fuel used price";"0.00619737045741128";"₹";"13.0158602";"77.5656731";
"46580.995014";"Fuel used price (total)";"0";"₹";"13.0158602";"77.5656731";
"46580.995014";"Instant engine power (based on fuel consumption)";"3.62843099698687";"hp";"13.0158602";"77.5656731";
"46580.995014";"MAF air flow rate";"12.49";"g/sec";"13.0158602";"77.5656731";
"46580.995014";"Power from MAF";"14.988";"hp";"13.0158602";"77.5656731";
"46581.043014";"Calculated boost";"0.43511321402166";"psi";"13.0158602";"77.5656731";
"46581.043014";"Intake manifold absolute pressure";"13.488509634651";"psi";"13.0158602";"77.5656731";
"46581.091014";"Barometric pressure";"13.05339642063";"psi";"13.0158602";"77.5656731";
"46581.177014";"Average speed";"0";"km/h";"13.0158602";"77.5656731";
"46581.177014";"Distance travelled";"0";"km";"13.0158602";"77.5656731";
"46581.177014";"Distance travelled (total)";"0";"km";"13.0158602";"77.5656731";
"46581.177014";"Vehicle acceleration";"0";"g";"13.0158602";"77.5656731";
"46581.177014";"Vehicle speed";"0";"km/h";"13.0158602";"77.5656731";
"46581.227014";"Calculated engine load value";"21.9607843137255";"%";"13.0158602";"77.5656731";
"46581.279014";"Calculated instant fuel rate";"0.777285067873303";"L/h";"13.0158602";"77.5656731";
"46581.279014";"Fuel used";"0.0061976009544457";"L";"13.0158602";"77.5656731";
"46581.279014";"Fuel used (total)";"0.0061976009544457";"L";"13.0158602";"77.5656731";
"46581.279014";"Fuel used price";"0.00625957696399016";"₹";"13.0158602";"77.5656731";
"46581.279014";"Fuel used price (total)";"0";"₹";"13.0158602";"77.5656731";
"46581.279014";"Instant engine power (based on fuel consumption)";"3.44160501732368";"hp";"13.0158602";"77.5656731";
"46581.279014";"MAF air flow rate";"12.27";"g/sec";"13.0158602";"77.5656731";
"46581.279014";"Power from MAF";"14.724";"hp";"13.0158602";"77.5656731";
"46581.333014";"Calculated boost";"0.43511321402166";"psi";"13.0158602";"77.5656731";
"46581.333014";"Intake manifold absolute pressure";"13.488509634651";"psi";"13.0158602";"77.5656731";
"46581.384014";"Barometric pressure";"13.05339642063";"psi";"13.0158602";"77.5656731";
"46581.434014";"Average speed";"0";"km/h";"13.0158602";"77.5656731";
"46581.434014";"Distance travelled";"0";"km";"13.0158602";"77.5656731";
"46581.434014";"Distance travelled (total)";"0";"km";"13.0158602";"77.5656731";
"46581.434014";"Vehicle acceleration";"0";"g";"13.0158602";"77.5656731";
"46581.434014";"Vehicle speed";"0";"km/h";"13.0158602";"77.5656731";
"46581.490014";"Calculated engine load value";"22.7450980392157";"%";"13.0158602";"77.5656731";
"46581.541014";"Calculated instant fuel rate";"0.786674208144796";"L/h";"13.0158602";"77.5656731";
"46581.541014";"Fuel used";"0.00625458831149761";"L";"13.0158602";"77.5656731";
"46581.541014";"Fuel used (total)";"0.00625458831149761";"L";"13.0158602";"77.5656731";
"46581.541014";"Fuel used price";"0.00631713419461259";"₹";"13.0158602";"77.5656731";
"46581.541014";"Fuel used price (total)";"0";"₹";"13.0158602";"77.5656731";
"46581.541014";"Instant engine power (based on fuel consumption)";"3.48317755435329";"hp";"13.0158602";"77.5656731";
"46581.541014";"MAF air flow rate";"11.99";"g/sec";"13.0158602";"77.5656731";
"46581.541014";"Power from MAF";"14.388";"hp";"13.0158602";"77.5656731";
"46581.627014";"Average speed";"0";"km/h";"13.0158602";"77.5656731";
"46581.627014";"Distance travelled";"0";"km";"13.0158602";"77.5656731";
"46581.627014";"Distance travelled (total)";"0";"km";"13.0158602";"77.5656731";
"46581.627014";"Vehicle acceleration";"0";"g";"13.0158602";"77.5656731";
"46581.627014";"Vehicle speed";"0";"km/h";"13.0158602";"77.5656731";
"46581.711014";"Calculated engine load value";"23.5294117647059";"%";"13.0158602";"77.5656731";
"46581.777014";"Average speed (GPS)";"0.0208507347526507";"km/h";"13.0158602";"77.5656731";
"46581.777014";"Speed (GPS)";"0";"km/h";"13.0158602";"77.5656731";
"46581.778014";"Altitude (GPS)";"860.2";"m";"13.0158602";"77.5656731";
"46581.779014";"Altitude (GPS)";"873.700012207031";"m";"13.0158602";"77.5656731";
"46581.779014";"Average speed (GPS)";"0.0208499723972439";"km/h";"13.0158602";"77.5656731";
"46581.779014";"Speed (GPS)";"0";"km/h";"13.0158602";"77.5656731";
"46581.780014";"Average speed (GPS)";"0.0208493383928144";"km/h";"13.0158602";"77.5656731";
"46581.780014";"Speed (GPS)";"0";"km/h";"13.0158602";"77.5656731";
"46581.781014";"Altitude (GPS)";"873.700012207031";"m";"13.0158602";"77.5656731";
"46581.793014";"Calculated instant fuel rate";"0.804977375565611";"L/h";"13.0158602";"77.5656731";
"46581.793014";"Fuel used";"0.00631104242578871";"L";"13.0158602";"77.5656731";
"46581.793014";"Fuel used (total)";"0.00631104242578871";"L";"13.0158602";"77.5656731";
"46581.793014";"Fuel used price";"0.0063741528500466";"₹";"13.0158602";"77.5656731";
"46581.793014";"Fuel used price (total)";"0";"₹";"13.0158602";"77.5656731";
"46581.793014";"Instant engine power (based on fuel consumption)";"3.56421895786403";"hp";"13.0158602";"77.5656731";
"46581.793014";"MAF air flow rate";"11.86";"g/sec";"13.0158602";"77.5656731";
"46581.793014";"Power from MAF";"14.232";"hp";"13.0158602";"77.5656731";
"46581.868014";"Calculated boost";"0.43511321402166";"psi";"13.0158602";"77.5656731";
"46581.868014";"Intake manifold absolute pressure";"13.488509634651";"psi";"13.0158602";"77.5656731";
"46581.892014";"Average speed (GPS)";"0.0208001155778774";"km/h";"13.0158602";"77.5656731";
"46581.892014";"Speed (GPS)";"0";"km/h";"13.0158602";"77.5656731";
"46581.893014";"Altitude (GPS)";"873.700012207031";"m";"13.0158602";"77.5656731";
"46581.977014";"Engine RPM";"804";"rpm";"13.0158602";"77.5656731";
"46581.977014";"Engine RPM x1000";"0.8";"rpm";"13.0158602";"77.5656731";
"46582.029014";"Average speed";"0";"km/h";"13.0158602";"77.5656731";
"46582.029014";"Distance travelled";"0";"km";"13.0158602";"77.5656731";
"46582.029014";"Distance travelled (total)";"0";"km";"13.0158602";"77.5656731";
"46582.029014";"Vehicle acceleration";"0";"g";"13.0158602";"77.5656731";
"46582.029014";"Vehicle speed";"0";"km/h";"13.0158602";"77.5656731";
"46582.091014";"Calculated engine load value";"23.5294117647059";"%";"13.0158602";"77.5656731";
"46582.141014";"Calculated instant fuel rate";"0.791402714932127";"L/h";"13.0158602";"77.5656731";
"46582.141014";"Fuel used";"0.00638770074845086";"L";"13.0158602";"77.5656731";
"46582.141014";"Fuel used (total)";"0.00638770074845086";"L";"13.0158602";"77.5656731";
"46582.141014";"Fuel used price";"0.00645157775593536";"₹";"13.0158602";"77.5656731";
"46582.141014";"Fuel used price (total)";"0";"₹";"13.0158602";"77.5656731";
"46582.141014";"Instant engine power (based on fuel consumption)";"3.50411408505013";"hp";"13.0158602";"77.5656731";
"46582.141014";"MAF air flow rate";"11.66";"g/sec";"13.0158602";"77.5656731";
"46582.141014";"Power from MAF";"13.992";"hp";"13.0158602";"77.5656731";
"46582.209014";"Calculated boost";"0.43511321402166";"psi";"13.0158602";"77.5656731";
"46582.209014";"Intake manifold absolute pressure";"13.488509634651";"psi";"13.0158602";"77.5656731";
"46582.270014";"Engine RPM";"802";"rpm";"13.0158602";"77.5656731";
"46582.270014";"Engine RPM x1000";"0.8";"rpm";"13.0158602";"77.5656731";
"46582.323014";"Average speed";"0";"km/h";"13.0158602";"77.5656731";
"46582.323014";"Distance travelled";"0";"km";"13.0158602";"77.5656731";
"46582.323014";"Distance travelled (total)";"0";"km";"13.0158602";"77.5656731";
"46582.323014";"Vehicle acceleration";"0";"g";"13.0158602";"77.5656731";
"46582.323014";"Vehicle speed";"0";"km/h";"13.0158602";"77.5656731";
"46582.386014";"Calculated engine load value";"23.5294117647059";"%";"13.0158602";"77.5656731";
"46582.436014";"Calculated instant fuel rate";"0.779864253393665";"L/h";"13.0158602";"77.5656731";
"46582.436014";"Fuel used";"0.0064514864956228";"L";"13.0158602";"77.5656731";
"46582.436014";"Fuel used (total)";"0.0064514864956228";"L";"13.0158602";"77.5656731";
"46582.436014";"Fuel used price";"0.00651600136057903";"₹";"13.0158602";"77.5656731";
"46582.436014";"Fuel used price (total)";"0";"₹";"13.0158602";"77.5656731";
"46582.436014";"Instant engine power (based on fuel consumption)";"3.45302494315832";"hp";"13.0158602";"77.5656731";
"46582.436014";"MAF air flow rate";"11.49";"g/sec";"13.0158602";"77.5656731";
"46582.436014";"Power from MAF";"13.788";"hp";"13.0158602";"77.5656731";
"46582.502014";"Calculated boost";"0.43511321402166";"psi";"13.0158602";"77.5656731";
"46582.502014";"Intake manifold absolute pressure";"13.488509634651";"psi";"13.0158602";"77.5656731";
"46582.554014";"Engine RPM";"796";"rpm";"13.0158602";"77.5656731";
"46582.554014";"Engine RPM x1000";"0.8";"rpm";"13.0158602";"77.5656731";
"46582.607014";"Average speed";"0";"km/h";"13.0158602";"77.5656731";
"46582.607014";"Distance travelled";"0";"km";"13.0158602";"77.5656731";
"46582.607014";"Distance travelled (total)";"0";"km";"13.0158602";"77.5656731";
"46582.607014";"Vehicle acceleration";"0";"g";"13.0158602";"77.5656731";
"46582.607014";"Vehicle speed";"0";"km/h";"13.0158602";"77.5656731";
"46582.659014";"Calculated engine load value";"24.3137254901961";"%";"13.0158602";"77.5656731";
"46582.715014";"Calculated instant fuel rate";"0.796742081447964";"L/h";"13.0158602";"77.5656731";
"46582.715014";"Fuel used";"0.00651330940972034";"L";"13.0158602";"77.5656731";
"46582.715014";"Fuel used (total)";"0.00651330940972034";"L";"13.0158602";"77.5656731";
"46582.715014";"Fuel used price";"0.00657844250381754";"₹";"13.0158602";"77.5656731";
"46582.715014";"Fuel used price (total)";"0";"₹";"13.0158602";"77.5656731";
"46582.715014";"Instant engine power (based on fuel consumption)";"3.5277553350236";"hp";"13.0158602";"77.5656731";
"46582.715014";"MAF air flow rate";"11.36";"g/sec";"13.0158602";"77.5656731";
"46582.715014";"Power from MAF";"13.632";"hp";"13.0158602";"77.5656731";
"46582.772014";"Calculated boost";"0.43511321402166";"psi";"13.0158602";"77.5656731";
"46582.772014";"Intake manifold absolute pressure";"13.488509634651";"psi";"13.0158602";"77.5656731";
"46582.793014";"Altitude (GPS)";"859.5";"m";"13.0158602";"77.5656731";
"46582.793014";"Average speed (GPS)";"0.020412389565925";"km/h";"13.0158602";"77.5656731";
"46582.793014";"Speed (GPS)";"0";"km/h";"13.0158602";"77.5656731";
"46582.797014";"Altitude (GPS)";"873.700012207031";"m";"13.0158602";"77.5656731";
"46582.797014";"Average speed (GPS)";"0.0204107893278595";"km/h";"13.0158602";"77.5656731";
"46582.797014";"Speed (GPS)";"0";"km/h";"13.0158602";"77.5656731";
"46582.821014";"Engine RPM";"801";"rpm";"13.0158602";"77.5656731";
"46582.821014";"Engine RPM x1000";"0.8";"rpm";"13.0158602";"77.5656731";
"46582.871014";"Average speed";"0";"km/h";"13.0158602";"77.5656731";
"46582.871014";"Distance travelled";"0";"km";"13.0158602";"77.5656731";
"46582.871014";"Distance travelled (total)";"0";"km";"13.0158602";"77.5656731";
"46582.871014";"Vehicle acceleration";"0";"g";"13.0158602";"77.5656731";
"46582.871014";"Vehicle speed";"0";"km/h";"13.0158602";"77.5656731";
"46582.927014";"Calculated engine load value";"24.3137254901961";"%";"13.0158602";"77.5656731";
"46582.989014";"Calculated instant fuel rate";"0.802352941176471";"L/h";"13.0158602";"77.5656731";
"46582.989014";"Fuel used";"0.00657425513619093";"L";"13.0158602";"77.5656731";
"46582.989014";"Fuel used (total)";"0.00657425513619093";"L";"13.0158602";"77.5656731";
"46582.989014";"Fuel used price";"0.00663999768755284";"₹";"13.0158602";"77.5656731";
"46582.989014";"Fuel used price (total)";"0";"₹";"13.0158602";"77.5656731";
"46582.989014";"Instant engine power (based on fuel consumption)";"3.55259868245334";"hp";"13.0158602";"77.5656731";
"46582.989014";"MAF air flow rate";"11.44";"g/sec";"13.0158602";"77.5656731";
"46582.989014";"Power from MAF";"13.728";"hp";"13.0158602";"77.5656731";
"46583.044014";"Calculated boost";"0.43511321402166";"psi";"13.0158602";"77.5656731";
"46583.044014";"Intake manifold absolute pressure";"13.488509634651";"psi";"13.0158602";"77.5656731";
"46583.097014";"Engine RPM";"799";"rpm";"13.0158602";"77.5656731";
"46583.097014";"Engine RPM x1000";"0.8";"rpm";"13.0158602";"77.5656731";
"46583.147014";"Average speed";"0";"km/h";"13.0158602";"77.5656731";
"46583.147014";"Distance travelled";"0";"km";"13.0158602";"77.5656731";
"46583.147014";"Distance travelled (total)";"0";"km";"13.0158602";"77.5656731";
"46583.147014";"Vehicle acceleration";"0";"g";"13.0158602";"77.5656731";
"46583.147014";"Vehicle speed";"0";"km/h";"13.0158602";"77.5656731";
"46583.202014";"Calculated engine load value";"24.3137254901961";"%";"13.0158602";"77.5656731";
"46583.251014";"Calculated instant fuel rate";"0.802352941176471";"L/h";"13.0158602";"77.5656731";
"46583.251014";"Fuel used";"0.00663286151351119";"L";"13.0158602";"77.5656731";
"46583.251014";"Fuel used (total)";"0.00663286151351119";"L";"13.0158602";"77.5656731";
"46583.251014";"Fuel used price";"0.0066991901286463";"₹";"13.0158602";"77.5656731";
"46583.251014";"Fuel used price (total)";"0";"₹";"13.0158602";"77.5656731";
"46583.251014";"Instant engine power (based on fuel consumption)";"3.55259868245334";"hp";"13.0158602";"77.5656731";
"46583.251014";"MAF air flow rate";"11.44";"g/sec";"13.0158602";"77.5656731";
"46583.251014";"Power from MAF";"13.728";"hp";"13.0158602";"77.5656731";
"46583.307014";"Calculated boost";"0.43511321402166";"psi";"13.0158602";"77.5656731";
"46583.307014";"Intake manifold absolute pressure";"13.488509634651";"psi";"13.0158602";"77.5656731";
"46583.357014";"Engine RPM";"799";"rpm";"13.0158602";"77.5656731";
"46583.357014";"Engine RPM x1000";"0.8";"rpm";"13.0158602";"77.5656731";
"46583.409014";"Average speed";"0";"km/h";"13.0158602";"77.5656731";
"46583.409014";"Distance travelled";"0";"km";"13.0158602";"77.5656731";
"46583.409014";"Distance travelled (total)";"0";"km";"13.0158602";"77.5656731";
"46583.409014";"Vehicle acceleration";"0";"g";"13.0158602";"77.5656731";
"46583.409014";"Vehicle speed";"0";"km/h";"13.0158602";"77.5656731";
"46583.464014";"Calculated engine load value";"24.7058823529412";"%";"13.0158602";"77.5656731";
"46583.514014";"Calculated instant fuel rate";"0.811018099547511";"L/h";"13.0158602";"77.5656731";
"46583.514014";"Fuel used";"0.00669204249547951";"L";"13.0158602";"77.5656731";
"46583.514014";"Fuel used (total)";"0.00669204249547951";"L";"13.0158602";"77.5656731";
"46583.514014";"Fuel used price";"0.00675896292043431";"₹";"13.0158602";"77.5656731";
"46583.514014";"Fuel used price (total)";"0";"₹";"13.0158602";"77.5656731";
"46583.514014";"Instant engine power (based on fuel consumption)";"3.59096562626621";"hp";"13.0158602";"77.5656731";
"46583.514014";"MAF air flow rate";"11.38";"g/sec";"13.0158602";"77.5656731";
"46583.514014";"Power from MAF";"13.656";"hp";"13.0158602";"77.5656731";
"46583.572014";"Calculated boost";"0.43511321402166";"psi";"13.0158602";"77.5656731";
"46583.572014";"Intake manifold absolute pressure";"13.488509634651";"psi";"13.0158602";"77.5656731";
"46583.626014";"Engine RPM";"800";"rpm";"13.0158602";"77.5656731";
"46583.626014";"Engine RPM x1000";"0.8";"rpm";"13.0158602";"77.5656731";
"46583.677014";"Average speed";"0";"km/h";"13.0158602";"77.5656731";
"46583.677014";"Distance travelled";"0";"km";"13.0158602";"77.5656731";
"46583.677014";"Distance travelled (total)";"0";"km";"13.0158602";"77.5656731";
"46583.677014";"Vehicle acceleration";"0";"g";"13.0158602";"77.5656731";
"46583.677014";"Vehicle speed";"0";"km/h";"13.0158602";"77.5656731";
"46583.733014";"Calculated engine load value";"24.3137254901961";"%";"13.0158602";"77.5656731";
"46583.777014";"Average speed (GPS)";"0.0200046727934618";"km/h";"13.015775";"77.5656683333333";
"46583.777014";"Speed (GPS)";"0";"km/h";"13.015775";"77.5656683333333";
"46583.779014";"Altitude (GPS)";"859.1";"m";"13.015775";"77.5656683333333";
"46583.783014";"Altitude (GPS)";"859.1";"m";"13.015775";"77.5656683333333";
"46583.783014";"Average speed (GPS)";"0.020002499131906";"km/h";"13.015775";"77.5656683333333";
"46583.783014";"Calculated instant fuel rate";"0.800248868778281";"L/h";"13.015775";"77.5656683333333";
"46583.783014";"Fuel used";"0.00675173210274887";"L";"13.015775";"77.5656683333333";
"46583.783014";"Fuel used (total)";"0.00675173210274887";"L";"13.015775";"77.5656683333333";
"46583.783014";"Fuel used price";"0.00681924942377636";"₹";"13.015775";"77.5656683333333";
"46583.783014";"Fuel used price (total)";"0";"₹";"13.015775";"77.5656683333333";
"46583.783014";"Instant engine power (based on fuel consumption)";"3.54328242716719";"hp";"13.015775";"77.5656683333333";
"46583.783014";"MAF air flow rate";"11.41";"g/sec";"13.015775";"77.5656683333333";
"46583.783014";"Power from MAF";"13.692";"hp";"13.015775";"77.5656683333333";
"46583.783014";"Speed (GPS)";"0";"km/h";"13.015775";"77.5656683333333";
"46583.823014";"Altitude (GPS)";"873.700012207031";"m";"13.015775";"77.5656683333333";
"46583.823014";"Average speed (GPS)";"0.0199862647872139";"km/h";"13.015775";"77.5656683333333";
"46583.823014";"Speed (GPS)";"0";"km/h";"13.015775";"77.5656683333333";
"46583.828014";"Altitude (GPS)";"873.700012207031";"m";"13.015775";"77.5656683333333";
"46583.828014";"Average speed (GPS)";"0.0199842668650311";"km/h";"13.015775";"77.5656683333333";
"46583.828014";"Speed (GPS)";"0";"km/h";"13.015775";"77.5656683333333";
"46583.837014";"Calculated boost";"0.29007547601444";"psi";"13.015775";"77.5656683333333";
"46583.837014";"Intake manifold absolute pressure";"13.343471896644";"psi";"13.015775";"77.5656683333333";
"46583.886014";"Engine RPM";"801";"rpm";"13.015775";"77.5656683333333";
"46583.886014";"Engine RPM x1000";"0.8";"rpm";"13.015775";"77.5656683333333";
"46583.906014";"Average speed (GPS)";"0.0199524427716543";"km/h";"13.015775";"77.5656683333333";
"46583.906014";"Speed (GPS)";"0";"km/h";"13.015775";"77.5656683333333";
"46583.907014";"Altitude (GPS)";"873.700012207031";"m";"13.015775";"77.5656683333333";
"46583.938014";"Average speed";"0";"km/h";"13.015775";"77.5656683333333";
"46583.938014";"Distance travelled";"0";"km";"13.015775";"77.5656683333333";
"46583.938014";"Distance travelled (total)";"0";"km";"13.015775";"77.5656683333333";
"46583.938014";"Vehicle acceleration";"0";"g";"13.015775";"77.5656683333333";
"46583.938014";"Vehicle speed";"0";"km/h";"13.015775";"77.5656683333333";
"46583.985014";"Calculated engine load value";"24.3137254901961";"%";"13.015775";"77.5656683333333";
"46584.036014";"Calculated instant fuel rate";"0.800248868778281";"L/h";"13.015775";"77.5656683333333";
"46584.036014";"Fuel used";"0.00680801351677351";"L";"13.015775";"77.5656683333333";
"46584.036014";"Fuel used (total)";"0.00680801351677351";"L";"13.015775";"77.5656683333333";
"46584.036014";"Fuel used price";"0.00687609365194124";"₹";"13.015775";"77.5656683333333";
"46584.036014";"Fuel used price (total)";"0";"₹";"13.015775";"77.5656683333333";
"46584.036014";"Instant engine power (based on fuel consumption)";"3.54328242716719";"hp";"13.015775";"77.5656683333333";
"46584.036014";"MAF air flow rate";"11.41";"g/sec";"13.015775";"77.5656683333333";
"46584.036014";"Power from MAF";"13.692";"hp";"13.015775";"77.5656683333333";
"46584.094014";"Calculated boost";"0.29007547601444";"psi";"13.015775";"77.5656683333333";
"46584.094014";"Intake manifold absolute pressure";"13.343471896644";"psi";"13.015775";"77.5656683333333";
"46584.147014";"Engine RPM";"801";"rpm";"13.015775";"77.5656683333333";
"46584.147014";"Engine RPM x1000";"0.8";"rpm";"13.015775";"77.5656683333333";
"46584.199014";"Average speed";"0";"km/h";"13.015775";"77.5656683333333";
"46584.199014";"Distance travelled";"0";"km";"13.015775";"77.5656683333333";
"46584.199014";"Distance travelled (total)";"0";"km";"13.015775";"77.5656683333333";
"46584.199014";"Vehicle acceleration";"0";"g";"13.015775";"77.5656683333333";
"46584.199014";"Vehicle speed";"0";"km/h";"13.015775";"77.5656683333333";
"46584.252014";"Calculated engine load value";"24.3137254901961";"%";"13.015775";"77.5656683333333";
"46584.314014";"Calculated instant fuel rate";"0.798144796380091";"L/h";"13.015775";"77.5656683333333";
"46584.314014";"Fuel used";"0.00686974724543741";"L";"13.015775";"77.5656683333333";
"46584.314014";"Fuel used (total)";"0.00686974724543741";"L";"13.015775";"77.5656683333333";
"46584.314014";"Fuel used price";"0.00693844471789178";"₹";"13.015775";"77.5656683333333";
"46584.314014";"Fuel used price (total)";"0";"₹";"13.015775";"77.5656683333333";
"46584.314014";"Instant engine power (based on fuel consumption)";"3.53396617188103";"hp";"13.015775";"77.5656683333333";
"46584.314014";"MAF air flow rate";"11.38";"g/sec";"13.015775";"77.5656683333333";
"46584.314014";"Power from MAF";"13.656";"hp";"13.015775";"77.5656683333333";
"46584.371014";"Calculated boost";"0.43511321402166";"psi";"13.015775";"77.5656683333333";
"46584.371014";"Intake manifold absolute pressure";"13.488509634651";"psi";"13.015775";"77.5656683333333";
"46584.424014";"Engine RPM";"801";"rpm";"13.015775";"77.5656683333333";
"46584.424014";"Engine RPM x1000";"0.8";"rpm";"13.015775";"77.5656683333333";
"46584.476014";"Average speed";"0";"km/h";"13.015775";"77.5656683333333";
"46584.476014";"Distance travelled";"0";"km";"13.015775";"77.5656683333333";
"46584.476014";"Distance travelled (total)";"0";"km";"13.015775";"77.5656683333333";
"46584.476014";"Vehicle acceleration";"0";"g";"13.015775";"77.5656683333333";
"46584.476014";"Vehicle speed";"0";"km/h";"13.015775";"77.5656683333333";
"46584.529014";"Calculated engine load value";"24.3137254901961";"%";"13.015775";"77.5656683333333";
"46584.578014";"Calculated instant fuel rate";"0.796742081447964";"L/h";"13.015775";"77.5656683333333";
"46584.578014";"Fuel used";"0.00692797942002765";"L";"13.015775";"77.5656683333333";
"46584.578014";"Fuel used (total)";"0.00692797942002765";"L";"13.015775";"77.5656683333333";
"46584.578014";"Fuel used price";"0.00699725921422793";"₹";"13.015775";"77.5656683333333";
"46584.578014";"Fuel used price (total)";"0";"₹";"13.015775";"77.5656683333333";
"46584.578014";"Instant engine power (based on fuel consumption)";"3.5277553350236";"hp";"13.015775";"77.5656683333333";
"46584.578014";"MAF air flow rate";"11.36";"g/sec";"13.015775";"77.5656683333333";
"46584.578014";"Power from MAF";"13.632";"hp";"13.015775";"77.5656683333333";
"46584.634014";"Calculated boost";"0.29007547601444";"psi";"13.015775";"77.5656683333333";
"46584.634014";"Intake manifold absolute pressure";"13.343471896644";"psi";"13.015775";"77.5656683333333";
"46584.698014";"Engine RPM";"800";"rpm";"13.015775";"77.5656683333333";
"46584.698014";"Engine RPM x1000";"0.8";"rpm";"13.015775";"77.5656683333333";
"46584.751014";"Average speed";"0";"km/h";"13.015775";"77.5656683333333";
"46584.751014";"Distance travelled";"0";"km";"13.015775";"77.5656683333333";
"46584.751014";"Distance travelled (total)";"0";"km";"13.015775";"77.5656683333333";
"46584.751014";"Vehicle acceleration";"0";"g";"13.015775";"77.5656683333333";
"46584.751014";"Vehicle speed";"0";"km/h";"13.015775";"77.5656683333333";
"46584.791014";"Altitude (GPS)";"858.9";"m";"13.015775";"77.5656683333333";
"46584.791014";"Average speed (GPS)";"0.0196015441184582";"km/h";"13.015775";"77.5656683333333";
"46584.791014";"Speed (GPS)";"0";"km/h";"13.015775";"77.5656683333333";
"46584.795014";"Altitude (GPS)";"858.9";"m";"13.0157733333333";"77.5656633333333";
"46584.797014";"Average speed (GPS)";"0.0195992019882007";"km/h";"13.0157733333333";"77.5656633333333";
"46584.797014";"Speed (GPS)";"0";"km/h";"13.0157733333333";"77.5656633333333";
"46584.798014";"Altitude (GPS)";"858.9";"m";"13.0157733333333";"77.5656633333333";
"46584.815014";"Calculated engine load value";"24.3137254901961";"%";"13.0157733333333";"77.5656633333333";
"46584.835014";"Altitude (GPS)";"873.700012207031";"m";"13.0157733333333";"77.5656633333333";
"46584.835014";"Average speed (GPS)";"0.0195844400947002";"km/h";"13.0157733333333";"77.5656633333333";
"46584.835014";"Speed (GPS)";"0";"km/h";"13.0157733333333";"77.5656633333333";
"46584.836014";"Altitude (GPS)";"873.700012207031";"m";"13.0157733333333";"77.5656633333333";
"46584.836014";"Average speed (GPS)";"0.0195839328420719";"km/h";"13.0157733333333";"77.5656633333333";
"46584.836014";"Speed (GPS)";"0";"km/h";"13.0157733333333";"77.5656633333333";
"46584.862014";"Calculated instant fuel rate";"0.796742081447964";"L/h";"13.0157733333333";"77.5656633333333";
"46584.862014";"Fuel used";"0.0069909110671267";"L";"13.0157733333333";"77.5656633333333";
"46584.862014";"Fuel used (total)";"0.0069909110671267";"L";"13.0157733333333";"77.5656633333333";
"46584.862014";"Fuel used price";"0.00706082017779797";"₹";"13.0157733333333";"77.5656633333333";
"46584.862014";"Fuel used price (total)";"0";"₹";"13.0157733333333";"77.5656633333333";
"46584.862014";"Instant engine power (based on fuel consumption)";"3.5277553350236";"hp";"13.0157733333333";"77.5656633333333";
"46584.862014";"MAF air flow rate";"11.36";"g/sec";"13.0157733333333";"77.5656633333333";
"46584.862014";"Power from MAF";"13.632";"hp";"13.0157733333333";"77.5656633333333";
"46584.915014";"Calculated boost";"0.29007547601444";"psi";"13.0157733333333";"77.5656633333333";
"46584.915014";"Intake manifold absolute pressure";"13.343471896644";"psi";"13.0157733333333";"77.5656633333333";
"46584.967014";"Engine RPM";"800";"rpm";"13.0157733333333";"77.5656633333333";
"46584.967014";"Engine RPM x1000";"0.8";"rpm";"13.0157733333333";"77.5656633333333";
"46585.026014";"Average speed";"0";"km/h";"13.0157733333333";"77.5656633333333";
"46585.026014";"Distance travelled";"0";"km";"13.0157733333333";"77.5656633333333";
"46585.026014";"Distance travelled (total)";"0";"km";"13.0157733333333";"77.5656633333333";
"46585.026014";"Vehicle acceleration";"0";"g";"13.0157733333333";"77.5656633333333";
"46585.026014";"Vehicle speed";"0";"km/h";"13.0157733333333";"77.5656633333333";
"46585.042014";"Altitude (GPS)";"873.700012207031";"m";"13.0157733333333";"77.5656633333333";
"46585.042014";"Average speed (GPS)";"0.0195041789158407";"km/h";"13.0157733333333";"77.5656633333333";
"46585.042014";"Speed (GPS)";"0";"km/h";"13.0157733333333";"77.5656633333333";
"46585.044014";"Altitude (GPS)";"873.700012207031";"m";"13.0158893";"77.5656529";
"46585.046014";"Altitude (GPS)";"873.700012207031";"m";"13.0158893";"77.5656529";
"46585.046014";"Altitude (GPS)";"873.700012207031";"m";"13.0158893";"77.5656529";
"46585.046014";"Average speed (GPS)";"0.0195027792411844";"km/h";"13.0158893";"77.5656529";
"46585.046014";"Average speed (GPS)";"0.0195025176925103";"km/h";"13.0158893";"77.5656529";
"46585.046014";"Speed (GPS)";"0";"km/h";"13.0158893";"77.5656529";
"46585.046014";"Speed (GPS)";"0";"km/h";"13.0158893";"77.5656529";
"46585.074014";"Calculated engine load value";"24.3137254901961";"%";"13.0158893";"77.5656529";
"46585.147014";"Calculated instant fuel rate";"0.792533936651584";"L/h";"13.0158893";"77.5656529";
"46585.147014";"Fuel used";"0.00705364347446707";"L";"13.0158893";"77.5656529";
"46585.147014";"Fuel used (total)";"0.00705364347446707";"L";"13.0158893";"77.5656529";
"46585.147014";"Fuel used price";"0.00712417990921174";"₹";"13.0158893";"77.5656529";
"46585.147014";"Fuel used price (total)";"0";"₹";"13.0158893";"77.5656529";
"46585.147014";"Instant engine power (based on fuel consumption)";"3.50912282445129";"hp";"13.0158893";"77.5656529";
"46585.147014";"MAF air flow rate";"11.3";"g/sec";"13.0158893";"77.5656529";
"46585.147014";"Power from MAF";"13.56";"hp";"13.0158893";"77.5656529";
"46585.229014";"Calculated boost";"0.29007547601444";"psi";"13.0158893";"77.5656529";
"46585.229014";"Intake manifold absolute pressure";"13.343471896644";"psi";"13.0158893";"77.5656529";
"46585.284014";"Engine RPM";"803";"rpm";"13.0158893";"77.5656529";
"46585.284014";"Engine RPM x1000";"0.8";"rpm";"13.0158893";"77.5656529";
"46585.335014";"Average speed";"0";"km/h";"13.0158893";"77.5656529";
"46585.335014";"Distance travelled";"0";"km";"13.0158893";"77.5656529";
"46585.335014";"Distance travelled (total)";"0";"km";"13.0158893";"77.5656529";
"46585.335014";"Vehicle acceleration";"0";"g";"13.0158893";"77.5656529";
"46585.335014";"Vehicle speed";"0";"km/h";"13.0158893";"77.5656529";
"46585.384014";"Calculated engine load value";"23.921568627451";"%";"13.0158893";"77.5656529";
"46585.440014";"Calculated instant fuel rate";"0.787341628959276";"L/h";"13.0158893";"77.5656529";
"46585.440014";"Fuel used";"0.00711752824301722";"L";"13.0158893";"77.5656529";
"46585.440014";"Fuel used (total)";"0.00711752824301722";"L";"13.0158893";"77.5656529";
"46585.440014";"Fuel used price";"0.00718870352544739";"₹";"13.0158893";"77.5656529";
"46585.440014";"Fuel used price (total)";"0";"₹";"13.0158893";"77.5656529";
"46585.440014";"Instant engine power (based on fuel consumption)";"3.48613271059997";"hp";"13.0158893";"77.5656529";
"46585.440014";"MAF air flow rate";"11.41";"g/sec";"13.0158893";"77.5656529";
"46585.440014";"Power from MAF";"13.692";"hp";"13.0158893";"77.5656529";
"46585.497014";"Calculated boost";"0.29007547601444";"psi";"13.0158893";"77.5656529";
"46585.497014";"Intake manifold absolute pressure";"13.343471896644";"psi";"13.0158893";"77.5656529";
"46585.551014";"Engine RPM";"801";"rpm";"13.0158893";"77.5656529";
"46585.551014";"Engine RPM x1000";"0.8";"rpm";"13.0158893";"77.5656529";
"46585.600014";"Average speed";"0";"km/h";"13.0158893";"77.5656529";
"46585.600014";"Distance travelled";"0";"km";"13.0158893";"77.5656529";
"46585.600014";"Distance travelled (total)";"0";"km";"13.0158893";"77.5656529";
"46585.600014";"Vehicle acceleration";"0";"g";"13.0158893";"77.5656529";
"46585.600014";"Vehicle speed";"0";"km/h";"13.0158893";"77.5656529";
"46585.660014";"Calculated engine load value";"24.3137254901961";"%";"13.0158893";"77.5656529";
"46585.709014";"Calculated instant fuel rate";"0.800248868778281";"L/h";"13.0158893";"77.5656529";
"46585.709014";"Fuel used";"0.0071776420266453";"L";"13.0158893";"77.5656529";
"46585.709014";"Fuel used (total)";"0.0071776420266453";"L";"13.0158893";"77.5656529";
"46585.709014";"Fuel used price";"0.00724941844691175";"₹";"13.0158893";"77.5656529";
"46585.709014";"Fuel used price (total)";"0";"₹";"13.0158893";"77.5656529";
"46585.709014";"Instant engine power (based on fuel consumption)";"3.54328242716719";"hp";"13.0158893";"77.5656529";
"46585.709014";"MAF air flow rate";"11.41";"g/sec";"13.0158893";"77.5656529";
"46585.709014";"Power from MAF";"13.692";"hp";"13.0158893";"77.5656529";
"46585.766014";"Calculated boost";"0.29007547601444";"psi";"13.0158893";"77.5656529";
"46585.766014";"Intake manifold absolute pressure";"13.343471896644";"psi";"13.0158893";"77.5656529";
"46585.768014";"Altitude (GPS)";"858.9";"m";"13.0158893";"77.5656529";
"46585.768014";"Average speed (GPS)";"0.0192279739041751";"km/h";"13.0158893";"77.5656529";
"46585.768014";"Speed (GPS)";"0";"km/h";"13.0158893";"77.5656529";
"46585.770014";"Altitude (GPS)";"873.700012207031";"m";"13.0158893";"77.5656529";
"46585.770014";"Average speed (GPS)";"0.0192271804891253";"km/h";"13.0158893";"77.5656529";
"46585.770014";"Speed (GPS)";"0";"km/h";"13.0158893";"77.5656529";
"46585.774014";"Altitude (GPS)";"873.700012207031";"m";"13.0158893";"77.5656529";
"46585.774014";"Average speed (GPS)";"0.0192257033217584";"km/h";"13.0158893";"77.5656529";
"46585.774014";"Speed (GPS)";"0";"km/h";"13.0158893";"77.5656529";
"46585.818014";"Engine RPM";"801";"rpm";"13.0158893";"77.5656529";
"46585.818014";"Engine RPM x1000";"0.8";"rpm";"13.0158893";"77.5656529";
"46585.871014";"Average speed";"0";"km/h";"13.0158893";"77.5656529";
"46585.871014";"Distance travelled";"0";"km";"13.0158893";"77.5656529";
"46585.871014";"Distance travelled (total)";"0";"km";"13.0158893";"77.5656529";
"46585.871014";"Vehicle acceleration";"0";"g";"13.0158893";"77.5656529";
"46585.871014";"Vehicle speed";"0";"km/h";"13.0158893";"77.5656529";
"46585.902014";"Average speed (GPS)";"0.0191778712291062";"km/h";"13.0158893";"77.5656529";
"46585.902014";"Speed (GPS)";"0";"km/h";"13.0158893";"77.5656529";
"46585.903014";"Altitude (GPS)";"873.700012207031";"m";"13.0158893";"77.5656529";
"46585.928014";"Calculated engine load value";"24.3137254901961";"%";"13.0158893";"77.5656529";
"46585.978014";"Calculated instant fuel rate";"0.796742081447964";"L/h";"13.0158893";"77.5656529";
"46585.978014";"Fuel used";"0.00723693732075289";"L";"13.0158893";"77.5656529";
"46585.978014";"Fuel used (total)";"0.00723693732075289";"L";"13.0158893";"77.5656529";
"46585.978014";"Fuel used price";"0.00730930669396042";"₹";"13.0158893";"77.5656529";
"46585.978014";"Fuel used price (total)";"0";"₹";"13.0158893";"77.5656529";
"46585.978014";"Instant engine power (based on fuel consumption)";"3.5277553350236";"hp";"13.0158893";"77.5656529";
"46585.978014";"MAF air flow rate";"11.36";"g/sec";"13.0158893";"77.5656529";
"46585.978014";"Power from MAF";"13.632";"hp";"13.0158893";"77.5656529";
"46586.045014";"Calculated boost";"0.29007547601444";"psi";"13.0158893";"77.5656529";
"46586.045014";"Intake manifold absolute pressure";"13.343471896644";"psi";"13.0158893";"77.5656529";
"46586.098014";"Engine RPM";"800";"rpm";"13.0158893";"77.5656529";
"46586.098014";"Engine RPM x1000";"0.8";"rpm";"13.0158893";"77.5656529";
"46586.177014";"Calculated engine load value";"24.3137254901961";"%";"13.0158893";"77.5656529";
"46586.264014";"Calculated instant fuel rate";"0.798144796380091";"L/h";"13.0158893";"77.5656529";
"46586.264014";"Fuel used";"0.00730044672205254";"L";"13.0158893";"77.5656529";
"46586.264014";"Fuel used (total)";"0.00730044672205254";"L";"13.0158893";"77.5656529";
"46586.264014";"Fuel used price";"0.00737345118927306";"₹";"13.0158893";"77.5656529";
"46586.264014";"Fuel used price (total)";"0";"₹";"13.0158893";"77.5656529";
"46586.264014";"Instant engine power (based on fuel consumption)";"3.53396617188103";"hp";"13.0158893";"77.5656529";
"46586.264014";"MAF air flow rate";"11.38";"g/sec";"13.0158893";"77.5656529";
"46586.264014";"Power from MAF";"13.656";"hp";"13.0158893";"77.5656529";
"46586.351014";"Average speed";"0";"km/h";"13.0158893";"77.5656529";
"46586.351014";"Distance travelled";"0";"km";"13.0158893";"77.5656529";
"46586.351014";"Distance travelled (total)";"0";"km";"13.0158893";"77.5656529";
"46586.351014";"Vehicle acceleration";"0";"g";"13.0158893";"77.5656529";
"46586.351014";"Vehicle speed";"0";"km/h";"13.0158893";"77.5656529";
"46586.422014";"Calculated boost";"0.29007547601444";"psi";"13.0158893";"77.5656529";
"46586.422014";"Intake manifold absolute pressure";"13.343471896644";"psi";"13.0158893";"77.5656529";
"46586.494014";"Engine RPM";"800";"rpm";"13.0158893";"77.5656529";
"46586.494014";"Engine RPM x1000";"0.8";"rpm";"13.0158893";"77.5656529";
"46586.548014";"Calculated engine load value";"24.3137254901961";"%";"13.0158893";"77.5656529";
"46586.599014";"Calculated instant fuel rate";"0.790429864253394";"L/h";"13.0158893";"77.5656529";
"46586.599014";"Fuel used";"0.00737393819019545";"L";"13.0158893";"77.5656529";
"46586.599014";"Fuel used (total)";"0.00737393819019545";"L";"13.0158893";"77.5656529";
"46586.599014";"Fuel used price";"0.0074476775720974";"₹";"13.0158893";"77.5656529";
"46586.599014";"Fuel used price (total)";"0";"₹";"13.0158893";"77.5656529";
"46586.599014";"Instant engine power (based on fuel consumption)";"3.49980656916513";"hp";"13.0158893";"77.5656529";
"46586.599014";"MAF air flow rate";"11.27";"g/sec";"13.0158893";"77.5656529";
"46586.599014";"Power from MAF";"13.524";"hp";"13.0158893";"77.5656529";
"46586.657014";"Average speed";"0";"km/h";"13.0158893";"77.5656529";
"46586.657014";"Distance travelled";"0";"km";"13.0158893";"77.5656529";
"46586.657014";"Distance travelled (total)";"0";"km";"13.0158893";"77.5656529";
"46586.657014";"Vehicle acceleration";"0";"g";"13.0158893";"77.5656529";
"46586.657014";"Vehicle speed";"0";"km/h";"13.0158893";"77.5656529";
"46586.710014";"Calculated boost";"0.29007547601444";"psi";"13.0158893";"77.5656529";
"46586.710014";"Intake manifold absolute pressure";"13.343471896644";"psi";"13.0158893";"77.5656529";
"46586.760014";"Engine RPM";"800";"rpm";"13.0158893";"77.5656529";
"46586.760014";"Engine RPM x1000";"0.8";"rpm";"13.0158893";"77.5656529";
"46586.770014";"Average speed (GPS)";"0.0188593163202024";"km/h";"13.0158893";"77.5656529";
"46586.770014";"Speed (GPS)";"0";"km/h";"13.0158893";"77.5656529";
"46586.771014";"Altitude (GPS)";"858.9";"m";"13.0158893";"77.5656529";
"46586.813014";"Calculated engine load value";"24.3137254901961";"%";"13.0158893";"77.5656529";
"46586.864014";"Calculated instant fuel rate";"0.796742081447964";"L/h";"13.0158893";"77.5656529";
"46586.864014";"Fuel used";"0.00743275152173894";"L";"13.0158893";"77.5656529";
"46586.864014";"Fuel used (total)";"0.00743275152173894";"L";"13.0158893";"77.5656529";
"46586.864014";"Fuel used price";"0.00750707903695633";"₹";"13.0158893";"77.5656529";
"46586.864014";"Fuel used price (total)";"0";"₹";"13.0158893";"77.5656529";
"46586.864014";"Instant engine power (based on fuel consumption)";"3.5277553350236";"hp";"13.0158893";"77.5656529";
"46586.864014";"MAF air flow rate";"11.36";"g/sec";"13.0158893";"77.5656529";
"46586.864014";"Power from MAF";"13.632";"hp";"13.0158893";"77.5656529";
"46586.906014";"Altitude (GPS)";"873.700012207031";"m";"13.0158893";"77.5656529";
"46586.906014";"Average speed (GPS)";"0.0188106069526023";"km/h";"13.0158893";"77.5656529";
"46586.906014";"Speed (GPS)";"0";"km/h";"13.0158893";"77.5656529";
"46586.946014";"Average speed";"0";"km/h";"13.0158893";"77.5656529";
"46586.946014";"Distance travelled";"0";"km";"13.0158893";"77.5656529";
"46586.946014";"Distance travelled (total)";"0";"km";"13.0158893";"77.5656529";
"46586.946014";"Vehicle acceleration";"0";"g";"13.0158893";"77.5656529";
"46586.946014";"Vehicle speed";"0";"km/h";"13.0158893";"77.5656529";
"46587.027014";"Calculated engine load value";"24.3137254901961";"%";"13.0158893";"77.5656529";
"46587.104014";"Calculated instant fuel rate";"0.794638009049774";"L/h";"13.0158893";"77.5656529";
"46587.104014";"Fuel used";"0.00748567353021053";"L";"13.0158893";"77.5656529";
"46587.104014";"Fuel used (total)";"0.00748567353021053";"L";"13.0158893";"77.5656529";
"46587.104014";"Fuel used price";"0.00756053026551264";"₹";"13.0158893";"77.5656529";
"46587.104014";"Fuel used price (total)";"0";"₹";"13.0158893";"77.5656529";
"46587.104014";"Instant engine power (based on fuel consumption)";"3.51843907973744";"hp";"13.0158893";"77.5656529";
"46587.104014";"MAF air flow rate";"11.33";"g/sec";"13.0158893";"77.5656529";
"46587.104014";"Power from MAF";"13.596";"hp";"13.0158893";"77.5656529";
"46587.184014";"Calculated boost";"0.29007547601444";"psi";"13.0158893";"77.5656529";
"46587.184014";"Intake manifold absolute pressure";"13.343471896644";"psi";"13.0158893";"77.5656529";
"46587.267014";"Engine RPM";"800";"rpm";"13.0158893";"77.5656529";
"46587.267014";"Engine RPM x1000";"0.8";"rpm";"13.0158893";"77.5656529";
"46587.318014";"Average speed";"0";"km/h";"13.0158893";"77.5656529";
"46587.318014";"Distance travelled";"0";"km";"13.0158893";"77.5656529";
"46587.318014";"Distance travelled (total)";"0";"km";"13.0158893";"77.5656529";
"46587.318014";"Vehicle acceleration";"0";"g";"13.0158893";"77.5656529";
"46587.318014";"Vehicle speed";"0";"km/h";"13.0158893";"77.5656529";
"46587.374014";"Calculated engine load value";"23.921568627451";"%";"13.0158893";"77.5656529";
"46587.423014";"Calculated instant fuel rate";"0.787341628959276";"L/h";"13.0158893";"77.5656529";
"46587.423014";"Fuel used";"0.00755537178877231";"L";"13.0158893";"77.5656529";
"46587.423014";"Fuel used (total)";"0.00755537178877231";"L";"13.0158893";"77.5656529";
"46587.423014";"Fuel used price";"0.00763092550666003";"₹";"13.0158893";"77.5656529";
"46587.423014";"Fuel used price (total)";"0";"₹";"13.0158893";"77.5656529";
"46587.423014";"Instant engine power (based on fuel consumption)";"3.48613271059997";"hp";"13.0158893";"77.5656529";
"46587.423014";"MAF air flow rate";"11.41";"g/sec";"13.0158893";"77.5656529";
"46587.423014";"Power from MAF";"13.692";"hp";"13.0158893";"77.5656529";
"46587.495014";"Calculated boost";"0.29007547601444";"psi";"13.0158893";"77.5656529";
"46587.495014";"Intake manifold absolute pressure";"13.343471896644";"psi";"13.0158893";"77.5656529";
"46587.624014";"Engine RPM";"801";"rpm";"13.0158893";"77.5656529";
"46587.624014";"Engine RPM x1000";"0.8";"rpm";"13.0158893";"77.5656529";
"46587.679014";"Average speed";"0";"km/h";"13.0158893";"77.5656529";
"46587.679014";"Distance travelled";"0";"km";"13.0158893";"77.5656529";
"46587.679014";"Distance travelled (total)";"0";"km";"13.0158893";"77.5656529";
"46587.679014";"Vehicle acceleration";"0";"g";"13.0158893";"77.5656529";
"46587.679014";"Vehicle speed";"0";"km/h";"13.0158893";"77.5656529";
"46587.728014";"Calculated engine load value";"24.3137254901961";"%";"13.0158893";"77.5656529";
"46587.751014";"Altitude (GPS)";"858.9";"m";"13.0158893";"77.5656529";
"46587.751014";"Average speed (GPS)";"0.0185120480727678";"km/h";"13.0158893";"77.5656529";
"46587.751014";"Speed (GPS)";"0";"km/h";"13.0158893";"77.5656529";
"46587.765014";"Altitude (GPS)";"873.700012207031";"m";"13.0158893";"77.5656529";
"46587.765014";"Average speed (GPS)";"0.018507215305599";"km/h";"13.0158893";"77.5656529";
"46587.765014";"Speed (GPS)";"0";"km/h";"13.0158893";"77.5656529";
"46587.772014";"Calculated instant fuel rate";"0.788325791855204";"L/h";"13.0158893";"77.5656529";
"46587.772014";"Fuel used";"0.00763163063753299";"L";"13.0158893";"77.5656529";
"46587.772014";"Fuel used (total)";"0.00763163063753299";"L";"13.0158893";"77.5656529";
"46587.772014";"Fuel used price";"0.00770794694390832";"₹";"13.0158893";"77.5656529";
"46587.772014";"Fuel used price (total)";"0";"₹";"13.0158893";"77.5656529";
"46587.772014";"Instant engine power (based on fuel consumption)";"3.49049031387898";"hp";"13.0158893";"77.5656529";
"46587.772014";"MAF air flow rate";"11.24";"g/sec";"13.0158893";"77.5656529";
"46587.772014";"Power from MAF";"13.488";"hp";"13.0158893";"77.5656529";
"46587.854014";"Calculated boost";"0.29007547601444";"psi";"13.0158893";"77.5656529";
"46587.854014";"Intake manifold absolute pressure";"13.343471896644";"psi";"13.0158893";"77.5656529";
"46587.899014";"Engine RPM";"799";"rpm";"13.0158893";"77.5656529";
"46587.899014";"Engine RPM x1000";"0.8";"rpm";"13.0158893";"77.5656529";
"46587.954014";"Average speed";"0";"km/h";"13.0158893";"77.5656529";
"46587.954014";"Distance travelled";"0";"km";"13.0158893";"77.5656529";
"46587.954014";"Distance travelled (total)";"0";"km";"13.0158893";"77.5656529";
"46587.954014";"Vehicle acceleration";"0";"g";"13.0158893";"77.5656529";
"46587.954014";"Vehicle speed";"0";"km/h";"13.0158893";"77.5656529";
"46588.028014";"Calculated boost";"0.29007547601444";"psi";"13.0158893";"77.5656529";
"46588.028014";"Intake manifold absolute pressure";"13.343471896644";"psi";"13.0158893";"77.5656529";
"46588.106014";"Calculated engine load value";"24.3137254901961";"%";"13.0158893";"77.5656529";
"46588.197014";"Calculated instant fuel rate";"0.798144796380091";"L/h";"13.0158893";"77.5656529";
"46588.197014";"Fuel used";"0.00772603152371449";"L";"13.0158893";"77.5656529";
"46588.197014";"Fuel used (total)";"0.00772603152371449";"L";"13.0158893";"77.5656529";
"46588.197014";"Fuel used price";"0.00780329183895164";"₹";"13.0158893";"77.5656529";
"46588.197014";"Fuel used price (total)";"0";"₹";"13.0158893";"77.5656529";
"46588.197014";"Instant engine power (based on fuel consumption)";"3.53396617188103";"hp";"13.0158893";"77.5656529";
"46588.197014";"MAF air flow rate";"11.38";"g/sec";"13.0158893";"77.5656529";
"46588.197014";"Power from MAF";"13.656";"hp";"13.0158893";"77.5656529";
"46588.281014";"Average speed";"0";"km/h";"13.0158893";"77.5656529";
"46588.281014";"Distance travelled";"0";"km";"13.0158893";"77.5656529";
"46588.281014";"Distance travelled (total)";"0";"km";"13.0158893";"77.5656529";
"46588.281014";"Vehicle acceleration";"0";"g";"13.0158893";"77.5656529";
"46588.281014";"Vehicle speed";"0";"km/h";"13.0158893";"77.5656529";
"46588.361014";"Engine RPM";"802";"rpm";"13.0158893";"77.5656529";
"46588.361014";"Engine RPM x1000";"0.8";"rpm";"13.0158893";"77.5656529";
"46588.406014";"Calculated boost";"0.29007547601444";"psi";"13.0158893";"77.5656529";
"46588.406014";"Intake manifold absolute pressure";"13.343471896644";"psi";"13.0158893";"77.5656529";
"46588.465014";"Calculated engine load value";"24.3137254901961";"%";"13.0158893";"77.5656529";
"46588.513014";"Calculated instant fuel rate";"0.796742081447964";"L/h";"13.0158893";"77.5656529";
"46588.513014";"Fuel used";"0.0077957469206074";"L";"13.0158893";"77.5656529";
"46588.513014";"Fuel used (total)";"0.0077957469206074";"L";"13.0158893";"77.5656529";
"46588.513014";"Fuel used price";"0.00787370438981348";"₹";"13.0158893";"77.5656529";
"46588.513014";"Fuel used price (total)";"0";"₹";"13.0158893";"77.5656529";
"46588.513014";"Instant engine power (based on fuel consumption)";"3.5277553350236";"hp";"13.0158893";"77.5656529";
"46588.513014";"MAF air flow rate";"11.36";"g/sec";"13.0158893";"77.5656529";
"46588.513014";"Power from MAF";"13.632";"hp";"13.0158893";"77.5656529";
"46588.568014";"Average speed";"0";"km/h";"13.0158893";"77.5656529";
"46588.568014";"Distance travelled";"0";"km";"13.0158893";"77.5656529";
"46588.568014";"Distance travelled (total)";"0";"km";"13.0158893";"77.5656529";
"46588.568014";"Vehicle acceleration";"0";"g";"13.0158893";"77.5656529";
"46588.568014";"Vehicle speed";"0";"km/h";"13.0158893";"77.5656529";
"46588.616014";"Engine RPM";"800";"rpm";"13.0158893";"77.5656529";
"46588.616014";"Engine RPM x1000";"0.8";"rpm";"13.0158893";"77.5656529";
"46588.662014";"Calculated boost";"0.29007547601444";"psi";"13.0158893";"77.5656529";
"46588.662014";"Intake manifold absolute pressure";"13.343471896644";"psi";"13.0158893";"77.5656529";
"46588.709014";"Calculated engine load value";"24.3137254901961";"%";"13.0158893";"77.5656529";
"46588.758014";"Calculated instant fuel rate";"0.800248868778281";"L/h";"13.0158893";"77.5656529";
"46588.758014";"Fuel used";"0.00785041363247706";"L";"13.0158893";"77.5656529";
"46588.758014";"Fuel used (total)";"0.00785041363247706";"L";"13.0158893";"77.5656529";
"46588.758014";"Fuel used price";"0.00792891776880183";"₹";"13.0158893";"77.5656529";
"46588.758014";"Fuel used price (total)";"0";"₹";"13.0158893";"77.5656529";
"46588.758014";"Instant engine power (based on fuel consumption)";"3.54328242716719";"hp";"13.0158893";"77.5656529";
"46588.758014";"MAF air flow rate";"11.41";"g/sec";"13.0158893";"77.5656529";
"46588.758014";"Power from MAF";"13.692";"hp";"13.0158893";"77.5656529";
"46588.788014";"Altitude (GPS)";"858.9";"m";"13.0157733333333";"77.5656633333333";
"46588.788014";"Altitude (GPS)";"858.9";"m";"13.0157733333333";"77.5656633333333";
"46588.788014";"Average speed (GPS)";"0.0181586578913805";"km/h";"13.0157733333333";"77.5656633333333";
"46588.788014";"Speed (GPS)";"0";"km/h";"13.0157733333333";"77.5656633333333";
"46588.798014";"Altitude (GPS)";"873.700012207031";"m";"13.0157733333333";"77.5656633333333";
"46588.798014";"Average speed (GPS)";"0.0181553148919051";"km/h";"13.0157733333333";"77.5656633333333";
"46588.798014";"Speed (GPS)";"0";"km/h";"13.0157733333333";"77.5656633333333";
"46588.809014";"Average speed";"0";"km/h";"13.0157733333333";"77.5656633333333";
"46588.809014";"Distance travelled";"0";"km";"13.0157733333333";"77.5656633333333";
"46588.809014";"Distance travelled (total)";"0";"km";"13.0157733333333";"77.5656633333333";
"46588.809014";"Vehicle acceleration";"0";"g";"13.0157733333333";"77.5656633333333";
"46588.809014";"Vehicle speed";"0";"km/h";"13.0157733333333";"77.5656633333333";
"46588.892014";"Calculated engine load value";"24.3137254901961";"%";"13.0157733333333";"77.5656633333333";
"46588.970014";"Calculated instant fuel rate";"0.794638009049774";"L/h";"13.0157733333333";"77.5656633333333";
"46588.970014";"Fuel used";"0.00789719200754808";"L";"13.0157733333333";"77.5656633333333";
"46588.970014";"Fuel used (total)";"0.00789719200754808";"L";"13.0157733333333";"77.5656633333333";
"46588.970014";"Fuel used price";"0.00797616392762356";"₹";"13.0157733333333";"77.5656633333333";
"46588.970014";"Fuel used price (total)";"0";"₹";"13.0157733333333";"77.5656633333333";
"46588.970014";"Instant engine power (based on fuel consumption)";"3.51843907973744";"hp";"13.0157733333333";"77.5656633333333";
"46588.970014";"MAF air flow rate";"11.33";"g/sec";"13.0157733333333";"77.5656633333333";
"46588.970014";"Power from MAF";"13.596";"hp";"13.0157733333333";"77.5656633333333";
"46589.054014";"Average speed";"0";"km/h";"13.0157733333333";"77.5656633333333";
"46589.054014";"Distance travelled";"0";"km";"13.0157733333333";"77.5656633333333";
"46589.054014";"Distance travelled (total)";"0";"km";"13.0157733333333";"77.5656633333333";
"46589.054014";"Vehicle acceleration";"0";"g";"13.0157733333333";"77.5656633333333";
"46589.054014";"Vehicle speed";"0";"km/h";"13.0157733333333";"77.5656633333333";
"46589.115014";"Engine RPM";"798";"rpm";"13.0157733333333";"77.5656633333333";
"46589.115014";"Engine RPM x1000";"0.8";"rpm";"13.0157733333333";"77.5656633333333";
"46589.160014";"Calculated engine load value";"24.7058823529412";"%";"13.0157733333333";"77.5656633333333";
"46589.204014";"Calculated instant fuel rate";"0.809592760180995";"L/h";"13.0157733333333";"77.5656633333333";
"46589.204014";"Fuel used";"0.00794970743383767";"L";"13.0157733333333";"77.5656633333333";
"46589.204014";"Fuel used (total)";"0.00794970743383767";"L";"13.0157733333333";"77.5656633333333";
"46589.204014";"Fuel used price";"0.00802920450817605";"₹";"13.0157733333333";"77.5656633333333";
"46589.204014";"Fuel used price (total)";"0";"₹";"13.0157733333333";"77.5656633333333";
"46589.204014";"Instant engine power (based on fuel consumption)";"3.58465461462075";"hp";"13.0157733333333";"77.5656633333333";
"46589.204014";"MAF air flow rate";"11.36";"g/sec";"13.0157733333333";"77.5656633333333";
"46589.204014";"Power from MAF";"13.632";"hp";"13.0157733333333";"77.5656633333333";
"46589.262014";"Average speed";"0";"km/h";"13.0157733333333";"77.5656633333333";
"46589.262014";"Distance travelled";"0";"km";"13.0157733333333";"77.5656633333333";
"46589.262014";"Distance travelled (total)";"0";"km";"13.0157733333333";"77.5656633333333";
"46589.262014";"Vehicle acceleration";"0";"g";"13.0157733333333";"77.5656633333333";
"46589.262014";"Vehicle speed";"0";"km/h";"13.0157733333333";"77.5656633333333";
"46589.307014";"Engine RPM";"800";"rpm";"13.0157733333333";"77.5656633333333";
"46589.307014";"Engine RPM x1000";"0.8";"rpm";"13.0157733333333";"77.5656633333333";
"46589.351014";"Calculated engine load value";"24.3137254901961";"%";"13.0157733333333";"77.5656633333333";
"46589.396014";"Calculated instant fuel rate";"0.792533936651584";"L/h";"13.0157733333333";"77.5656633333333";
"46589.396014";"Fuel used";"0.00799208983721248";"L";"13.0157733333333";"77.5656633333333";
"46589.396014";"Fuel used (total)";"0.00799208983721248";"L";"13.0157733333333";"77.5656633333333";
"46589.396014";"Fuel used price";"0.00807201073558461";"₹";"13.0157733333333";"77.5656633333333";
"46589.396014";"Fuel used price (total)";"0";"₹";"13.0157733333333";"77.5656633333333";
"46589.396014";"Instant engine power (based on fuel consumption)";"3.50912282445129";"hp";"13.0157733333333";"77.5656633333333";
"46589.396014";"MAF air flow rate";"11.3";"g/sec";"13.0157733333333";"77.5656633333333";
"46589.396014";"Power from MAF";"13.56";"hp";"13.0157733333333";"77.5656633333333";
"46589.453014";"Average speed";"0";"km/h";"13.0157733333333";"77.5656633333333";
"46589.453014";"Distance travelled";"0";"km";"13.0157733333333";"77.5656633333333";
"46589.453014";"Distance travelled (total)";"0";"km";"13.0157733333333";"77.5656633333333";
"46589.453014";"Vehicle acceleration";"0";"g";"13.0157733333333";"77.5656633333333";
"46589.453014";"Vehicle speed";"0";"km/h";"13.0157733333333";"77.5656633333333";
"46589.498014";"Engine RPM";"804";"rpm";"13.0157733333333";"77.5656633333333";
"46589.498014";"Engine RPM x1000";"0.8";"rpm";"13.0157733333333";"77.5656633333333";
"46589.542014";"Calculated engine load value";"23.921568627451";"%";"13.0157733333333";"77.5656633333333";
"46589.586014";"Calculated instant fuel rate";"0.787341628959276";"L/h";"13.0157733333333";"77.5656633333333";
"46589.586014";"Fuel used";"0.00803355212221751";"L";"13.0157733333333";"77.5656633333333";
"46589.586014";"Fuel used (total)";"0.00803355212221751";"L";"13.0157733333333";"77.5656633333333";
"46589.586014";"Fuel used price";"0.00811388764343968";"₹";"13.0157733333333";"77.5656633333333";
"46589.586014";"Fuel used price (total)";"0";"₹";"13.0157733333333";"77.5656633333333";
"46589.586014";"Instant engine power (based on fuel consumption)";"3.48613271059997";"hp";"13.0157733333333";"77.5656633333333";
"46589.586014";"MAF air flow rate";"11.41";"g/sec";"13.0157733333333";"77.5656633333333";
"46589.586014";"Power from MAF";"13.692";"hp";"13.0157733333333";"77.5656633333333";
"46589.633014";"Average speed";"0";"km/h";"13.0157733333333";"77.5656633333333";
"46589.633014";"Distance travelled";"0";"km";"13.0157733333333";"77.5656633333333";
"46589.633014";"Distance travelled (total)";"0";"km";"13.0157733333333";"77.5656633333333";
"46589.633014";"Vehicle acceleration";"0";"g";"13.0157733333333";"77.5656633333333";
"46589.633014";"Vehicle speed";"0";"km/h";"13.0157733333333";"77.5656633333333";
"46589.678014";"Engine RPM";"799";"rpm";"13.0157733333333";"77.5656633333333";
"46589.678014";"Engine RPM x1000";"0.8";"rpm";"13.0157733333333";"77.5656633333333";
"46589.724014";"Calculated engine load value";"24.3137254901961";"%";"13.0157733333333";"77.5656633333333";
"46589.755014";"Altitude (GPS)";"858.9";"m";"13.0157733333333";"77.5656633333333";
"46589.755014";"Average speed (GPS)";"0.0178408254556612";"km/h";"13.0157733333333";"77.5656633333333";
"46589.755014";"Speed (GPS)";"0";"km/h";"13.0157733333333";"77.5656633333333";
"46589.769014";"Altitude (GPS)";"873.700012207031";"m";"13.0157733333333";"77.5656633333333";
"46589.769014";"Average speed (GPS)";"0.0178363722448371";"km/h";"13.0157733333333";"77.5656633333333";
"46589.769014";"Speed (GPS)";"0";"km/h";"13.0157733333333";"77.5656633333333";
"46589.779014";"Calculated instant fuel rate";"0.798144796380091";"L/h";"13.0157733333333";"77.5656633333333";
"46589.779014";"Fuel used";"0.00807636179341786";"L";"13.0157733333333";"77.5656633333333";
"46589.779014";"Fuel used (total)";"0.00807636179341786";"L";"13.0157733333333";"77.5656633333333";
"46589.779014";"Fuel used price";"0.00815712541135204";"₹";"13.0157733333333";"77.5656633333333";
"46589.779014";"Fuel used price (total)";"0";"₹";"13.0157733333333";"77.5656633333333";
"46589.779014";"Instant engine power (based on fuel consumption)";"3.53396617188103";"hp";"13.0157733333333";"77.5656633333333";
"46589.779014";"MAF air flow rate";"11.38";"g/sec";"13.0157733333333";"77.5656633333333";
"46589.779014";"Power from MAF";"13.656";"hp";"13.0157733333333";"77.5656633333333";
"46589.826014";"Average speed";"0";"km/h";"13.0157733333333";"77.5656633333333";
"46589.826014";"Distance travelled";"0";"km";"13.0157733333333";"77.5656633333333";
"46589.826014";"Distance travelled (total)";"0";"km";"13.0157733333333";"77.5656633333333";
"46589.826014";"Vehicle acceleration";"0";"g";"13.0157733333333";"77.5656633333333";
"46589.826014";"Vehicle speed";"0";"km/h";"13.0157733333333";"77.5656633333333";
"46589.881014";"Engine RPM";"800";"rpm";"13.0157733333333";"77.5656633333333";
"46589.881014";"Engine RPM x1000";"0.8";"rpm";"13.0157733333333";"77.5656633333333";
"46590.049014";"Altitude (GPS)";"873.700012207031";"m";"13.0158817";"77.5656577";
"46590.306014";"Altitude (GPS)";"873.700012207031";"m";"13.0158817";"77.5656577";
"46590.306014";"Average speed (GPS)";"0.017664729544311";"km/h";"13.0158817";"77.5656577";
"46590.306014";"Speed (GPS)";"0";"km/h";"13.0158817";"77.5656577";
"46590.312014";"Altitude (GPS)";"873.700012207031";"m";"13.0158817";"77.5656577";
"46590.312014";"Average speed (GPS)";"0.017662767571071";"km/h";"13.0158817";"77.5656577";
"46590.312014";"Speed (GPS)";"0";"km/h";"13.0158817";"77.5656577";
"46590.408014";"Calculated engine load value";"24.3137254901961";"%";"13.0158817";"77.5656577";
"46590.476014";"Calculated engine load value";"24.3137254901961";"%";"13.0158817";"77.5656577";
"46590.567014";"Calculated instant fuel rate";"0.792533936651584";"L/h";"13.0158817";"77.5656577";
"46590.567014";"Fuel used";"0.00825002845608126";"L";"13.0158817";"77.5656577";
"46590.567014";"Fuel used (total)";"0.00825002845608126";"L";"13.0158817";"77.5656577";
"46590.567014";"Fuel used price";"0.00833252874064207";"₹";"13.0158817";"77.5656577";
"46590.567014";"Fuel used price (total)";"0";"₹";"13.0158817";"77.5656577";
"46590.567014";"Instant engine power (based on fuel consumption)";"3.50912282445129";"hp";"13.0158817";"77.5656577";
"46590.567014";"MAF air flow rate";"11.3";"g/sec";"13.0158817";"77.5656577";
"46590.567014";"Power from MAF";"13.56";"hp";"13.0158817";"77.5656577";
"46590.631014";"Average speed";"0";"km/h";"13.0158817";"77.5656577";
"46590.631014";"Distance travelled";"0";"km";"13.0158817";"77.5656577";
"46590.631014";"Distance travelled (total)";"0";"km";"13.0158817";"77.5656577";
"46590.631014";"Vehicle acceleration";"0";"g";"13.0158817";"77.5656577";
"46590.631014";"Vehicle speed";"0";"km/h";"13.0158817";"77.5656577";
"46590.714014";"Calculated boost";"0.29007547601444";"psi";"13.0158817";"77.5656577";
"46590.714014";"Intake manifold absolute pressure";"13.343471896644";"psi";"13.0158817";"77.5656577";
"46590.798014";"Barometric pressure";"13.05339642063";"psi";"13.0158817";"77.5656577";
"46590.871014";"Fuel rail press.";"4272.81176168622";"psi";"13.0158817";"77.5656577";
"46590.946014";"Distance traveled with MIL on";"0";"km";"13.0158817";"77.5656577";
"46590.997014";"Calculated engine load value";"24.3137254901961";"%";"13.0158817";"77.5656577";
"46591.047014";"Calculated instant fuel rate";"0.792533936651584";"L/h";"13.0158817";"77.5656577";
"46591.047014";"Fuel used";"0.0083555258185247";"L";"13.0158817";"77.5656577";
"46591.047014";"Fuel used (total)";"0.0083555258185247";"L";"13.0158817";"77.5656577";
"46591.047014";"Fuel used price";"0.00843908107670995";"₹";"13.0158817";"77.5656577";
"46591.047014";"Fuel used price (total)";"0";"₹";"13.0158817";"77.5656577";
"46591.047014";"Instant engine power (based on fuel consumption)";"3.50912282445129";"hp";"13.0158817";"77.5656577";
"46591.047014";"MAF air flow rate";"11.3";"g/sec";"13.0158817";"77.5656577";
"46591.047014";"Power from MAF";"13.56";"hp";"13.0158817";"77.5656577";
"46591.112014";"Average speed";"0";"km/h";"13.0158817";"77.5656577";
"46591.112014";"Distance travelled";"0";"km";"13.0158817";"77.5656577";
"46591.112014";"Distance travelled (total)";"0";"km";"13.0158817";"77.5656577";
"46591.112014";"Vehicle acceleration";"0";"g";"13.0158817";"77.5656577";
"46591.112014";"Vehicle speed";"0";"km/h";"13.0158817";"77.5656577";
"46591.162014";"Calculated boost";"0.29007547601444";"psi";"13.0158817";"77.5656577";
"46591.162014";"Intake manifold absolute pressure";"13.343471896644";"psi";"13.0158817";"77.5656577";
"46591.215014";"Barometric pressure";"13.05339642063";"psi";"13.0158817";"77.5656577";
"46591.265014";"Fuel rail press.";"4369.98704615091";"psi";"13.0158817";"77.5656577";
"46591.312014";"Distance traveled with MIL on";"0";"km";"13.0158817";"77.5656577";
"46591.362014";"Calculated engine load value";"24.3137254901961";"%";"13.0158817";"77.5656577";
"46591.411014";"Calculated instant fuel rate";"0.796742081447964";"L/h";"13.0158817";"77.5656577";
"46591.411014";"Fuel used";"0.00843618641549805";"L";"13.0158817";"77.5656577";
"46591.411014";"Fuel used (total)";"0.00843618641549805";"L";"13.0158817";"77.5656577";
"46591.411014";"Fuel used price";"0.00852054827965303";"₹";"13.0158817";"77.5656577";
"46591.411014";"Fuel used price (total)";"0";"₹";"13.0158817";"77.5656577";
"46591.411014";"Instant engine power (based on fuel consumption)";"3.5277553350236";"hp";"13.0158817";"77.5656577";
"46591.411014";"MAF air flow rate";"11.36";"g/sec";"13.0158817";"77.5656577";
"46591.411014";"Power from MAF";"13.632";"hp";"13.0158817";"77.5656577";
"46591.461014";"Average speed";"0";"km/h";"13.0158817";"77.5656577";
"46591.461014";"Distance travelled";"0";"km";"13.0158817";"77.5656577";
"46591.461014";"Distance travelled (total)";"0";"km";"13.0158817";"77.5656577";
"46591.461014";"Vehicle acceleration";"0";"g";"13.0158817";"77.5656577";
"46591.461014";"Vehicle speed";"0";"km/h";"13.0158817";"77.5656577";
"46591.512014";"Calculated boost";"0.29007547601444";"psi";"13.0158817";"77.5656577";
"46591.512014";"Intake manifold absolute pressure";"13.343471896644";"psi";"13.0158817";"77.5656577";
"46591.564014";"Barometric pressure";"13.05339642063";"psi";"13.0158817";"77.5656577";
"46591.626014";"Fuel rail press.";"4465.71195323553";"psi";"13.0158817";"77.5656577";
"46591.678014";"Distance traveled with MIL on";"0";"km";"13.0158817";"77.5656577";
"46591.726014";"Calculated engine load value";"24.3137254901961";"%";"13.0158817";"77.5656577";
"46591.775014";"Calculated instant fuel rate";"0.796742081447964";"L/h";"13.0158817";"77.5656577";
"46591.775014";"Fuel used";"0.00851689517110388";"L";"13.0158817";"77.5656577";
"46591.775014";"Fuel used (total)";"0.00851689517110388";"L";"13.0158817";"77.5656577";
"46591.775014";"Fuel used price";"0.00860206412281492";"₹";"13.0158817";"77.5656577";
"46591.775014";"Fuel used price (total)";"0";"₹";"13.0158817";"77.5656577";
"46591.775014";"Instant engine power (based on fuel consumption)";"3.5277553350236";"hp";"13.0158817";"77.5656577";
"46591.775014";"MAF air flow rate";"11.36";"g/sec";"13.0158817";"77.5656577";
"46591.775014";"Power from MAF";"13.632";"hp";"13.0158817";"77.5656577";
"46591.831014";"Average speed";"0";"km/h";"13.0158817";"77.5656577";
"46591.831014";"Distance travelled";"0";"km";"13.0158817";"77.5656577";
"46591.831014";"Distance travelled (total)";"0";"km";"13.0158817";"77.5656577";
"46591.831014";"Vehicle acceleration";"0";"g";"13.0158817";"77.5656577";
"46591.831014";"Vehicle speed";"0";"km/h";"13.0158817";"77.5656577";
"46591.907014";"Calculated boost";"0.29007547601444";"psi";"13.0158817";"77.5656577";
"46591.907014";"Intake manifold absolute pressure";"13.343471896644";"psi";"13.0158817";"77.5656577";
"46591.957014";"Barometric pressure";"13.05339642063";"psi";"13.0158817";"77.5656577";
"46592.040014";"Fuel rail press.";"4336.6283664093";"psi";"13.0158817";"77.5656577";
"46592.087014";"Distance traveled with MIL on";"0";"km";"13.0158817";"77.5656577";
"46592.129014";"Calculated engine load value";"24.3137254901961";"%";"13.0158817";"77.5656577";
"46592.203014";"Calculated instant fuel rate";"0.792533936651584";"L/h";"13.0158817";"77.5656577";
"46592.203014";"Fuel used";"0.00861069887143068";"L";"13.0158817";"77.5656577";
"46592.203014";"Fuel used (total)";"0.00861069887143068";"L";"13.0158817";"77.5656577";
"46592.203014";"Fuel used price";"0.00869680586014499";"₹";"13.0158817";"77.5656577";
"46592.203014";"Fuel used price (total)";"0";"₹";"13.0158817";"77.5656577";
"46592.203014";"Instant engine power (based on fuel consumption)";"3.50912282445129";"hp";"13.0158817";"77.5656577";
"46592.203014";"MAF air flow rate";"11.3";"g/sec";"13.0158817";"77.5656577";
"46592.203014";"Power from MAF";"13.56";"hp";"13.0158817";"77.5656577";
"46592.245014";"Average speed";"0";"km/h";"13.0158817";"77.5656577";
"46592.245014";"Distance travelled";"0";"km";"13.0158817";"77.5656577";
"46592.245014";"Distance travelled (total)";"0";"km";"13.0158817";"77.5656577";
"46592.245014";"Vehicle acceleration";"0";"g";"13.0158817";"77.5656577";
"46592.245014";"Vehicle speed";"0";"km/h";"13.0158817";"77.5656577";
"46592.314014";"Calculated boost";"0.43511321402166";"psi";"13.0158817";"77.5656577";
"46592.314014";"Intake manifold absolute pressure";"13.488509634651";"psi";"13.0158817";"77.5656577";
"46592.363014";"Barometric pressure";"13.05339642063";"psi";"13.0158817";"77.5656577";
"46592.419014";"Fuel rail press.";"4401.89534851245";"psi";"13.0158817";"77.5656577";
"46592.430014";"Altitude (GPS)";"856.3";"m";"13.0158817";"77.5656577";
"46592.430014";"Altitude (GPS)";"856.3";"m";"13.0158817";"77.5656577";
"46592.430014";"Average speed (GPS)";"0.0170171408165293";"km/h";"13.0158817";"77.5656577";
"46592.430014";"Average speed (GPS)";"0.0170170764957493";"km/h";"13.0158817";"77.5656577";
"46592.430014";"Speed (GPS)";"0";"km/h";"13.0158817";"77.5656577";
"46592.430014";"Speed (GPS)";"0";"km/h";"13.0158817";"77.5656577";
"46592.440014";"Altitude (GPS)";"873.700012207031";"m";"13.0158817";"77.5656577";
"46592.440014";"Average speed (GPS)";"0.0170142809207872";"km/h";"13.0158817";"77.5656577";
"46592.440014";"Speed (GPS)";"0";"km/h";"13.0158817";"77.5656577";
"46592.464014";"Distance traveled with MIL on";"0";"km";"13.0158817";"77.5656577";
"46592.493014";"Altitude (GPS)";"873.700012207031";"m";"13.0158817";"77.5656577";
"46592.493014";"Average speed (GPS)";"0.0169987083064375";"km/h";"13.0158817";"77.5656577";
"46592.493014";"Speed (GPS)";"0";"km/h";"13.0158817";"77.5656577";
"46592.510014";"Calculated engine load value";"28.6274509803922";"%";"13.0158817";"77.5656577";
"46592.562014";"Calculated instant fuel rate";"0.886900452488688";"L/h";"13.0158817";"77.5656577";
"46592.562014";"Fuel used";"0.00869941394698121";"L";"13.0158817";"77.5656577";
"46592.562014";"Fuel used (total)";"0.00869941394698121";"L";"13.0158817";"77.5656577";
"46592.562014";"Fuel used price";"0.00878640808645102";"₹";"13.0158817";"77.5656577";
"46592.562014";"Fuel used price (total)";"0";"₹";"13.0158817";"77.5656577";
"46592.562014";"Instant engine power (based on fuel consumption)";"3.92695186529589";"hp";"13.0158817";"77.5656577";
"46592.562014";"MAF air flow rate";"10.74";"g/sec";"13.0158817";"77.5656577";
"46592.562014";"Power from MAF";"12.888";"hp";"13.0158817";"77.5656577";
"46592.615014";"Average speed";"0";"km/h";"13.0158817";"77.5656577";
"46592.615014";"Distance travelled";"0";"km";"13.0158817";"77.5656577";
"46592.615014";"Distance travelled (total)";"0";"km";"13.0158817";"77.5656577";
"46592.615014";"Vehicle acceleration";"0";"g";"13.0158817";"77.5656577";
"46592.615014";"Vehicle speed";"0";"km/h";"13.0158817";"77.5656577";
"46592.666014";"Calculated boost";"0.29007547601444";"psi";"13.0158817";"77.5656577";
"46592.666014";"Intake manifold absolute pressure";"13.343471896644";"psi";"13.0158817";"77.5656577";
"46592.719014";"Barometric pressure";"13.05339642063";"psi";"13.0158817";"77.5656577";
"46592.771014";"Fuel rail press.";"4306.17044142783";"psi";"13.0158817";"77.5656577";
"46592.822014";"Distance traveled with MIL on";"0";"km";"13.0158817";"77.5656577";
"46592.873014";"Calculated engine load value";"40.3921568627451";"%";"13.0158817";"77.5656577";
"46592.924014";"Calculated instant fuel rate";"1.23856334841629";"L/h";"13.0158817";"77.5656577";
"46592.924014";"Fuel used";"0.00882402178013449";"L";"13.0158817";"77.5656577";
"46592.924014";"Fuel used (total)";"0.00882402178013449";"L";"13.0158817";"77.5656577";
"46592.924014";"Fuel used price";"0.00891226199793584";"₹";"13.0158817";"77.5656577";
"46592.924014";"Fuel used price (total)";"0";"₹";"13.0158817";"77.5656577";
"46592.924014";"Instant engine power (based on fuel consumption)";"5.48401868293387";"hp";"13.0158817";"77.5656577";
"46592.924014";"MAF air flow rate";"10.63";"g/sec";"13.0158817";"77.5656577";
"46592.924014";"Power from MAF";"12.756";"hp";"13.0158817";"77.5656577";
"46592.937014";"Altitude (GPS)";"856.4";"m";"13.0158817";"77.5656577";
"46592.937014";"Average speed (GPS)";"0.0168696282773781";"km/h";"13.0158817";"77.5656577";
"46592.937014";"Speed (GPS)";"0";"km/h";"13.0158817";"77.5656577";
"46592.977014";"Average speed";"0";"km/h";"13.0158817";"77.5656577";
"46592.977014";"Distance travelled";"0";"km";"13.0158817";"77.5656577";
"46592.977014";"Distance travelled (total)";"0";"km";"13.0158817";"77.5656577";
"46592.977014";"Vehicle acceleration";"0";"g";"13.0158817";"77.5656577";
"46592.977014";"Vehicle speed";"0";"km/h";"13.0158817";"77.5656577";
"46593.028014";"Calculated boost";"0.29007547601444";"psi";"13.0158817";"77.5656577";
"46593.028014";"Intake manifold absolute pressure";"13.343471896644";"psi";"13.0158817";"77.5656577";
"46593.035014";"Altitude (GPS)";"873.700012207031";"m";"13.0158817";"77.5656577";
"46593.035014";"Average speed (GPS)";"0.0168412152228807";"km/h";"13.0158817";"77.5656577";
"46593.035014";"Speed (GPS)";"0";"km/h";"13.0158817";"77.5656577";
"46593.111014";"Barometric pressure";"13.05339642063";"psi";"13.0158817";"77.5656577";
"46593.148014";"Fuel rail press.";"4496.169878217";"psi";"13.0158817";"77.5656577";
"46593.208014";"Distance traveled with MIL on";"0";"km";"13.0158817";"77.5656577";
"46593.256014";"Calculated engine load value";"43.5294117647059";"%";"13.0158817";"77.5656577";
"46593.302014";"Calculated instant fuel rate";"1.39503393665158";"L/h";"13.0158817";"77.5656577";
"46593.302014";"Fuel used";"0.00897032367793521";"L";"13.0158817";"77.5656577";
"46593.302014";"Fuel used (total)";"0.00897032367793521";"L";"13.0158817";"77.5656577";
"46593.302014";"Fuel used price";"0.00906002691471456";"₹";"13.0158817";"77.5656577";
"46593.302014";"Fuel used price (total)";"0";"₹";"13.0158817";"77.5656577";
"46593.302014";"Instant engine power (based on fuel consumption)";"6.17682751690205";"hp";"13.0158817";"77.5656577";
"46593.302014";"MAF air flow rate";"11.11";"g/sec";"13.0158817";"77.5656577";
"46593.302014";"Power from MAF";"13.332";"hp";"13.0158817";"77.5656577";
"46593.349014";"Average speed";"0";"km/h";"13.0158817";"77.5656577";
"46593.349014";"Distance travelled";"0";"km";"13.0158817";"77.5656577";
"46593.349014";"Distance travelled (total)";"0";"km";"13.0158817";"77.5656577";
"46593.349014";"Vehicle acceleration";"0";"g";"13.0158817";"77.5656577";
"46593.349014";"Vehicle speed";"0";"km/h";"13.0158817";"77.5656577";
"46593.399014";"Calculated boost";"0.29007547601444";"psi";"13.0158817";"77.5656577";
"46593.399014";"Intake manifold absolute pressure";"13.343471896644";"psi";"13.0158817";"77.5656577";
"46593.451014";"Barometric pressure";"13.05339642063";"psi";"13.0158817";"77.5656577";
"46593.501014";"Fuel rail press.";"4465.71195323553";"psi";"13.0158817";"77.5656577";
"46593.566014";"Distance traveled with MIL on";"0";"km";"13.0158817";"77.5656577";
"46593.615014";"Calculated engine load value";"41.5686274509804";"%";"13.0158817";"77.5656577";
"46593.667014";"Calculated instant fuel rate";"1.34178733031674";"L/h";"13.0158817";"77.5656577";
"46593.667014";"Fuel used";"0.00910643171478853";"L";"13.0158817";"77.5656577";
"46593.667014";"Fuel used (total)";"0.00910643171478853";"L";"13.0158817";"77.5656577";
"46593.667014";"Fuel used price";"0.00919749603193641";"₹";"13.0158817";"77.5656577";
"46593.667014";"Fuel used price (total)";"0";"₹";"13.0158817";"77.5656577";
"46593.667014";"Instant engine power (based on fuel consumption)";"5.94106615328954";"hp";"13.0158817";"77.5656577";
"46593.667014";"MAF air flow rate";"11.19";"g/sec";"13.0158817";"77.5656577";
"46593.667014";"Power from MAF";"13.428";"hp";"13.0158817";"77.5656577";
"46593.732014";"Average speed";"0";"km/h";"13.0158817";"77.5656577";
"46593.732014";"Distance travelled";"0";"km";"13.0158817";"77.5656577";
"46593.732014";"Distance travelled (total)";"0";"km";"13.0158817";"77.5656577";
"46593.732014";"Vehicle acceleration";"0";"g";"13.0158817";"77.5656577";
"46593.732014";"Vehicle speed";"0";"km/h";"13.0158817";"77.5656577";
"46593.780014";"Altitude (GPS)";"856.5";"m";"13.0157683333333";"77.5656633333333";
"46593.786014";"Altitude (GPS)";"856.5";"m";"13.0157683333333";"77.5656633333333";
"46593.786014";"Average speed (GPS)";"0.0166279530795353";"km/h";"13.0157683333333";"77.5656633333333";
"46593.786014";"Speed (GPS)";"0";"km/h";"13.0157683333333";"77.5656633333333";
"46593.794014";"Calculated boost";"0.29007547601444";"psi";"13.0157683333333";"77.5656633333333";
"46593.794014";"Intake manifold absolute pressure";"13.343471896644";"psi";"13.0157683333333";"77.5656633333333";
"46593.797014";"Altitude (GPS)";"873.700012207031";"m";"13.0157683333333";"77.5656633333333";
"46593.797014";"Average speed (GPS)";"0.016625001313043";"km/h";"13.0157683333333";"77.5656633333333";
"46593.797014";"Speed (GPS)";"0";"km/h";"13.0157683333333";"77.5656633333333";
"46593.799014";"Altitude (GPS)";"873.700012207031";"m";"13.0157683333333";"77.5656633333333";
"46593.799014";"Average speed (GPS)";"0.016624322398013";"km/h";"13.0157683333333";"77.5656633333333";
"46593.799014";"Speed (GPS)";"0";"km/h";"13.0157683333333";"77.5656633333333";
"46593.843014";"Barometric pressure";"13.05339642063";"psi";"13.0157683333333";"77.5656633333333";
"46593.893014";"Fuel rail press.";"4336.6283664093";"psi";"13.0157683333333";"77.5656633333333";
"46593.923014";"Altitude (GPS)";"873.700012207031";"m";"13.0157683333333";"77.5656633333333";
"46593.923014";"Average speed (GPS)";"0.0165895366337267";"km/h";"13.0157683333333";"77.5656633333333";
"46593.923014";"Speed (GPS)";"0";"km/h";"13.0157683333333";"77.5656633333333";
"46593.940014";"Distance traveled with MIL on";"0";"km";"13.0157683333333";"77.5656633333333";
"46593.987014";"Calculated engine load value";"41.5686274509804";"%";"13.0157683333333";"77.5656633333333";
"46594.039014";"Calculated instant fuel rate";"1.33219457013575";"L/h";"13.0157683333333";"77.5656633333333";
"46594.039014";"Fuel used";"0.00924415961427068";"L";"13.0157683333333";"77.5656633333333";
"46594.039014";"Fuel used (total)";"0.00924415961427068";"L";"13.0157683333333";"77.5656633333333";
"46594.039014";"Fuel used price";"0.00933660121041339";"₹";"13.0157683333333";"77.5656633333333";
"46594.039014";"Fuel used price (total)";"0";"₹";"13.0157683333333";"77.5656633333333";
"46594.039014";"Instant engine power (based on fuel consumption)";"5.89859204316772";"hp";"13.0157683333333";"77.5656633333333";
"46594.039014";"MAF air flow rate";"11.11";"g/sec";"13.0157683333333";"77.5656633333333";
"46594.039014";"Power from MAF";"13.332";"hp";"13.0157683333333";"77.5656633333333";
"46594.090014";"Average speed";"0";"km/h";"13.0157683333333";"77.5656633333333";
"46594.090014";"Distance travelled";"0";"km";"13.0157683333333";"77.5656633333333";
"46594.090014";"Distance travelled (total)";"0";"km";"13.0157683333333";"77.5656633333333";
"46594.090014";"Vehicle acceleration";"0";"g";"13.0157683333333";"77.5656633333333";
"46594.090014";"Vehicle speed";"0";"km/h";"13.0157683333333";"77.5656633333333";
"46594.140014";"Calculated boost";"0.43511321402166";"psi";"13.0157683333333";"77.5656633333333";
"46594.140014";"Intake manifold absolute pressure";"13.488509634651";"psi";"13.0157683333333";"77.5656633333333";
"46594.192014";"Barometric pressure";"13.05339642063";"psi";"13.0157683333333";"77.5656633333333";
"46594.242014";"Fuel rail press.";"4432.35327349392";"psi";"13.0157683333333";"77.5656633333333";
"46594.291014";"Distance traveled with MIL on";"0";"km";"13.0157683333333";"77.5656633333333";
"46594.342014";"Calculated engine load value";"41.5686274509804";"%";"13.0157683333333";"77.5656633333333";
"46594.391014";"Calculated instant fuel rate";"1.334592760181";"L/h";"13.0157683333333";"77.5656633333333";
"46594.391014";"Fuel used";"0.00937488479165944";"L";"13.0157683333333";"77.5656633333333";
"46594.391014";"Fuel used (total)";"0.00937488479165944";"L";"13.0157683333333";"77.5656633333333";
"46594.391014";"Fuel used price";"0.00946863363957604";"₹";"13.0157683333333";"77.5656633333333";
"46594.391014";"Fuel used price (total)";"0";"₹";"13.0157683333333";"77.5656633333333";
"46594.391014";"Instant engine power (based on fuel consumption)";"5.90921057069818";"hp";"13.0157683333333";"77.5656633333333";
"46594.391014";"MAF air flow rate";"11.13";"g/sec";"13.0157683333333";"77.5656633333333";
"46594.391014";"Power from MAF";"13.356";"hp";"13.0157683333333";"77.5656633333333";
"46594.445014";"Average speed";"0";"km/h";"13.0157683333333";"77.5656633333333";
"46594.445014";"Distance travelled";"0";"km";"13.0157683333333";"77.5656633333333";
"46594.445014";"Distance travelled (total)";"0";"km";"13.0157683333333";"77.5656633333333";
"46594.445014";"Vehicle acceleration";"0";"g";"13.0157683333333";"77.5656633333333";
"46594.445014";"Vehicle speed";"0";"km/h";"13.0157683333333";"77.5656633333333";
"46594.499014";"Calculated boost";"0.29007547601444";"psi";"13.0157683333333";"77.5656633333333";
"46594.499014";"Intake manifold absolute pressure";"13.343471896644";"psi";"13.0157683333333";"77.5656633333333";
"46594.550014";"Barometric pressure";"13.05339642063";"psi";"13.0157683333333";"77.5656633333333";
"46594.609014";"Fuel rail press.";"4113.27024987852";"psi";"13.0157683333333";"77.5656633333333";
"46594.657014";"Distance traveled with MIL on";"0";"km";"13.0157683333333";"77.5656633333333";
"46594.707014";"Calculated engine load value";"41.5686274509804";"%";"13.0157683333333";"77.5656633333333";
"46594.755014";"Calculated instant fuel rate";"1.34538461538462";"L/h";"13.0157683333333";"77.5656633333333";
"46594.755014";"Fuel used";"0.00951060962082611";"L";"13.0157683333333";"77.5656633333333";
"46594.755014";"Fuel used (total)";"0.00951060962082611";"L";"13.0157683333333";"77.5656633333333";
"46594.755014";"Fuel used price";"0.00960571571703437";"₹";"13.0157683333333";"77.5656633333333";
"46594.755014";"Fuel used price (total)";"0";"₹";"13.0157683333333";"77.5656633333333";
"46594.755014";"Instant engine power (based on fuel consumption)";"5.95699394458522";"hp";"13.0157683333333";"77.5656633333333";
"46594.755014";"MAF air flow rate";"11.22";"g/sec";"13.0157683333333";"77.5656633333333";
"46594.755014";"Power from MAF";"13.464";"hp";"13.0157683333333";"77.5656633333333";
"46594.758014";"Altitude (GPS)";"856.1";"m";"13.0157683333333";"77.5656633333333";
"46594.758014";"Average speed (GPS)";"0.0163598433386383";"km/h";"13.0157683333333";"77.5656633333333";
"46594.758014";"Speed (GPS)";"0";"km/h";"13.0157683333333";"77.5656633333333";
"46594.765014";"Altitude (GPS)";"856.1";"m";"13.0157683333333";"77.5656766666667";
"46594.766014";"Altitude (GPS)";"856.1";"m";"13.0157683333333";"77.5656766666667";
"46594.766014";"Average speed (GPS)";"0.0163576169164126";"km/h";"13.0157683333333";"77.5656766666667";
"46594.766014";"Speed (GPS)";"0";"km/h";"13.0157683333333";"77.5656766666667";
"46594.774014";"Altitude (GPS)";"873.700012207031";"m";"13.0157683333333";"77.5656766666667";
"46594.774014";"Average speed (GPS)";"0.0163554027662107";"km/h";"13.0157683333333";"77.5656766666667";
"46594.774014";"Speed (GPS)";"0";"km/h";"13.0157683333333";"77.5656766666667";
"46594.778014";"Altitude (GPS)";"873.700012207031";"m";"13.0157683333333";"77.5656766666667";
"46594.778014";"Average speed (GPS)";"0.016354526226063";"km/h";"13.0157683333333";"77.5656766666667";
"46594.778014";"Speed (GPS)";"0";"km/h";"13.0157683333333";"77.5656766666667";
"46594.806014";"Average speed";"0";"km/h";"13.0157683333333";"77.5656766666667";
"46594.806014";"Distance travelled";"0";"km";"13.0157683333333";"77.5656766666667";
"46594.806014";"Distance travelled (total)";"0";"km";"13.0157683333333";"77.5656766666667";
"46594.806014";"Vehicle acceleration";"0";"g";"13.0157683333333";"77.5656766666667";
"46594.806014";"Vehicle speed";"0";"km/h";"13.0157683333333";"77.5656766666667";
"46594.855014";"Calculated boost";"0.43511321402166";"psi";"13.0157683333333";"77.5656766666667";
"46594.855014";"Intake manifold absolute pressure";"13.488509634651";"psi";"13.0157683333333";"77.5656766666667";
"46594.918014";"Barometric pressure";"13.05339642063";"psi";"13.0157683333333";"77.5656766666667";
"46594.969014";"Fuel rail press.";"4465.71195323553";"psi";"13.0157683333333";"77.5656766666667";
"46595.020014";"Distance traveled with MIL on";"0";"km";"13.0157683333333";"77.5656766666667";
"46595.071014";"Calculated engine load value";"41.1764705882353";"%";"13.0157683333333";"77.5656766666667";
"46595.121014";"Calculated instant fuel rate";"1.33269230769231";"L/h";"13.0157683333333";"77.5656766666667";
"46595.121014";"Fuel used";"0.00964624915592226";"L";"13.0157683333333";"77.5656766666667";
"46595.121014";"Fuel used (total)";"0.00964624915592226";"L";"13.0157683333333";"77.5656766666667";
"46595.121014";"Fuel used price";"0.00974271164748148";"₹";"13.0157683333333";"77.5656766666667";
"46595.121014";"Fuel used price (total)";"0";"₹";"13.0157683333333";"77.5656766666667";
"46595.121014";"Instant engine power (based on fuel consumption)";"5.90079588850423";"hp";"13.0157683333333";"77.5656766666667";
"46595.121014";"MAF air flow rate";"11.22";"g/sec";"13.0157683333333";"77.5656766666667";
"46595.121014";"Power from MAF";"13.464";"hp";"13.0157683333333";"77.5656766666667";
"46595.175014";"Average speed";"0";"km/h";"13.0157683333333";"77.5656766666667";
"46595.175014";"Distance travelled";"0";"km";"13.0157683333333";"77.5656766666667";
"46595.175014";"Distance travelled (total)";"0";"km";"13.0157683333333";"77.5656766666667";
"46595.175014";"Vehicle acceleration";"0";"g";"13.0157683333333";"77.5656766666667";
"46595.175014";"Vehicle speed";"0";"km/h";"13.0157683333333";"77.5656766666667";
"46595.226014";"Calculated boost";"0.43511321402166";"psi";"13.0157683333333";"77.5656766666667";
"46595.226014";"Intake manifold absolute pressure";"13.488509634651";"psi";"13.0157683333333";"77.5656766666667";
"46595.276014";"Barometric pressure";"13.05339642063";"psi";"13.0157683333333";"77.5656766666667";
"46595.328014";"Fuel rail press.";"4432.35327349392";"psi";"13.0157683333333";"77.5656766666667";
"46595.378014";"Distance traveled with MIL on";"0";"km";"13.0157683333333";"77.5656766666667";
"46595.425014";"Calculated engine load value";"41.1764705882353";"%";"13.0157683333333";"77.5656766666667";
"46595.442014";"Altitude (GPS)";"873.700012207031";"m";"13.0157683333333";"77.5656766666667";
"46595.442014";"Average speed (GPS)";"0.0161763075612372";"km/h";"13.0157683333333";"77.5656766666667";
"46595.442014";"Speed (GPS)";"0";"km/h";"13.0157683333333";"77.5656766666667";
"46595.447014";"Altitude (GPS)";"873.700012207031";"m";"13.0158617";"77.5656665";
"46595.450014";"Altitude (GPS)";"873.700012207031";"m";"13.0158617";"77.5656665";
"46595.450014";"Average speed (GPS)";"0.0161741146257061";"km/h";"13.0158617";"77.5656665";
"46595.450014";"Speed (GPS)";"0";"km/h";"13.0158617";"77.5656665";
"46595.451014";"Altitude (GPS)";"873.700012207031";"m";"13.0158617";"77.5656665";
"46595.451014";"Average speed (GPS)";"0.016173942697526";"km/h";"13.0158617";"77.5656665";
"46595.451014";"Speed (GPS)";"0";"km/h";"13.0158617";"77.5656665";
"46595.474014";"Calculated instant fuel rate";"1.32556561085973";"L/h";"13.0158617";"77.5656665";
"46595.474014";"Fuel used";"0.00977625234625032";"L";"13.0158617";"77.5656665";
"46595.474014";"Fuel used (total)";"0.00977625234625032";"L";"13.0158617";"77.5656665";
"46595.474014";"Fuel used price";"0.00987401486971282";"₹";"13.0158617";"77.5656665";
"46595.474014";"Fuel used price (total)";"0";"₹";"13.0158617";"77.5656665";
"46595.474014";"Instant engine power (based on fuel consumption)";"5.86924083027693";"hp";"13.0158617";"77.5656665";
"46595.474014";"MAF air flow rate";"11.16";"g/sec";"13.0158617";"77.5656665";
"46595.474014";"Power from MAF";"13.392";"hp";"13.0158617";"77.5656665";
"46595.525014";"Average speed";"0";"km/h";"13.0158617";"77.5656665";
"46595.525014";"Distance travelled";"0";"km";"13.0158617";"77.5656665";
"46595.525014";"Distance travelled (total)";"0";"km";"13.0158617";"77.5656665";
"46595.525014";"Vehicle acceleration";"0";"g";"13.0158617";"77.5656665";
"46595.525014";"Vehicle speed";"0";"km/h";"13.0158617";"77.5656665";
"46595.577014";"Calculated boost";"0.43511321402166";"psi";"13.0158617";"77.5656665";
"46595.577014";"Intake manifold absolute pressure";"13.488509634651";"psi";"13.0158617";"77.5656665";
"46595.627014";"Barometric pressure";"13.05339642063";"psi";"13.0158617";"77.5656665";
"46595.684014";"Fuel rail press.";"4272.81176168622";"psi";"13.0158617";"77.5656665";
"46595.745014";"Distance traveled with MIL on";"0";"km";"13.0158617";"77.5656665";
"46595.748014";"Altitude (GPS)";"855.8";"m";"13.0158617";"77.5656665";
"46595.748014";"Average speed (GPS)";"0.0172748111140303";"km/h";"13.0158617";"77.5656665";
"46595.748014";"Speed (GPS)";"0.242743000388145";"km/h";"13.0158617";"77.5656665";
"46595.796014";"Calculated engine load value";"41.1764705882353";"%";"13.0158617";"77.5656665";
"46595.843014";"Calculated instant fuel rate";"1.32912895927602";"L/h";"13.0158617";"77.5656665";
"46595.843014";"Fuel used";"0.00991246602318753";"L";"13.0158617";"77.5656665";
"46595.843014";"Fuel used (total)";"0.00991246602318753";"L";"13.0158617";"77.5656665";
"46595.843014";"Fuel used price";"0.0100115906834194";"₹";"13.0158617";"77.5656665";
"46595.843014";"Fuel used price (total)";"0";"₹";"13.0158617";"77.5656665";
"46595.843014";"Instant engine power (based on fuel consumption)";"5.88501835939058";"hp";"13.0158617";"77.5656665";
"46595.843014";"MAF air flow rate";"11.19";"g/sec";"13.0158617";"77.5656665";
"46595.843014";"Power from MAF";"13.428";"hp";"13.0158617";"77.5656665";
"46595.896014";"Average speed";"0";"km/h";"13.0158617";"77.5656665";
"46595.896014";"Distance travelled";"0";"km";"13.0158617";"77.5656665";
"46595.896014";"Distance travelled (total)";"0";"km";"13.0158617";"77.5656665";
"46595.896014";"Vehicle acceleration";"0";"g";"13.0158617";"77.5656665";
"46595.896014";"Vehicle speed";"0";"km/h";"13.0158617";"77.5656665";
"46595.950014";"Calculated boost";"0.43511321402166";"psi";"13.0158617";"77.5656665";
"46595.950014";"Intake manifold absolute pressure";"13.488509634651";"psi";"13.0158617";"77.5656665";
"46595.951014";"Altitude (GPS)";"873.700012207031";"m";"13.0158617";"77.5656665";
"46595.951014";"Average speed (GPS)";"0.0172177322855611";"km/h";"13.0158617";"77.5656665";
"46595.951014";"Speed (GPS)";"0";"km/h";"13.0158617";"77.5656665";
"46596.006014";"Barometric pressure";"13.05339642063";"psi";"13.0158617";"77.5656665";
"46596.053014";"Fuel rail press.";"4432.35327349392";"psi";"13.0158617";"77.5656665";
"46596.113014";"Distance traveled with MIL on";"0";"km";"13.0158617";"77.5656665";
"46596.166014";"Calculated engine load value";"40.7843137254902";"%";"13.0158617";"77.5656665";
"46596.240014";"Calculated instant fuel rate";"1.33294117647059";"L/h";"13.0158617";"77.5656665";
"46596.240014";"Fuel used";"0.0100594903235797";"L";"13.0158617";"77.5656665";
"46596.240014";"Fuel used (total)";"0.0100594903235797";"L";"13.0158617";"77.5656665";
"46596.240014";"Fuel used price";"0.0101600852268155";"₹";"13.0158617";"77.5656665";
"46596.240014";"Fuel used price (total)";"0";"₹";"13.0158617";"77.5656665";
"46596.240014";"Instant engine power (based on fuel consumption)";"5.90189781117249";"hp";"13.0158617";"77.5656665";
"46596.240014";"MAF air flow rate";"11.33";"g/sec";"13.0158617";"77.5656665";
"46596.240014";"Power from MAF";"13.596";"hp";"13.0158617";"77.5656665";
"46596.292014";"Average speed";"0";"km/h";"13.0158617";"77.5656665";
"46596.292014";"Distance travelled";"0";"km";"13.0158617";"77.5656665";
"46596.292014";"Distance travelled (total)";"0";"km";"13.0158617";"77.5656665";
"46596.292014";"Vehicle acceleration";"0";"g";"13.0158617";"77.5656665";
"46596.292014";"Vehicle speed";"0";"km/h";"13.0158617";"77.5656665";
"46596.340014";"Calculated boost";"0.43511321402166";"psi";"13.0158617";"77.5656665";
"46596.340014";"Intake manifold absolute pressure";"13.488509634651";"psi";"13.0158617";"77.5656665";
"46596.400014";"Barometric pressure";"13.05339642063";"psi";"13.0158617";"77.5656665";
"46596.450014";"Fuel rail press.";"4240.90345932468";"psi";"13.0158617";"77.5656665";
"46596.496014";"Distance traveled with MIL on";"0";"km";"13.0158617";"77.5656665";
"46596.542014";"Calculated engine load value";"41.1764705882353";"%";"13.0158617";"77.5656665";
"46596.592014";"Calculated instant fuel rate";"1.32912895927602";"L/h";"13.0158617";"77.5656665";
"46596.592014";"Fuel used";"0.0101890239460486";"L";"13.0158617";"77.5656665";
"46596.592014";"Fuel used (total)";"0.0101890239460486";"L";"13.0158617";"77.5656665";
"46596.592014";"Fuel used price";"0.0102909141855091";"₹";"13.0158617";"77.5656665";
"46596.592014";"Fuel used price (total)";"0";"₹";"13.0158617";"77.5656665";
"46596.592014";"Instant engine power (based on fuel consumption)";"5.88501835939058";"hp";"13.0158617";"77.5656665";
"46596.592014";"MAF air flow rate";"11.19";"g/sec";"13.0158617";"77.5656665";
"46596.592014";"Power from MAF";"13.428";"hp";"13.0158617";"77.5656665";
"46596.642014";"Average speed";"0";"km/h";"13.0158617";"77.5656665";
"46596.642014";"Distance travelled";"0";"km";"13.0158617";"77.5656665";
"46596.642014";"Distance travelled (total)";"0";"km";"13.0158617";"77.5656665";
"46596.642014";"Vehicle acceleration";"0";"g";"13.0158617";"77.5656665";
"46596.642014";"Vehicle speed";"0";"km/h";"13.0158617";"77.5656665";
"46596.693014";"Calculated boost";"0.43511321402166";"psi";"13.0158617";"77.5656665";
"46596.693014";"Intake manifold absolute pressure";"13.488509634651";"psi";"13.0158617";"77.5656665";
"46596.750014";"Barometric pressure";"13.05339642063";"psi";"13.0158617";"77.5656665";
"46596.769014";"Altitude (GPS)";"855.4";"m";"13.0158617";"77.5656665";
"46596.769014";"Average speed (GPS)";"0.0197656477158826";"km/h";"13.0158617";"77.5656665";
"46596.769014";"Speed (GPS)";"0.211241997778416";"km/h";"13.0158617";"77.5656665";
"46596.770014";"Altitude (GPS)";"855.4";"m";"13.0158617";"77.5656665";
"46596.770014";"Average speed (GPS)";"0.0197672279907495";"km/h";"13.0158617";"77.5656665";
"46596.770014";"Speed (GPS)";"0.211241997778416";"km/h";"13.0158617";"77.5656665";
"46596.785014";"Altitude (GPS)";"873.700012207031";"m";"13.0158617";"77.5656665";
"46596.785014";"Average speed (GPS)";"0.0198144643186898";"km/h";"13.0158617";"77.5656665";
"46596.785014";"Speed (GPS)";"0.211241997778416";"km/h";"13.0158617";"77.5656665";
"46596.798014";"Fuel rail press.";"4465.71195323553";"psi";"13.0158617";"77.5656665";
"46596.847014";"Distance traveled with MIL on";"0";"km";"13.0158617";"77.5656665";
"46596.896014";"Altitude (GPS)";"873.700012207031";"m";"13.0158617";"77.5656665";
"46596.896014";"Average speed (GPS)";"0.0197792638950717";"km/h";"13.0158617";"77.5656665";
"46596.896014";"Speed (GPS)";"0";"km/h";"13.0158617";"77.5656665";
"46596.897014";"Calculated engine load value";"41.1764705882353";"%";"13.0158617";"77.5656665";
"46596.945014";"Calculated instant fuel rate";"1.33269230769231";"L/h";"13.0158617";"77.5656665";
"46596.945014";"Fuel used";"0.0103200785383563";"L";"13.0158617";"77.5656665";
"46596.945014";"Fuel used (total)";"0.0103200785383563";"L";"13.0158617";"77.5656665";
"46596.945014";"Fuel used price";"0.0104232793237398";"₹";"13.0158617";"77.5656665";
"46596.945014";"Fuel used price (total)";"0";"₹";"13.0158617";"77.5656665";
"46596.945014";"Instant engine power (based on fuel consumption)";"5.90079588850423";"hp";"13.0158617";"77.5656665";
"46596.945014";"MAF air flow rate";"11.22";"g/sec";"13.0158617";"77.5656665";
"46596.945014";"Power from MAF";"13.464";"hp";"13.0158617";"77.5656665";
"46596.996014";"Average speed";"0";"km/h";"13.0158617";"77.5656665";
"46596.996014";"Distance travelled";"0";"km";"13.0158617";"77.5656665";
"46596.996014";"Distance travelled (total)";"0";"km";"13.0158617";"77.5656665";
"46596.996014";"Vehicle acceleration";"0";"g";"13.0158617";"77.5656665";
"46596.996014";"Vehicle speed";"0";"km/h";"13.0158617";"77.5656665";
"46597.049014";"Calculated boost";"0.43511321402166";"psi";"13.0158617";"77.5656665";
"46597.049014";"Intake manifold absolute pressure";"13.488509634651";"psi";"13.0158617";"77.5656665";
"46597.107014";"Barometric pressure";"13.05339642063";"psi";"13.0158617";"77.5656665";
"46597.159014";"Fuel rail press.";"4210.44553434321";"psi";"13.0158617";"77.5656665";
"46597.208014";"Distance traveled with MIL on";"0";"km";"13.0158617";"77.5656665";
"46597.259014";"Calculated engine load value";"40.7843137254902";"%";"13.0158617";"77.5656665";
"46597.323014";"Calculated instant fuel rate";"1.32588235294118";"L/h";"13.0158617";"77.5656665";
"46597.323014";"Fuel used";"0.0104593463479641";"L";"13.0158617";"77.5656665";
"46597.323014";"Fuel used (total)";"0.0104593463479641";"L";"13.0158617";"77.5656665";
"46597.323014";"Fuel used price";"0.0105639398114438";"₹";"13.0158617";"77.5656665";
"46597.323014";"Fuel used price (total)";"0";"₹";"13.0158617";"77.5656665";
"46597.323014";"Instant engine power (based on fuel consumption)";"5.87064327730926";"hp";"13.0158617";"77.5656665";
"46597.323014";"MAF air flow rate";"11.27";"g/sec";"13.0158617";"77.5656665";
"46597.323014";"Power from MAF";"13.524";"hp";"13.0158617";"77.5656665";
"46597.376014";"Average speed";"0";"km/h";"13.0158617";"77.5656665";
"46597.376014";"Distance travelled";"0";"km";"13.0158617";"77.5656665";
"46597.376014";"Distance travelled (total)";"0";"km";"13.0158617";"77.5656665";
"46597.376014";"Vehicle acceleration";"0";"g";"13.0158617";"77.5656665";
"46597.376014";"Vehicle speed";"0";"km/h";"13.0158617";"77.5656665";
"46597.428014";"Calculated boost";"0.43511321402166";"psi";"13.0158617";"77.5656665";
"46597.428014";"Intake manifold absolute pressure";"13.488509634651";"psi";"13.0158617";"77.5656665";
"46597.480014";"Barometric pressure";"13.05339642063";"psi";"13.0158617";"77.5656665";
"46597.530014";"Fuel rail press.";"4496.169878217";"psi";"13.0158617";"77.5656665";
"46597.582014";"Distance traveled with MIL on";"0";"km";"13.0158617";"77.5656665";
"46597.630014";"Calculated engine load value";"40.7843137254902";"%";"13.0158617";"77.5656665";
"46597.678014";"Calculated instant fuel rate";"1.32588235294118";"L/h";"13.0158617";"77.5656665";
"46597.678014";"Fuel used";"0.0105906992292059";"L";"13.0158617";"77.5656665";
"46597.678014";"Fuel used (total)";"0.0105906992292059";"L";"13.0158617";"77.5656665";
"46597.678014";"Fuel used price";"0.010696606221498";"₹";"13.0158617";"77.5656665";
"46597.678014";"Fuel used price (total)";"0";"₹";"13.0158617";"77.5656665";
"46597.678014";"Instant engine power (based on fuel consumption)";"5.87064327730926";"hp";"13.0158617";"77.5656665";
"46597.678014";"MAF air flow rate";"11.27";"g/sec";"13.0158617";"77.5656665";
"46597.678014";"Power from MAF";"13.524";"hp";"13.0158617";"77.5656665";
"46597.734014";"Average speed";"0";"km/h";"13.0158617";"77.5656665";
"46597.734014";"Distance travelled";"0";"km";"13.0158617";"77.5656665";
"46597.734014";"Distance travelled (total)";"0";"km";"13.0158617";"77.5656665";
"46597.734014";"Vehicle acceleration";"0";"g";"13.0158617";"77.5656665";
"46597.734014";"Vehicle speed";"0";"km/h";"13.0158617";"77.5656665";
"46597.783014";"Calculated boost";"0.43511321402166";"psi";"13.0158617";"77.5656665";
"46597.783014";"Intake manifold absolute pressure";"13.488509634651";"psi";"13.0158617";"77.5656665";
"46597.788014";"Altitude (GPS)";"855.3";"m";"13.0158617";"77.5656665";
"46597.788014";"Average speed (GPS)";"0.0215888992682456";"km/h";"13.0158617";"77.5656665";
"46597.788014";"Speed (GPS)";"0.148240005970001";"km/h";"13.0158617";"77.5656665";
"46597.796014";"Altitude (GPS)";"873.700012207031";"m";"13.0158617";"77.5656665";
"46597.796014";"Average speed (GPS)";"0.0215858856495601";"km/h";"13.0158617";"77.5656665";
"46597.796014";"Speed (GPS)";"0";"km/h";"13.0158617";"77.5656665";
"46597.798014";"Altitude (GPS)";"873.700012207031";"m";"13.0158617";"77.5656665";
"46597.798014";"Average speed (GPS)";"0.0215894367131432";"km/h";"13.0158617";"77.5656665";
"46597.798014";"Speed (GPS)";"0.148240005970001";"km/h";"13.0158617";"77.5656665";
"46597.833014";"Barometric pressure";"13.05339642063";"psi";"13.0158617";"77.5656665";
"46597.883014";"Fuel rail press.";"4369.98704615091";"psi";"13.0158617";"77.5656665";
"46597.928014";"Altitude (GPS)";"873.700012207031";"m";"13.0158617";"77.5656665";
"46597.928014";"Average speed (GPS)";"0.0215454304369145";"km/h";"13.0158617";"77.5656665";
"46597.928014";"Speed (GPS)";"0";"km/h";"13.0158617";"77.5656665";
"46597.930014";"Distance traveled with MIL on";"0";"km";"13.0158617";"77.5656665";
"46597.975014";"Calculated engine load value";"40.7843137254902";"%";"13.0158617";"77.5656665";
"46598.020014";"Calculated instant fuel rate";"1.32";"L/h";"13.0158617";"77.5656665";
"46598.020014";"Fuel used";"0.0107153293758726";"L";"13.0158617";"77.5656665";
"46598.020014";"Fuel used (total)";"0.0107153293758726";"L";"13.0158617";"77.5656665";
"46598.020014";"Fuel used price";"0.0108224826696313";"₹";"13.0158617";"77.5656665";
"46598.020014";"Fuel used price (total)";"0";"₹";"13.0158617";"77.5656665";
"46598.020014";"Instant engine power (based on fuel consumption)";"5.84459783242324";"hp";"13.0158617";"77.5656665";
"46598.020014";"MAF air flow rate";"11.22";"g/sec";"13.0158617";"77.5656665";
"46598.020014";"Power from MAF";"13.464";"hp";"13.0158617";"77.5656665";
"46598.068014";"Average speed";"0";"km/h";"13.0158617";"77.5656665";
"46598.068014";"Distance travelled";"0";"km";"13.0158617";"77.5656665";
"46598.068014";"Distance travelled (total)";"0";"km";"13.0158617";"77.5656665";
"46598.068014";"Vehicle acceleration";"0";"g";"13.0158617";"77.5656665";
"46598.068014";"Vehicle speed";"0";"km/h";"13.0158617";"77.5656665";
"46598.115014";"Calculated boost";"0.43511321402166";"psi";"13.0158617";"77.5656665";
"46598.115014";"Intake manifold absolute pressure";"13.488509634651";"psi";"13.0158617";"77.5656665";
"46598.161014";"Barometric pressure";"13.05339642063";"psi";"13.0158617";"77.5656665";
"46598.228014";"Fuel rail press.";"4306.17044142783";"psi";"13.0158617";"77.5656665";
"46598.277014";"Distance traveled with MIL on";"0";"km";"13.0158617";"77.5656665";
"46598.328014";"Calculated engine load value";"41.1764705882353";"%";"13.0158617";"77.5656665";
"46598.380014";"Calculated instant fuel rate";"1.33269230769231";"L/h";"13.0158617";"77.5656665";
"46598.380014";"Fuel used";"0.0108488631830842";"L";"13.0158617";"77.5656665";
"46598.380014";"Fuel used (total)";"0.0108488631830842";"L";"13.0158617";"77.5656665";
"46598.380014";"Fuel used price";"0.010957351814915";"₹";"13.0158617";"77.5656665";
"46598.380014";"Fuel used price (total)";"0";"₹";"13.0158617";"77.5656665";
"46598.380014";"Instant engine power (based on fuel consumption)";"5.90079588850423";"hp";"13.0158617";"77.5656665";
"46598.380014";"MAF air flow rate";"11.22";"g/sec";"13.0158617";"77.5656665";
"46598.380014";"Power from MAF";"13.464";"hp";"13.0158617";"77.5656665";
"46598.434014";"Average speed";"0";"km/h";"13.0158617";"77.5656665";
"46598.434014";"Distance travelled";"0";"km";"13.0158617";"77.5656665";
"46598.434014";"Distance travelled (total)";"0";"km";"13.0158617";"77.5656665";
"46598.434014";"Vehicle acceleration";"0";"g";"13.0158617";"77.5656665";
"46598.434014";"Vehicle speed";"0";"km/h";"13.0158617";"77.5656665";
"46598.487014";"Calculated boost";"0.43511321402166";"psi";"13.0158617";"77.5656665";
"46598.487014";"Intake manifold absolute pressure";"13.488509634651";"psi";"13.0158617";"77.5656665";
"46598.536014";"Barometric pressure";"13.05339642063";"psi";"13.0158617";"77.5656665";
"46598.585014";"Fuel rail press.";"4496.169878217";"psi";"13.0158617";"77.5656665";
"46598.635014";"Distance traveled with MIL on";"0";"km";"13.0158617";"77.5656665";
"46598.714014";"Calculated engine load value";"40";"%";"13.0158617";"77.5656665";
"46598.761014";"Calculated instant fuel rate";"1.31653846153846";"L/h";"13.0158617";"77.5656665";
"46598.761014";"Fuel used";"0.0109877996080201";"L";"13.0158617";"77.5656665";
"46598.761014";"Fuel used (total)";"0.0109877996080201";"L";"13.0158617";"77.5656665";
"46598.761014";"Fuel used price";"0.0110976776041003";"₹";"13.0158617";"77.5656665";
"46598.761014";"Fuel used price (total)";"0";"₹";"13.0158617";"77.5656665";
"46598.761014";"Instant engine power (based on fuel consumption)";"5.82927108985569";"hp";"13.0158617";"77.5656665";
"46598.761014";"MAF air flow rate";"11.41";"g/sec";"13.0158617";"77.5656665";
"46598.761014";"Power from MAF";"13.692";"hp";"13.0158617";"77.5656665";
"46598.782014";"Average speed (GPS)";"0.0247570463443936";"km/h";"13.015785";"77.5656816666667";
"46598.782014";"Speed (GPS)";"0.263125991821289";"km/h";"13.015785";"77.5656816666667";
"46598.783014";"Altitude (GPS)";"855.2";"m";"13.015785";"77.5656816666667";
"46598.785014";"Altitude (GPS)";"855.2";"m";"13.015785";"77.5656816666667";
"46598.785014";"Average speed (GPS)";"0.0247659998439852";"km/h";"13.015785";"77.5656816666667";
"46598.785014";"Speed (GPS)";"0.263125991821289";"km/h";"13.015785";"77.5656816666667";
"46598.798014";"Altitude (GPS)";"873.700012207031";"m";"13.015785";"77.5656816666667";
"46598.799014";"Average speed (GPS)";"0.0247606764228977";"km/h";"13.015785";"77.5656816666667";
"46598.799014";"Speed (GPS)";"0";"km/h";"13.015785";"77.5656816666667";
"46598.800014";"Altitude (GPS)";"873.700012207031";"m";"13.015785";"77.5656816666667";
"46598.800014";"Average speed (GPS)";"0.0247678262396121";"km/h";"13.015785";"77.5656816666667";
"46598.800014";"Speed (GPS)";"0.263125991821289";"km/h";"13.015785";"77.5656816666667";
"46598.839014";"Average speed";"0";"km/h";"13.015785";"77.5656816666667";
"46598.839014";"Distance travelled";"0";"km";"13.015785";"77.5656816666667";
"46598.839014";"Distance travelled (total)";"0";"km";"13.015785";"77.5656816666667";
"46598.839014";"Vehicle acceleration";"0";"g";"13.015785";"77.5656816666667";
"46598.839014";"Vehicle speed";"0";"km/h";"13.015785";"77.5656816666667";
"46598.887014";"Calculated boost";"0.43511321402166";"psi";"13.015785";"77.5656816666667";
"46598.887014";"Intake manifold absolute pressure";"13.488509634651";"psi";"13.015785";"77.5656816666667";
"46598.916014";"Altitude (GPS)";"873.700012207031";"m";"13.015785";"77.5656816666667";
"46598.916014";"Average speed (GPS)";"0.0247234683534065";"km/h";"13.015785";"77.5656816666667";
"46598.916014";"Speed (GPS)";"0";"km/h";"13.015785";"77.5656816666667";
"46598.932014";"Barometric pressure";"13.05339642063";"psi";"13.015785";"77.5656816666667";
"46598.992014";"Fuel rail press.";"4240.90345932468";"psi";"13.015785";"77.5656816666667";
"46599.041014";"Distance traveled with MIL on";"0";"km";"13.015785";"77.5656816666667";
"46599.105014";"Calculated engine load value";"40.3921568627451";"%";"13.015785";"77.5656816666667";
"46599.147014";"Calculated instant fuel rate";"1.32012443438914";"L/h";"13.015785";"77.5656816666667";
"46599.147014";"Fuel used";"0.0111294582740413";"L";"13.015785";"77.5656816666667";
"46599.147014";"Fuel used (total)";"0.0111294582740413";"L";"13.015785";"77.5656816666667";
"46599.147014";"Fuel used price";"0.0112407528567817";"₹";"13.015785";"77.5656816666667";
"46599.147014";"Fuel used price (total)";"0";"₹";"13.015785";"77.5656816666667";
"46599.147014";"Instant engine power (based on fuel consumption)";"5.84514879375736";"hp";"13.015785";"77.5656816666667";
"46599.147014";"MAF air flow rate";"11.33";"g/sec";"13.015785";"77.5656816666667";
"46599.147014";"Power from MAF";"13.596";"hp";"13.015785";"77.5656816666667";
"46599.227014";"Average speed";"0";"km/h";"13.015785";"77.5656816666667";
"46599.227014";"Distance travelled";"0";"km";"13.015785";"77.5656816666667";
"46599.227014";"Distance travelled (total)";"0";"km";"13.015785";"77.5656816666667";
"46599.227014";"Vehicle acceleration";"0";"g";"13.015785";"77.5656816666667";
"46599.227014";"Vehicle speed";"0";"km/h";"13.015785";"77.5656816666667";
"46599.288014";"Calculated boost";"0.43511321402166";"psi";"13.015785";"77.5656816666667";
"46599.288014";"Intake manifold absolute pressure";"13.488509634651";"psi";"13.015785";"77.5656816666667";
"46599.350014";"Barometric pressure";"13.05339642063";"psi";"13.015785";"77.5656816666667";
"46599.399014";"Fuel rail press.";"4272.81176168622";"psi";"13.015785";"77.5656816666667";
"46599.450014";"Distance traveled with MIL on";"0";"km";"13.015785";"77.5656816666667";
"46599.502014";"Calculated engine load value";"40.3921568627451";"%";"13.015785";"77.5656816666667";
"46599.551014";"Calculated instant fuel rate";"1.3131334841629";"L/h";"13.015785";"77.5656816666667";
"46599.551014";"Fuel used";"0.0112769229454572";"L";"13.015785";"77.5656816666667";
"46599.551014";"Fuel used (total)";"0.0112769229454572";"L";"13.015785";"77.5656816666667";
"46599.551014";"Fuel used price";"0.0113896921749118";"₹";"13.015785";"77.5656816666667";
"46599.551014";"Fuel used price (total)";"0";"₹";"13.015785";"77.5656816666667";
"46599.551014";"Instant engine power (based on fuel consumption)";"5.81419478425821";"hp";"13.015785";"77.5656816666667";
"46599.551014";"MAF air flow rate";"11.27";"g/sec";"13.015785";"77.5656816666667";
"46599.551014";"Power from MAF";"13.524";"hp";"13.015785";"77.5656816666667";
"46599.606014";"Average speed";"0";"km/h";"13.015785";"77.5656816666667";
"46599.606014";"Distance travelled";"0";"km";"13.015785";"77.5656816666667";
"46599.606014";"Distance travelled (total)";"0";"km";"13.015785";"77.5656816666667";
"46599.606014";"Vehicle acceleration";"0";"g";"13.015785";"77.5656816666667";
"46599.606014";"Vehicle speed";"0";"km/h";"13.015785";"77.5656816666667";
"46599.656014";"Calculated boost";"0.43511321402166";"psi";"13.015785";"77.5656816666667";
"46599.656014";"Intake manifold absolute pressure";"13.488509634651";"psi";"13.015785";"77.5656816666667";
"46599.706014";"Barometric pressure";"13.05339642063";"psi";"13.015785";"77.5656816666667";
"46599.753014";"Fuel rail press.";"4177.0868546016";"psi";"13.015785";"77.5656816666667";
"46599.771014";"Average speed (GPS)";"0.0315383582766365";"km/h";"13.01579";"77.56568";
"46599.771014";"Speed (GPS)";"0.544782024621964";"km/h";"13.01579";"77.56568";
"46599.772014";"Altitude (GPS)";"855.3";"m";"13.01579";"77.56568";
"46599.776014";"Altitude (GPS)";"855.3";"m";"13.01579";"77.56568";
"46599.776014";"Average speed (GPS)";"0.0315725795199449";"km/h";"13.01579";"77.56568";
"46599.776014";"Speed (GPS)";"0.544782024621964";"km/h";"13.01579";"77.56568";
"46599.777014";"Altitude (GPS)";"855.3";"m";"13.01579";"77.56568";
"46599.777014";"Average speed (GPS)";"0.0315835846931318";"km/h";"13.01579";"77.56568";
"46599.777014";"Speed (GPS)";"0.544782024621964";"km/h";"13.01579";"77.56568";
"46599.790014";"Altitude (GPS)";"873.700012207031";"m";"13.01579";"77.56568";
"46599.790014";"Average speed (GPS)";"0.0315773308332408";"km/h";"13.01579";"77.56568";
"46599.790014";"Speed (GPS)";"0";"km/h";"13.01579";"77.56568";
"46599.793014";"Altitude (GPS)";"873.700012207031";"m";"13.01579";"77.56568";
"46599.793014";"Average speed (GPS)";"0.0316026362374387";"km/h";"13.01579";"77.56568";
"46599.793014";"Speed (GPS)";"0.544782024621964";"km/h";"13.01579";"77.56568";
"46599.794014";"Altitude (GPS)";"873.700012207031";"m";"13.01579";"77.56568";
"46599.794014";"Average speed (GPS)";"0.0316087264512573";"km/h";"13.01579";"77.56568";
"46599.794014";"Speed (GPS)";"0.544782024621964";"km/h";"13.01579";"77.56568";
"46599.801014";"Distance traveled with MIL on";"0";"km";"13.01579";"77.56568";
"46599.851014";"Calculated engine load value";"40.3921568627451";"%";"13.01579";"77.56568";
"46599.974014";"Calculated instant fuel rate";"1.30963800904977";"L/h";"13.01579";"77.56568";
"46599.974014";"Fuel used";"0.0114306132221427";"L";"13.01579";"77.56568";
"46599.974014";"Fuel used (total)";"0.0114306132221427";"L";"13.01579";"77.56568";
"46599.974014";"Fuel used price";"0.0115449193543642";"₹";"13.01579";"77.56568";
"46599.974014";"Fuel used price (total)";"0";"₹";"13.01579";"77.56568";
"46599.974014";"Instant engine power (based on fuel consumption)";"5.79871777950863";"hp";"13.01579";"77.56568";
"46599.974014";"MAF air flow rate";"11.24";"g/sec";"13.01579";"77.56568";
"46599.974014";"Power from MAF";"13.488";"hp";"13.01579";"77.56568";
"46600.013014";"Altitude (GPS)";"873.700012207031";"m";"13.01579";"77.56568";
"46600.013014";"Average speed (GPS)";"0.0315030622385918";"km/h";"13.01579";"77.56568";
"46600.013014";"Speed (GPS)";"0";"km/h";"13.01579";"77.56568";
"46600.027014";"Average speed";"0";"km/h";"13.01579";"77.56568";
"46600.027014";"Distance travelled";"0";"km";"13.01579";"77.56568";
"46600.027014";"Distance travelled (total)";"0";"km";"13.01579";"77.56568";
"46600.027014";"Vehicle acceleration";"0";"g";"13.01579";"77.56568";
"46600.027014";"Vehicle speed";"0";"km/h";"13.01579";"77.56568";
"46600.114014";"Calculated boost";"0.43511321402166";"psi";"13.01579";"77.56568";
"46600.114014";"Intake manifold absolute pressure";"13.488509634651";"psi";"13.01579";"77.56568";
"46600.166014";"Barometric pressure";"13.05339642063";"psi";"13.01579";"77.56568";
"46600.217014";"Fuel rail press.";"4272.81176168622";"psi";"13.01579";"77.56568";
"46600.268014";"Distance traveled with MIL on";"0";"km";"13.01579";"77.56568";
"46600.329014";"Calculated engine load value";"35.6862745098039";"%";"13.01579";"77.56568";
"46600.381014";"Calculated instant fuel rate";"1.4175";"L/h";"13.01579";"77.56568";
"46600.381014";"Fuel used";"0.0115909000665177";"L";"13.01579";"77.56568";
"46600.381014";"Fuel used (total)";"0.0115909000665177";"L";"13.01579";"77.56568";
"46600.381014";"Fuel used price";"0.0117068090671829";"₹";"13.01579";"77.56568";
"46600.381014";"Fuel used price (total)";"0";"₹";"13.01579";"77.56568";
"46600.381014";"Instant engine power (based on fuel consumption)";"6.27630108140904";"hp";"13.01579";"77.56568";
"46600.381014";"MAF air flow rate";"13.77";"g/sec";"13.01579";"77.56568";
"46600.381014";"Power from MAF";"16.524";"hp";"13.01579";"77.56568";
"46600.444014";"Average speed";"0";"km/h";"13.01579";"77.56568";
"46600.444014";"Distance travelled";"0";"km";"13.01579";"77.56568";
"46600.444014";"Distance travelled (total)";"0";"km";"13.01579";"77.56568";
"46600.444014";"Vehicle acceleration";"0";"g";"13.01579";"77.56568";
"46600.444014";"Vehicle speed";"0";"km/h";"13.01579";"77.56568";
"46600.494014";"Calculated boost";"0.43511321402166";"psi";"13.01579";"77.56568";
"46600.494014";"Intake manifold absolute pressure";"13.488509634651";"psi";"13.01579";"77.56568";
"46600.498014";"Altitude (GPS)";"873.700012207031";"m";"13.01579";"77.56568";
"46600.498014";"Average speed (GPS)";"0.031271777504461";"km/h";"13.01579";"77.56568";
"46600.498014";"Speed (GPS)";"0";"km/h";"13.01579";"77.56568";
"46600.501014";"Altitude (GPS)";"873.700012207031";"m";"13.01579";"77.56568";
"46600.501014";"Average speed (GPS)";"0.0312700720560558";"km/h";"13.01579";"77.56568";
"46600.501014";"Speed (GPS)";"0";"km/h";"13.01579";"77.56568";
"46600.504014";"Altitude (GPS)";"873.700012207031";"m";"13.0158704";"77.5656616";
"46600.504014";"Altitude (GPS)";"873.700012207031";"m";"13.0158704";"77.5656616";
"46600.504014";"Average speed (GPS)";"0.0312688873526508";"km/h";"13.0158704";"77.5656616";
"46600.504014";"Speed (GPS)";"0";"km/h";"13.0158704";"77.5656616";
"46600.542014";"Barometric pressure";"13.05339642063";"psi";"13.0158704";"77.5656616";
"46600.592014";"Fuel rail press.";"4306.17044142783";"psi";"13.0158704";"77.5656616";
"46600.643014";"Distance traveled with MIL on";"0";"km";"13.0158704";"77.5656616";
"46600.705014";"Calculated engine load value";"35.2941176470588";"%";"13.0158704";"77.5656616";
"46600.756014";"Calculated instant fuel rate";"1.42432126696833";"L/h";"13.0158704";"77.5656616";
"46600.756014";"Fuel used";"0.011739642332072";"L";"13.0158704";"77.5656616";
"46600.756014";"Fuel used (total)";"0.011739642332072";"L";"13.0158704";"77.5656616";
"46600.756014";"Fuel used price";"0.0118570387553927";"₹";"13.0158704";"77.5656616";
"46600.756014";"Fuel used price (total)";"0";"₹";"13.0158704";"77.5656616";
"46600.756014";"Instant engine power (based on fuel consumption)";"6.30650377999803";"hp";"13.0158704";"77.5656616";
"46600.756014";"MAF air flow rate";"13.99";"g/sec";"13.0158704";"77.5656616";
"46600.756014";"Power from MAF";"16.788";"hp";"13.0158704";"77.5656616";
"46600.809014";"Average speed";"0";"km/h";"13.0158704";"77.5656616";
"46600.809014";"Distance travelled";"0";"km";"13.0158704";"77.5656616";
"46600.809014";"Distance travelled (total)";"0";"km";"13.0158704";"77.5656616";
"46600.809014";"Vehicle acceleration";"0";"g";"13.0158704";"77.5656616";
"46600.809014";"Vehicle speed";"0";"km/h";"13.0158704";"77.5656616";
"46600.827014";"Altitude (GPS)";"855.3";"m";"13.0158704";"77.5656616";
"46600.827014";"Average speed (GPS)";"0.0325599396725354";"km/h";"13.0158704";"77.5656616";
"46600.827014";"Speed (GPS)";"0.296480011940002";"km/h";"13.0158704";"77.5656616";
"46600.861014";"Calculated boost";"0.58015095202888";"psi";"13.0158704";"77.5656616";
"46600.861014";"Intake manifold absolute pressure";"13.633547372658";"psi";"13.0158704";"77.5656616";
"46600.921014";"Barometric pressure";"13.05339642063";"psi";"13.0158704";"77.5656616";
"46600.948014";"Altitude (GPS)";"873.700012207031";"m";"13.0158704";"77.5656616";
"46600.948014";"Average speed (GPS)";"0.0325006348467806";"km/h";"13.0158704";"77.5656616";
"46600.948014";"Speed (GPS)";"0";"km/h";"13.0158704";"77.5656616";
"46600.969014";"Fuel rail press.";"4401.89534851245";"psi";"13.0158704";"77.5656616";
"46601.042014";"Distance traveled with MIL on";"0";"km";"13.0158704";"77.5656616";
"46601.093014";"Calculated engine load value";"34.9019607843137";"%";"13.0158704";"77.5656616";
"46601.143014";"Calculated instant fuel rate";"1.42057692307692";"L/h";"13.0158704";"77.5656616";
"46601.143014";"Fuel used";"0.0118923213228893";"L";"13.0158704";"77.5656616";
"46601.143014";"Fuel used (total)";"0.0118923213228893";"L";"13.0158704";"77.5656616";
"46601.143014";"Fuel used price";"0.0120112445361182";"₹";"13.0158704";"77.5656616";
"46601.143014";"Fuel used price (total)";"0";"₹";"13.0158704";"77.5656616";
"46601.143014";"Instant engine power (based on fuel consumption)";"6.28992485258019";"hp";"13.0158704";"77.5656616";
"46601.143014";"MAF air flow rate";"14.11";"g/sec";"13.0158704";"77.5656616";
"46601.143014";"Power from MAF";"16.932";"hp";"13.0158704";"77.5656616";
"46601.196014";"Average speed";"0";"km/h";"13.0158704";"77.5656616";
"46601.196014";"Distance travelled";"0";"km";"13.0158704";"77.5656616";
"46601.196014";"Distance travelled (total)";"0";"km";"13.0158704";"77.5656616";
"46601.196014";"Vehicle acceleration";"0";"g";"13.0158704";"77.5656616";
"46601.196014";"Vehicle speed";"0";"km/h";"13.0158704";"77.5656616";
"46601.246014";"Calculated boost";"0.58015095202888";"psi";"13.0158704";"77.5656616";
"46601.246014";"Intake manifold absolute pressure";"13.633547372658";"psi";"13.0158704";"77.5656616";
"46601.295014";"Barometric pressure";"13.05339642063";"psi";"13.0158704";"77.5656616";
"46601.355014";"Fuel rail press.";"4306.17044142783";"psi";"13.0158704";"77.5656616";
"46601.405014";"Distance traveled with MIL on";"0";"km";"13.0158704";"77.5656616";
"46601.455014";"Calculated engine load value";"34.9019607843137";"%";"13.0158704";"77.5656616";
"46601.506014";"Calculated instant fuel rate";"1.42057692307692";"L/h";"13.0158704";"77.5656616";
"46601.506014";"Fuel used";"0.0120356660578893";"L";"13.0158704";"77.5656616";
"46601.506014";"Fuel used (total)";"0.0120356660578893";"L";"13.0158704";"77.5656616";
"46601.506014";"Fuel used price";"0.0121560227184682";"₹";"13.0158704";"77.5656616";
"46601.506014";"Fuel used price (total)";"0";"₹";"13.0158704";"77.5656616";
"46601.506014";"Instant engine power (based on fuel consumption)";"6.28992485258019";"hp";"13.0158704";"77.5656616";
"46601.506014";"MAF air flow rate";"14.11";"g/sec";"13.0158704";"77.5656616";
"46601.506014";"Power from MAF";"16.932";"hp";"13.0158704";"77.5656616";
"46601.583014";"Average speed";"0";"km/h";"13.0158704";"77.5656616";
"46601.583014";"Distance travelled";"0";"km";"13.0158704";"77.5656616";
"46601.583014";"Distance travelled (total)";"0";"km";"13.0158704";"77.5656616";
"46601.583014";"Vehicle acceleration";"0";"g";"13.0158704";"77.5656616";
"46601.583014";"Vehicle speed";"0";"km/h";"13.0158704";"77.5656616";
"46601.636014";"Calculated boost";"0.58015095202888";"psi";"13.0158704";"77.5656616";
"46601.636014";"Intake manifold absolute pressure";"13.633547372658";"psi";"13.0158704";"77.5656616";
"46601.710014";"Barometric pressure";"13.05339642063";"psi";"13.0158704";"77.5656616";
"46601.768014";"Fuel rail press.";"4272.81176168622";"psi";"13.0158704";"77.5656616";
"46601.785014";"Altitude (GPS)";"855.4";"m";"13.0158704";"77.5656616";
"46601.785014";"Average speed (GPS)";"0.0344707468731856";"km/h";"13.0158704";"77.5656616";
"46601.785014";"Speed (GPS)";"0.190859006345272";"km/h";"13.0158704";"77.5656616";
"46601.816014";"Distance traveled with MIL on";"0";"km";"13.0158704";"77.5656616";
"46601.821014";"Altitude (GPS)";"873.700012207031";"m";"13.0158704";"77.5656616";
"46601.821014";"Average speed (GPS)";"0.0344521228319385";"km/h";"13.0158704";"77.5656616";
"46601.821014";"Speed (GPS)";"0";"km/h";"13.0158704";"77.5656616";
"46601.863014";"Calculated engine load value";"35.2941176470588";"%";"13.0158704";"77.5656616";
"46601.944014";"Calculated instant fuel rate";"1.4222850678733";"L/h";"13.0158704";"77.5656616";
"46601.944014";"Fuel used";"0.012208648279128";"L";"13.0158704";"77.5656616";
"46601.944014";"Fuel used (total)";"0.012208648279128";"L";"13.0158704";"77.5656616";
"46601.944014";"Fuel used price";"0.0123307347619193";"₹";"13.0158704";"77.5656616";
"46601.944014";"Fuel used price (total)";"0";"₹";"13.0158704";"77.5656616";
"46601.944014";"Instant engine power (based on fuel consumption)";"6.29748804907594";"hp";"13.0158704";"77.5656616";
"46601.944014";"MAF air flow rate";"13.97";"g/sec";"13.0158704";"77.5656616";
"46601.944014";"Power from MAF";"16.764";"hp";"13.0158704";"77.5656616";
"46601.997014";"Average speed";"0";"km/h";"13.0158704";"77.5656616";
"46601.997014";"Distance travelled";"0";"km";"13.0158704";"77.5656616";
"46601.997014";"Distance travelled (total)";"0";"km";"13.0158704";"77.5656616";
"46601.997014";"Vehicle acceleration";"0";"g";"13.0158704";"77.5656616";
"46601.997014";"Vehicle speed";"0";"km/h";"13.0158704";"77.5656616";
"46602.059014";"Calculated boost";"0.7251886900361";"psi";"13.0158704";"77.5656616";
"46602.059014";"Intake manifold absolute pressure";"13.778585110665";"psi";"13.0158704";"77.5656616";
"46602.108014";"Barometric pressure";"13.05339642063";"psi";"13.0158704";"77.5656616";
"46602.161014";"Fuel rail press.";"4272.81176168622";"psi";"13.0158704";"77.5656616";
"46602.210014";"Distance traveled with MIL on";"0";"km";"13.0158704";"77.5656616";
"46602.271014";"Calculated engine load value";"34.9019607843137";"%";"13.0158704";"77.5656616";
"46602.321014";"Calculated instant fuel rate";"1.42259049773756";"L/h";"13.0158704";"77.5656616";
"46602.321014";"Fuel used";"0.0123574265474397";"L";"13.0158704";"77.5656616";
"46602.321014";"Fuel used (total)";"0.0123574265474397";"L";"13.0158704";"77.5656616";
"46602.321014";"Fuel used price";"0.0124810008129141";"₹";"13.0158704";"77.5656616";
"46602.321014";"Fuel used price (total)";"0";"₹";"13.0158704";"77.5656616";
"46602.321014";"Instant engine power (based on fuel consumption)";"6.29884040871426";"hp";"13.0158704";"77.5656616";
"46602.321014";"MAF air flow rate";"14.13";"g/sec";"13.0158704";"77.5656616";
"46602.321014";"Power from MAF";"16.956";"hp";"13.0158704";"77.5656616";
"46602.372014";"Average speed";"0";"km/h";"13.0158704";"77.5656616";
"46602.372014";"Distance travelled";"0";"km";"13.0158704";"77.5656616";
"46602.372014";"Distance travelled (total)";"0";"km";"13.0158704";"77.5656616";
"46602.372014";"Vehicle acceleration";"0";"g";"13.0158704";"77.5656616";
"46602.372014";"Vehicle speed";"0";"km/h";"13.0158704";"77.5656616";
"46602.423014";"Calculated boost";"0.7251886900361";"psi";"13.0158704";"77.5656616";
"46602.423014";"Intake manifold absolute pressure";"13.778585110665";"psi";"13.0158704";"77.5656616";
"46602.473014";"Barometric pressure";"13.05339642063";"psi";"13.0158704";"77.5656616";
"46602.524014";"Fuel rail press.";"4272.81176168622";"psi";"13.0158704";"77.5656616";
"46602.570014";"Distance traveled with MIL on";"0";"km";"13.0158704";"77.5656616";
"46602.612014";"Calculated engine load value";"34.9019607843137";"%";"13.0158704";"77.5656616";
"46602.656014";"Calculated instant fuel rate";"1.42259049773756";"L/h";"13.0158704";"77.5656616";
"46602.656014";"Fuel used";"0.0124897586026546";"L";"13.0158704";"77.5656616";
"46602.656014";"Fuel used (total)";"0.0124897586026546";"L";"13.0158704";"77.5656616";
"46602.656014";"Fuel used price";"0.0126146561886811";"₹";"13.0158704";"77.5656616";
"46602.656014";"Fuel used price (total)";"0";"₹";"13.0158704";"77.5656616";
"46602.656014";"Instant engine power (based on fuel consumption)";"6.29884040871426";"hp";"13.0158704";"77.5656616";
"46602.656014";"MAF air flow rate";"14.13";"g/sec";"13.0158704";"77.5656616";
"46602.656014";"Power from MAF";"16.956";"hp";"13.0158704";"77.5656616";
"46602.704014";"Average speed";"0";"km/h";"13.0158704";"77.5656616";
"46602.704014";"Distance travelled";"0";"km";"13.0158704";"77.5656616";
"46602.704014";"Distance travelled (total)";"0";"km";"13.0158704";"77.5656616";
"46602.704014";"Vehicle acceleration";"0";"g";"13.0158704";"77.5656616";
"46602.704014";"Vehicle speed";"0";"km/h";"13.0158704";"77.5656616";
"46606.756014";"Altitude (GPS)";"855.4";"m";"13.0157933333333";"77.5656816666667";
"46606.756014";"Average speed (GPS)";"0.0320996820309871";"km/h";"13.0157933333333";"77.5656816666667";
"46606.756014";"Speed (GPS)";"0";"km/h";"13.0157933333333";"77.5656816666667";
"46611.259014";"Average speed (GPS)";"0.0346734547336722";"km/h";"13.0157933333333";"77.565675";
"46611.259014";"Speed (GPS)";"0.0759730003774166";"km/h";"13.0157933333333";"77.565675";
"46612.514014";"Average speed (GPS)";"0.0346224210983448";"km/h";"13.015795";"77.565675";
"46612.514014";"Speed (GPS)";"0.0315009992569685";"km/h";"13.015795";"77.565675";
"46612.515014";"Altitude (GPS)";"855.5";"m";"13.015795";"77.565675";
"46613.783014";"Average speed (GPS)";"0.0340686254552837";"km/h";"13.015795";"77.5656716666667";
"46613.783014";"Speed (GPS)";"0";"km/h";"13.015795";"77.5656716666667";
"46615.541014";"Altitude (GPS)";"855.6";"m";"13.0158";"77.5656733333333";
"46620.540014";"Altitude (GPS)";"855.5";"m";"13.0157933333333";"77.5656683333333";
"46621.654014";"Altitude (GPS)";"874.299987792969";"m";"13.0157455";"77.5656115";
"46629.727014";"Average speed (GPS)";"0.0541140945998543";"km/h";"13.01581";"77.5656616666667";
"46629.727014";"Speed (GPS)";"0.153799004852772";"km/h";"13.01581";"77.5656616666667";
"46629.728014";"Altitude (GPS)";"854.5";"m";"13.01581";"77.5656616666667";
"46630.998014";"Average speed (GPS)";"0.0534015259288559";"km/h";"13.01581";"77.5656583333333";
"46630.998014";"Speed (GPS)";"0";"km/h";"13.01581";"77.5656583333333";
"46633.508014";"Altitude (GPS)";"854.7";"m";"13.0158133333333";"77.5656583333333";
"46634.771014";"Average speed (GPS)";"0.0520198400208919";"km/h";"13.0158133333333";"77.5656583333333";
"46634.771014";"Speed (GPS)";"0.0166770000010729";"km/h";"13.0158133333333";"77.5656583333333";
"46636.033014";"Average speed (GPS)";"0.0513733962702718";"km/h";"13.0158133333333";"77.5656566666667";
"46636.033014";"Speed (GPS)";"0";"km/h";"13.0158133333333";"77.5656566666667";
"46637.794014";"Altitude (GPS)";"855.1";"m";"13.015825";"77.5656666666667";
"46639.044014";"Average speed (GPS)";"0.0506410532460892";"km/h";"13.0158266666667";"77.5656666666667";
"46639.044014";"Speed (GPS)";"0.025942000374198";"km/h";"13.0158266666667";"77.5656666666667";
"46640.307014";"Average speed (GPS)";"0.0507444110808368";"km/h";"13.0158266666667";"77.5656683333333";
"46640.307014";"Speed (GPS)";"0.0592959970235825";"km/h";"13.0158266666667";"77.5656683333333";
"46640.308014";"Altitude (GPS)";"855.3";"m";"13.0158266666667";"77.5656683333333";
"46642.070014";"Altitude (GPS)";"855.2";"m";"13.0158233333333";"77.5656716666667";
"46642.070014";"Average speed (GPS)";"0.052706019528154";"km/h";"13.0158233333333";"77.5656716666667";
"46642.070014";"Speed (GPS)";"0.170476001501083";"km/h";"13.0158233333333";"77.5656716666667";
"46642.941014";"Altitude (GPS)";"873.700012207031";"m";"13.0158315";"77.5656888";
"46647.611014";"Altitude (GPS)";"856";"m";"13.0158366666667";"77.5656816666667";
"46647.611014";"Average speed (GPS)";"0.0540272035844166";"km/h";"13.0158366666667";"77.5656816666667";
"46647.611014";"Speed (GPS)";"0.0796790018677711";"km/h";"13.0158366666667";"77.5656816666667";
"46649.359014";"Altitude (GPS)";"855.8";"m";"13.0158333333333";"77.5656833333333";
"46649.359014";"Average speed (GPS)";"0.0539663994022565";"km/h";"13.0158333333333";"77.5656833333333";
"46649.359014";"Speed (GPS)";"0.0500310000032187";"km/h";"13.0158333333333";"77.5656833333333";
"46650.614014";"Average speed (GPS)";"0.0537836096223361";"km/h";"13.0158233333333";"77.5656766666667";
"46650.614014";"Speed (GPS)";"0.0370600014925003";"km/h";"13.0158233333333";"77.5656766666667";
"46650.615014";"Altitude (GPS)";"855.7";"m";"13.0158233333333";"77.5656766666667";
"46651.856014";"Average speed (GPS)";"0.0539400294038069";"km/h";"13.0158183333333";"77.5656733333333";
"46651.856014";"Speed (GPS)";"0.0685609973967075";"km/h";"13.0158183333333";"77.5656733333333";
"46651.857014";"Altitude (GPS)";"855.5";"m";"13.0158183333333";"77.5656733333333";
"46653.101014";"Altitude (GPS)";"855.7";"m";"13.01582";"77.5656633333333";
"46653.101014";"Average speed (GPS)";"0.0533740851531185";"km/h";"13.01582";"77.5656633333333";
"46653.101014";"Speed (GPS)";"0";"km/h";"13.01582";"77.5656633333333";
"46654.347014";"Altitude (GPS)";"855.5";"m";"13.0158133333333";"77.5656583333333";
"46656.103014";"Altitude (GPS)";"856";"m";"13.01581";"77.5656616666667";
"46657.867014";"Altitude (GPS)";"855.8";"m";"13.0158";"77.56565";
"46659.618014";"Altitude (GPS)";"856";"m";"13.015805";"77.5656516666667";
"46662.057014";"Altitude (GPS)";"855.2";"m";"13.0157866666667";"77.565635";
"46663.265014";"Altitude (GPS)";"855.6";"m";"13.0157866666667";"77.5656466666667";
"46664.023014";"Altitude (GPS)";"873.700012207031";"m";"13.0157771";"77.5656033";
"46672.869014";"Altitude (GPS)";"855.6";"m";"13.0157866666667";"77.5656466666667";
"46677.991014";"Altitude (GPS)";"873.700012207031";"m";"13.0157771";"77.5656033";
"46682.254014";"Average speed (GPS)";"0.1265635154205";"km/h";"13.0157933333333";"77.5656583333333";
"46682.254014";"Speed (GPS)";"0.42433699965477";"km/h";"13.0157933333333";"77.5656583333333";
"46682.255014";"Altitude (GPS)";"854.7";"m";"13.0157933333333";"77.5656583333333";
"46683.546014";"Average speed (GPS)";"0.126189337700048";"km/h";"13.0157916666667";"77.5656583333333";
"46683.546014";"Speed (GPS)";"0.0833849966526032";"km/h";"13.0157916666667";"77.5656583333333";
"46683.547014";"Altitude (GPS)";"854.5";"m";"13.0157916666667";"77.5656583333333";
"46684.822014";"Average speed (GPS)";"0.125479804827538";"km/h";"13.0157916666667";"77.5656616666667";
"46684.822014";"Speed (GPS)";"0.0426190003752708";"km/h";"13.0157916666667";"77.5656616666667";
"46684.823014";"Altitude (GPS)";"854.6";"m";"13.0157916666667";"77.5656616666667";
"46686.081014";"Average speed (GPS)";"0.125145628502727";"km/h";"13.0157933333333";"77.5656683333333";
"46686.081014";"Speed (GPS)";"0.0852380007505417";"km/h";"13.0157933333333";"77.5656683333333";
"46686.671014";"Altitude (GPS)";"873.700012207031";"m";"13.015818";"77.5656947";
"46690.985014";"Average speed (GPS)";"0.121224005532353";"km/h";"13.0157916666667";"77.5656716666667";
"46690.985014";"Speed (GPS)";"0";"km/h";"13.0157916666667";"77.5656716666667";
"46690.986014";"Altitude (GPS)";"854.7";"m";"13.0157916666667";"77.5656716666667";
"46692.747014";"Altitude (GPS)";"855.2";"m";"13.0158066666667";"77.5656633333333";
"46696.268014";"Altitude (GPS)";"855.4";"m";"13.015805";"77.5656633333333";
"46698.027014";"Altitude (GPS)";"855.3";"m";"13.015795";"77.565665";
"46700.761014";"Altitude (GPS)";"855.5";"m";"13.0157916666667";"77.5656616666667";
"46703.510014";"Altitude (GPS)";"856.2";"m";"13.0157733333333";"77.56566";
"46706.807014";"Altitude (GPS)";"857.1";"m";"13.0157433333333";"77.5656466666667";
"46707.833014";"Altitude (GPS)";"873.700012207031";"m";"13.0158713";"77.5656574";
"46713.592014";"Altitude (GPS)";"857.2";"m";"13.01574";"77.5656466666667";
"46715.372014";"Altitude (GPS)";"856.9";"m";"13.0157433333333";"77.5656433333333";
"46717.627014";"Altitude (GPS)";"856.6";"m";"13.0157483333333";"77.565645";
"46721.143014";"Calculated engine load value";"20.7843137254902";"%";"13.0157483333333";"77.565645";
"46721.237014";"Engine coolant temperature";"78";"℃";"13.0157483333333";"77.565645";
"46721.279014";"Calculated engine load value";"21.1764705882353";"%";"13.0157483333333";"77.565645";
"46721.322014";"Calculated engine load value";"20.7843137254902";"%";"13.0157483333333";"77.565645";
"46721.365014";"Engine coolant temperature";"78";"℃";"13.0157483333333";"77.565645";
"46721.409014";"Calculated engine load value";"21.1764705882353";"%";"13.0157483333333";"77.565645";
"46721.451014";"Calculated engine load value";"21.5686274509804";"%";"13.0157483333333";"77.565645";
"46721.514014";"Engine coolant temperature";"78";"℃";"13.0157483333333";"77.565645";
"46721.557014";"Calculated engine load value";"21.1764705882353";"%";"13.0157483333333";"77.565645";
"46721.610014";"Calculated engine load value";"21.5686274509804";"%";"13.0157483333333";"77.565645";
"46721.653014";"Engine coolant temperature";"78";"℃";"13.0157483333333";"77.565645";
"46721.706014";"Calculated engine load value";"21.5686274509804";"%";"13.0157483333333";"77.565645";
"46721.748014";"Calculated engine load value";"21.5686274509804";"%";"13.0157483333333";"77.565645";
"46721.835014";"Engine coolant temperature";"78";"℃";"13.0157483333333";"77.565645";
"46721.877014";"Calculated engine load value";"21.5686274509804";"%";"13.0157483333333";"77.565645";
"46721.919014";"Calculated engine load value";"21.5686274509804";"%";"13.0157483333333";"77.565645";
"46721.961014";"Engine coolant temperature";"78";"℃";"13.0157483333333";"77.565645";
"46722.004014";"Calculated engine load value";"21.5686274509804";"%";"13.0157483333333";"77.565645";
"46722.077014";"Calculated engine load value";"21.5686274509804";"%";"13.0157483333333";"77.565645";
"46722.119014";"Engine coolant temperature";"78";"℃";"13.0157483333333";"77.565645";
"46722.162014";"Calculated engine load value";"21.5686274509804";"%";"13.0157483333333";"77.565645";
"46722.218014";"Calculated engine load value";"21.5686274509804";"%";"13.0157483333333";"77.565645";
"46722.281014";"Engine coolant temperature";"78";"℃";"13.0157483333333";"77.565645";
"46722.323014";"Calculated engine load value";"21.5686274509804";"%";"13.0157483333333";"77.565645";
"46722.365014";"Calculated engine load value";"21.5686274509804";"%";"13.0157483333333";"77.565645";
"46722.417014";"Engine coolant temperature";"78";"℃";"13.0157483333333";"77.565645";
"46722.514014";"Calculated engine load value";"21.1764705882353";"%";"13.0157483333333";"77.565645";
"46722.556014";"Calculated engine load value";"21.1764705882353";"%";"13.0157483333333";"77.565645";
"46722.621014";"Engine coolant temperature";"78";"℃";"13.0157483333333";"77.565645";
"46722.665014";"Calculated engine load value";"21.9607843137255";"%";"13.0157483333333";"77.565645";
"46722.725014";"Calculated engine load value";"21.5686274509804";"%";"13.0157483333333";"77.565645";
"46722.770014";"Engine coolant temperature";"78";"℃";"13.0157483333333";"77.565645";
"46722.824014";"Calculated engine load value";"21.9607843137255";"%";"13.0157483333333";"77.565645";
"46722.867014";"Calculated engine load value";"21.5686274509804";"%";"13.0157483333333";"77.565645";
"46722.920014";"Engine coolant temperature";"78";"℃";"13.0157483333333";"77.565645";
"46722.965014";"Calculated engine load value";"21.5686274509804";"%";"13.0157483333333";"77.565645";
"46723.030014";"Calculated engine load value";"21.5686274509804";"%";"13.0157483333333";"77.565645";
"46723.073014";"Engine coolant temperature";"78";"℃";"13.0157483333333";"77.565645";
"46723.126014";"Calculated engine load value";"21.5686274509804";"%";"13.0157483333333";"77.565645";
"46723.169014";"Calculated engine load value";"21.1764705882353";"%";"13.0157483333333";"77.565645";
"46723.221014";"Engine coolant temperature";"78";"℃";"13.0157483333333";"77.565645";
"46723.265014";"Calculated engine load value";"21.1764705882353";"%";"13.0157483333333";"77.565645";
"46723.318014";"Calculated engine load value";"21.1764705882353";"%";"13.0157483333333";"77.565645";
"46723.393014";"Engine coolant temperature";"78";"℃";"13.0157483333333";"77.565645";
"46723.438014";"Calculated engine load value";"21.1764705882353";"%";"13.0157483333333";"77.565645";
"46723.513014";"Calculated engine load value";"21.1764705882353";"%";"13.0157483333333";"77.565645";
"46723.557014";"Engine coolant temperature";"78";"℃";"13.0157483333333";"77.565645";
"46723.612014";"Calculated engine load value";"21.1764705882353";"%";"13.0157483333333";"77.565645";
"46723.673014";"Calculated engine load value";"21.5686274509804";"%";"13.0157483333333";"77.565645";
"46723.717014";"Engine coolant temperature";"78";"℃";"13.0157483333333";"77.565645";
"46723.760014";"Calculated engine load value";"21.1764705882353";"%";"13.0157483333333";"77.565645";
"46723.817014";"Calculated engine load value";"21.1764705882353";"%";"13.0157483333333";"77.565645";
"46723.861014";"Engine coolant temperature";"78";"℃";"13.0157483333333";"77.565645";
"46723.916014";"Calculated engine load value";"21.1764705882353";"%";"13.0157483333333";"77.565645";
"46723.961014";"Calculated engine load value";"21.5686274509804";"%";"13.0157483333333";"77.565645";
"46724.019014";"Engine coolant temperature";"78";"℃";"13.0157483333333";"77.565645";
"46724.070014";"Calculated engine load value";"21.5686274509804";"%";"13.0157483333333";"77.565645";
"46724.172014";"Calculated engine load value";"21.1764705882353";"%";"13.0157483333333";"77.565645";
"46724.221014";"Engine coolant temperature";"78";"℃";"13.0157483333333";"77.565645";
"46724.269014";"Calculated engine load value";"21.1764705882353";"%";"13.0157483333333";"77.565645";
"46724.320014";"Calculated engine load value";"21.1764705882353";"%";"13.0157483333333";"77.565645";
"46724.383014";"Engine coolant temperature";"78";"℃";"13.0157483333333";"77.565645";
"46724.435014";"Calculated engine load value";"21.5686274509804";"%";"13.0157483333333";"77.565645";
"46724.494014";"Calculated engine load value";"21.1764705882353";"%";"13.0157483333333";"77.565645";
"46724.542014";"Engine coolant temperature";"78";"℃";"13.0157483333333";"77.565645";
"46724.601014";"Calculated engine load value";"21.5686274509804";"%";"13.0157483333333";"77.565645";
"46724.650014";"Calculated engine load value";"21.5686274509804";"%";"13.0157483333333";"77.565645";
"46724.730014";"Engine coolant temperature";"78";"℃";"13.0157483333333";"77.565645";
"46724.790014";"Calculated engine load value";"21.1764705882353";"%";"13.0157483333333";"77.565645";
"46724.839014";"Calculated engine load value";"21.1764705882353";"%";"13.0157483333333";"77.565645";
"46724.925014";"Engine coolant temperature";"78";"℃";"13.0157483333333";"77.565645";
"46724.977014";"Calculated engine load value";"21.1764705882353";"%";"13.0157483333333";"77.565645";
"46725.026014";"Calculated engine load value";"21.1764705882353";"%";"13.0157483333333";"77.565645";
"46725.083014";"Engine coolant temperature";"78";"℃";"13.0157483333333";"77.565645";
"46725.131014";"Calculated engine load value";"21.1764705882353";"%";"13.0157483333333";"77.565645";
"46725.213014";"Calculated engine load value";"21.5686274509804";"%";"13.0157483333333";"77.565645";
"46725.262014";"Engine coolant temperature";"78";"℃";"13.0157483333333";"77.565645";
"46725.312014";"Calculated engine load value";"21.5686274509804";"%";"13.0157483333333";"77.565645";
"46725.361014";"Calculated engine load value";"21.5686274509804";"%";"13.0157483333333";"77.565645";
"46725.408014";"Engine coolant temperature";"78";"℃";"13.0157483333333";"77.565645";
"46725.459014";"Calculated engine load value";"21.1764705882353";"%";"13.0157483333333";"77.565645";
"46725.517014";"Calculated engine load value";"21.1764705882353";"%";"13.0157483333333";"77.565645";
"46725.565014";"Engine coolant temperature";"78";"℃";"13.0157483333333";"77.565645";
"46725.615014";"Calculated engine load value";"21.1764705882353";"%";"13.0157483333333";"77.565645";
"46725.665014";"Calculated engine load value";"21.1764705882353";"%";"13.0157483333333";"77.565645";
"46725.717014";"Engine coolant temperature";"78";"℃";"13.0157483333333";"77.565645";
"46725.767014";"Calculated engine load value";"21.1764705882353";"%";"13.0157483333333";"77.565645";
"46725.817014";"Calculated engine load value";"21.1764705882353";"%";"13.0157483333333";"77.565645";
"46725.930014";"Engine coolant temperature";"78";"℃";"13.0157483333333";"77.565645";
"46725.978014";"Calculated engine load value";"21.1764705882353";"%";"13.0157483333333";"77.565645";
"46726.027014";"Calculated engine load value";"21.1764705882353";"%";"13.0157483333333";"77.565645";
"46726.109014";"Engine coolant temperature";"78";"℃";"13.0157483333333";"77.565645";
"46726.161014";"Calculated engine load value";"21.5686274509804";"%";"13.0157483333333";"77.565645";
"46726.218014";"Calculated engine load value";"21.5686274509804";"%";"13.0157483333333";"77.565645";
"46726.267014";"Engine coolant temperature";"78";"℃";"13.0157483333333";"77.565645";
"46726.326014";"Calculated engine load value";"21.1764705882353";"%";"13.0157483333333";"77.565645";
"46726.371014";"Calculated engine load value";"21.5686274509804";"%";"13.0157483333333";"77.565645";
"46726.421014";"Engine coolant temperature";"78";"℃";"13.0157483333333";"77.565645";
"46726.467014";"Calculated engine load value";"21.5686274509804";"%";"13.0157483333333";"77.565645";
"46726.514014";"Calculated engine load value";"21.1764705882353";"%";"13.0157483333333";"77.565645";
"46726.563014";"Engine coolant temperature";"78";"℃";"13.0157483333333";"77.565645";
"46726.614014";"Calculated engine load value";"21.1764705882353";"%";"13.0157483333333";"77.565645";
"46726.665014";"Calculated engine load value";"21.5686274509804";"%";"13.0157483333333";"77.565645";
"46726.724014";"Engine coolant temperature";"78";"℃";"13.0157483333333";"77.565645";
"46726.772014";"Calculated engine load value";"21.1764705882353";"%";"13.0157483333333";"77.565645";
"46726.818014";"Calculated engine load value";"21.5686274509804";"%";"13.0157483333333";"77.565645";
"46726.867014";"Engine coolant temperature";"78";"℃";"13.0157483333333";"77.565645";
"46726.918014";"Calculated engine load value";"21.1764705882353";"%";"13.0157483333333";"77.565645";
"46726.966014";"Calculated engine load value";"21.1764705882353";"%";"13.0157483333333";"77.565645";
"46727.015014";"Engine coolant temperature";"78";"℃";"13.0157483333333";"77.565645";
"46727.065014";"Calculated engine load value";"21.5686274509804";"%";"13.0157483333333";"77.565645";
"46727.112014";"Calculated engine load value";"21.1764705882353";"%";"13.0157483333333";"77.565645";
"46727.162014";"Engine coolant temperature";"78";"℃";"13.0157483333333";"77.565645";
"46727.220014";"Calculated engine load value";"21.1764705882353";"%";"13.0157483333333";"77.565645";
"46727.270014";"Calculated engine load value";"21.5686274509804";"%";"13.0157483333333";"77.565645";
"46727.394014";"Engine coolant temperature";"78";"℃";"13.0157483333333";"77.565645";
"46727.445014";"Calculated engine load value";"21.1764705882353";"%";"13.0157483333333";"77.565645";
"46727.495014";"Calculated engine load value";"20.7843137254902";"%";"13.0157483333333";"77.565645";
"46727.555014";"Engine coolant temperature";"78";"℃";"13.0157483333333";"77.565645";
"46727.596014";"Calculated engine load value";"21.1764705882353";"%";"13.0157483333333";"77.565645";
"46727.646014";"Calculated engine load value";"21.1764705882353";"%";"13.0157483333333";"77.565645";
"46727.695014";"Engine coolant temperature";"78";"℃";"13.0157483333333";"77.565645";
"46727.745014";"Calculated engine load value";"21.1764705882353";"%";"13.0157483333333";"77.565645";
"46727.814014";"Calculated engine load value";"21.1764705882353";"%";"13.0157483333333";"77.565645";
"46727.869014";"Engine coolant temperature";"78";"℃";"13.0157483333333";"77.565645";
"46727.917014";"Calculated engine load value";"21.1764705882353";"%";"13.0157483333333";"77.565645";
"46727.983014";"Calculated engine load value";"20.7843137254902";"%";"13.0157483333333";"77.565645";
"46728.030014";"Engine coolant temperature";"78";"℃";"13.0157483333333";"77.565645";
"46728.079014";"Calculated engine load value";"21.1764705882353";"%";"13.0157483333333";"77.565645";
"46728.124014";"Calculated engine load value";"21.1764705882353";"%";"13.0157483333333";"77.565645";
"46728.193014";"Engine coolant temperature";"78";"℃";"13.0157483333333";"77.565645";
"46728.241014";"Calculated engine load value";"21.1764705882353";"%";"13.0157483333333";"77.565645";
"46728.301014";"Calculated engine load value";"21.1764705882353";"%";"13.0157483333333";"77.565645";
"46728.349014";"Engine coolant temperature";"78";"℃";"13.0157483333333";"77.565645";
"46728.419014";"Calculated engine load value";"21.1764705882353";"%";"13.0157483333333";"77.565645";
"46728.468014";"Calculated engine load value";"21.1764705882353";"%";"13.0157483333333";"77.565645";
"46728.515014";"Engine coolant temperature";"78";"℃";"13.0157483333333";"77.565645";
"46728.563014";"Calculated engine load value";"21.1764705882353";"%";"13.0157483333333";"77.565645";
"46728.621014";"Calculated engine load value";"21.1764705882353";"%";"13.0157483333333";"77.565645";
"46728.672014";"Engine coolant temperature";"78";"℃";"13.0157483333333";"77.565645";
"46728.722014";"Calculated engine load value";"21.1764705882353";"%";"13.0157483333333";"77.565645";
"46728.773014";"Calculated engine load value";"21.1764705882353";"%";"13.0157483333333";"77.565645";
"46728.822014";"Engine coolant temperature";"78";"℃";"13.0157483333333";"77.565645";
"46728.871014";"Calculated engine load value";"21.1764705882353";"%";"13.0157483333333";"77.565645";
"46728.920014";"Calculated engine load value";"21.1764705882353";"%";"13.0157483333333";"77.565645";
"46729.022014";"Engine coolant temperature";"78";"℃";"13.0157483333333";"77.565645";
"46729.037014";"Altitude (GPS)";"873.700012207031";"m";"13.0157977";"77.5656174";
"46729.097014";"Calculated engine load value";"21.5686274509804";"%";"13.0157977";"77.5656174";
"46729.145014";"Calculated engine load value";"21.5686274509804";"%";"13.0157977";"77.5656174";
"46729.224014";"Engine coolant temperature";"78";"℃";"13.0157977";"77.5656174";
"46729.273014";"Calculated engine load value";"21.5686274509804";"%";"13.0157977";"77.5656174";
"46729.319014";"Calculated engine load value";"21.5686274509804";"%";"13.0157977";"77.5656174";
"46729.389014";"Engine coolant temperature";"78";"℃";"13.0157977";"77.5656174";
"46729.438014";"Calculated engine load value";"21.1764705882353";"%";"13.0157977";"77.5656174";
"46729.493014";"Calculated engine load value";"21.1764705882353";"%";"13.0157977";"77.5656174";
"46729.539014";"Engine coolant temperature";"78";"℃";"13.0157977";"77.5656174";
"46729.587014";"Calculated engine load value";"21.5686274509804";"%";"13.0157977";"77.5656174";
"46729.638014";"Calculated engine load value";"21.1764705882353";"%";"13.0157977";"77.5656174";
"46729.687014";"Engine coolant temperature";"78";"℃";"13.0157977";"77.5656174";
"46729.733014";"Calculated engine load value";"21.1764705882353";"%";"13.0157977";"77.5656174";
"46729.777014";"Calculated engine load value";"21.5686274509804";"%";"13.0157977";"77.5656174";
"46729.822014";"Engine coolant temperature";"78";"℃";"13.0157977";"77.5656174";
"46729.867014";"Calculated engine load value";"21.5686274509804";"%";"13.0157977";"77.5656174";
"46729.925014";"Calculated engine load value";"21.5686274509804";"%";"13.0157977";"77.5656174";
"46729.973014";"Engine coolant temperature";"78";"℃";"13.0157977";"77.5656174";
"46730.029014";"Calculated engine load value";"21.1764705882353";"%";"13.0157977";"77.5656174";
"46730.075014";"Calculated engine load value";"21.5686274509804";"%";"13.0157977";"77.5656174";
"46730.123014";"Engine coolant temperature";"78";"℃";"13.0157977";"77.5656174";
"46730.169014";"Calculated engine load value";"21.1764705882353";"%";"13.0157977";"77.5656174";
"46730.228014";"Calculated engine load value";"21.1764705882353";"%";"13.0157977";"77.5656174";
"46730.278014";"Engine coolant temperature";"78";"℃";"13.0157977";"77.5656174";
"46730.335014";"Calculated engine load value";"20.7843137254902";"%";"13.0157977";"77.5656174";
"46730.471014";"Calculated engine load value";"21.1764705882353";"%";"13.0157977";"77.5656174";
"46730.512014";"Engine coolant temperature";"78";"℃";"13.0157977";"77.5656174";
"46730.557014";"Calculated engine load value";"21.1764705882353";"%";"13.0157977";"77.5656174";
"46730.619014";"Calculated engine load value";"21.1764705882353";"%";"13.0157977";"77.5656174";
"46730.688014";"Engine coolant temperature";"78";"℃";"13.0157977";"77.5656174";
"46730.734014";"Calculated engine load value";"21.5686274509804";"%";"13.0157977";"77.5656174";
"46730.781014";"Calculated engine load value";"21.1764705882353";"%";"13.0157977";"77.5656174";
"46730.826014";"Engine coolant temperature";"78";"℃";"13.0157977";"77.5656174";
"46730.874014";"Calculated engine load value";"21.1764705882353";"%";"13.0157977";"77.5656174";
"46730.922014";"Calculated engine load value";"21.1764705882353";"%";"13.0157977";"77.5656174";
"46730.968014";"Engine coolant temperature";"78";"℃";"13.0157977";"77.5656174";
"46731.026014";"Calculated engine load value";"21.1764705882353";"%";"13.0157977";"77.5656174";
"46731.074014";"Calculated engine load value";"21.1764705882353";"%";"13.0157977";"77.5656174";
"46731.122014";"Engine coolant temperature";"78";"℃";"13.0157977";"77.5656174";
"46731.167014";"Calculated engine load value";"21.1764705882353";"%";"13.0157977";"77.5656174";
"46731.215014";"Calculated engine load value";"21.1764705882353";"%";"13.0157977";"77.5656174";
"46731.272014";"Engine coolant temperature";"78";"℃";"13.0157977";"77.5656174";
"46731.321014";"Calculated engine load value";"21.1764705882353";"%";"13.0157977";"77.5656174";
"46731.367014";"Calculated engine load value";"21.1764705882353";"%";"13.0157977";"77.5656174";
"46731.414014";"Engine coolant temperature";"78";"℃";"13.0157977";"77.5656174";
"46731.470014";"Calculated engine load value";"21.1764705882353";"%";"13.0157977";"77.5656174";
"46731.527014";"Calculated engine load value";"21.1764705882353";"%";"13.0157977";"77.5656174";
"46731.575014";"Engine coolant temperature";"78";"℃";"13.0157977";"77.5656174";
"46731.624014";"Calculated engine load value";"21.1764705882353";"%";"13.0157977";"77.5656174";
"46731.672014";"Calculated engine load value";"21.1764705882353";"%";"13.0157977";"77.5656174";
"46733.527014";"Calculated engine load value";"36.8627450980392";"%";"13.0157977";"77.5656174";
"46733.635014";"Engine coolant temperature";"78";"℃";"13.0157977";"77.5656174";
"46733.687014";"Calculated engine load value";"36.078431372549";"%";"13.0157977";"77.5656174";
"46733.749014";"Calculated engine load value";"35.2941176470588";"%";"13.0157977";"77.5656174";
"46733.801014";"Engine coolant temperature";"78";"℃";"13.0157977";"77.5656174";
"46733.864014";"Calculated engine load value";"34.9019607843137";"%";"13.0157977";"77.5656174";
"46733.912014";"Calculated engine load value";"34.9019607843137";"%";"13.0157977";"77.5656174";
"46733.975014";"Engine coolant temperature";"78";"℃";"13.0157977";"77.5656174";
"46734.024014";"Calculated engine load value";"34.5098039215686";"%";"13.0157977";"77.5656174";
"46734.073014";"Calculated engine load value";"34.9019607843137";"%";"13.0157977";"77.5656174";
"46734.138014";"Engine coolant temperature";"78";"℃";"13.0157977";"77.5656174";
"46734.191014";"Calculated engine load value";"34.9019607843137";"%";"13.0157977";"77.5656174";
"46734.242014";"Calculated engine load value";"35.2941176470588";"%";"13.0157977";"77.5656174";
"46734.290014";"Engine coolant temperature";"78";"℃";"13.0157977";"77.5656174";
"46734.351014";"Calculated engine load value";"35.2941176470588";"%";"13.0157977";"77.5656174";
"46734.404014";"Calculated engine load value";"35.2941176470588";"%";"13.0157977";"77.5656174";
"46734.476014";"Engine coolant temperature";"78";"℃";"13.0157977";"77.5656174";
"46734.561014";"Calculated engine load value";"35.2941176470588";"%";"13.0157977";"77.5656174";
"46734.612014";"Calculated engine load value";"34.9019607843137";"%";"13.0157977";"77.5656174";
"46734.663014";"Engine coolant temperature";"78";"℃";"13.0157977";"77.5656174";
"46734.712014";"Calculated engine load value";"35.2941176470588";"%";"13.0157977";"77.5656174";
"46734.772014";"Calculated engine load value";"34.9019607843137";"%";"13.0157977";"77.5656174";
"46736.790014";"Altitude (GPS)";"856.5";"m";"13.015795";"77.5656233333333";
"46739.036014";"Altitude (GPS)";"855.9";"m";"13.0158";"77.565625";
"46742.037014";"Altitude (GPS)";"856.2";"m";"13.0157983333333";"77.5656233333333";
"46743.803014";"Altitude (GPS)";"855.9";"m";"13.0158083333333";"77.565625";
"46745.398014";"Vehicle acceleration";"0";"g";"13.0158083333333";"77.565625";
"46745.398014";"Vehicle speed";"0";"km/h";"13.0158083333333";"77.565625";
"46745.499014";"Calculated engine load value";"21.1764705882353";"%";"13.0158083333333";"77.565625";
"46745.597014";"Calculated instant fuel rate";"0.834434389140272";"L/h";"13.0158083333333";"77.565625";
"46745.597014";"Instant engine power (based on fuel consumption)";"3.69464653187018";"hp";"13.0158083333333";"77.565625";
"46745.597014";"MAF air flow rate";"13.66";"g/sec";"13.0158083333333";"77.565625";
"46745.597014";"Power from MAF";"16.392";"hp";"13.0158083333333";"77.565625";
"46745.650014";"Distance travelled";"0";"km";"13.0158083333333";"77.565625";
"46745.650014";"Distance travelled (total)";"0";"km";"13.0158083333333";"77.565625";
"46745.650014";"Vehicle acceleration";"0";"g";"13.0158083333333";"77.565625";
"46745.650014";"Vehicle speed";"0";"km/h";"13.0158083333333";"77.565625";
"46745.700014";"Calculated engine load value";"21.5686274509804";"%";"13.0158083333333";"77.565625";
"46745.764014";"Calculated instant fuel rate";"0.849886877828054";"L/h";"13.0158083333333";"77.565625";
"46745.764014";"Fuel used";"0.0125291534563185";"L";"13.0158083333333";"77.565625";
"46745.764014";"Fuel used (total)";"0.0125291534563185";"L";"13.0158083333333";"77.565625";
"46745.764014";"Fuel used price";"0.0126544449908817";"₹";"13.0158083333333";"77.565625";
"46745.764014";"Fuel used price (total)";"0.01";"₹";"13.0158083333333";"77.565625";
"46745.764014";"Instant engine power (based on fuel consumption)";"3.76306591209";"hp";"13.0158083333333";"77.565625";
"46745.764014";"MAF air flow rate";"13.66";"g/sec";"13.0158083333333";"77.565625";
"46745.764014";"Power from MAF";"16.392";"hp";"13.0158083333333";"77.565625";
"46745.835014";"Average speed";"0";"km/h";"13.0158083333333";"77.565625";
"46745.835014";"Distance travelled";"0";"km";"13.0158083333333";"77.565625";
"46745.835014";"Distance travelled (total)";"0";"km";"13.0158083333333";"77.565625";
"46745.835014";"Vehicle acceleration";"0";"g";"13.0158083333333";"77.565625";
"46745.835014";"Vehicle speed";"0";"km/h";"13.0158083333333";"77.565625";
"46745.900014";"Calculated engine load value";"21.1764705882353";"%";"13.0158083333333";"77.565625";
"46745.961014";"Calculated instant fuel rate";"0.832601809954751";"L/h";"13.0158083333333";"77.565625";
"46745.961014";"Fuel used";"0.0125745971637676";"L";"13.0158083333333";"77.565625";
"46745.961014";"Fuel used (total)";"0.0125745971637676";"L";"13.0158083333333";"77.565625";
"46745.961014";"Fuel used price";"0.0127003431354053";"₹";"13.0158083333333";"77.565625";
"46745.961014";"Fuel used price (total)";"0.01";"₹";"13.0158083333333";"77.565625";
"46745.961014";"Instant engine power (based on fuel consumption)";"3.6865323740403";"hp";"13.0158083333333";"77.565625";
"46745.961014";"MAF air flow rate";"13.63";"g/sec";"13.0158083333333";"77.565625";
"46745.961014";"Power from MAF";"16.356";"hp";"13.0158083333333";"77.565625";
"46746.007014";"Average speed";"0";"km/h";"13.0158083333333";"77.565625";
"46746.007014";"Distance travelled";"0";"km";"13.0158083333333";"77.565625";
"46746.007014";"Distance travelled (total)";"0";"km";"13.0158083333333";"77.565625";
"46746.007014";"Vehicle acceleration";"0";"g";"13.0158083333333";"77.565625";
"46746.007014";"Vehicle speed";"0";"km/h";"13.0158083333333";"77.565625";
"46746.048014";"Altitude (GPS)";"855.3";"m";"13.01582";"77.56562";
"46746.067014";"Calculated engine load value";"21.5686274509804";"%";"13.01582";"77.56562";
"46746.116014";"Calculated instant fuel rate";"0.84802036199095";"L/h";"13.01582";"77.56562";
"46746.116014";"Fuel used";"0.0126110337013194";"L";"13.01582";"77.56562";
"46746.116014";"Fuel used (total)";"0.0126110337013194";"L";"13.01582";"77.56562";
"46746.116014";"Fuel used price";"0.0127371440383326";"₹";"13.01582";"77.56562";
"46746.116014";"Fuel used price (total)";"0.01";"₹";"13.01582";"77.56562";
"46746.116014";"Instant engine power (based on fuel consumption)";"3.75480149207809";"hp";"13.01582";"77.56562";
"46746.116014";"MAF air flow rate";"13.63";"g/sec";"13.01582";"77.56562";
"46746.116014";"Power from MAF";"16.356";"hp";"13.01582";"77.56562";
"46746.253014";"Average speed";"0";"km/h";"13.01582";"77.56562";
"46746.253014";"Distance travelled";"0";"km";"13.01582";"77.56562";
"46746.253014";"Distance travelled (total)";"0";"km";"13.01582";"77.56562";
"46746.253014";"Vehicle acceleration";"0";"g";"13.01582";"77.56562";
"46746.253014";"Vehicle speed";"0";"km/h";"13.01582";"77.56562";
"46746.301014";"Calculated engine load value";"20.7843137254902";"%";"13.01582";"77.56562";
"46746.366014";"Calculated instant fuel rate";"0.829174208144797";"L/h";"13.01582";"77.56562";
"46746.366014";"Fuel used";"0.012668580233974";"L";"13.01582";"77.56562";
"46746.366014";"Fuel used (total)";"0.012668580233974";"L";"13.01582";"77.56562";
"46746.366014";"Fuel used price";"0.0127952660363138";"₹";"13.01582";"77.56562";
"46746.366014";"Fuel used price (total)";"0.01";"₹";"13.01582";"77.56562";
"46746.366014";"Instant engine power (based on fuel consumption)";"3.6713558936548";"hp";"13.01582";"77.56562";
"46746.366014";"MAF air flow rate";"13.83";"g/sec";"13.01582";"77.56562";
"46746.366014";"Power from MAF";"16.596";"hp";"13.01582";"77.56562";
"46746.419014";"Average speed";"0";"km/h";"13.01582";"77.56562";
"46746.419014";"Distance travelled";"0";"km";"13.01582";"77.56562";
"46746.419014";"Distance travelled (total)";"0";"km";"13.01582";"77.56562";
"46746.419014";"Vehicle acceleration";"0";"g";"13.01582";"77.56562";
"46746.419014";"Vehicle speed";"0";"km/h";"13.01582";"77.56562";
"46746.470014";"Calculated engine load value";"21.1764705882353";"%";"13.01582";"77.56562";
"46746.520014";"Calculated instant fuel rate";"0.841153846153846";"L/h";"13.01582";"77.56562";
"46746.520014";"Fuel used";"0.0127045891656087";"L";"13.01582";"77.56562";
"46746.520014";"Fuel used (total)";"0.0127045891656087";"L";"13.01582";"77.56562";
"46746.520014";"Fuel used price";"0.0128316350572647";"₹";"13.01582";"77.56562";
"46746.520014";"Fuel used price (total)";"0.01";"₹";"13.01582";"77.56562";
"46746.520014";"Instant engine power (based on fuel consumption)";"3.72439844391306";"hp";"13.01582";"77.56562";
"46746.520014";"MAF air flow rate";"13.77";"g/sec";"13.01582";"77.56562";
"46746.520014";"Power from MAF";"16.524";"hp";"13.01582";"77.56562";
"46746.573014";"Average speed";"0";"km/h";"13.01582";"77.56562";
"46746.573014";"Distance travelled";"0";"km";"13.01582";"77.56562";
"46746.573014";"Distance travelled (total)";"0";"km";"13.01582";"77.56562";
"46746.573014";"Vehicle acceleration";"0";"g";"13.01582";"77.56562";
"46746.573014";"Vehicle speed";"0";"km/h";"13.01582";"77.56562";
"46746.623014";"Calculated engine load value";"21.1764705882353";"%";"13.01582";"77.56562";
"46746.672014";"Calculated instant fuel rate";"0.839321266968326";"L/h";"13.01582";"77.56562";
"46746.672014";"Fuel used";"0.0127401590413553";"L";"13.01582";"77.56562";
"46746.672014";"Fuel used (total)";"0.0127401590413553";"L";"13.01582";"77.56562";
"46746.672014";"Fuel used price";"0.0128675606317688";"₹";"13.01582";"77.56562";
"46746.672014";"Fuel used price (total)";"0.01";"₹";"13.01582";"77.56562";
"46746.672014";"Instant engine power (based on fuel consumption)";"3.71628428608318";"hp";"13.01582";"77.56562";
"46746.672014";"MAF air flow rate";"13.74";"g/sec";"13.01582";"77.56562";
"46746.672014";"Power from MAF";"16.488";"hp";"13.01582";"77.56562";
"46746.725014";"Average speed";"0";"km/h";"13.01582";"77.56562";
"46746.725014";"Distance travelled";"0";"km";"13.01582";"77.56562";
"46746.725014";"Distance travelled (total)";"0";"km";"13.01582";"77.56562";
"46746.725014";"Vehicle acceleration";"0";"g";"13.01582";"77.56562";
"46746.725014";"Vehicle speed";"0";"km/h";"13.01582";"77.56562";
"46746.799014";"Calculated engine load value";"21.5686274509804";"%";"13.01582";"77.56562";
"46746.848014";"Calculated instant fuel rate";"0.853619909502263";"L/h";"13.01582";"77.56562";
"46746.848014";"Fuel used";"0.0127818054020767";"L";"13.01582";"77.56562";
"46746.848014";"Fuel used (total)";"0.0127818054020767";"L";"13.01582";"77.56562";
"46746.848014";"Fuel used price";"0.0129096234560975";"₹";"13.01582";"77.56562";
"46746.848014";"Fuel used price (total)";"0.01";"₹";"13.01582";"77.56562";
"46746.848014";"Instant engine power (based on fuel consumption)";"3.77959475211382";"hp";"13.01582";"77.56562";
"46746.848014";"MAF air flow rate";"13.72";"g/sec";"13.01582";"77.56562";
"46746.848014";"Power from MAF";"16.464";"hp";"13.01582";"77.56562";
"46746.896014";"Average speed";"0";"km/h";"13.01582";"77.56562";
"46746.896014";"Distance travelled";"0";"km";"13.01582";"77.56562";
"46746.896014";"Distance travelled (total)";"0";"km";"13.01582";"77.56562";
"46746.896014";"Vehicle acceleration";"0";"g";"13.01582";"77.56562";
"46746.896014";"Vehicle speed";"0";"km/h";"13.01582";"77.56562";
"46746.951014";"Calculated engine load value";"21.5686274509804";"%";"13.01582";"77.56562";
"46746.999014";"Calculated instant fuel rate";"0.849886877828054";"L/h";"13.01582";"77.56562";
"46746.999014";"Fuel used";"0.0128172403022653";"L";"13.01582";"77.56562";
"46746.999014";"Fuel used (total)";"0.0128172403022653";"L";"13.01582";"77.56562";
"46746.999014";"Fuel used price";"0.0129454127052879";"₹";"13.01582";"77.56562";
"46746.999014";"Fuel used price (total)";"0.01";"₹";"13.01582";"77.56562";
"46746.999014";"Instant engine power (based on fuel consumption)";"3.76306591209";"hp";"13.01582";"77.56562";
"46746.999014";"MAF air flow rate";"13.66";"g/sec";"13.01582";"77.56562";
"46746.999014";"Power from MAF";"16.392";"hp";"13.01582";"77.56562";
"46747.056014";"Average speed";"0";"km/h";"13.01582";"77.56562";
"46747.056014";"Distance travelled";"0";"km";"13.01582";"77.56562";
"46747.056014";"Distance travelled (total)";"0";"km";"13.01582";"77.56562";
"46747.056014";"Vehicle acceleration";"0";"g";"13.01582";"77.56562";
"46747.056014";"Vehicle speed";"0";"km/h";"13.01582";"77.56562";
"46747.130014";"Calculated engine load value";"21.1764705882353";"%";"13.01582";"77.56562";
"46747.179014";"Calculated instant fuel rate";"0.841153846153846";"L/h";"13.01582";"77.56562";
"46747.179014";"Fuel used";"0.012859466458996";"L";"13.01582";"77.56562";
"46747.179014";"Fuel used (total)";"0.012859466458996";"L";"13.01582";"77.56562";
"46747.179014";"Fuel used price";"0.012988061123586";"₹";"13.01582";"77.56562";
"46747.179014";"Fuel used price (total)";"0.01";"₹";"13.01582";"77.56562";
"46747.179014";"Instant engine power (based on fuel consumption)";"3.72439844391306";"hp";"13.01582";"77.56562";
"46747.179014";"MAF air flow rate";"13.77";"g/sec";"13.01582";"77.56562";
"46747.179014";"Power from MAF";"16.524";"hp";"13.01582";"77.56562";
"46747.232014";"Average speed";"0";"km/h";"13.01582";"77.56562";
"46747.232014";"Distance travelled";"0";"km";"13.01582";"77.56562";
"46747.232014";"Distance travelled (total)";"0";"km";"13.01582";"77.56562";
"46747.232014";"Vehicle acceleration";"0";"g";"13.01582";"77.56562";
"46747.232014";"Vehicle speed";"0";"km/h";"13.01582";"77.56562";
"46747.294014";"Calculated engine load value";"21.1764705882353";"%";"13.01582";"77.56562";
"46747.345014";"Calculated instant fuel rate";"0.838099547511312";"L/h";"13.01582";"77.56562";
"46747.345014";"Fuel used";"0.0128980527018467";"L";"13.01582";"77.56562";
"46747.345014";"Fuel used (total)";"0.0128980527018467";"L";"13.01582";"77.56562";
"46747.345014";"Fuel used price";"0.0130270332288652";"₹";"13.01582";"77.56562";
"46747.345014";"Fuel used price (total)";"0.01";"₹";"13.01582";"77.56562";
"46747.345014";"Instant engine power (based on fuel consumption)";"3.71087484752993";"hp";"13.01582";"77.56562";
"46747.345014";"MAF air flow rate";"13.72";"g/sec";"13.01582";"77.56562";
"46747.345014";"Power from MAF";"16.464";"hp";"13.01582";"77.56562";
"46747.418014";"Average speed";"0";"km/h";"13.01582";"77.5656216666667";
"46747.418014";"Distance travelled";"0";"km";"13.01582";"77.5656216666667";
"46747.418014";"Distance travelled (total)";"0";"km";"13.01582";"77.5656216666667";
"46747.418014";"Vehicle acceleration";"0";"g";"13.01582";"77.5656216666667";
"46747.418014";"Vehicle speed";"0";"km/h";"13.01582";"77.5656216666667";
"46747.467014";"Calculated engine load value";"21.5686274509804";"%";"13.01582";"77.5656216666667";
"46747.526014";"Calculated instant fuel rate";"0.856730769230769";"L/h";"13.01582";"77.5656216666667";
"46747.526014";"Fuel used";"0.0129412877391063";"L";"13.01582";"77.5656216666667";
"46747.526014";"Fuel used (total)";"0.0129412877391063";"L";"13.01582";"77.5656216666667";
"46747.526014";"Fuel used price";"0.0130707006164974";"₹";"13.01582";"77.5656216666667";
"46747.526014";"Fuel used price (total)";"0.01";"₹";"13.01582";"77.5656216666667";
"46747.526014";"Instant engine power (based on fuel consumption)";"3.793368785467";"hp";"13.01582";"77.5656216666667";
"46747.526014";"MAF air flow rate";"13.77";"g/sec";"13.01582";"77.5656216666667";
"46747.526014";"Power from MAF";"16.524";"hp";"13.01582";"77.5656216666667";
"46747.577014";"Average speed";"0";"km/h";"13.01582";"77.5656216666667";
"46747.577014";"Distance travelled";"0";"km";"13.01582";"77.5656216666667";
"46747.577014";"Distance travelled (total)";"0";"km";"13.01582";"77.5656216666667";
"46747.577014";"Vehicle acceleration";"0";"g";"13.01582";"77.5656216666667";
"46747.577014";"Vehicle speed";"0";"km/h";"13.01582";"77.5656216666667";
"46747.626014";"Calculated engine load value";"21.5686274509804";"%";"13.01582";"77.5656216666667";
"46747.698014";"Calculated instant fuel rate";"0.851753393665158";"L/h";"13.01582";"77.5656216666667";
"46747.698014";"Fuel used";"0.0129820294225874";"L";"13.01582";"77.5656216666667";
"46747.698014";"Fuel used (total)";"0.0129820294225874";"L";"13.01582";"77.5656216666667";
"46747.698014";"Fuel used price";"0.0131118497168132";"₹";"13.01582";"77.5656216666667";
"46747.698014";"Fuel used price (total)";"0.01";"₹";"13.01582";"77.5656216666667";
"46747.698014";"Instant engine power (based on fuel consumption)";"3.77133033210191";"hp";"13.01582";"77.5656216666667";
"46747.698014";"MAF air flow rate";"13.69";"g/sec";"13.01582";"77.5656216666667";
"46747.698014";"Power from MAF";"16.428";"hp";"13.01582";"77.5656216666667";
"46747.753014";"Average speed";"0";"km/h";"13.01582";"77.5656216666667";
"46747.753014";"Distance travelled";"0";"km";"13.01582";"77.5656216666667";
"46747.753014";"Distance travelled (total)";"0";"km";"13.01582";"77.5656216666667";
"46747.753014";"Vehicle acceleration";"0";"g";"13.01582";"77.5656216666667";
"46747.753014";"Vehicle speed";"0";"km/h";"13.01582";"77.5656216666667";
"46747.803014";"Calculated engine load value";"21.1764705882353";"%";"13.01582";"77.5656216666667";
"46747.850014";"Calculated instant fuel rate";"0.831380090497737";"L/h";"13.01582";"77.5656216666667";
"46747.850014";"Fuel used";"0.013016997846541";"L";"13.01582";"77.5656216666667";
"46747.850014";"Fuel used (total)";"0.013016997846541";"L";"13.01582";"77.5656216666667";
"46747.850014";"Fuel used price";"0.0131471678250064";"₹";"13.01582";"77.5656216666667";
"46747.850014";"Fuel used price (total)";"0.01";"₹";"13.01582";"77.5656216666667";
"46747.850014";"Instant engine power (based on fuel consumption)";"3.68112293548705";"hp";"13.01582";"77.5656216666667";
"46747.850014";"MAF air flow rate";"13.61";"g/sec";"13.01582";"77.5656216666667";
"46747.850014";"Power from MAF";"16.332";"hp";"13.01582";"77.5656216666667";
"46747.902014";"Average speed";"0";"km/h";"13.01582";"77.5656216666667";
"46747.902014";"Distance travelled";"0";"km";"13.01582";"77.5656216666667";
"46747.902014";"Distance travelled (total)";"0";"km";"13.01582";"77.5656216666667";
"46747.902014";"Vehicle acceleration";"0";"g";"13.01582";"77.5656216666667";
"46747.902014";"Vehicle speed";"0";"km/h";"13.01582";"77.5656216666667";
"46747.955014";"Calculated engine load value";"21.1764705882353";"%";"13.01582";"77.5656216666667";
"46748.005014";"Calculated instant fuel rate";"0.834434389140272";"L/h";"13.01582";"77.5656216666667";
"46748.005014";"Fuel used";"0.0130528406512242";"L";"13.01582";"77.5656216666667";
"46748.005014";"Fuel used (total)";"0.0130528406512242";"L";"13.01582";"77.5656216666667";
"46748.005014";"Fuel used price";"0.0131833690577365";"₹";"13.01582";"77.5656216666667";
"46748.005014";"Fuel used price (total)";"0.01";"₹";"13.01582";"77.5656216666667";
"46748.005014";"Instant engine power (based on fuel consumption)";"3.69464653187018";"hp";"13.01582";"77.5656216666667";
"46748.005014";"MAF air flow rate";"13.66";"g/sec";"13.01582";"77.5656216666667";
"46748.005014";"Power from MAF";"16.392";"hp";"13.01582";"77.5656216666667";
"46748.058014";"Average speed";"0";"km/h";"13.01582";"77.5656216666667";
"46748.058014";"Distance travelled";"0";"km";"13.01582";"77.5656216666667";
"46748.058014";"Distance travelled (total)";"0";"km";"13.01582";"77.5656216666667";
"46748.058014";"Vehicle acceleration";"0";"g";"13.01582";"77.5656216666667";
"46748.058014";"Vehicle speed";"0";"km/h";"13.01582";"77.5656216666667";
"46748.109014";"Calculated engine load value";"21.5686274509804";"%";"13.01582";"77.5656216666667";
"46748.159014";"Calculated instant fuel rate";"0.846776018099548";"L/h";"13.01582";"77.5656216666667";
"46748.159014";"Fuel used";"0.0130891094323297";"L";"13.01582";"77.5656216666667";
"46748.159014";"Fuel used (total)";"0.0130891094323297";"L";"13.01582";"77.5656216666667";
"46748.159014";"Fuel used price";"0.013220000526653";"₹";"13.01582";"77.5656216666667";
"46748.159014";"Fuel used price (total)";"0.01";"₹";"13.01582";"77.5656216666667";
"46748.159014";"Instant engine power (based on fuel consumption)";"3.74929187873682";"hp";"13.01582";"77.5656216666667";
"46748.159014";"MAF air flow rate";"13.61";"g/sec";"13.01582";"77.5656216666667";
"46748.159014";"Power from MAF";"16.332";"hp";"13.01582";"77.5656216666667";
"46748.211014";"Average speed";"0";"km/h";"13.01582";"77.5656216666667";
"46748.211014";"Distance travelled";"0";"km";"13.01582";"77.5656216666667";
"46748.211014";"Distance travelled (total)";"0";"km";"13.01582";"77.5656216666667";
"46748.211014";"Vehicle acceleration";"0";"g";"13.01582";"77.5656216666667";
"46748.211014";"Vehicle speed";"0";"km/h";"13.01582";"77.5656216666667";
"46748.262014";"Calculated engine load value";"21.5686274509804";"%";"13.01582";"77.5656216666667";
"46748.312014";"Calculated instant fuel rate";"0.851753393665158";"L/h";"13.01582";"77.5656216666667";
"46748.312014";"Fuel used";"0.0131253587318144";"L";"13.01582";"77.5656216666667";
"46748.312014";"Fuel used (total)";"0.0131253587318144";"L";"13.01582";"77.5656216666667";
"46748.312014";"Fuel used price";"0.0132566123191325";"₹";"13.01582";"77.5656216666667";
"46748.312014";"Fuel used price (total)";"0.01";"₹";"13.01582";"77.5656216666667";
"46748.312014";"Instant engine power (based on fuel consumption)";"3.77133033210191";"hp";"13.01582";"77.5656216666667";
"46748.312014";"MAF air flow rate";"13.69";"g/sec";"13.01582";"77.5656216666667";
"46748.312014";"Power from MAF";"16.428";"hp";"13.01582";"77.5656216666667";
"46748.365014";"Average speed";"0";"km/h";"13.01582";"77.5656216666667";
"46748.365014";"Distance travelled";"0";"km";"13.01582";"77.5656216666667";
"46748.365014";"Distance travelled (total)";"0";"km";"13.01582";"77.5656216666667";
"46748.365014";"Vehicle acceleration";"0";"g";"13.01582";"77.5656216666667";
"46748.365014";"Vehicle speed";"0";"km/h";"13.01582";"77.5656216666667";
"46748.416014";"Calculated engine load value";"21.5686274509804";"%";"13.01582";"77.5656216666667";
"46748.463014";"Calculated instant fuel rate";"0.849886877828054";"L/h";"13.01582";"77.5656216666667";
"46748.463014";"Fuel used";"0.0131611388041151";"L";"13.01582";"77.5656216666667";
"46748.463014";"Fuel used (total)";"0.0131611388041151";"L";"13.01582";"77.5656216666667";
"46748.463014";"Fuel used price";"0.0132927501921563";"₹";"13.01582";"77.5656216666667";
"46748.463014";"Fuel used price (total)";"0.01";"₹";"13.01582";"77.5656216666667";
"46748.463014";"Instant engine power (based on fuel consumption)";"3.76306591209";"hp";"13.01582";"77.5656216666667";
"46748.463014";"MAF air flow rate";"13.66";"g/sec";"13.01582";"77.5656216666667";
"46748.463014";"Power from MAF";"16.392";"hp";"13.01582";"77.5656216666667";
"46748.515014";"Average speed";"0";"km/h";"13.01582";"77.5656216666667";
"46748.515014";"Distance travelled";"0";"km";"13.01582";"77.5656216666667";
"46748.515014";"Distance travelled (total)";"0";"km";"13.01582";"77.5656216666667";
"46748.515014";"Vehicle acceleration";"0";"g";"13.01582";"77.5656216666667";
"46748.515014";"Vehicle speed";"0";"km/h";"13.01582";"77.5656216666667";
"46748.577014";"Calculated engine load value";"21.1764705882353";"%";"13.01582";"77.5656216666667";
"46748.629014";"Calculated instant fuel rate";"0.838099547511312";"L/h";"13.01582";"77.5656216666667";
"46748.629014";"Fuel used";"0.0131997504925993";"L";"13.01582";"77.5656216666667";
"46748.629014";"Fuel used (total)";"0.0131997504925993";"L";"13.01582";"77.5656216666667";
"46748.629014";"Fuel used price";"0.0133317479975253";"₹";"13.01582";"77.5656216666667";
"46748.629014";"Fuel used price (total)";"0.01";"₹";"13.01582";"77.5656216666667";
"46748.629014";"Instant engine power (based on fuel consumption)";"3.71087484752993";"hp";"13.01582";"77.5656216666667";
"46748.629014";"MAF air flow rate";"13.72";"g/sec";"13.01582";"77.5656216666667";
"46748.629014";"Power from MAF";"16.464";"hp";"13.01582";"77.5656216666667";
"46748.704014";"Average speed";"0";"km/h";"13.01582";"77.5656216666667";
"46748.704014";"Distance travelled";"0";"km";"13.01582";"77.5656216666667";
"46748.704014";"Distance travelled (total)";"0";"km";"13.01582";"77.5656216666667";
"46748.704014";"Vehicle acceleration";"0";"g";"13.01582";"77.5656216666667";
"46748.704014";"Vehicle speed";"0";"km/h";"13.01582";"77.5656216666667";
"46748.766014";"Calculated engine load value";"21.5686274509804";"%";"13.01582";"77.5656216666667";
"46748.815014";"Calculated instant fuel rate";"0.853619909502263";"L/h";"13.01582";"77.5656216666667";
"46748.815014";"Fuel used";"0.013243702717813";"L";"13.01582";"77.5656216666667";
"46748.815014";"Fuel used (total)";"0.013243702717813";"L";"13.01582";"77.5656216666667";
"46748.815014";"Fuel used price";"0.0133761397449911";"₹";"13.01582";"77.5656216666667";
"46748.815014";"Fuel used price (total)";"0.01";"₹";"13.01582";"77.5656216666667";
"46748.815014";"Instant engine power (based on fuel consumption)";"3.77959475211382";"hp";"13.01582";"77.5656216666667";
"46748.815014";"MAF air flow rate";"13.72";"g/sec";"13.01582";"77.5656216666667";
"46748.815014";"Power from MAF";"16.464";"hp";"13.01582";"77.5656216666667";
"46748.900014";"Average speed";"0";"km/h";"13.01582";"77.5656216666667";
"46748.900014";"Distance travelled";"0";"km";"13.01582";"77.5656216666667";
"46748.900014";"Distance travelled (total)";"0";"km";"13.01582";"77.5656216666667";
"46748.900014";"Vehicle acceleration";"0";"g";"13.01582";"77.5656216666667";
"46748.900014";"Vehicle speed";"0";"km/h";"13.01582";"77.5656216666667";
"46748.950014";"Calculated engine load value";"21.5686274509804";"%";"13.01582";"77.5656216666667";
"46749.012014";"Calculated instant fuel rate";"0.849886877828054";"L/h";"13.01582";"77.5656216666667";
"46749.012014";"Fuel used";"0.0132902282168137";"L";"13.01582";"77.5656216666667";
"46749.012014";"Fuel used (total)";"0.0132902282168137";"L";"13.01582";"77.5656216666667";
"46749.012014";"Fuel used price";"0.0134231304989819";"₹";"13.01582";"77.5656216666667";
"46749.012014";"Fuel used price (total)";"0.01";"₹";"13.01582";"77.5656216666667";
"46749.012014";"Instant engine power (based on fuel consumption)";"3.76306591209";"hp";"13.01582";"77.5656216666667";
"46749.012014";"MAF air flow rate";"13.66";"g/sec";"13.01582";"77.5656216666667";
"46749.012014";"Power from MAF";"16.392";"hp";"13.01582";"77.5656216666667";
"46749.064014";"Average speed";"0";"km/h";"13.01582";"77.5656216666667";
"46749.064014";"Distance travelled";"0";"km";"13.01582";"77.5656216666667";
"46749.064014";"Distance travelled (total)";"0";"km";"13.01582";"77.5656216666667";
"46749.064014";"Vehicle acceleration";"0";"g";"13.01582";"77.5656216666667";
"46749.064014";"Vehicle speed";"0";"km/h";"13.01582";"77.5656216666667";
"46749.136014";"Calculated engine load value";"21.5686274509804";"%";"13.01582";"77.5656216666667";
"46749.152014";"Altitude (GPS)";"855.5";"m";"13.01582";"77.5656183333333";
"46749.194014";"Calculated instant fuel rate";"0.853619909502263";"L/h";"13.01582";"77.5656183333333";
"46749.194014";"Fuel used";"0.0133333955859439";"L";"13.01582";"77.5656183333333";
"46749.194014";"Fuel used (total)";"0.0133333955859439";"L";"13.01582";"77.5656183333333";
"46749.194014";"Fuel used price";"0.0134667295418034";"₹";"13.01582";"77.5656183333333";
"46749.194014";"Fuel used price (total)";"0.01";"₹";"13.01582";"77.5656183333333";
"46749.194014";"Instant engine power (based on fuel consumption)";"3.77959475211382";"hp";"13.01582";"77.5656183333333";
"46749.194014";"MAF air flow rate";"13.72";"g/sec";"13.01582";"77.5656183333333";
"46749.194014";"Power from MAF";"16.464";"hp";"13.01582";"77.5656183333333";
"46749.248014";"Average speed";"0";"km/h";"13.01582";"77.5656183333333";
"46749.248014";"Distance travelled";"0";"km";"13.01582";"77.5656183333333";
"46749.248014";"Distance travelled (total)";"0";"km";"13.01582";"77.5656183333333";
"46749.248014";"Vehicle acceleration";"0";"g";"13.01582";"77.5656183333333";
"46749.248014";"Vehicle speed";"0";"km/h";"13.01582";"77.5656183333333";
"46749.349014";"Calculated engine load value";"21.5686274509804";"%";"13.01582";"77.5656183333333";
"46749.407014";"Calculated instant fuel rate";"0.846776018099548";"L/h";"13.01582";"77.5656183333333";
"46749.407014";"Fuel used";"0.0133833912649064";"L";"13.01582";"77.5656183333333";
"46749.407014";"Fuel used (total)";"0.0133833912649064";"L";"13.01582";"77.5656183333333";
"46749.407014";"Fuel used price";"0.0135172251775554";"₹";"13.01582";"77.5656183333333";
"46749.407014";"Fuel used price (total)";"0.01";"₹";"13.01582";"77.5656183333333";
"46749.407014";"Instant engine power (based on fuel consumption)";"3.74929187873682";"hp";"13.01582";"77.5656183333333";
"46749.407014";"MAF air flow rate";"13.61";"g/sec";"13.01582";"77.5656183333333";
"46749.407014";"Power from MAF";"16.332";"hp";"13.01582";"77.5656183333333";
"46749.461014";"Average speed";"0";"km/h";"13.01582";"77.5656183333333";
"46749.461014";"Distance travelled";"0";"km";"13.01582";"77.5656183333333";
"46749.461014";"Distance travelled (total)";"0";"km";"13.01582";"77.5656183333333";
"46749.461014";"Vehicle acceleration";"0";"g";"13.01582";"77.5656183333333";
"46749.461014";"Vehicle speed";"0";"km/h";"13.01582";"77.5656183333333";
"46749.513014";"Calculated engine load value";"21.1764705882353";"%";"13.01582";"77.5656183333333";
"46749.561014";"Calculated instant fuel rate";"0.832601809954751";"L/h";"13.01582";"77.5656183333333";
"46749.561014";"Fuel used";"0.0134190633031077";"L";"13.01582";"77.5656183333333";
"46749.561014";"Fuel used (total)";"0.0134190633031077";"L";"13.01582";"77.5656183333333";
"46749.561014";"Fuel used price";"0.0135532539361388";"₹";"13.01582";"77.5656183333333";
"46749.561014";"Fuel used price (total)";"0.01";"₹";"13.01582";"77.5656183333333";
"46749.561014";"Instant engine power (based on fuel consumption)";"3.6865323740403";"hp";"13.01582";"77.5656183333333";
"46749.561014";"MAF air flow rate";"13.63";"g/sec";"13.01582";"77.5656183333333";
"46749.561014";"Power from MAF";"16.356";"hp";"13.01582";"77.5656183333333";
"46749.613014";"Average speed";"0";"km/h";"13.01582";"77.5656183333333";
"46749.613014";"Distance travelled";"0";"km";"13.01582";"77.5656183333333";
"46749.613014";"Distance travelled (total)";"0";"km";"13.01582";"77.5656183333333";
"46749.613014";"Vehicle acceleration";"0";"g";"13.01582";"77.5656183333333";
"46749.613014";"Vehicle speed";"0";"km/h";"13.01582";"77.5656183333333";
"46749.663014";"Calculated engine load value";"21.1764705882353";"%";"13.01582";"77.5656183333333";
"46749.713014";"Calculated instant fuel rate";"0.834434389140272";"L/h";"13.01582";"77.5656183333333";
"46749.713014";"Fuel used";"0.0134544291358227";"L";"13.01582";"77.5656183333333";
"46749.713014";"Fuel used (total)";"0.0134544291358227";"L";"13.01582";"77.5656183333333";
"46749.713014";"Fuel used price";"0.0135889734271809";"₹";"13.01582";"77.5656183333333";
"46749.713014";"Fuel used price (total)";"0.01";"₹";"13.01582";"77.5656183333333";
"46749.713014";"Instant engine power (based on fuel consumption)";"3.69464653187018";"hp";"13.01582";"77.5656183333333";
"46749.713014";"MAF air flow rate";"13.66";"g/sec";"13.01582";"77.5656183333333";
"46749.713014";"Power from MAF";"16.392";"hp";"13.01582";"77.5656183333333";
"46749.778014";"Average speed";"0";"km/h";"13.01582";"77.5656183333333";
"46749.778014";"Distance travelled";"0";"km";"13.01582";"77.5656183333333";
"46749.778014";"Distance travelled (total)";"0";"km";"13.01582";"77.5656183333333";
"46749.778014";"Vehicle acceleration";"0";"g";"13.01582";"77.5656183333333";
"46749.778014";"Vehicle speed";"0";"km/h";"13.01582";"77.5656183333333";
"46749.831014";"Calculated engine load value";"21.1764705882353";"%";"13.01582";"77.5656183333333";
"46749.895014";"Calculated instant fuel rate";"0.841153846153846";"L/h";"13.01582";"77.5656183333333";
"46749.895014";"Fuel used";"0.0134968167707265";"L";"13.01582";"77.5656183333333";
"46749.895014";"Fuel used (total)";"0.0134968167707265";"L";"13.01582";"77.5656183333333";
"46749.895014";"Fuel used price";"0.0136317849384338";"₹";"13.01582";"77.5656183333333";
"46749.895014";"Fuel used price (total)";"0.01";"₹";"13.01582";"77.5656183333333";
"46749.895014";"Instant engine power (based on fuel consumption)";"3.72439844391306";"hp";"13.01582";"77.5656183333333";
"46749.895014";"MAF air flow rate";"13.77";"g/sec";"13.01582";"77.5656183333333";
"46749.895014";"Power from MAF";"16.524";"hp";"13.01582";"77.5656183333333";
"46749.982014";"Average speed";"0";"km/h";"13.01582";"77.5656183333333";
"46749.982014";"Distance travelled";"0";"km";"13.01582";"77.5656183333333";
"46749.982014";"Distance travelled (total)";"0";"km";"13.01582";"77.5656183333333";
"46749.982014";"Vehicle acceleration";"0";"g";"13.01582";"77.5656183333333";
"46749.982014";"Vehicle speed";"0";"km/h";"13.01582";"77.5656183333333";
"46750.034014";"Calculated engine load value";"21.5686274509804";"%";"13.01582";"77.5656183333333";
"46750.080014";"Altitude (GPS)";"873.700012207031";"m";"13.0157847";"77.5656106";
"46750.091014";"Calculated instant fuel rate";"0.849886877828054";"L/h";"13.0157847";"77.5656106";
"46750.091014";"Fuel used";"0.0135429757560112";"L";"13.0157847";"77.5656106";
"46750.091014";"Fuel used (total)";"0.0135429757560112";"L";"13.0157847";"77.5656106";
"46750.091014";"Fuel used price";"0.0136784055135713";"₹";"13.0157847";"77.5656106";
"46750.091014";"Fuel used price (total)";"0.01";"₹";"13.0157847";"77.5656106";
"46750.091014";"Instant engine power (based on fuel consumption)";"3.76306591209";"hp";"13.0157847";"77.5656106";
"46750.091014";"MAF air flow rate";"13.66";"g/sec";"13.0157847";"77.5656106";
"46750.091014";"Power from MAF";"16.392";"hp";"13.0157847";"77.5656106";
"46750.153014";"Average speed";"0";"km/h";"13.0157847";"77.5656106";
"46750.153014";"Distance travelled";"0";"km";"13.0157847";"77.5656106";
"46750.153014";"Distance travelled (total)";"0";"km";"13.0157847";"77.5656106";
"46750.153014";"Vehicle acceleration";"0";"g";"13.0157847";"77.5656106";
"46750.153014";"Vehicle speed";"0";"km/h";"13.0157847";"77.5656106";
"46750.203014";"Calculated engine load value";"21.5686274509804";"%";"13.0157847";"77.5656106";
"46750.272014";"Calculated instant fuel rate";"0.846776018099548";"L/h";"13.0157847";"77.5656106";
"46750.272014";"Fuel used";"0.013585488193043";"L";"13.0157847";"77.5656106";
"46750.272014";"Fuel used (total)";"0.013585488193043";"L";"13.0157847";"77.5656106";
"46750.272014";"Fuel used price";"0.0137213430749734";"₹";"13.0157847";"77.5656106";
"46750.272014";"Fuel used price (total)";"0.01";"₹";"13.0157847";"77.5656106";
"46750.272014";"Instant engine power (based on fuel consumption)";"3.74929187873682";"hp";"13.0157847";"77.5656106";
"46750.272014";"MAF air flow rate";"13.61";"g/sec";"13.0157847";"77.5656106";
"46750.272014";"Power from MAF";"16.332";"hp";"13.0157847";"77.5656106";
"46750.317014";"Average speed";"0";"km/h";"13.0157847";"77.5656106";
"46750.317014";"Distance travelled";"0";"km";"13.0157847";"77.5656106";
"46750.317014";"Distance travelled (total)";"0";"km";"13.0157847";"77.5656106";
"46750.317014";"Vehicle acceleration";"0";"g";"13.0157847";"77.5656106";
"46750.317014";"Vehicle speed";"0";"km/h";"13.0157847";"77.5656106";
"46750.373014";"Calculated engine load value";"21.5686274509804";"%";"13.0157847";"77.5656106";
"46750.421014";"Calculated instant fuel rate";"0.846776018099548";"L/h";"13.0157847";"77.5656106";
"46750.421014";"Fuel used";"0.013620580026048";"L";"13.0157847";"77.5656106";
"46750.421014";"Fuel used (total)";"0.013620580026048";"L";"13.0157847";"77.5656106";
"46750.421014";"Fuel used price";"0.0137567858263084";"₹";"13.0157847";"77.5656106";
"46750.421014";"Fuel used price (total)";"0.01";"₹";"13.0157847";"77.5656106";
"46750.421014";"Instant engine power (based on fuel consumption)";"3.74929187873682";"hp";"13.0157847";"77.5656106";
"46750.421014";"MAF air flow rate";"13.61";"g/sec";"13.0157847";"77.5656106";
"46750.421014";"Power from MAF";"16.332";"hp";"13.0157847";"77.5656106";
"46750.467014";"Average speed";"0";"km/h";"13.0157847";"77.5656106";
"46750.467014";"Distance travelled";"0";"km";"13.0157847";"77.5656106";
"46750.467014";"Distance travelled (total)";"0";"km";"13.0157847";"77.5656106";
"46750.467014";"Vehicle acceleration";"0";"g";"13.0157847";"77.5656106";
"46750.467014";"Vehicle speed";"0";"km/h";"13.0157847";"77.5656106";
"46750.517014";"Calculated engine load value";"21.5686274509804";"%";"13.0157847";"77.5656106";
"46750.576014";"Calculated instant fuel rate";"0.846776018099548";"L/h";"13.0157847";"77.5656106";
"46750.576014";"Fuel used";"0.0136571280785885";"L";"13.0157847";"77.5656106";
"46750.576014";"Fuel used (total)";"0.0136571280785885";"L";"13.0157847";"77.5656106";
"46750.576014";"Fuel used price";"0.0137936993593744";"₹";"13.0157847";"77.5656106";
"46750.576014";"Fuel used price (total)";"0.01";"₹";"13.0157847";"77.5656106";
"46750.576014";"Instant engine power (based on fuel consumption)";"3.74929187873682";"hp";"13.0157847";"77.5656106";
"46750.576014";"MAF air flow rate";"13.61";"g/sec";"13.0157847";"77.5656106";
"46750.576014";"Power from MAF";"16.332";"hp";"13.0157847";"77.5656106";
"46750.625014";"Average speed";"0";"km/h";"13.0157847";"77.5656106";
"46750.625014";"Distance travelled";"0";"km";"13.0157847";"77.5656106";
"46750.625014";"Distance travelled (total)";"0";"km";"13.0157847";"77.5656106";
"46750.625014";"Vehicle acceleration";"0";"g";"13.0157847";"77.5656106";
"46750.625014";"Vehicle speed";"0";"km/h";"13.0157847";"77.5656106";
"46750.684014";"Calculated engine load value";"21.5686274509804";"%";"13.0157847";"77.5656106";
"46750.731014";"Calculated instant fuel rate";"0.849886877828054";"L/h";"13.0157847";"77.5656106";
"46750.731014";"Fuel used";"0.0136935284266623";"L";"13.0157847";"77.5656106";
"46750.731014";"Fuel used (total)";"0.0136935284266623";"L";"13.0157847";"77.5656106";
"46750.731014";"Fuel used price";"0.0138304637109289";"₹";"13.0157847";"77.5656106";
"46750.731014";"Fuel used price (total)";"0.01";"₹";"13.0157847";"77.5656106";
"46750.731014";"Instant engine power (based on fuel consumption)";"3.76306591209";"hp";"13.0157847";"77.5656106";
"46750.731014";"MAF air flow rate";"13.66";"g/sec";"13.0157847";"77.5656106";
"46750.731014";"Power from MAF";"16.392";"hp";"13.0157847";"77.5656106";
"46750.788014";"Average speed";"0";"km/h";"13.0157847";"77.5656106";
"46750.788014";"Distance travelled";"0";"km";"13.0157847";"77.5656106";
"46750.788014";"Distance travelled (total)";"0";"km";"13.0157847";"77.5656106";
"46750.788014";"Vehicle acceleration";"0";"g";"13.0157847";"77.5656106";
"46750.788014";"Vehicle speed";"0";"km/h";"13.0157847";"77.5656106";
"46750.835014";"Calculated engine load value";"21.1764705882353";"%";"13.0157847";"77.5656106";
"46750.881014";"Calculated instant fuel rate";"0.832601809954751";"L/h";"13.0157847";"77.5656106";
"46750.881014";"Fuel used";"0.0137284115977765";"L";"13.0157847";"77.5656106";
"46750.881014";"Fuel used (total)";"0.0137284115977765";"L";"13.0157847";"77.5656106";
"46750.881014";"Fuel used price";"0.0138656957137543";"₹";"13.0157847";"77.5656106";
"46750.881014";"Fuel used price (total)";"0.01";"₹";"13.0157847";"77.5656106";
"46750.881014";"Instant engine power (based on fuel consumption)";"3.6865323740403";"hp";"13.0157847";"77.5656106";
"46750.881014";"MAF air flow rate";"13.63";"g/sec";"13.0157847";"77.5656106";
"46750.881014";"Power from MAF";"16.356";"hp";"13.0157847";"77.5656106";
"46750.930014";"Average speed";"0";"km/h";"13.0157847";"77.5656106";
"46750.930014";"Distance travelled";"0";"km";"13.0157847";"77.5656106";
"46750.930014";"Distance travelled (total)";"0";"km";"13.0157847";"77.5656106";
"46750.930014";"Vehicle acceleration";"0";"g";"13.0157847";"77.5656106";
"46750.930014";"Vehicle speed";"0";"km/h";"13.0157847";"77.5656106";
"46750.989014";"Calculated engine load value";"21.1764705882353";"%";"13.0157847";"77.5656106";
"46751.035014";"Calculated instant fuel rate";"0.836266968325792";"L/h";"13.0157847";"77.5656106";
"46751.035014";"Fuel used";"0.013764403970582";"L";"13.0157847";"77.5656106";
"46751.035014";"Fuel used (total)";"0.013764403970582";"L";"13.0157847";"77.5656106";
"46751.035014";"Fuel used price";"0.0139020480102878";"₹";"13.0157847";"77.5656106";
"46751.035014";"Fuel used price (total)";"0.01";"₹";"13.0157847";"77.5656106";
"46751.035014";"Instant engine power (based on fuel consumption)";"3.70276068970006";"hp";"13.0157847";"77.5656106";
"46751.035014";"MAF air flow rate";"13.69";"g/sec";"13.0157847";"77.5656106";
"46751.035014";"Power from MAF";"16.428";"hp";"13.0157847";"77.5656106";
"46751.092014";"Average speed";"0";"km/h";"13.0157847";"77.5656106";
"46751.092014";"Distance travelled";"0";"km";"13.0157847";"77.5656106";
"46751.092014";"Distance travelled (total)";"0";"km";"13.0157847";"77.5656106";
"46751.092014";"Vehicle acceleration";"0";"g";"13.0157847";"77.5656106";
"46751.092014";"Vehicle speed";"0";"km/h";"13.0157847";"77.5656106";
"46751.143014";"Calculated engine load value";"21.5686274509804";"%";"13.0157847";"77.5656106";
"46751.189014";"Calculated instant fuel rate";"0.854864253393665";"L/h";"13.0157847";"77.5656106";
"46751.189014";"Fuel used";"0.0138006744123335";"L";"13.0157847";"77.5656106";
"46751.189014";"Fuel used (total)";"0.0138006744123335";"L";"13.0157847";"77.5656106";
"46751.189014";"Fuel used price";"0.0139386811564568";"₹";"13.0157847";"77.5656106";
"46751.189014";"Fuel used price (total)";"0.01";"₹";"13.0157847";"77.5656106";
"46751.189014";"Instant engine power (based on fuel consumption)";"3.78510436545509";"hp";"13.0157847";"77.5656106";
"46751.189014";"MAF air flow rate";"13.74";"g/sec";"13.0157847";"77.5656106";
"46751.189014";"Power from MAF";"16.488";"hp";"13.0157847";"77.5656106";
"46751.238014";"Average speed";"0";"km/h";"13.0157847";"77.5656106";
"46751.238014";"Distance travelled";"0";"km";"13.0157847";"77.5656106";
"46751.238014";"Distance travelled (total)";"0";"km";"13.0157847";"77.5656106";
"46751.238014";"Vehicle acceleration";"0";"g";"13.0157847";"77.5656106";
"46751.238014";"Vehicle speed";"0";"km/h";"13.0157847";"77.5656106";
"46751.283014";"Calculated engine load value";"21.5686274509804";"%";"13.0157847";"77.5656106";
"46751.340014";"Calculated instant fuel rate";"0.851753393665158";"L/h";"13.0157847";"77.5656106";
"46751.340014";"Fuel used";"0.0138365574105392";"L";"13.0157847";"77.5656106";
"46751.340014";"Fuel used (total)";"0.0138365574105392";"L";"13.0157847";"77.5656106";
"46751.340014";"Fuel used price";"0.0139749229846446";"₹";"13.0157847";"77.5656106";
"46751.340014";"Fuel used price (total)";"0.01";"₹";"13.0157847";"77.5656106";
"46751.340014";"Instant engine power (based on fuel consumption)";"3.77133033210191";"hp";"13.0157847";"77.5656106";
"46751.340014";"MAF air flow rate";"13.69";"g/sec";"13.0157847";"77.5656106";
"46751.340014";"Power from MAF";"16.428";"hp";"13.0157847";"77.5656106";
"46751.390014";"Average speed";"0";"km/h";"13.0157847";"77.5656106";
"46751.390014";"Distance travelled";"0";"km";"13.0157847";"77.5656106";
"46751.390014";"Distance travelled (total)";"0";"km";"13.0157847";"77.5656106";
"46751.390014";"Vehicle acceleration";"0";"g";"13.0157847";"77.5656106";
"46751.390014";"Vehicle speed";"0";"km/h";"13.0157847";"77.5656106";
"46751.442014";"Calculated engine load value";"21.1764705882353";"%";"13.0157847";"77.5656106";
"46751.491014";"Calculated instant fuel rate";"0.841153846153846";"L/h";"13.0157847";"77.5656106";
"46751.491014";"Fuel used";"0.0138717334363085";"L";"13.0157847";"77.5656106";
"46751.491014";"Fuel used (total)";"0.0138717334363085";"L";"13.0157847";"77.5656106";
"46751.491014";"Fuel used price";"0.0140104507706715";"₹";"13.0157847";"77.5656106";
"46751.491014";"Fuel used price (total)";"0.01";"₹";"13.0157847";"77.5656106";
"46751.491014";"Instant engine power (based on fuel consumption)";"3.72439844391306";"hp";"13.0157847";"77.5656106";
"46751.491014";"MAF air flow rate";"13.77";"g/sec";"13.0157847";"77.5656106";
"46751.491014";"Power from MAF";"16.524";"hp";"13.0157847";"77.5656106";
"46751.539014";"Average speed";"0";"km/h";"13.0157847";"77.5656106";
"46751.539014";"Distance travelled";"0";"km";"13.0157847";"77.5656106";
"46751.539014";"Distance travelled (total)";"0";"km";"13.0157847";"77.5656106";
"46751.539014";"Vehicle acceleration";"0";"g";"13.0157847";"77.5656106";
"46751.539014";"Vehicle speed";"0";"km/h";"13.0157847";"77.5656106";
"46751.610014";"Calculated engine load value";"21.1764705882353";"%";"13.0157847";"77.5656106";
"46751.659014";"Calculated instant fuel rate";"0.834434389140272";"L/h";"13.0157847";"77.5656106";
"46751.659014";"Fuel used";"0.0139106911150302";"L";"13.0157847";"77.5656106";
"46751.659014";"Fuel used (total)";"0.0139106911150302";"L";"13.0157847";"77.5656106";
"46751.659014";"Fuel used price";"0.0140497980261805";"₹";"13.0157847";"77.5656106";
"46751.659014";"Fuel used price (total)";"0.01";"₹";"13.0157847";"77.5656106";
"46751.659014";"Instant engine power (based on fuel consumption)";"3.69464653187018";"hp";"13.0157847";"77.5656106";
"46751.659014";"MAF air flow rate";"13.66";"g/sec";"13.0157847";"77.5656106";
"46751.659014";"Power from MAF";"16.392";"hp";"13.0157847";"77.5656106";
"46751.706014";"Average speed";"0";"km/h";"13.0157847";"77.5656106";
"46751.706014";"Distance travelled";"0";"km";"13.0157847";"77.5656106";
"46751.706014";"Distance travelled (total)";"0";"km";"13.0157847";"77.5656106";
"46751.706014";"Vehicle acceleration";"0";"g";"13.0157847";"77.5656106";
"46751.706014";"Vehicle speed";"0";"km/h";"13.0157847";"77.5656106";
"46751.751014";"Calculated engine load value";"21.1764705882353";"%";"13.0157847";"77.5656106";
"46751.797014";"Calculated instant fuel rate";"0.832601809954751";"L/h";"13.0157847";"77.5656106";
"46751.797014";"Fuel used";"0.0139425856850754";"L";"13.0157847";"77.5656106";
"46751.797014";"Fuel used (total)";"0.0139425856850754";"L";"13.0157847";"77.5656106";
"46751.797014";"Fuel used price";"0.0140820115419262";"₹";"13.0157847";"77.5656106";
"46751.797014";"Fuel used price (total)";"0.01";"₹";"13.0157847";"77.5656106";
"46751.797014";"Instant engine power (based on fuel consumption)";"3.6865323740403";"hp";"13.0157847";"77.5656106";
"46751.797014";"MAF air flow rate";"13.63";"g/sec";"13.0157847";"77.5656106";
"46751.797014";"Power from MAF";"16.356";"hp";"13.0157847";"77.5656106";
"46751.844014";"Average speed";"0";"km/h";"13.0157847";"77.5656106";
"46751.844014";"Distance travelled";"0";"km";"13.0157847";"77.5656106";
"46751.844014";"Distance travelled (total)";"0";"km";"13.0157847";"77.5656106";
"46751.844014";"Vehicle acceleration";"0";"g";"13.0157847";"77.5656106";
"46751.844014";"Vehicle speed";"0";"km/h";"13.0157847";"77.5656106";
"46751.892014";"Calculated engine load value";"21.5686274509804";"%";"13.0157847";"77.5656106";
"46751.937014";"Calculated instant fuel rate";"0.853619909502263";"L/h";"13.0157847";"77.5656106";
"46751.937014";"Fuel used";"0.0139757426061036";"L";"13.0157847";"77.5656106";
"46751.937014";"Fuel used (total)";"0.0139757426061036";"L";"13.0157847";"77.5656106";
"46751.937014";"Fuel used price";"0.0141155000321646";"₹";"13.0157847";"77.5656106";
"46751.937014";"Fuel used price (total)";"0.01";"₹";"13.0157847";"77.5656106";
"46751.937014";"Instant engine power (based on fuel consumption)";"3.77959475211382";"hp";"13.0157847";"77.5656106";
"46751.937014";"MAF air flow rate";"13.72";"g/sec";"13.0157847";"77.5656106";
"46751.937014";"Power from MAF";"16.464";"hp";"13.0157847";"77.5656106";
"46751.988014";"Average speed";"0";"km/h";"13.0157847";"77.5656106";
"46751.988014";"Distance travelled";"0";"km";"13.0157847";"77.5656106";
"46751.988014";"Distance travelled (total)";"0";"km";"13.0157847";"77.5656106";
"46751.988014";"Vehicle acceleration";"0";"g";"13.0157847";"77.5656106";
"46751.988014";"Vehicle speed";"0";"km/h";"13.0157847";"77.5656106";
"46752.038014";"Calculated engine load value";"21.1764705882353";"%";"13.0157847";"77.5656106";
"46752.083014";"Calculated instant fuel rate";"0.841153846153846";"L/h";"13.0157847";"77.5656106";
"46752.083014";"Fuel used";"0.014009890204469";"L";"13.0157847";"77.5656106";
"46752.083014";"Fuel used (total)";"0.014009890204469";"L";"13.0157847";"77.5656106";
"46752.083014";"Fuel used price";"0.0141499891065136";"₹";"13.0157847";"77.5656106";
"46752.083014";"Fuel used price (total)";"0.01";"₹";"13.0157847";"77.5656106";
"46752.083014";"Instant engine power (based on fuel consumption)";"3.72439844391306";"hp";"13.0157847";"77.5656106";
"46752.083014";"MAF air flow rate";"13.77";"g/sec";"13.0157847";"77.5656106";
"46752.083014";"Power from MAF";"16.524";"hp";"13.0157847";"77.5656106";
"46752.139014";"Average speed";"0";"km/h";"13.0157847";"77.5656106";
"46752.139014";"Distance travelled";"0";"km";"13.0157847";"77.5656106";
"46752.139014";"Distance travelled (total)";"0";"km";"13.0157847";"77.5656106";
"46752.139014";"Vehicle acceleration";"0";"g";"13.0157847";"77.5656106";
"46752.139014";"Vehicle speed";"0";"km/h";"13.0157847";"77.5656106";
"46752.190014";"Calculated engine load value";"21.5686274509804";"%";"13.0157847";"77.5656106";
"46752.243014";"Calculated instant fuel rate";"0.854864253393665";"L/h";"13.0157847";"77.5656106";
"46752.243014";"Fuel used";"0.0140482695250949";"L";"13.0157847";"77.5656106";
"46752.243014";"Fuel used (total)";"0.0140482695250949";"L";"13.0157847";"77.5656106";
"46752.243014";"Fuel used price";"0.0141887522203458";"₹";"13.0157847";"77.5656106";
"46752.243014";"Fuel used price (total)";"0.01";"₹";"13.0157847";"77.5656106";
"46752.243014";"Instant engine power (based on fuel consumption)";"3.78510436545509";"hp";"13.0157847";"77.5656106";
"46752.243014";"MAF air flow rate";"13.74";"g/sec";"13.0157847";"77.5656106";
"46752.243014";"Power from MAF";"16.488";"hp";"13.0157847";"77.5656106";
"46752.301014";"Average speed";"0";"km/h";"13.0157847";"77.5656106";
"46752.301014";"Distance travelled";"0";"km";"13.0157847";"77.5656106";
"46752.301014";"Distance travelled (total)";"0";"km";"13.0157847";"77.5656106";
"46752.301014";"Vehicle acceleration";"0";"g";"13.0157847";"77.5656106";
"46752.301014";"Vehicle speed";"0";"km/h";"13.0157847";"77.5656106";
"46752.354014";"Calculated engine load value";"21.1764705882353";"%";"13.0157847";"77.5656106";
"46752.407014";"Calculated instant fuel rate";"0.836266968325792";"L/h";"13.0157847";"77.5656106";
"46752.407014";"Fuel used";"0.0140863961905813";"L";"13.0157847";"77.5656106";
"46752.407014";"Fuel used (total)";"0.0140863961905813";"L";"13.0157847";"77.5656106";
"46752.407014";"Fuel used price";"0.0142272601524871";"₹";"13.0157847";"77.5656106";
"46752.407014";"Fuel used price (total)";"0.01";"₹";"13.0157847";"77.5656106";
"46752.407014";"Instant engine power (based on fuel consumption)";"3.70276068970006";"hp";"13.0157847";"77.5656106";
"46752.407014";"MAF air flow rate";"13.69";"g/sec";"13.0157847";"77.5656106";
"46752.407014";"Power from MAF";"16.428";"hp";"13.0157847";"77.5656106";
"46752.470014";"Average speed";"0";"km/h";"13.0157847";"77.5656106";
"46752.470014";"Distance travelled";"0";"km";"13.0157847";"77.5656106";
"46752.470014";"Distance travelled (total)";"0";"km";"13.0157847";"77.5656106";
"46752.470014";"Vehicle acceleration";"0";"g";"13.0157847";"77.5656106";
"46752.470014";"Vehicle speed";"0";"km/h";"13.0157847";"77.5656106";
"46752.539014";"Calculated engine load value";"21.1764705882353";"%";"13.0157847";"77.5656106";
"46752.587014";"Calculated instant fuel rate";"0.832601809954751";"L/h";"13.0157847";"77.5656106";
"46752.587014";"Fuel used";"0.0141276696962261";"L";"13.0157847";"77.5656106";
"46752.587014";"Fuel used (total)";"0.0141276696962261";"L";"13.0157847";"77.5656106";
"46752.587014";"Fuel used price";"0.0142689463931884";"₹";"13.0157847";"77.5656106";
"46752.587014";"Fuel used price (total)";"0.01";"₹";"13.0157847";"77.5656106";
"46752.587014";"Instant engine power (based on fuel consumption)";"3.6865323740403";"hp";"13.0157847";"77.5656106";
"46752.587014";"MAF air flow rate";"13.63";"g/sec";"13.0157847";"77.5656106";
"46752.587014";"Power from MAF";"16.356";"hp";"13.0157847";"77.5656106";
"46752.639014";"Average speed";"0";"km/h";"13.0157847";"77.5656106";
"46752.639014";"Distance travelled";"0";"km";"13.0157847";"77.5656106";
"46752.639014";"Distance travelled (total)";"0";"km";"13.0157847";"77.5656106";
"46752.639014";"Vehicle acceleration";"0";"g";"13.0157847";"77.5656106";
"46752.639014";"Vehicle speed";"0";"km/h";"13.0157847";"77.5656106";
"46752.715014";"Calculated engine load value";"21.1764705882353";"%";"13.0157847";"77.5656106";
"46752.763014";"Calculated instant fuel rate";"0.834434389140272";"L/h";"13.0157847";"77.5656106";
"46752.763014";"Fuel used";"0.0141685093258189";"L";"13.0157847";"77.5656106";
"46752.763014";"Fuel used (total)";"0.0141685093258189";"L";"13.0157847";"77.5656106";
"46752.763014";"Fuel used price";"0.0143101944190771";"₹";"13.0157847";"77.5656106";
"46752.763014";"Fuel used price (total)";"0.01";"₹";"13.0157847";"77.5656106";
"46752.763014";"Instant engine power (based on fuel consumption)";"3.69464653187018";"hp";"13.0157847";"77.5656106";
"46752.763014";"MAF air flow rate";"13.66";"g/sec";"13.0157847";"77.5656106";
"46752.763014";"Power from MAF";"16.392";"hp";"13.0157847";"77.5656106";
"46752.845014";"Average speed";"0";"km/h";"13.0157847";"77.5656106";
"46752.845014";"Distance travelled";"0";"km";"13.0157847";"77.5656106";
"46752.845014";"Distance travelled (total)";"0";"km";"13.0157847";"77.5656106";
"46752.845014";"Vehicle acceleration";"0";"g";"13.0157847";"77.5656106";
"46752.845014";"Vehicle speed";"0";"km/h";"13.0157847";"77.5656106";
"46752.890014";"Calculated engine load value";"21.1764705882353";"%";"13.0157847";"77.5656106";
"46752.937014";"Calculated instant fuel rate";"0.836266968325792";"L/h";"13.0157847";"77.5656106";
"46752.937014";"Fuel used";"0.0142089695710508";"L";"13.0157847";"77.5656106";
"46752.937014";"Fuel used (total)";"0.0142089695710508";"L";"13.0157847";"77.5656106";
"46752.937014";"Fuel used price";"0.0143510592667613";"₹";"13.0157847";"77.5656106";
"46752.937014";"Fuel used price (total)";"0.01";"₹";"13.0157847";"77.5656106";
"46752.937014";"Instant engine power (based on fuel consumption)";"3.70276068970006";"hp";"13.0157847";"77.5656106";
"46752.937014";"MAF air flow rate";"13.69";"g/sec";"13.0157847";"77.5656106";
"46752.937014";"Power from MAF";"16.428";"hp";"13.0157847";"77.5656106";
"46753.010014";"Average speed";"0";"km/h";"13.0157847";"77.5656106";
"46753.010014";"Distance travelled";"0";"km";"13.0157847";"77.5656106";
"46753.010014";"Distance travelled (total)";"0";"km";"13.0157847";"77.5656106";
"46753.010014";"Vehicle acceleration";"0";"g";"13.0157847";"77.5656106";
"46753.010014";"Vehicle speed";"0";"km/h";"13.0157847";"77.5656106";
"46753.064014";"Calculated engine load value";"21.5686274509804";"%";"13.0157847";"77.5656106";
"46753.113014";"Calculated instant fuel rate";"0.84802036199095";"L/h";"13.0157847";"77.5656106";
"46753.113014";"Fuel used";"0.0142504323488443";"L";"13.0157847";"77.5656106";
"46753.113014";"Fuel used (total)";"0.0142504323488443";"L";"13.0157847";"77.5656106";
"46753.113014";"Fuel used price";"0.0143929366723327";"₹";"13.0157847";"77.5656106";
"46753.113014";"Fuel used price (total)";"0.01";"₹";"13.0157847";"77.5656106";
"46753.113014";"Instant engine power (based on fuel consumption)";"3.75480149207809";"hp";"13.0157847";"77.5656106";
"46753.113014";"MAF air flow rate";"13.63";"g/sec";"13.0157847";"77.5656106";
"46753.113014";"Power from MAF";"16.356";"hp";"13.0157847";"77.5656106";
"46753.163014";"Average speed";"0";"km/h";"13.0157847";"77.5656106";
"46753.163014";"Distance travelled";"0";"km";"13.0157847";"77.5656106";
"46753.163014";"Distance travelled (total)";"0";"km";"13.0157847";"77.5656106";
"46753.163014";"Vehicle acceleration";"0";"g";"13.0157847";"77.5656106";
"46753.163014";"Vehicle speed";"0";"km/h";"13.0157847";"77.5656106";
"46753.229014";"Calculated engine load value";"21.1764705882353";"%";"13.0157847";"77.5656106";
"46753.274014";"Calculated instant fuel rate";"0.839321266968326";"L/h";"13.0157847";"77.5656106";
"46753.274014";"Fuel used";"0.0142878100060275";"L";"13.0157847";"77.5656106";
"46753.274014";"Fuel used (total)";"0.0142878100060275";"L";"13.0157847";"77.5656106";
"46753.274014";"Fuel used price";"0.0144306881060878";"₹";"13.0157847";"77.5656106";
"46753.274014";"Fuel used price (total)";"0.01";"₹";"13.0157847";"77.5656106";
"46753.274014";"Instant engine power (based on fuel consumption)";"3.71628428608318";"hp";"13.0157847";"77.5656106";
"46753.274014";"MAF air flow rate";"13.74";"g/sec";"13.0157847";"77.5656106";
"46753.274014";"Power from MAF";"16.488";"hp";"13.0157847";"77.5656106";
"46758.240014";"Average speed (GPS)";"0.174459723053283";"km/h";"13.0158566666667";"77.5656216666667";
"46758.240014";"Speed (GPS)";"0.298332989215851";"km/h";"13.0158566666667";"77.5656216666667";
"46758.241014";"Altitude (GPS)";"854.3";"m";"13.0158566666667";"77.5656216666667";
"46760.002014";"Average speed (GPS)";"0.173096842453269";"km/h";"13.0158566666667";"77.5656216666667";
"46760.002014";"Speed (GPS)";"0";"km/h";"13.0158566666667";"77.5656216666667";
"46761.765014";"Altitude (GPS)";"854.4";"m";"13.0158533333333";"77.5656216666667";
"46764.012014";"Altitude (GPS)";"854.5";"m";"13.0158516666667";"77.5656216666667";
"46769.005014";"Altitude (GPS)";"854.4";"m";"13.0158533333333";"77.56562";
"46771.271014";"Altitude (GPS)";"873.700012207031";"m";"13.0158602";"77.5656731";
"46774.692014";"Vehicle acceleration";"0";"g";"13.0158602";"77.5656731";
"46774.692014";"Vehicle speed";"0";"km/h";"13.0158602";"77.5656731";
"46774.741014";"Distance travelled";"0";"km";"13.0158602";"77.5656731";
"46774.741014";"Distance travelled (total)";"0";"km";"13.0158602";"77.5656731";
"46774.741014";"Vehicle acceleration";"0";"g";"13.0158602";"77.5656731";
"46774.741014";"Vehicle speed";"0";"km/h";"13.0158602";"77.5656731";
"46774.789014";"Average speed";"0";"km/h";"13.0158602";"77.5656731";
"46774.789014";"Distance travelled";"0";"km";"13.0158602";"77.5656731";
"46774.789014";"Distance travelled (total)";"0";"km";"13.0158602";"77.5656731";
"46774.789014";"Vehicle acceleration";"0";"g";"13.0158602";"77.5656731";
"46774.789014";"Vehicle speed";"0";"km/h";"13.0158602";"77.5656731";
"46774.847014";"Average speed";"0";"km/h";"13.0158602";"77.5656731";
"46774.847014";"Distance travelled";"0";"km";"13.0158602";"77.5656731";
"46774.847014";"Distance travelled (total)";"0";"km";"13.0158602";"77.5656731";
"46774.847014";"Vehicle acceleration";"0";"g";"13.0158602";"77.5656731";
"46774.847014";"Vehicle speed";"0";"km/h";"13.0158602";"77.5656731";
"46774.919014";"Average speed";"0";"km/h";"13.0158602";"77.5656731";
"46774.919014";"Distance travelled";"0";"km";"13.0158602";"77.5656731";
"46774.919014";"Distance travelled (total)";"0";"km";"13.0158602";"77.5656731";
"46774.919014";"Vehicle acceleration";"0";"g";"13.0158602";"77.5656731";
"46774.919014";"Vehicle speed";"0";"km/h";"13.0158602";"77.5656731";
"46774.969014";"Average speed";"0";"km/h";"13.0158602";"77.5656731";
"46774.969014";"Distance travelled";"0";"km";"13.0158602";"77.5656731";
"46774.969014";"Distance travelled (total)";"0";"km";"13.0158602";"77.5656731";
"46774.969014";"Vehicle acceleration";"0";"g";"13.0158602";"77.5656731";
"46774.969014";"Vehicle speed";"0";"km/h";"13.0158602";"77.5656731";
"46775.009014";"Average speed";"0";"km/h";"13.0158602";"77.5656731";
"46775.009014";"Distance travelled";"0";"km";"13.0158602";"77.5656731";
"46775.009014";"Distance travelled (total)";"0";"km";"13.0158602";"77.5656731";
"46775.009014";"Vehicle acceleration";"0";"g";"13.0158602";"77.5656731";
"46775.009014";"Vehicle speed";"0";"km/h";"13.0158602";"77.5656731";
"46775.064014";"Average speed";"0";"km/h";"13.0158602";"77.5656731";
"46775.064014";"Distance travelled";"0";"km";"13.0158602";"77.5656731";
"46775.064014";"Distance travelled (total)";"0";"km";"13.0158602";"77.5656731";
"46775.064014";"Vehicle acceleration";"0";"g";"13.0158602";"77.5656731";
"46775.064014";"Vehicle speed";"0";"km/h";"13.0158602";"77.5656731";
"46775.139014";"Average speed";"0";"km/h";"13.0158602";"77.5656731";
"46775.139014";"Distance travelled";"0";"km";"13.0158602";"77.5656731";
"46775.139014";"Distance travelled (total)";"0";"km";"13.0158602";"77.5656731";
"46775.139014";"Vehicle acceleration";"0";"g";"13.0158602";"77.5656731";
"46775.139014";"Vehicle speed";"0";"km/h";"13.0158602";"77.5656731";
"46775.193014";"Average speed";"0";"km/h";"13.0158602";"77.5656731";
"46775.193014";"Distance travelled";"0";"km";"13.0158602";"77.5656731";
"46775.193014";"Distance travelled (total)";"0";"km";"13.0158602";"77.5656731";
"46775.193014";"Vehicle acceleration";"0";"g";"13.0158602";"77.5656731";
"46775.193014";"Vehicle speed";"0";"km/h";"13.0158602";"77.5656731";
"46775.243014";"Average speed";"0";"km/h";"13.0158602";"77.5656731";
"46775.243014";"Distance travelled";"0";"km";"13.0158602";"77.5656731";
"46775.243014";"Distance travelled (total)";"0";"km";"13.0158602";"77.5656731";
"46775.243014";"Vehicle acceleration";"0";"g";"13.0158602";"77.5656731";
"46775.243014";"Vehicle speed";"0";"km/h";"13.0158602";"77.5656731";
"46775.315014";"Average speed";"0";"km/h";"13.0158602";"77.5656731";
"46775.315014";"Distance travelled";"0";"km";"13.0158602";"77.5656731";
"46775.315014";"Distance travelled (total)";"0";"km";"13.0158602";"77.5656731";
"46775.315014";"Vehicle acceleration";"0";"g";"13.0158602";"77.5656731";
"46775.315014";"Vehicle speed";"0";"km/h";"13.0158602";"77.5656731";
"46775.366014";"Average speed";"0";"km/h";"13.0158602";"77.5656731";
"46775.366014";"Distance travelled";"0";"km";"13.0158602";"77.5656731";
"46775.366014";"Distance travelled (total)";"0";"km";"13.0158602";"77.5656731";
"46775.366014";"Vehicle acceleration";"0";"g";"13.0158602";"77.5656731";
"46775.366014";"Vehicle speed";"0";"km/h";"13.0158602";"77.5656731";
"46775.449014";"Average speed";"0";"km/h";"13.0158602";"77.5656731";
"46775.449014";"Distance travelled";"0";"km";"13.0158602";"77.5656731";
"46775.449014";"Distance travelled (total)";"0";"km";"13.0158602";"77.5656731";
"46775.449014";"Vehicle acceleration";"0";"g";"13.0158602";"77.5656731";
"46775.449014";"Vehicle speed";"0";"km/h";"13.0158602";"77.5656731";
"46775.513014";"Average speed";"0";"km/h";"13.0158602";"77.5656731";
"46775.513014";"Distance travelled";"0";"km";"13.0158602";"77.5656731";
"46775.513014";"Distance travelled (total)";"0";"km";"13.0158602";"77.5656731";
"46775.513014";"Vehicle acceleration";"0";"g";"13.0158602";"77.5656731";
"46775.513014";"Vehicle speed";"0";"km/h";"13.0158602";"77.5656731";
"46775.568014";"Average speed";"0";"km/h";"13.0158602";"77.5656731";
"46775.568014";"Distance travelled";"0";"km";"13.0158602";"77.5656731";
"46775.568014";"Distance travelled (total)";"0";"km";"13.0158602";"77.5656731";
"46775.568014";"Vehicle acceleration";"0";"g";"13.0158602";"77.5656731";
"46775.568014";"Vehicle speed";"0";"km/h";"13.0158602";"77.5656731";
"46775.635014";"Average speed";"0";"km/h";"13.0158602";"77.5656731";
"46775.635014";"Distance travelled";"0";"km";"13.0158602";"77.5656731";
"46775.635014";"Distance travelled (total)";"0";"km";"13.0158602";"77.5656731";
"46775.635014";"Vehicle acceleration";"0";"g";"13.0158602";"77.5656731";
"46775.635014";"Vehicle speed";"0";"km/h";"13.0158602";"77.5656731";
"46775.681014";"Average speed";"0";"km/h";"13.0158602";"77.5656731";
"46775.681014";"Distance travelled";"0";"km";"13.0158602";"77.5656731";
"46775.681014";"Distance travelled (total)";"0";"km";"13.0158602";"77.5656731";
"46775.681014";"Vehicle acceleration";"0";"g";"13.0158602";"77.5656731";
"46775.681014";"Vehicle speed";"0";"km/h";"13.0158602";"77.5656731";
"46775.740014";"Average speed";"0";"km/h";"13.0158602";"77.5656731";
"46775.740014";"Distance travelled";"0";"km";"13.0158602";"77.5656731";
"46775.740014";"Distance travelled (total)";"0";"km";"13.0158602";"77.5656731";
"46775.740014";"Vehicle acceleration";"0";"g";"13.0158602";"77.5656731";
"46775.740014";"Vehicle speed";"0";"km/h";"13.0158602";"77.5656731";
"46775.809014";"Average speed";"0";"km/h";"13.0158602";"77.5656731";
"46775.809014";"Distance travelled";"0";"km";"13.0158602";"77.5656731";
"46775.809014";"Distance travelled (total)";"0";"km";"13.0158602";"77.5656731";
"46775.809014";"Vehicle acceleration";"0";"g";"13.0158602";"77.5656731";
"46775.809014";"Vehicle speed";"0";"km/h";"13.0158602";"77.5656731";
"46775.868014";"Average speed";"0";"km/h";"13.0158602";"77.5656731";
"46775.868014";"Distance travelled";"0";"km";"13.0158602";"77.5656731";
"46775.868014";"Distance travelled (total)";"0";"km";"13.0158602";"77.5656731";
"46775.868014";"Vehicle acceleration";"0";"g";"13.0158602";"77.5656731";
"46775.868014";"Vehicle speed";"0";"km/h";"13.0158602";"77.5656731";
"46775.930014";"Average speed";"0";"km/h";"13.0158602";"77.5656731";
"46775.930014";"Distance travelled";"0";"km";"13.0158602";"77.5656731";
"46775.930014";"Distance travelled (total)";"0";"km";"13.0158602";"77.5656731";
"46775.930014";"Vehicle acceleration";"0";"g";"13.0158602";"77.5656731";
"46775.930014";"Vehicle speed";"0";"km/h";"13.0158602";"77.5656731";
"46775.979014";"Average speed";"0";"km/h";"13.0158602";"77.5656731";
"46775.979014";"Distance travelled";"0";"km";"13.0158602";"77.5656731";
"46775.979014";"Distance travelled (total)";"0";"km";"13.0158602";"77.5656731";
"46775.979014";"Vehicle acceleration";"0";"g";"13.0158602";"77.5656731";
"46775.979014";"Vehicle speed";"0";"km/h";"13.0158602";"77.5656731";
"46776.038014";"Average speed";"0";"km/h";"13.0158602";"77.5656731";
"46776.038014";"Distance travelled";"0";"km";"13.0158602";"77.5656731";
"46776.038014";"Distance travelled (total)";"0";"km";"13.0158602";"77.5656731";
"46776.038014";"Vehicle acceleration";"0";"g";"13.0158602";"77.5656731";
"46776.038014";"Vehicle speed";"0";"km/h";"13.0158602";"77.5656731";
"46776.086014";"Average speed";"0";"km/h";"13.0158602";"77.5656731";
"46776.086014";"Distance travelled";"0";"km";"13.0158602";"77.5656731";
"46776.086014";"Distance travelled (total)";"0";"km";"13.0158602";"77.5656731";
"46776.086014";"Vehicle acceleration";"0";"g";"13.0158602";"77.5656731";
"46776.086014";"Vehicle speed";"0";"km/h";"13.0158602";"77.5656731";
"46776.134014";"Average speed";"0";"km/h";"13.0158602";"77.5656731";
"46776.134014";"Distance travelled";"0";"km";"13.0158602";"77.5656731";
"46776.134014";"Distance travelled (total)";"0";"km";"13.0158602";"77.5656731";
"46776.134014";"Vehicle acceleration";"0";"g";"13.0158602";"77.5656731";
"46776.134014";"Vehicle speed";"0";"km/h";"13.0158602";"77.5656731";
"46776.217014";"Average speed";"0";"km/h";"13.0158602";"77.5656731";
"46776.217014";"Distance travelled";"0";"km";"13.0158602";"77.5656731";
"46776.217014";"Distance travelled (total)";"0";"km";"13.0158602";"77.5656731";
"46776.217014";"Vehicle acceleration";"0";"g";"13.0158602";"77.5656731";
"46776.217014";"Vehicle speed";"0";"km/h";"13.0158602";"77.5656731";
"46776.266014";"Average speed";"0";"km/h";"13.0158602";"77.5656731";
"46776.266014";"Distance travelled";"0";"km";"13.0158602";"77.5656731";
"46776.266014";"Distance travelled (total)";"0";"km";"13.0158602";"77.5656731";
"46776.266014";"Vehicle acceleration";"0";"g";"13.0158602";"77.5656731";
"46776.266014";"Vehicle speed";"0";"km/h";"13.0158602";"77.5656731";
"46776.331014";"Average speed";"0";"km/h";"13.0158602";"77.5656731";
"46776.331014";"Distance travelled";"0";"km";"13.0158602";"77.5656731";
"46776.331014";"Distance travelled (total)";"0";"km";"13.0158602";"77.5656731";
"46776.331014";"Vehicle acceleration";"0";"g";"13.0158602";"77.5656731";
"46776.331014";"Vehicle speed";"0";"km/h";"13.0158602";"77.5656731";
"46776.401014";"Average speed";"0";"km/h";"13.0158602";"77.5656731";
"46776.401014";"Distance travelled";"0";"km";"13.0158602";"77.5656731";
"46776.401014";"Distance travelled (total)";"0";"km";"13.0158602";"77.5656731";
"46776.401014";"Vehicle acceleration";"0";"g";"13.0158602";"77.5656731";
"46776.401014";"Vehicle speed";"0";"km/h";"13.0158602";"77.5656731";
"46776.449014";"Average speed";"0";"km/h";"13.0158602";"77.5656731";
"46776.449014";"Distance travelled";"0";"km";"13.0158602";"77.5656731";
"46776.449014";"Distance travelled (total)";"0";"km";"13.0158602";"77.5656731";
"46776.449014";"Vehicle acceleration";"0";"g";"13.0158602";"77.5656731";
"46776.449014";"Vehicle speed";"0";"km/h";"13.0158602";"77.5656731";
"46776.513014";"Average speed";"0";"km/h";"13.0158602";"77.5656731";
"46776.513014";"Distance travelled";"0";"km";"13.0158602";"77.5656731";
"46776.513014";"Distance travelled (total)";"0";"km";"13.0158602";"77.5656731";
"46776.513014";"Vehicle acceleration";"0";"g";"13.0158602";"77.5656731";
"46776.513014";"Vehicle speed";"0";"km/h";"13.0158602";"77.5656731";
"46776.561014";"Average speed";"0";"km/h";"13.0158602";"77.5656731";
"46776.561014";"Distance travelled";"0";"km";"13.0158602";"77.5656731";
"46776.561014";"Distance travelled (total)";"0";"km";"13.0158602";"77.5656731";
"46776.561014";"Vehicle acceleration";"0";"g";"13.0158602";"77.5656731";
"46776.561014";"Vehicle speed";"0";"km/h";"13.0158602";"77.5656731";
"46776.619014";"Average speed";"0";"km/h";"13.0158602";"77.5656731";
"46776.619014";"Distance travelled";"0";"km";"13.0158602";"77.5656731";
"46776.619014";"Distance travelled (total)";"0";"km";"13.0158602";"77.5656731";
"46776.619014";"Vehicle acceleration";"0";"g";"13.0158602";"77.5656731";
"46776.619014";"Vehicle speed";"0";"km/h";"13.0158602";"77.5656731";
"46776.668014";"Average speed";"0";"km/h";"13.0158602";"77.5656731";
"46776.668014";"Distance travelled";"0";"km";"13.0158602";"77.5656731";
"46776.668014";"Distance travelled (total)";"0";"km";"13.0158602";"77.5656731";
"46776.668014";"Vehicle acceleration";"0";"g";"13.0158602";"77.5656731";
"46776.668014";"Vehicle speed";"0";"km/h";"13.0158602";"77.5656731";
"46776.730014";"Average speed";"0";"km/h";"13.0158602";"77.5656731";
"46776.730014";"Distance travelled";"0";"km";"13.0158602";"77.5656731";
"46776.730014";"Distance travelled (total)";"0";"km";"13.0158602";"77.5656731";
"46776.730014";"Vehicle acceleration";"0";"g";"13.0158602";"77.5656731";
"46776.730014";"Vehicle speed";"0";"km/h";"13.0158602";"77.5656731";
"46776.779014";"Average speed";"0";"km/h";"13.0158602";"77.5656731";
"46776.779014";"Distance travelled";"0";"km";"13.0158602";"77.5656731";
"46776.779014";"Distance travelled (total)";"0";"km";"13.0158602";"77.5656731";
"46776.779014";"Vehicle acceleration";"0";"g";"13.0158602";"77.5656731";
"46776.779014";"Vehicle speed";"0";"km/h";"13.0158602";"77.5656731";
"46776.829014";"Average speed";"0";"km/h";"13.0158602";"77.5656731";
"46776.829014";"Distance travelled";"0";"km";"13.0158602";"77.5656731";
"46776.829014";"Distance travelled (total)";"0";"km";"13.0158602";"77.5656731";
"46776.829014";"Vehicle acceleration";"0";"g";"13.0158602";"77.5656731";
"46776.829014";"Vehicle speed";"0";"km/h";"13.0158602";"77.5656731";
"46776.878014";"Average speed";"0";"km/h";"13.0158602";"77.5656731";
"46776.878014";"Distance travelled";"0";"km";"13.0158602";"77.5656731";
"46776.878014";"Distance travelled (total)";"0";"km";"13.0158602";"77.5656731";
"46776.878014";"Vehicle acceleration";"0";"g";"13.0158602";"77.5656731";
"46776.878014";"Vehicle speed";"0";"km/h";"13.0158602";"77.5656731";
"46776.929014";"Average speed";"0";"km/h";"13.0158602";"77.5656731";
"46776.929014";"Distance travelled";"0";"km";"13.0158602";"77.5656731";
"46776.929014";"Distance travelled (total)";"0";"km";"13.0158602";"77.5656731";
"46776.929014";"Vehicle acceleration";"0";"g";"13.0158602";"77.5656731";
"46776.929014";"Vehicle speed";"0";"km/h";"13.0158602";"77.5656731";
"46776.980014";"Average speed";"0";"km/h";"13.0158602";"77.5656731";
"46776.980014";"Distance travelled";"0";"km";"13.0158602";"77.5656731";
"46776.980014";"Distance travelled (total)";"0";"km";"13.0158602";"77.5656731";
"46776.980014";"Vehicle acceleration";"0";"g";"13.0158602";"77.5656731";
"46776.980014";"Vehicle speed";"0";"km/h";"13.0158602";"77.5656731";
"46777.040014";"Average speed";"0";"km/h";"13.0158602";"77.5656731";
"46777.040014";"Distance travelled";"0";"km";"13.0158602";"77.5656731";
"46777.040014";"Distance travelled (total)";"0";"km";"13.0158602";"77.5656731";
"46777.040014";"Vehicle acceleration";"0";"g";"13.0158602";"77.5656731";
"46777.040014";"Vehicle speed";"0";"km/h";"13.0158602";"77.5656731";
"46777.091014";"Average speed";"0";"km/h";"13.0158602";"77.5656731";
"46777.091014";"Distance travelled";"0";"km";"13.0158602";"77.5656731";
"46777.091014";"Distance travelled (total)";"0";"km";"13.0158602";"77.5656731";
"46777.091014";"Vehicle acceleration";"0";"g";"13.0158602";"77.5656731";
"46777.091014";"Vehicle speed";"0";"km/h";"13.0158602";"77.5656731";
"46777.151014";"Average speed";"0";"km/h";"13.0158602";"77.5656731";
"46777.151014";"Distance travelled";"0";"km";"13.0158602";"77.5656731";
"46777.151014";"Distance travelled (total)";"0";"km";"13.0158602";"77.5656731";
"46777.151014";"Vehicle acceleration";"0";"g";"13.0158602";"77.5656731";
"46777.151014";"Vehicle speed";"0";"km/h";"13.0158602";"77.5656731";
"46777.201014";"Average speed";"0";"km/h";"13.0158602";"77.5656731";
"46777.201014";"Distance travelled";"0";"km";"13.0158602";"77.5656731";
"46777.201014";"Distance travelled (total)";"0";"km";"13.0158602";"77.5656731";
"46777.201014";"Vehicle acceleration";"0";"g";"13.0158602";"77.5656731";
"46777.201014";"Vehicle speed";"0";"km/h";"13.0158602";"77.5656731";
"46777.262014";"Average speed";"0";"km/h";"13.0158602";"77.5656731";
"46777.262014";"Distance travelled";"0";"km";"13.0158602";"77.5656731";
"46777.262014";"Distance travelled (total)";"0";"km";"13.0158602";"77.5656731";
"46777.262014";"Vehicle acceleration";"0";"g";"13.0158602";"77.5656731";
"46777.262014";"Vehicle speed";"0";"km/h";"13.0158602";"77.5656731";
"46777.342014";"Average speed";"0";"km/h";"13.0158602";"77.5656731";
"46777.342014";"Distance travelled";"0";"km";"13.0158602";"77.5656731";
"46777.342014";"Distance travelled (total)";"0";"km";"13.0158602";"77.5656731";
"46777.342014";"Vehicle acceleration";"0";"g";"13.0158602";"77.5656731";
"46777.342014";"Vehicle speed";"0";"km/h";"13.0158602";"77.5656731";
"46777.427014";"Average speed";"0";"km/h";"13.0158602";"77.5656731";
"46777.427014";"Distance travelled";"0";"km";"13.0158602";"77.5656731";
"46777.427014";"Distance travelled (total)";"0";"km";"13.0158602";"77.5656731";
"46777.427014";"Vehicle acceleration";"0";"g";"13.0158602";"77.5656731";
"46777.427014";"Vehicle speed";"0";"km/h";"13.0158602";"77.5656731";
"46777.479014";"Average speed";"0";"km/h";"13.0158602";"77.5656731";
"46777.479014";"Distance travelled";"0";"km";"13.0158602";"77.5656731";
"46777.479014";"Distance travelled (total)";"0";"km";"13.0158602";"77.5656731";
"46777.479014";"Vehicle acceleration";"0";"g";"13.0158602";"77.5656731";
"46777.479014";"Vehicle speed";"0";"km/h";"13.0158602";"77.5656731";
"46777.528014";"Average speed";"0";"km/h";"13.0158602";"77.5656731";
"46777.528014";"Distance travelled";"0";"km";"13.0158602";"77.5656731";
"46777.528014";"Distance travelled (total)";"0";"km";"13.0158602";"77.5656731";
"46777.528014";"Vehicle acceleration";"0";"g";"13.0158602";"77.5656731";
"46777.528014";"Vehicle speed";"0";"km/h";"13.0158602";"77.5656731";
"46777.577014";"Average speed";"0";"km/h";"13.0158602";"77.5656731";
"46777.577014";"Distance travelled";"0";"km";"13.0158602";"77.5656731";
"46777.577014";"Distance travelled (total)";"0";"km";"13.0158602";"77.5656731";
"46777.577014";"Vehicle acceleration";"0";"g";"13.0158602";"77.5656731";
"46777.577014";"Vehicle speed";"0";"km/h";"13.0158602";"77.5656731";
"46777.624014";"Average speed";"0";"km/h";"13.0158602";"77.5656731";
"46777.624014";"Distance travelled";"0";"km";"13.0158602";"77.5656731";
"46777.624014";"Distance travelled (total)";"0";"km";"13.0158602";"77.5656731";
"46777.624014";"Vehicle acceleration";"0";"g";"13.0158602";"77.5656731";
"46777.624014";"Vehicle speed";"0";"km/h";"13.0158602";"77.5656731";
"46777.670014";"Average speed";"0";"km/h";"13.0158602";"77.5656731";
"46777.670014";"Distance travelled";"0";"km";"13.0158602";"77.5656731";
"46777.670014";"Distance travelled (total)";"0";"km";"13.0158602";"77.5656731";
"46777.670014";"Vehicle acceleration";"0";"g";"13.0158602";"77.5656731";
"46777.670014";"Vehicle speed";"0";"km/h";"13.0158602";"77.5656731";
"46777.729014";"Average speed";"0";"km/h";"13.0158602";"77.5656731";
"46777.729014";"Distance travelled";"0";"km";"13.0158602";"77.5656731";
"46777.729014";"Distance travelled (total)";"0";"km";"13.0158602";"77.5656731";
"46777.729014";"Vehicle acceleration";"0";"g";"13.0158602";"77.5656731";
"46777.729014";"Vehicle speed";"0";"km/h";"13.0158602";"77.5656731";
"46777.781014";"Average speed";"0";"km/h";"13.0158602";"77.5656731";
"46777.781014";"Distance travelled";"0";"km";"13.0158602";"77.5656731";
"46777.781014";"Distance travelled (total)";"0";"km";"13.0158602";"77.5656731";
"46777.781014";"Vehicle acceleration";"0";"g";"13.0158602";"77.5656731";
"46777.781014";"Vehicle speed";"0";"km/h";"13.0158602";"77.5656731";
"46777.841014";"Average speed";"0";"km/h";"13.0158602";"77.5656731";
"46777.841014";"Distance travelled";"0";"km";"13.0158602";"77.5656731";
"46777.841014";"Distance travelled (total)";"0";"km";"13.0158602";"77.5656731";
"46777.841014";"Vehicle acceleration";"0";"g";"13.0158602";"77.5656731";
"46777.841014";"Vehicle speed";"0";"km/h";"13.0158602";"77.5656731";
"46777.890014";"Average speed";"0";"km/h";"13.0158602";"77.5656731";
"46777.890014";"Distance travelled";"0";"km";"13.0158602";"77.5656731";
"46777.890014";"Distance travelled (total)";"0";"km";"13.0158602";"77.5656731";
"46777.890014";"Vehicle acceleration";"0";"g";"13.0158602";"77.5656731";
"46777.890014";"Vehicle speed";"0";"km/h";"13.0158602";"77.5656731";
"46777.959014";"Average speed";"0";"km/h";"13.0158602";"77.5656731";
"46777.959014";"Distance travelled";"0";"km";"13.0158602";"77.5656731";
"46777.959014";"Distance travelled (total)";"0";"km";"13.0158602";"77.5656731";
"46777.959014";"Vehicle acceleration";"0";"g";"13.0158602";"77.5656731";
"46777.959014";"Vehicle speed";"0";"km/h";"13.0158602";"77.5656731";
"46778.006014";"Average speed";"0";"km/h";"13.0158602";"77.5656731";
"46778.006014";"Distance travelled";"0";"km";"13.0158602";"77.5656731";
"46778.006014";"Distance travelled (total)";"0";"km";"13.0158602";"77.5656731";
"46778.006014";"Vehicle acceleration";"0";"g";"13.0158602";"77.5656731";
"46778.006014";"Vehicle speed";"0";"km/h";"13.0158602";"77.5656731";
"46778.056014";"Average speed";"0";"km/h";"13.0158602";"77.5656731";
"46778.056014";"Distance travelled";"0";"km";"13.0158602";"77.5656731";
"46778.056014";"Distance travelled (total)";"0";"km";"13.0158602";"77.5656731";
"46778.056014";"Vehicle acceleration";"0";"g";"13.0158602";"77.5656731";
"46778.056014";"Vehicle speed";"0";"km/h";"13.0158602";"77.5656731";
"46778.116014";"Average speed";"0";"km/h";"13.0158602";"77.5656731";
"46778.116014";"Distance travelled";"0";"km";"13.0158602";"77.5656731";
"46778.116014";"Distance travelled (total)";"0";"km";"13.0158602";"77.5656731";
"46778.116014";"Vehicle acceleration";"0";"g";"13.0158602";"77.5656731";
"46778.116014";"Vehicle speed";"0";"km/h";"13.0158602";"77.5656731";
"46778.167014";"Average speed";"0";"km/h";"13.0158602";"77.5656731";
"46778.167014";"Distance travelled";"0";"km";"13.0158602";"77.5656731";
"46778.167014";"Distance travelled (total)";"0";"km";"13.0158602";"77.5656731";
"46778.167014";"Vehicle acceleration";"0";"g";"13.0158602";"77.5656731";
"46778.167014";"Vehicle speed";"0";"km/h";"13.0158602";"77.5656731";
"46778.218014";"Average speed";"0";"km/h";"13.0158602";"77.5656731";
"46778.218014";"Distance travelled";"0";"km";"13.0158602";"77.5656731";
"46778.218014";"Distance travelled (total)";"0";"km";"13.0158602";"77.5656731";
"46778.218014";"Vehicle acceleration";"0";"g";"13.0158602";"77.5656731";
"46778.218014";"Vehicle speed";"0";"km/h";"13.0158602";"77.5656731";
"46778.269014";"Average speed";"0";"km/h";"13.0158602";"77.5656731";
"46778.269014";"Distance travelled";"0";"km";"13.0158602";"77.5656731";
"46778.269014";"Distance travelled (total)";"0";"km";"13.0158602";"77.5656731";
"46778.269014";"Vehicle acceleration";"0";"g";"13.0158602";"77.5656731";
"46778.269014";"Vehicle speed";"0";"km/h";"13.0158602";"77.5656731";
"46778.319014";"Average speed";"0";"km/h";"13.0158602";"77.5656731";
"46778.319014";"Distance travelled";"0";"km";"13.0158602";"77.5656731";
"46778.319014";"Distance travelled (total)";"0";"km";"13.0158602";"77.5656731";
"46778.319014";"Vehicle acceleration";"0";"g";"13.0158602";"77.5656731";
"46778.319014";"Vehicle speed";"0";"km/h";"13.0158602";"77.5656731";
"46778.373014";"Average speed";"0";"km/h";"13.0158602";"77.5656731";
"46778.373014";"Distance travelled";"0";"km";"13.0158602";"77.5656731";
"46778.373014";"Distance travelled (total)";"0";"km";"13.0158602";"77.5656731";
"46778.373014";"Vehicle acceleration";"0";"g";"13.0158602";"77.5656731";
"46778.373014";"Vehicle speed";"0";"km/h";"13.0158602";"77.5656731";
"46778.423014";"Average speed";"0";"km/h";"13.0158602";"77.5656731";
"46778.423014";"Distance travelled";"0";"km";"13.0158602";"77.5656731";
"46778.423014";"Distance travelled (total)";"0";"km";"13.0158602";"77.5656731";
"46778.423014";"Vehicle acceleration";"0";"g";"13.0158602";"77.5656731";
"46778.423014";"Vehicle speed";"0";"km/h";"13.0158602";"77.5656731";
"46778.474014";"Average speed";"0";"km/h";"13.0158602";"77.5656731";
"46778.474014";"Distance travelled";"0";"km";"13.0158602";"77.5656731";
"46778.474014";"Distance travelled (total)";"0";"km";"13.0158602";"77.5656731";
"46778.474014";"Vehicle acceleration";"0";"g";"13.0158602";"77.5656731";
"46778.474014";"Vehicle speed";"0";"km/h";"13.0158602";"77.5656731";
"46778.524014";"Average speed";"0";"km/h";"13.0158602";"77.5656731";
"46778.524014";"Distance travelled";"0";"km";"13.0158602";"77.5656731";
"46778.524014";"Distance travelled (total)";"0";"km";"13.0158602";"77.5656731";
"46778.524014";"Vehicle acceleration";"0";"g";"13.0158602";"77.5656731";
"46778.524014";"Vehicle speed";"0";"km/h";"13.0158602";"77.5656731";
"46778.573014";"Average speed";"0";"km/h";"13.0158602";"77.5656731";
"46778.573014";"Distance travelled";"0";"km";"13.0158602";"77.5656731";
"46778.573014";"Distance travelled (total)";"0";"km";"13.0158602";"77.5656731";
"46778.573014";"Vehicle acceleration";"0";"g";"13.0158602";"77.5656731";
"46778.573014";"Vehicle speed";"0";"km/h";"13.0158602";"77.5656731";
"46778.621014";"Average speed";"0";"km/h";"13.0158602";"77.5656731";
"46778.621014";"Distance travelled";"0";"km";"13.0158602";"77.5656731";
"46778.621014";"Distance travelled (total)";"0";"km";"13.0158602";"77.5656731";
"46778.621014";"Vehicle acceleration";"0";"g";"13.0158602";"77.5656731";
"46778.621014";"Vehicle speed";"0";"km/h";"13.0158602";"77.5656731";
"46778.667014";"Average speed";"0";"km/h";"13.0158602";"77.5656731";
"46778.667014";"Distance travelled";"0";"km";"13.0158602";"77.5656731";
"46778.667014";"Distance travelled (total)";"0";"km";"13.0158602";"77.5656731";
"46778.667014";"Vehicle acceleration";"0";"g";"13.0158602";"77.5656731";
"46778.667014";"Vehicle speed";"0";"km/h";"13.0158602";"77.5656731";
"46778.676014";"Altitude (GPS)";"853.3";"m";"13.0158266666667";"77.565615";
"46778.715014";"Average speed";"0";"km/h";"13.0158266666667";"77.565615";
"46778.715014";"Distance travelled";"0";"km";"13.0158266666667";"77.565615";
"46778.715014";"Distance travelled (total)";"0";"km";"13.0158266666667";"77.565615";
"46778.715014";"Vehicle acceleration";"0";"g";"13.0158266666667";"77.565615";
"46778.715014";"Vehicle speed";"0";"km/h";"13.0158266666667";"77.565615";
"46778.774014";"Average speed";"0";"km/h";"13.0158266666667";"77.565615";
"46778.774014";"Distance travelled";"0";"km";"13.0158266666667";"77.565615";
"46778.774014";"Distance travelled (total)";"0";"km";"13.0158266666667";"77.565615";
"46778.774014";"Vehicle acceleration";"0";"g";"13.0158266666667";"77.565615";
"46778.774014";"Vehicle speed";"0";"km/h";"13.0158266666667";"77.565615";
"46778.822014";"Average speed";"0";"km/h";"13.0158266666667";"77.565615";
"46778.822014";"Distance travelled";"0";"km";"13.0158266666667";"77.565615";
"46778.822014";"Distance travelled (total)";"0";"km";"13.0158266666667";"77.565615";
"46778.822014";"Vehicle acceleration";"0";"g";"13.0158266666667";"77.565615";
"46778.822014";"Vehicle speed";"0";"km/h";"13.0158266666667";"77.565615";
"46778.883014";"Average speed";"0";"km/h";"13.0158266666667";"77.565615";
"46778.883014";"Distance travelled";"0";"km";"13.0158266666667";"77.565615";
"46778.883014";"Distance travelled (total)";"0";"km";"13.0158266666667";"77.565615";
"46778.883014";"Vehicle acceleration";"0";"g";"13.0158266666667";"77.565615";
"46778.883014";"Vehicle speed";"0";"km/h";"13.0158266666667";"77.565615";
"46778.933014";"Average speed";"0";"km/h";"13.0158266666667";"77.565615";
"46778.933014";"Distance travelled";"0";"km";"13.0158266666667";"77.565615";
"46778.933014";"Distance travelled (total)";"0";"km";"13.0158266666667";"77.565615";
"46778.933014";"Vehicle acceleration";"0";"g";"13.0158266666667";"77.565615";
"46778.933014";"Vehicle speed";"0";"km/h";"13.0158266666667";"77.565615";
"46778.998014";"Average speed";"0";"km/h";"13.0158266666667";"77.565615";
"46778.998014";"Distance travelled";"0";"km";"13.0158266666667";"77.565615";
"46778.998014";"Distance travelled (total)";"0";"km";"13.0158266666667";"77.565615";
"46778.998014";"Vehicle acceleration";"0";"g";"13.0158266666667";"77.565615";
"46778.998014";"Vehicle speed";"0";"km/h";"13.0158266666667";"77.565615";
"46779.049014";"Average speed";"0";"km/h";"13.0158266666667";"77.565615";
"46779.049014";"Distance travelled";"0";"km";"13.0158266666667";"77.565615";
"46779.049014";"Distance travelled (total)";"0";"km";"13.0158266666667";"77.565615";
"46779.049014";"Vehicle acceleration";"0";"g";"13.0158266666667";"77.565615";
"46779.049014";"Vehicle speed";"0";"km/h";"13.0158266666667";"77.565615";
"46779.099014";"Average speed";"0";"km/h";"13.0158266666667";"77.565615";
"46779.099014";"Distance travelled";"0";"km";"13.0158266666667";"77.565615";
"46779.099014";"Distance travelled (total)";"0";"km";"13.0158266666667";"77.565615";
"46779.099014";"Vehicle acceleration";"0";"g";"13.0158266666667";"77.565615";
"46779.099014";"Vehicle speed";"0";"km/h";"13.0158266666667";"77.565615";
"46779.149014";"Average speed";"0";"km/h";"13.0158266666667";"77.565615";
"46779.149014";"Distance travelled";"0";"km";"13.0158266666667";"77.565615";
"46779.149014";"Distance travelled (total)";"0";"km";"13.0158266666667";"77.565615";
"46779.149014";"Vehicle acceleration";"0";"g";"13.0158266666667";"77.565615";
"46779.149014";"Vehicle speed";"0";"km/h";"13.0158266666667";"77.565615";
"46779.201014";"Average speed";"0";"km/h";"13.0158266666667";"77.565615";
"46779.201014";"Distance travelled";"0";"km";"13.0158266666667";"77.565615";
"46779.201014";"Distance travelled (total)";"0";"km";"13.0158266666667";"77.565615";
"46779.201014";"Vehicle acceleration";"0";"g";"13.0158266666667";"77.565615";
"46779.201014";"Vehicle speed";"0";"km/h";"13.0158266666667";"77.565615";
"46779.257014";"Average speed";"0";"km/h";"13.0158266666667";"77.565615";
"46779.257014";"Distance travelled";"0";"km";"13.0158266666667";"77.565615";
"46779.257014";"Distance travelled (total)";"0";"km";"13.0158266666667";"77.565615";
"46779.257014";"Vehicle acceleration";"0";"g";"13.0158266666667";"77.565615";
"46779.257014";"Vehicle speed";"0";"km/h";"13.0158266666667";"77.565615";
"46779.302014";"Average speed";"0";"km/h";"13.0158266666667";"77.565615";
"46779.302014";"Distance travelled";"0";"km";"13.0158266666667";"77.565615";
"46779.302014";"Distance travelled (total)";"0";"km";"13.0158266666667";"77.565615";
"46779.302014";"Vehicle acceleration";"0";"g";"13.0158266666667";"77.565615";
"46779.302014";"Vehicle speed";"0";"km/h";"13.0158266666667";"77.565615";
"46779.352014";"Average speed";"0";"km/h";"13.0158266666667";"77.565615";
"46779.352014";"Distance travelled";"0";"km";"13.0158266666667";"77.565615";
"46779.352014";"Distance travelled (total)";"0";"km";"13.0158266666667";"77.565615";
"46779.352014";"Vehicle acceleration";"0";"g";"13.0158266666667";"77.565615";
"46779.352014";"Vehicle speed";"0";"km/h";"13.0158266666667";"77.565615";
"46779.414014";"Average speed";"0";"km/h";"13.0158266666667";"77.565615";
"46779.414014";"Distance travelled";"0";"km";"13.0158266666667";"77.565615";
"46779.414014";"Distance travelled (total)";"0";"km";"13.0158266666667";"77.565615";
"46779.414014";"Vehicle acceleration";"0";"g";"13.0158266666667";"77.565615";
"46779.414014";"Vehicle speed";"0";"km/h";"13.0158266666667";"77.565615";
"46779.482014";"Average speed";"0";"km/h";"13.0158266666667";"77.565615";
"46779.482014";"Distance travelled";"0";"km";"13.0158266666667";"77.565615";
"46779.482014";"Distance travelled (total)";"0";"km";"13.0158266666667";"77.565615";
"46779.482014";"Vehicle acceleration";"0";"g";"13.0158266666667";"77.565615";
"46779.482014";"Vehicle speed";"0";"km/h";"13.0158266666667";"77.565615";
"46779.520014";"Average speed";"0";"km/h";"13.0158266666667";"77.565615";
"46779.520014";"Distance travelled";"0";"km";"13.0158266666667";"77.565615";
"46779.520014";"Distance travelled (total)";"0";"km";"13.0158266666667";"77.565615";
"46779.520014";"Vehicle acceleration";"0";"g";"13.0158266666667";"77.565615";
"46779.520014";"Vehicle speed";"0";"km/h";"13.0158266666667";"77.565615";
"46779.569014";"Average speed";"0";"km/h";"13.0158266666667";"77.565615";
"46779.569014";"Distance travelled";"0";"km";"13.0158266666667";"77.565615";
"46779.569014";"Distance travelled (total)";"0";"km";"13.0158266666667";"77.565615";
"46779.569014";"Vehicle acceleration";"0";"g";"13.0158266666667";"77.565615";
"46779.569014";"Vehicle speed";"0";"km/h";"13.0158266666667";"77.565615";
"46779.645014";"Average speed";"0";"km/h";"13.0158266666667";"77.565615";
"46779.645014";"Distance travelled";"0";"km";"13.0158266666667";"77.565615";
"46779.645014";"Distance travelled (total)";"0";"km";"13.0158266666667";"77.565615";
"46779.645014";"Vehicle acceleration";"0";"g";"13.0158266666667";"77.565615";
"46779.645014";"Vehicle speed";"0";"km/h";"13.0158266666667";"77.565615";
"46779.702014";"Average speed";"0";"km/h";"13.0158266666667";"77.565615";
"46779.702014";"Distance travelled";"0";"km";"13.0158266666667";"77.565615";
"46779.702014";"Distance travelled (total)";"0";"km";"13.0158266666667";"77.565615";
"46779.702014";"Vehicle acceleration";"0";"g";"13.0158266666667";"77.565615";
"46779.702014";"Vehicle speed";"0";"km/h";"13.0158266666667";"77.565615";
"46779.769014";"Average speed";"0";"km/h";"13.0158266666667";"77.565615";
"46779.769014";"Distance travelled";"0";"km";"13.0158266666667";"77.565615";
"46779.769014";"Distance travelled (total)";"0";"km";"13.0158266666667";"77.565615";
"46779.769014";"Vehicle acceleration";"0";"g";"13.0158266666667";"77.565615";
"46779.769014";"Vehicle speed";"0";"km/h";"13.0158266666667";"77.565615";
"46779.823014";"Average speed";"0";"km/h";"13.0158266666667";"77.565615";
"46779.823014";"Distance travelled";"0";"km";"13.0158266666667";"77.565615";
"46779.823014";"Distance travelled (total)";"0";"km";"13.0158266666667";"77.565615";
"46779.823014";"Vehicle acceleration";"0";"g";"13.0158266666667";"77.565615";
"46779.823014";"Vehicle speed";"0";"km/h";"13.0158266666667";"77.565615";
"46779.875014";"Average speed";"0";"km/h";"13.0158266666667";"77.565615";
"46779.875014";"Distance travelled";"0";"km";"13.0158266666667";"77.565615";
"46779.875014";"Distance travelled (total)";"0";"km";"13.0158266666667";"77.565615";
"46779.875014";"Vehicle acceleration";"0";"g";"13.0158266666667";"77.565615";
"46779.875014";"Vehicle speed";"0";"km/h";"13.0158266666667";"77.565615";
"46779.976014";"Average speed";"0";"km/h";"13.0158266666667";"77.565615";
"46779.976014";"Distance travelled";"0";"km";"13.0158266666667";"77.565615";
"46779.976014";"Distance travelled (total)";"0";"km";"13.0158266666667";"77.565615";
"46779.976014";"Vehicle acceleration";"0";"g";"13.0158266666667";"77.565615";
"46779.976014";"Vehicle speed";"0";"km/h";"13.0158266666667";"77.565615";
"46780.028014";"Average speed";"0";"km/h";"13.0158266666667";"77.565615";
"46780.028014";"Distance travelled";"0";"km";"13.0158266666667";"77.565615";
"46780.028014";"Distance travelled (total)";"0";"km";"13.0158266666667";"77.565615";
"46780.028014";"Vehicle acceleration";"0";"g";"13.0158266666667";"77.565615";
"46780.028014";"Vehicle speed";"0";"km/h";"13.0158266666667";"77.565615";
"46780.079014";"Average speed";"0";"km/h";"13.0158266666667";"77.565615";
"46780.079014";"Distance travelled";"0";"km";"13.0158266666667";"77.565615";
"46780.079014";"Distance travelled (total)";"0";"km";"13.0158266666667";"77.565615";
"46780.079014";"Vehicle acceleration";"0";"g";"13.0158266666667";"77.565615";
"46780.079014";"Vehicle speed";"0";"km/h";"13.0158266666667";"77.565615";
"46780.135014";"Average speed";"0";"km/h";"13.0158266666667";"77.565615";
"46780.135014";"Distance travelled";"0";"km";"13.0158266666667";"77.565615";
"46780.135014";"Distance travelled (total)";"0";"km";"13.0158266666667";"77.565615";
"46780.135014";"Vehicle acceleration";"0";"g";"13.0158266666667";"77.565615";
"46780.135014";"Vehicle speed";"0";"km/h";"13.0158266666667";"77.565615";
"46780.193014";"Average speed";"0";"km/h";"13.0158266666667";"77.565615";
"46780.193014";"Distance travelled";"0";"km";"13.0158266666667";"77.565615";
"46780.193014";"Distance travelled (total)";"0";"km";"13.0158266666667";"77.565615";
"46780.193014";"Vehicle acceleration";"0";"g";"13.0158266666667";"77.565615";
"46780.193014";"Vehicle speed";"0";"km/h";"13.0158266666667";"77.565615";
"46780.249014";"Average speed";"0";"km/h";"13.0158266666667";"77.565615";
"46780.249014";"Distance travelled";"0";"km";"13.0158266666667";"77.565615";
"46780.249014";"Distance travelled (total)";"0";"km";"13.0158266666667";"77.565615";
"46780.249014";"Vehicle acceleration";"0";"g";"13.0158266666667";"77.565615";
"46780.249014";"Vehicle speed";"0";"km/h";"13.0158266666667";"77.565615";
"46780.306014";"Average speed";"0";"km/h";"13.0158266666667";"77.565615";
"46780.306014";"Distance travelled";"0";"km";"13.0158266666667";"77.565615";
"46780.306014";"Distance travelled (total)";"0";"km";"13.0158266666667";"77.565615";
"46780.306014";"Vehicle acceleration";"0";"g";"13.0158266666667";"77.565615";
"46780.306014";"Vehicle speed";"0";"km/h";"13.0158266666667";"77.565615";
"46780.361014";"Average speed";"0";"km/h";"13.0158266666667";"77.565615";
"46780.361014";"Distance travelled";"0";"km";"13.0158266666667";"77.565615";
"46780.361014";"Distance travelled (total)";"0";"km";"13.0158266666667";"77.565615";
"46780.361014";"Vehicle acceleration";"0";"g";"13.0158266666667";"77.565615";
"46780.361014";"Vehicle speed";"0";"km/h";"13.0158266666667";"77.565615";
"46780.412014";"Average speed";"0";"km/h";"13.0158266666667";"77.565615";
"46780.412014";"Distance travelled";"0";"km";"13.0158266666667";"77.565615";
"46780.412014";"Distance travelled (total)";"0";"km";"13.0158266666667";"77.565615";
"46780.412014";"Vehicle acceleration";"0";"g";"13.0158266666667";"77.565615";
"46780.412014";"Vehicle speed";"0";"km/h";"13.0158266666667";"77.565615";
"46780.417014";"Altitude (GPS)";"852.8";"m";"13.0158333333333";"77.565615";
"46780.473014";"Average speed";"0";"km/h";"13.0158333333333";"77.565615";
"46780.473014";"Distance travelled";"0";"km";"13.0158333333333";"77.565615";
"46780.473014";"Distance travelled (total)";"0";"km";"13.0158333333333";"77.565615";
"46780.473014";"Vehicle acceleration";"0";"g";"13.0158333333333";"77.565615";
"46780.473014";"Vehicle speed";"0";"km/h";"13.0158333333333";"77.565615";
"46780.530014";"Average speed";"0";"km/h";"13.0158333333333";"77.565615";
"46780.530014";"Distance travelled";"0";"km";"13.0158333333333";"77.565615";
"46780.530014";"Distance travelled (total)";"0";"km";"13.0158333333333";"77.565615";
"46780.530014";"Vehicle acceleration";"0";"g";"13.0158333333333";"77.565615";
"46780.530014";"Vehicle speed";"0";"km/h";"13.0158333333333";"77.565615";
"46780.577014";"Average speed";"0";"km/h";"13.0158333333333";"77.565615";
"46780.577014";"Distance travelled";"0";"km";"13.0158333333333";"77.565615";
"46780.577014";"Distance travelled (total)";"0";"km";"13.0158333333333";"77.565615";
"46780.577014";"Vehicle acceleration";"0";"g";"13.0158333333333";"77.565615";
"46780.577014";"Vehicle speed";"0";"km/h";"13.0158333333333";"77.565615";
"46780.627014";"Average speed";"0";"km/h";"13.0158333333333";"77.565615";
"46780.627014";"Distance travelled";"0";"km";"13.0158333333333";"77.565615";
"46780.627014";"Distance travelled (total)";"0";"km";"13.0158333333333";"77.565615";
"46780.627014";"Vehicle acceleration";"0";"g";"13.0158333333333";"77.565615";
"46780.627014";"Vehicle speed";"0";"km/h";"13.0158333333333";"77.565615";
"46780.675014";"Average speed";"0";"km/h";"13.0158333333333";"77.565615";
"46780.675014";"Distance travelled";"0";"km";"13.0158333333333";"77.565615";
"46780.675014";"Distance travelled (total)";"0";"km";"13.0158333333333";"77.565615";
"46780.675014";"Vehicle acceleration";"0";"g";"13.0158333333333";"77.565615";
"46780.675014";"Vehicle speed";"0";"km/h";"13.0158333333333";"77.565615";
"46780.746014";"Average speed";"0";"km/h";"13.0158333333333";"77.565615";
"46780.746014";"Distance travelled";"0";"km";"13.0158333333333";"77.565615";
"46780.746014";"Distance travelled (total)";"0";"km";"13.0158333333333";"77.565615";
"46780.746014";"Vehicle acceleration";"0";"g";"13.0158333333333";"77.565615";
"46780.746014";"Vehicle speed";"0";"km/h";"13.0158333333333";"77.565615";
"46780.796014";"Average speed";"0";"km/h";"13.0158333333333";"77.565615";
"46780.796014";"Distance travelled";"0";"km";"13.0158333333333";"77.565615";
"46780.796014";"Distance travelled (total)";"0";"km";"13.0158333333333";"77.565615";
"46780.796014";"Vehicle acceleration";"0";"g";"13.0158333333333";"77.565615";
"46780.796014";"Vehicle speed";"0";"km/h";"13.0158333333333";"77.565615";
"46780.861014";"Average speed";"0";"km/h";"13.0158333333333";"77.565615";
"46780.861014";"Distance travelled";"0";"km";"13.0158333333333";"77.565615";
"46780.861014";"Distance travelled (total)";"0";"km";"13.0158333333333";"77.565615";
"46780.861014";"Vehicle acceleration";"0";"g";"13.0158333333333";"77.565615";
"46780.861014";"Vehicle speed";"0";"km/h";"13.0158333333333";"77.565615";
"46780.915014";"Average speed";"0";"km/h";"13.0158333333333";"77.565615";
"46780.915014";"Distance travelled";"0";"km";"13.0158333333333";"77.565615";
"46780.915014";"Distance travelled (total)";"0";"km";"13.0158333333333";"77.565615";
"46780.915014";"Vehicle acceleration";"0";"g";"13.0158333333333";"77.565615";
"46780.915014";"Vehicle speed";"0";"km/h";"13.0158333333333";"77.565615";
"46780.980014";"Average speed";"0";"km/h";"13.0158333333333";"77.565615";
"46780.980014";"Distance travelled";"0";"km";"13.0158333333333";"77.565615";
"46780.980014";"Distance travelled (total)";"0";"km";"13.0158333333333";"77.565615";
"46780.980014";"Vehicle acceleration";"0";"g";"13.0158333333333";"77.565615";
"46780.980014";"Vehicle speed";"0";"km/h";"13.0158333333333";"77.565615";
"46781.036014";"Average speed";"0";"km/h";"13.0158333333333";"77.565615";
"46781.036014";"Distance travelled";"0";"km";"13.0158333333333";"77.565615";
"46781.036014";"Distance travelled (total)";"0";"km";"13.0158333333333";"77.565615";
"46781.036014";"Vehicle acceleration";"0";"g";"13.0158333333333";"77.565615";
"46781.036014";"Vehicle speed";"0";"km/h";"13.0158333333333";"77.565615";
"46781.092014";"Average speed";"0";"km/h";"13.0158333333333";"77.565615";
"46781.092014";"Distance travelled";"0";"km";"13.0158333333333";"77.565615";
"46781.092014";"Distance travelled (total)";"0";"km";"13.0158333333333";"77.565615";
"46781.092014";"Vehicle acceleration";"0";"g";"13.0158333333333";"77.565615";
"46781.092014";"Vehicle speed";"0";"km/h";"13.0158333333333";"77.565615";
"46781.158014";"Average speed";"0";"km/h";"13.0158333333333";"77.565615";
"46781.158014";"Distance travelled";"0";"km";"13.0158333333333";"77.565615";
"46781.158014";"Distance travelled (total)";"0";"km";"13.0158333333333";"77.565615";
"46781.158014";"Vehicle acceleration";"0";"g";"13.0158333333333";"77.565615";
"46781.158014";"Vehicle speed";"0";"km/h";"13.0158333333333";"77.565615";
"46781.207014";"Average speed";"0";"km/h";"13.0158333333333";"77.565615";
"46781.207014";"Distance travelled";"0";"km";"13.0158333333333";"77.565615";
"46781.207014";"Distance travelled (total)";"0";"km";"13.0158333333333";"77.565615";
"46781.207014";"Vehicle acceleration";"0";"g";"13.0158333333333";"77.565615";
"46781.207014";"Vehicle speed";"0";"km/h";"13.0158333333333";"77.565615";
"46781.257014";"Average speed";"0";"km/h";"13.0158333333333";"77.565615";
"46781.257014";"Distance travelled";"0";"km";"13.0158333333333";"77.565615";
"46781.257014";"Distance travelled (total)";"0";"km";"13.0158333333333";"77.565615";
"46781.257014";"Vehicle acceleration";"0";"g";"13.0158333333333";"77.565615";
"46781.257014";"Vehicle speed";"0";"km/h";"13.0158333333333";"77.565615";
"46781.317014";"Average speed";"0";"km/h";"13.0158333333333";"77.565615";
"46781.317014";"Distance travelled";"0";"km";"13.0158333333333";"77.565615";
"46781.317014";"Distance travelled (total)";"0";"km";"13.0158333333333";"77.565615";
"46781.317014";"Vehicle acceleration";"0";"g";"13.0158333333333";"77.565615";
"46781.317014";"Vehicle speed";"0";"km/h";"13.0158333333333";"77.565615";
"46781.368014";"Average speed";"0";"km/h";"13.0158333333333";"77.565615";
"46781.368014";"Distance travelled";"0";"km";"13.0158333333333";"77.565615";
"46781.368014";"Distance travelled (total)";"0";"km";"13.0158333333333";"77.565615";
"46781.368014";"Vehicle acceleration";"0";"g";"13.0158333333333";"77.565615";
"46781.368014";"Vehicle speed";"0";"km/h";"13.0158333333333";"77.565615";
"46781.419014";"Average speed";"0";"km/h";"13.0158333333333";"77.565615";
"46781.419014";"Distance travelled";"0";"km";"13.0158333333333";"77.565615";
"46781.419014";"Distance travelled (total)";"0";"km";"13.0158333333333";"77.565615";
"46781.419014";"Vehicle acceleration";"0";"g";"13.0158333333333";"77.565615";
"46781.419014";"Vehicle speed";"0";"km/h";"13.0158333333333";"77.565615";
"46781.469014";"Average speed";"0";"km/h";"13.0158333333333";"77.565615";
"46781.469014";"Distance travelled";"0";"km";"13.0158333333333";"77.565615";
"46781.469014";"Distance travelled (total)";"0";"km";"13.0158333333333";"77.565615";
"46781.469014";"Vehicle acceleration";"0";"g";"13.0158333333333";"77.565615";
"46781.469014";"Vehicle speed";"0";"km/h";"13.0158333333333";"77.565615";
"46781.517014";"Average speed";"0";"km/h";"13.0158333333333";"77.565615";
"46781.517014";"Distance travelled";"0";"km";"13.0158333333333";"77.565615";
"46781.517014";"Distance travelled (total)";"0";"km";"13.0158333333333";"77.565615";
"46781.517014";"Vehicle acceleration";"0";"g";"13.0158333333333";"77.565615";
"46781.517014";"Vehicle speed";"0";"km/h";"13.0158333333333";"77.565615";
"46781.566014";"Average speed";"0";"km/h";"13.0158333333333";"77.565615";
"46781.566014";"Distance travelled";"0";"km";"13.0158333333333";"77.565615";
"46781.566014";"Distance travelled (total)";"0";"km";"13.0158333333333";"77.565615";
"46781.566014";"Vehicle acceleration";"0";"g";"13.0158333333333";"77.565615";
"46781.566014";"Vehicle speed";"0";"km/h";"13.0158333333333";"77.565615";
"46781.616014";"Average speed";"0";"km/h";"13.0158333333333";"77.565615";
"46781.616014";"Distance travelled";"0";"km";"13.0158333333333";"77.565615";
"46781.616014";"Distance travelled (total)";"0";"km";"13.0158333333333";"77.565615";
"46781.616014";"Vehicle acceleration";"0";"g";"13.0158333333333";"77.565615";
"46781.616014";"Vehicle speed";"0";"km/h";"13.0158333333333";"77.565615";
"46781.675014";"Average speed";"0";"km/h";"13.0158333333333";"77.565615";
"46781.675014";"Distance travelled";"0";"km";"13.0158333333333";"77.565615";
"46781.675014";"Distance travelled (total)";"0";"km";"13.0158333333333";"77.565615";
"46781.675014";"Vehicle acceleration";"0";"g";"13.0158333333333";"77.565615";
"46781.675014";"Vehicle speed";"0";"km/h";"13.0158333333333";"77.565615";
"46781.726014";"Average speed";"0";"km/h";"13.0158333333333";"77.565615";
"46781.726014";"Distance travelled";"0";"km";"13.0158333333333";"77.565615";
"46781.726014";"Distance travelled (total)";"0";"km";"13.0158333333333";"77.565615";
"46781.726014";"Vehicle acceleration";"0";"g";"13.0158333333333";"77.565615";
"46781.726014";"Vehicle speed";"0";"km/h";"13.0158333333333";"77.565615";
"46781.775014";"Average speed";"0";"km/h";"13.0158333333333";"77.565615";
"46781.775014";"Distance travelled";"0";"km";"13.0158333333333";"77.565615";
"46781.775014";"Distance travelled (total)";"0";"km";"13.0158333333333";"77.565615";
"46781.775014";"Vehicle acceleration";"0";"g";"13.0158333333333";"77.565615";
"46781.775014";"Vehicle speed";"0";"km/h";"13.0158333333333";"77.565615";
"46781.823014";"Average speed";"0";"km/h";"13.0158333333333";"77.565615";
"46781.823014";"Distance travelled";"0";"km";"13.0158333333333";"77.565615";
"46781.823014";"Distance travelled (total)";"0";"km";"13.0158333333333";"77.565615";
"46781.823014";"Vehicle acceleration";"0";"g";"13.0158333333333";"77.565615";
"46781.823014";"Vehicle speed";"0";"km/h";"13.0158333333333";"77.565615";
"46781.870014";"Average speed";"0";"km/h";"13.0158333333333";"77.565615";
"46781.870014";"Distance travelled";"0";"km";"13.0158333333333";"77.565615";
"46781.870014";"Distance travelled (total)";"0";"km";"13.0158333333333";"77.565615";
"46781.870014";"Vehicle acceleration";"0";"g";"13.0158333333333";"77.565615";
"46781.870014";"Vehicle speed";"0";"km/h";"13.0158333333333";"77.565615";
"46781.917014";"Average speed";"0";"km/h";"13.0158333333333";"77.565615";
"46781.917014";"Distance travelled";"0";"km";"13.0158333333333";"77.565615";
"46781.917014";"Distance travelled (total)";"0";"km";"13.0158333333333";"77.565615";
"46781.917014";"Vehicle acceleration";"0";"g";"13.0158333333333";"77.565615";
"46781.917014";"Vehicle speed";"0";"km/h";"13.0158333333333";"77.565615";
"46781.964014";"Average speed";"0";"km/h";"13.0158333333333";"77.565615";
"46781.964014";"Distance travelled";"0";"km";"13.0158333333333";"77.565615";
"46781.964014";"Distance travelled (total)";"0";"km";"13.0158333333333";"77.565615";
"46781.964014";"Vehicle acceleration";"0";"g";"13.0158333333333";"77.565615";
"46781.964014";"Vehicle speed";"0";"km/h";"13.0158333333333";"77.565615";
"46782.015014";"Average speed";"0";"km/h";"13.0158333333333";"77.565615";
"46782.015014";"Distance travelled";"0";"km";"13.0158333333333";"77.565615";
"46782.015014";"Distance travelled (total)";"0";"km";"13.0158333333333";"77.565615";
"46782.015014";"Vehicle acceleration";"0";"g";"13.0158333333333";"77.565615";
"46782.015014";"Vehicle speed";"0";"km/h";"13.0158333333333";"77.565615";
"46782.065014";"Average speed";"0";"km/h";"13.0158333333333";"77.565615";
"46782.065014";"Distance travelled";"0";"km";"13.0158333333333";"77.565615";
"46782.065014";"Distance travelled (total)";"0";"km";"13.0158333333333";"77.565615";
"46782.065014";"Vehicle acceleration";"0";"g";"13.0158333333333";"77.565615";
"46782.065014";"Vehicle speed";"0";"km/h";"13.0158333333333";"77.565615";
"46782.138014";"Average speed";"0";"km/h";"13.0158333333333";"77.565615";
"46782.138014";"Distance travelled";"0";"km";"13.0158333333333";"77.565615";
"46782.138014";"Distance travelled (total)";"0";"km";"13.0158333333333";"77.565615";
"46782.138014";"Vehicle acceleration";"0";"g";"13.0158333333333";"77.565615";
"46782.138014";"Vehicle speed";"0";"km/h";"13.0158333333333";"77.565615";
"46782.191014";"Average speed";"0";"km/h";"13.0158333333333";"77.565615";
"46782.191014";"Distance travelled";"0";"km";"13.0158333333333";"77.565615";
"46782.191014";"Distance travelled (total)";"0";"km";"13.0158333333333";"77.565615";
"46782.191014";"Vehicle acceleration";"0";"g";"13.0158333333333";"77.565615";
"46782.191014";"Vehicle speed";"0";"km/h";"13.0158333333333";"77.565615";
"46782.242014";"Average speed";"0";"km/h";"13.0158333333333";"77.565615";
"46782.242014";"Distance travelled";"0";"km";"13.0158333333333";"77.565615";
"46782.242014";"Distance travelled (total)";"0";"km";"13.0158333333333";"77.565615";
"46782.242014";"Vehicle acceleration";"0";"g";"13.0158333333333";"77.565615";
"46782.242014";"Vehicle speed";"0";"km/h";"13.0158333333333";"77.565615";
"46782.296014";"Average speed";"0";"km/h";"13.0158333333333";"77.565615";
"46782.296014";"Distance travelled";"0";"km";"13.0158333333333";"77.565615";
"46782.296014";"Distance travelled (total)";"0";"km";"13.0158333333333";"77.565615";
"46782.296014";"Vehicle acceleration";"0";"g";"13.0158333333333";"77.565615";
"46782.296014";"Vehicle speed";"0";"km/h";"13.0158333333333";"77.565615";
"46782.358014";"Average speed";"0";"km/h";"13.0158333333333";"77.565615";
"46782.358014";"Distance travelled";"0";"km";"13.0158333333333";"77.565615";
"46782.358014";"Distance travelled (total)";"0";"km";"13.0158333333333";"77.565615";
"46782.358014";"Vehicle acceleration";"0";"g";"13.0158333333333";"77.565615";
"46782.358014";"Vehicle speed";"0";"km/h";"13.0158333333333";"77.565615";
"46782.420014";"Average speed";"0";"km/h";"13.0158333333333";"77.565615";
"46782.420014";"Distance travelled";"0";"km";"13.0158333333333";"77.565615";
"46782.420014";"Distance travelled (total)";"0";"km";"13.0158333333333";"77.565615";
"46782.420014";"Vehicle acceleration";"0";"g";"13.0158333333333";"77.565615";
"46782.420014";"Vehicle speed";"0";"km/h";"13.0158333333333";"77.565615";
"46782.473014";"Average speed";"0";"km/h";"13.0158333333333";"77.565615";
"46782.473014";"Distance travelled";"0";"km";"13.0158333333333";"77.565615";
"46782.473014";"Distance travelled (total)";"0";"km";"13.0158333333333";"77.565615";
"46782.473014";"Vehicle acceleration";"0";"g";"13.0158333333333";"77.565615";
"46782.473014";"Vehicle speed";"0";"km/h";"13.0158333333333";"77.565615";
"46782.528014";"Average speed";"0";"km/h";"13.0158333333333";"77.565615";
"46782.528014";"Distance travelled";"0";"km";"13.0158333333333";"77.565615";
"46782.528014";"Distance travelled (total)";"0";"km";"13.0158333333333";"77.565615";
"46782.528014";"Vehicle acceleration";"0";"g";"13.0158333333333";"77.565615";
"46782.528014";"Vehicle speed";"0";"km/h";"13.0158333333333";"77.565615";
"46782.567014";"Average speed";"0";"km/h";"13.0158333333333";"77.565615";
"46782.567014";"Distance travelled";"0";"km";"13.0158333333333";"77.565615";
"46782.567014";"Distance travelled (total)";"0";"km";"13.0158333333333";"77.565615";
"46782.567014";"Vehicle acceleration";"0";"g";"13.0158333333333";"77.565615";
"46782.567014";"Vehicle speed";"0";"km/h";"13.0158333333333";"77.565615";
"46782.616014";"Average speed";"0";"km/h";"13.0158333333333";"77.565615";
"46782.616014";"Distance travelled";"0";"km";"13.0158333333333";"77.565615";
"46782.616014";"Distance travelled (total)";"0";"km";"13.0158333333333";"77.565615";
"46782.616014";"Vehicle acceleration";"0";"g";"13.0158333333333";"77.565615";
"46782.616014";"Vehicle speed";"0";"km/h";"13.0158333333333";"77.565615";
"46782.667014";"Average speed";"0";"km/h";"13.0158333333333";"77.565615";
"46782.667014";"Distance travelled";"0";"km";"13.0158333333333";"77.565615";
"46782.667014";"Distance travelled (total)";"0";"km";"13.0158333333333";"77.565615";
"46782.667014";"Vehicle acceleration";"0";"g";"13.0158333333333";"77.565615";
"46782.667014";"Vehicle speed";"0";"km/h";"13.0158333333333";"77.565615";
"46782.717014";"Average speed";"0";"km/h";"13.0158333333333";"77.565615";
"46782.717014";"Distance travelled";"0";"km";"13.0158333333333";"77.565615";
"46782.717014";"Distance travelled (total)";"0";"km";"13.0158333333333";"77.565615";
"46782.717014";"Vehicle acceleration";"0";"g";"13.0158333333333";"77.565615";
"46782.717014";"Vehicle speed";"0";"km/h";"13.0158333333333";"77.565615";
"46782.772014";"Average speed";"0";"km/h";"13.0158333333333";"77.565615";
"46782.772014";"Distance travelled";"0";"km";"13.0158333333333";"77.565615";
"46782.772014";"Distance travelled (total)";"0";"km";"13.0158333333333";"77.565615";
"46782.772014";"Vehicle acceleration";"0";"g";"13.0158333333333";"77.565615";
"46782.772014";"Vehicle speed";"0";"km/h";"13.0158333333333";"77.565615";
"46782.826014";"Average speed";"0";"km/h";"13.0158333333333";"77.565615";
"46782.826014";"Distance travelled";"0";"km";"13.0158333333333";"77.565615";
"46782.826014";"Distance travelled (total)";"0";"km";"13.0158333333333";"77.565615";
"46782.826014";"Vehicle acceleration";"0";"g";"13.0158333333333";"77.565615";
"46782.826014";"Vehicle speed";"0";"km/h";"13.0158333333333";"77.565615";
"46782.874014";"Average speed";"0";"km/h";"13.0158333333333";"77.565615";
"46782.874014";"Distance travelled";"0";"km";"13.0158333333333";"77.565615";
"46782.874014";"Distance travelled (total)";"0";"km";"13.0158333333333";"77.565615";
"46782.874014";"Vehicle acceleration";"0";"g";"13.0158333333333";"77.565615";
"46782.874014";"Vehicle speed";"0";"km/h";"13.0158333333333";"77.565615";
"46782.922014";"Average speed";"0";"km/h";"13.0158333333333";"77.565615";
"46782.922014";"Distance travelled";"0";"km";"13.0158333333333";"77.565615";
"46782.922014";"Distance travelled (total)";"0";"km";"13.0158333333333";"77.565615";
"46782.922014";"Vehicle acceleration";"0";"g";"13.0158333333333";"77.565615";
"46782.922014";"Vehicle speed";"0";"km/h";"13.0158333333333";"77.565615";
"46782.972014";"Average speed";"0";"km/h";"13.0158333333333";"77.565615";
"46782.972014";"Distance travelled";"0";"km";"13.0158333333333";"77.565615";
"46782.972014";"Distance travelled (total)";"0";"km";"13.0158333333333";"77.565615";
"46782.972014";"Vehicle acceleration";"0";"g";"13.0158333333333";"77.565615";
"46782.972014";"Vehicle speed";"0";"km/h";"13.0158333333333";"77.565615";
"46783.020014";"Average speed";"0";"km/h";"13.0158333333333";"77.565615";
"46783.020014";"Distance travelled";"0";"km";"13.0158333333333";"77.565615";
"46783.020014";"Distance travelled (total)";"0";"km";"13.0158333333333";"77.565615";
"46783.020014";"Vehicle acceleration";"0";"g";"13.0158333333333";"77.565615";
"46783.020014";"Vehicle speed";"0";"km/h";"13.0158333333333";"77.565615";
"46783.083014";"Average speed";"0";"km/h";"13.0158333333333";"77.565615";
"46783.083014";"Distance travelled";"0";"km";"13.0158333333333";"77.565615";
"46783.083014";"Distance travelled (total)";"0";"km";"13.0158333333333";"77.565615";
"46783.083014";"Vehicle acceleration";"0";"g";"13.0158333333333";"77.565615";
"46783.083014";"Vehicle speed";"0";"km/h";"13.0158333333333";"77.565615";
"46783.134014";"Average speed";"0";"km/h";"13.0158333333333";"77.565615";
"46783.134014";"Distance travelled";"0";"km";"13.0158333333333";"77.565615";
"46783.134014";"Distance travelled (total)";"0";"km";"13.0158333333333";"77.565615";
"46783.134014";"Vehicle acceleration";"0";"g";"13.0158333333333";"77.565615";
"46783.134014";"Vehicle speed";"0";"km/h";"13.0158333333333";"77.565615";
"46783.163014";"Altitude (GPS)";"852.4";"m";"13.0158383333333";"77.5656116666667";
"46783.186014";"Average speed";"0";"km/h";"13.0158383333333";"77.5656116666667";
"46783.186014";"Distance travelled";"0";"km";"13.0158383333333";"77.5656116666667";
"46783.186014";"Distance travelled (total)";"0";"km";"13.0158383333333";"77.5656116666667";
"46783.186014";"Vehicle acceleration";"0";"g";"13.0158383333333";"77.5656116666667";
"46783.186014";"Vehicle speed";"0";"km/h";"13.0158383333333";"77.5656116666667";
"46783.234014";"Average speed";"0";"km/h";"13.0158383333333";"77.5656116666667";
"46783.234014";"Distance travelled";"0";"km";"13.0158383333333";"77.5656116666667";
"46783.234014";"Distance travelled (total)";"0";"km";"13.0158383333333";"77.5656116666667";
"46783.234014";"Vehicle acceleration";"0";"g";"13.0158383333333";"77.5656116666667";
"46783.234014";"Vehicle speed";"0";"km/h";"13.0158383333333";"77.5656116666667";
"46783.283014";"Average speed";"0";"km/h";"13.0158383333333";"77.5656116666667";
"46783.283014";"Distance travelled";"0";"km";"13.0158383333333";"77.5656116666667";
"46783.283014";"Distance travelled (total)";"0";"km";"13.0158383333333";"77.5656116666667";
"46783.283014";"Vehicle acceleration";"0";"g";"13.0158383333333";"77.5656116666667";
"46783.283014";"Vehicle speed";"0";"km/h";"13.0158383333333";"77.5656116666667";
"46783.329014";"Average speed";"0";"km/h";"13.0158383333333";"77.5656116666667";
"46783.329014";"Distance travelled";"0";"km";"13.0158383333333";"77.5656116666667";
"46783.329014";"Distance travelled (total)";"0";"km";"13.0158383333333";"77.5656116666667";
"46783.329014";"Vehicle acceleration";"0";"g";"13.0158383333333";"77.5656116666667";
"46783.329014";"Vehicle speed";"0";"km/h";"13.0158383333333";"77.5656116666667";
"46783.378014";"Average speed";"0";"km/h";"13.0158383333333";"77.5656116666667";
"46783.378014";"Distance travelled";"0";"km";"13.0158383333333";"77.5656116666667";
"46783.378014";"Distance travelled (total)";"0";"km";"13.0158383333333";"77.5656116666667";
"46783.378014";"Vehicle acceleration";"0";"g";"13.0158383333333";"77.5656116666667";
"46783.378014";"Vehicle speed";"0";"km/h";"13.0158383333333";"77.5656116666667";
"46783.423014";"Average speed";"0";"km/h";"13.0158383333333";"77.5656116666667";
"46783.423014";"Distance travelled";"0";"km";"13.0158383333333";"77.5656116666667";
"46783.423014";"Distance travelled (total)";"0";"km";"13.0158383333333";"77.5656116666667";
"46783.423014";"Vehicle acceleration";"0";"g";"13.0158383333333";"77.5656116666667";
"46783.423014";"Vehicle speed";"0";"km/h";"13.0158383333333";"77.5656116666667";
"46783.472014";"Average speed";"0";"km/h";"13.0158383333333";"77.5656116666667";
"46783.472014";"Distance travelled";"0";"km";"13.0158383333333";"77.5656116666667";
"46783.472014";"Distance travelled (total)";"0";"km";"13.0158383333333";"77.5656116666667";
"46783.472014";"Vehicle acceleration";"0";"g";"13.0158383333333";"77.5656116666667";
"46783.472014";"Vehicle speed";"0";"km/h";"13.0158383333333";"77.5656116666667";
"46783.543014";"Average speed";"0";"km/h";"13.0158383333333";"77.5656116666667";
"46783.543014";"Distance travelled";"0";"km";"13.0158383333333";"77.5656116666667";
"46783.543014";"Distance travelled (total)";"0";"km";"13.0158383333333";"77.5656116666667";
"46783.543014";"Vehicle acceleration";"0";"g";"13.0158383333333";"77.5656116666667";
"46783.543014";"Vehicle speed";"0";"km/h";"13.0158383333333";"77.5656116666667";
"46783.596014";"Average speed";"0";"km/h";"13.0158383333333";"77.5656116666667";
"46783.596014";"Distance travelled";"0";"km";"13.0158383333333";"77.5656116666667";
"46783.596014";"Distance travelled (total)";"0";"km";"13.0158383333333";"77.5656116666667";
"46783.596014";"Vehicle acceleration";"0";"g";"13.0158383333333";"77.5656116666667";
"46783.596014";"Vehicle speed";"0";"km/h";"13.0158383333333";"77.5656116666667";
"46783.647014";"Average speed";"0";"km/h";"13.0158383333333";"77.5656116666667";
"46783.647014";"Distance travelled";"0";"km";"13.0158383333333";"77.5656116666667";
"46783.647014";"Distance travelled (total)";"0";"km";"13.0158383333333";"77.5656116666667";
"46783.647014";"Vehicle acceleration";"0";"g";"13.0158383333333";"77.5656116666667";
"46783.647014";"Vehicle speed";"0";"km/h";"13.0158383333333";"77.5656116666667";
"46783.708014";"Average speed";"0";"km/h";"13.0158383333333";"77.5656116666667";
"46783.708014";"Distance travelled";"0";"km";"13.0158383333333";"77.5656116666667";
"46783.708014";"Distance travelled (total)";"0";"km";"13.0158383333333";"77.5656116666667";
"46783.708014";"Vehicle acceleration";"0";"g";"13.0158383333333";"77.5656116666667";
"46783.708014";"Vehicle speed";"0";"km/h";"13.0158383333333";"77.5656116666667";
"46783.764014";"Average speed";"0";"km/h";"13.0158383333333";"77.5656116666667";
"46783.764014";"Distance travelled";"0";"km";"13.0158383333333";"77.5656116666667";
"46783.764014";"Distance travelled (total)";"0";"km";"13.0158383333333";"77.5656116666667";
"46783.764014";"Vehicle acceleration";"0";"g";"13.0158383333333";"77.5656116666667";
"46783.764014";"Vehicle speed";"0";"km/h";"13.0158383333333";"77.5656116666667";
"46783.825014";"Average speed";"0";"km/h";"13.0158383333333";"77.5656116666667";
"46783.825014";"Distance travelled";"0";"km";"13.0158383333333";"77.5656116666667";
"46783.825014";"Distance travelled (total)";"0";"km";"13.0158383333333";"77.5656116666667";
"46783.825014";"Vehicle acceleration";"0";"g";"13.0158383333333";"77.5656116666667";
"46783.825014";"Vehicle speed";"0";"km/h";"13.0158383333333";"77.5656116666667";
"46783.873014";"Average speed";"0";"km/h";"13.0158383333333";"77.5656116666667";
"46783.873014";"Distance travelled";"0";"km";"13.0158383333333";"77.5656116666667";
"46783.873014";"Distance travelled (total)";"0";"km";"13.0158383333333";"77.5656116666667";
"46783.873014";"Vehicle acceleration";"0";"g";"13.0158383333333";"77.5656116666667";
"46783.873014";"Vehicle speed";"0";"km/h";"13.0158383333333";"77.5656116666667";
"46783.940014";"Average speed";"0";"km/h";"13.0158383333333";"77.5656116666667";
"46783.940014";"Distance travelled";"0";"km";"13.0158383333333";"77.5656116666667";
"46783.940014";"Distance travelled (total)";"0";"km";"13.0158383333333";"77.5656116666667";
"46783.940014";"Vehicle acceleration";"0";"g";"13.0158383333333";"77.5656116666667";
"46783.940014";"Vehicle speed";"0";"km/h";"13.0158383333333";"77.5656116666667";
"46783.987014";"Average speed";"0";"km/h";"13.0158383333333";"77.5656116666667";
"46783.987014";"Distance travelled";"0";"km";"13.0158383333333";"77.5656116666667";
"46783.987014";"Distance travelled (total)";"0";"km";"13.0158383333333";"77.5656116666667";
"46783.987014";"Vehicle acceleration";"0";"g";"13.0158383333333";"77.5656116666667";
"46783.987014";"Vehicle speed";"0";"km/h";"13.0158383333333";"77.5656116666667";
"46784.033014";"Average speed";"0";"km/h";"13.0158383333333";"77.5656116666667";
"46784.033014";"Distance travelled";"0";"km";"13.0158383333333";"77.5656116666667";
"46784.033014";"Distance travelled (total)";"0";"km";"13.0158383333333";"77.5656116666667";
"46784.033014";"Vehicle acceleration";"0";"g";"13.0158383333333";"77.5656116666667";
"46784.033014";"Vehicle speed";"0";"km/h";"13.0158383333333";"77.5656116666667";
"46784.081014";"Average speed";"0";"km/h";"13.0158383333333";"77.5656116666667";
"46784.081014";"Distance travelled";"0";"km";"13.0158383333333";"77.5656116666667";
"46784.081014";"Distance travelled (total)";"0";"km";"13.0158383333333";"77.5656116666667";
"46784.081014";"Vehicle acceleration";"0";"g";"13.0158383333333";"77.5656116666667";
"46784.081014";"Vehicle speed";"0";"km/h";"13.0158383333333";"77.5656116666667";
"46784.129014";"Average speed";"0";"km/h";"13.0158383333333";"77.5656116666667";
"46784.129014";"Distance travelled";"0";"km";"13.0158383333333";"77.5656116666667";
"46784.129014";"Distance travelled (total)";"0";"km";"13.0158383333333";"77.5656116666667";
"46784.129014";"Vehicle acceleration";"0";"g";"13.0158383333333";"77.5656116666667";
"46784.129014";"Vehicle speed";"0";"km/h";"13.0158383333333";"77.5656116666667";
"46784.176014";"Average speed";"0";"km/h";"13.0158383333333";"77.5656116666667";
"46784.176014";"Distance travelled";"0";"km";"13.0158383333333";"77.5656116666667";
"46784.176014";"Distance travelled (total)";"0";"km";"13.0158383333333";"77.5656116666667";
"46784.176014";"Vehicle acceleration";"0";"g";"13.0158383333333";"77.5656116666667";
"46784.176014";"Vehicle speed";"0";"km/h";"13.0158383333333";"77.5656116666667";
"46784.236014";"Average speed";"0";"km/h";"13.0158383333333";"77.5656116666667";
"46784.236014";"Distance travelled";"0";"km";"13.0158383333333";"77.5656116666667";
"46784.236014";"Distance travelled (total)";"0";"km";"13.0158383333333";"77.5656116666667";
"46784.236014";"Vehicle acceleration";"0";"g";"13.0158383333333";"77.5656116666667";
"46784.236014";"Vehicle speed";"0";"km/h";"13.0158383333333";"77.5656116666667";
"46784.282014";"Average speed";"0";"km/h";"13.0158383333333";"77.5656116666667";
"46784.282014";"Distance travelled";"0";"km";"13.0158383333333";"77.5656116666667";
"46784.282014";"Distance travelled (total)";"0";"km";"13.0158383333333";"77.5656116666667";
"46784.282014";"Vehicle acceleration";"0";"g";"13.0158383333333";"77.5656116666667";
"46784.282014";"Vehicle speed";"0";"km/h";"13.0158383333333";"77.5656116666667";
"46784.329014";"Average speed";"0";"km/h";"13.0158383333333";"77.5656116666667";
"46784.329014";"Distance travelled";"0";"km";"13.0158383333333";"77.5656116666667";
"46784.329014";"Distance travelled (total)";"0";"km";"13.0158383333333";"77.5656116666667";
"46784.329014";"Vehicle acceleration";"0";"g";"13.0158383333333";"77.5656116666667";
"46784.329014";"Vehicle speed";"0";"km/h";"13.0158383333333";"77.5656116666667";
"46784.377014";"Average speed";"0";"km/h";"13.0158383333333";"77.5656116666667";
"46784.377014";"Distance travelled";"0";"km";"13.0158383333333";"77.5656116666667";
"46784.377014";"Distance travelled (total)";"0";"km";"13.0158383333333";"77.5656116666667";
"46784.377014";"Vehicle acceleration";"0";"g";"13.0158383333333";"77.5656116666667";
"46784.377014";"Vehicle speed";"0";"km/h";"13.0158383333333";"77.5656116666667";
"46784.423014";"Average speed";"0";"km/h";"13.0158383333333";"77.5656116666667";
"46784.423014";"Distance travelled";"0";"km";"13.0158383333333";"77.5656116666667";
"46784.423014";"Distance travelled (total)";"0";"km";"13.0158383333333";"77.5656116666667";
"46784.423014";"Vehicle acceleration";"0";"g";"13.0158383333333";"77.5656116666667";
"46784.423014";"Vehicle speed";"0";"km/h";"13.0158383333333";"77.5656116666667";
"46784.481014";"Average speed";"0";"km/h";"13.0158383333333";"77.5656116666667";
"46784.481014";"Distance travelled";"0";"km";"13.0158383333333";"77.5656116666667";
"46784.481014";"Distance travelled (total)";"0";"km";"13.0158383333333";"77.5656116666667";
"46784.481014";"Vehicle acceleration";"0";"g";"13.0158383333333";"77.5656116666667";
"46784.481014";"Vehicle speed";"0";"km/h";"13.0158383333333";"77.5656116666667";
"46784.528014";"Average speed";"0";"km/h";"13.0158383333333";"77.5656116666667";
"46784.528014";"Distance travelled";"0";"km";"13.0158383333333";"77.5656116666667";
"46784.528014";"Distance travelled (total)";"0";"km";"13.0158383333333";"77.5656116666667";
"46784.528014";"Vehicle acceleration";"0";"g";"13.0158383333333";"77.5656116666667";
"46784.528014";"Vehicle speed";"0";"km/h";"13.0158383333333";"77.5656116666667";
"46784.587014";"Average speed";"0";"km/h";"13.0158383333333";"77.5656116666667";
"46784.587014";"Distance travelled";"0";"km";"13.0158383333333";"77.5656116666667";
"46784.587014";"Distance travelled (total)";"0";"km";"13.0158383333333";"77.5656116666667";
"46784.587014";"Vehicle acceleration";"0";"g";"13.0158383333333";"77.5656116666667";
"46784.587014";"Vehicle speed";"0";"km/h";"13.0158383333333";"77.5656116666667";
"46784.634014";"Average speed";"0";"km/h";"13.0158383333333";"77.5656116666667";
"46784.634014";"Distance travelled";"0";"km";"13.0158383333333";"77.5656116666667";
"46784.634014";"Distance travelled (total)";"0";"km";"13.0158383333333";"77.5656116666667";
"46784.634014";"Vehicle acceleration";"0";"g";"13.0158383333333";"77.5656116666667";
"46784.634014";"Vehicle speed";"0";"km/h";"13.0158383333333";"77.5656116666667";
"46784.685014";"Average speed";"0";"km/h";"13.0158383333333";"77.5656116666667";
"46784.685014";"Distance travelled";"0";"km";"13.0158383333333";"77.5656116666667";
"46784.685014";"Distance travelled (total)";"0";"km";"13.0158383333333";"77.5656116666667";
"46784.685014";"Vehicle acceleration";"0";"g";"13.0158383333333";"77.5656116666667";
"46784.685014";"Vehicle speed";"0";"km/h";"13.0158383333333";"77.5656116666667";
"46784.734014";"Average speed";"0";"km/h";"13.0158383333333";"77.5656116666667";
"46784.734014";"Distance travelled";"0";"km";"13.0158383333333";"77.5656116666667";
"46784.734014";"Distance travelled (total)";"0";"km";"13.0158383333333";"77.5656116666667";
"46784.734014";"Vehicle acceleration";"0";"g";"13.0158383333333";"77.5656116666667";
"46784.734014";"Vehicle speed";"0";"km/h";"13.0158383333333";"77.5656116666667";
"46784.784014";"Average speed";"0";"km/h";"13.0158383333333";"77.5656116666667";
"46784.784014";"Distance travelled";"0";"km";"13.0158383333333";"77.5656116666667";
"46784.784014";"Distance travelled (total)";"0";"km";"13.0158383333333";"77.5656116666667";
"46784.784014";"Vehicle acceleration";"0";"g";"13.0158383333333";"77.5656116666667";
"46784.784014";"Vehicle speed";"0";"km/h";"13.0158383333333";"77.5656116666667";
"46784.837014";"Average speed";"0";"km/h";"13.0158383333333";"77.5656116666667";
"46784.837014";"Distance travelled";"0";"km";"13.0158383333333";"77.5656116666667";
"46784.837014";"Distance travelled (total)";"0";"km";"13.0158383333333";"77.5656116666667";
"46784.837014";"Vehicle acceleration";"0";"g";"13.0158383333333";"77.5656116666667";
"46784.837014";"Vehicle speed";"0";"km/h";"13.0158383333333";"77.5656116666667";
"46784.887014";"Average speed";"0";"km/h";"13.0158383333333";"77.5656116666667";
"46784.887014";"Distance travelled";"0";"km";"13.0158383333333";"77.5656116666667";
"46784.887014";"Distance travelled (total)";"0";"km";"13.0158383333333";"77.5656116666667";
"46784.887014";"Vehicle acceleration";"0";"g";"13.0158383333333";"77.5656116666667";
"46784.887014";"Vehicle speed";"0";"km/h";"13.0158383333333";"77.5656116666667";
"46784.914014";"Altitude (GPS)";"852.5";"m";"13.0158366666667";"77.565605";
"46784.933014";"Average speed";"0";"km/h";"13.0158366666667";"77.565605";
"46784.933014";"Distance travelled";"0";"km";"13.0158366666667";"77.565605";
"46784.933014";"Distance travelled (total)";"0";"km";"13.0158366666667";"77.565605";
"46784.933014";"Vehicle acceleration";"0";"g";"13.0158366666667";"77.565605";
"46784.933014";"Vehicle speed";"0";"km/h";"13.0158366666667";"77.565605";
"46785.001014";"Average speed";"0";"km/h";"13.0158366666667";"77.565605";
"46785.001014";"Distance travelled";"0";"km";"13.0158366666667";"77.565605";
"46785.001014";"Distance travelled (total)";"0";"km";"13.0158366666667";"77.565605";
"46785.001014";"Vehicle acceleration";"0";"g";"13.0158366666667";"77.565605";
"46785.001014";"Vehicle speed";"0";"km/h";"13.0158366666667";"77.565605";
"46785.074014";"Average speed";"0";"km/h";"13.0158366666667";"77.565605";
"46785.074014";"Distance travelled";"0";"km";"13.0158366666667";"77.565605";
"46785.074014";"Distance travelled (total)";"0";"km";"13.0158366666667";"77.565605";
"46785.074014";"Vehicle acceleration";"0";"g";"13.0158366666667";"77.565605";
"46785.074014";"Vehicle speed";"0";"km/h";"13.0158366666667";"77.565605";
"46785.136014";"Average speed";"0";"km/h";"13.0158366666667";"77.565605";
"46785.136014";"Distance travelled";"0";"km";"13.0158366666667";"77.565605";
"46785.136014";"Distance travelled (total)";"0";"km";"13.0158366666667";"77.565605";
"46785.136014";"Vehicle acceleration";"0";"g";"13.0158366666667";"77.565605";
"46785.136014";"Vehicle speed";"0";"km/h";"13.0158366666667";"77.565605";
"46785.186014";"Average speed";"0";"km/h";"13.0158366666667";"77.565605";
"46785.186014";"Distance travelled";"0";"km";"13.0158366666667";"77.565605";
"46785.186014";"Distance travelled (total)";"0";"km";"13.0158366666667";"77.565605";
"46785.186014";"Vehicle acceleration";"0";"g";"13.0158366666667";"77.565605";
"46785.186014";"Vehicle speed";"0";"km/h";"13.0158366666667";"77.565605";
"46785.238014";"Average speed";"0";"km/h";"13.0158366666667";"77.565605";
"46785.238014";"Distance travelled";"0";"km";"13.0158366666667";"77.565605";
"46785.238014";"Distance travelled (total)";"0";"km";"13.0158366666667";"77.565605";
"46785.238014";"Vehicle acceleration";"0";"g";"13.0158366666667";"77.565605";
"46785.238014";"Vehicle speed";"0";"km/h";"13.0158366666667";"77.565605";
"46785.298014";"Average speed";"0";"km/h";"13.0158366666667";"77.565605";
"46785.298014";"Distance travelled";"0";"km";"13.0158366666667";"77.565605";
"46785.298014";"Distance travelled (total)";"0";"km";"13.0158366666667";"77.565605";
"46785.298014";"Vehicle acceleration";"0";"g";"13.0158366666667";"77.565605";
"46785.298014";"Vehicle speed";"0";"km/h";"13.0158366666667";"77.565605";
"46785.348014";"Average speed";"0";"km/h";"13.0158366666667";"77.565605";
"46785.348014";"Distance travelled";"0";"km";"13.0158366666667";"77.565605";
"46785.348014";"Distance travelled (total)";"0";"km";"13.0158366666667";"77.565605";
"46785.348014";"Vehicle acceleration";"0";"g";"13.0158366666667";"77.565605";
"46785.348014";"Vehicle speed";"0";"km/h";"13.0158366666667";"77.565605";
"46785.401014";"Average speed";"0";"km/h";"13.0158366666667";"77.565605";
"46785.401014";"Distance travelled";"0";"km";"13.0158366666667";"77.565605";
"46785.401014";"Distance travelled (total)";"0";"km";"13.0158366666667";"77.565605";
"46785.401014";"Vehicle acceleration";"0";"g";"13.0158366666667";"77.565605";
"46785.401014";"Vehicle speed";"0";"km/h";"13.0158366666667";"77.565605";
"46785.452014";"Average speed";"0";"km/h";"13.0158366666667";"77.565605";
"46785.452014";"Distance travelled";"0";"km";"13.0158366666667";"77.565605";
"46785.452014";"Distance travelled (total)";"0";"km";"13.0158366666667";"77.565605";
"46785.452014";"Vehicle acceleration";"0";"g";"13.0158366666667";"77.565605";
"46785.452014";"Vehicle speed";"0";"km/h";"13.0158366666667";"77.565605";
"46785.502014";"Average speed";"0";"km/h";"13.0158366666667";"77.565605";
"46785.502014";"Distance travelled";"0";"km";"13.0158366666667";"77.565605";
"46785.502014";"Distance travelled (total)";"0";"km";"13.0158366666667";"77.565605";
"46785.502014";"Vehicle acceleration";"0";"g";"13.0158366666667";"77.565605";
"46785.502014";"Vehicle speed";"0";"km/h";"13.0158366666667";"77.565605";
"46785.552014";"Average speed";"0";"km/h";"13.0158366666667";"77.565605";
"46785.552014";"Distance travelled";"0";"km";"13.0158366666667";"77.565605";
"46785.552014";"Distance travelled (total)";"0";"km";"13.0158366666667";"77.565605";
"46785.552014";"Vehicle acceleration";"0";"g";"13.0158366666667";"77.565605";
"46785.552014";"Vehicle speed";"0";"km/h";"13.0158366666667";"77.565605";
"46785.609014";"Average speed";"0";"km/h";"13.0158366666667";"77.565605";
"46785.609014";"Distance travelled";"0";"km";"13.0158366666667";"77.565605";
"46785.609014";"Distance travelled (total)";"0";"km";"13.0158366666667";"77.565605";
"46785.609014";"Vehicle acceleration";"0";"g";"13.0158366666667";"77.565605";
"46785.609014";"Vehicle speed";"0";"km/h";"13.0158366666667";"77.565605";
"46785.663014";"Average speed";"0";"km/h";"13.0158366666667";"77.565605";
"46785.663014";"Distance travelled";"0";"km";"13.0158366666667";"77.565605";
"46785.663014";"Distance travelled (total)";"0";"km";"13.0158366666667";"77.565605";
"46785.663014";"Vehicle acceleration";"0";"g";"13.0158366666667";"77.565605";
"46785.663014";"Vehicle speed";"0";"km/h";"13.0158366666667";"77.565605";
"46785.714014";"Average speed";"0";"km/h";"13.0158366666667";"77.565605";
"46785.714014";"Distance travelled";"0";"km";"13.0158366666667";"77.565605";
"46785.714014";"Distance travelled (total)";"0";"km";"13.0158366666667";"77.565605";
"46785.714014";"Vehicle acceleration";"0";"g";"13.0158366666667";"77.565605";
"46785.714014";"Vehicle speed";"0";"km/h";"13.0158366666667";"77.565605";
"46785.764014";"Average speed";"0";"km/h";"13.0158366666667";"77.565605";
"46785.764014";"Distance travelled";"0";"km";"13.0158366666667";"77.565605";
"46785.764014";"Distance travelled (total)";"0";"km";"13.0158366666667";"77.565605";
"46785.764014";"Vehicle acceleration";"0";"g";"13.0158366666667";"77.565605";
"46785.764014";"Vehicle speed";"0";"km/h";"13.0158366666667";"77.565605";
"46785.813014";"Average speed";"0";"km/h";"13.0158366666667";"77.565605";
"46785.813014";"Distance travelled";"0";"km";"13.0158366666667";"77.565605";
"46785.813014";"Distance travelled (total)";"0";"km";"13.0158366666667";"77.565605";
"46785.813014";"Vehicle acceleration";"0";"g";"13.0158366666667";"77.565605";
"46785.813014";"Vehicle speed";"0";"km/h";"13.0158366666667";"77.565605";
"46785.864014";"Average speed";"0";"km/h";"13.0158366666667";"77.565605";
"46785.864014";"Distance travelled";"0";"km";"13.0158366666667";"77.565605";
"46785.864014";"Distance travelled (total)";"0";"km";"13.0158366666667";"77.565605";
"46785.864014";"Vehicle acceleration";"0";"g";"13.0158366666667";"77.565605";
"46785.864014";"Vehicle speed";"0";"km/h";"13.0158366666667";"77.565605";
"46785.917014";"Average speed";"0";"km/h";"13.0158366666667";"77.565605";
"46785.917014";"Distance travelled";"0";"km";"13.0158366666667";"77.565605";
"46785.917014";"Distance travelled (total)";"0";"km";"13.0158366666667";"77.565605";
"46785.917014";"Vehicle acceleration";"0";"g";"13.0158366666667";"77.565605";
"46785.917014";"Vehicle speed";"0";"km/h";"13.0158366666667";"77.565605";
"46785.966014";"Average speed";"0";"km/h";"13.0158366666667";"77.565605";
"46785.966014";"Distance travelled";"0";"km";"13.0158366666667";"77.565605";
"46785.966014";"Distance travelled (total)";"0";"km";"13.0158366666667";"77.565605";
"46785.966014";"Vehicle acceleration";"0";"g";"13.0158366666667";"77.565605";
"46785.966014";"Vehicle speed";"0";"km/h";"13.0158366666667";"77.565605";
"46786.014014";"Average speed";"0";"km/h";"13.0158366666667";"77.565605";
"46786.014014";"Distance travelled";"0";"km";"13.0158366666667";"77.565605";
"46786.014014";"Distance travelled (total)";"0";"km";"13.0158366666667";"77.565605";
"46786.014014";"Vehicle acceleration";"0";"g";"13.0158366666667";"77.565605";
"46786.014014";"Vehicle speed";"0";"km/h";"13.0158366666667";"77.565605";
"46786.061014";"Average speed";"0";"km/h";"13.0158366666667";"77.565605";
"46786.061014";"Distance travelled";"0";"km";"13.0158366666667";"77.565605";
"46786.061014";"Distance travelled (total)";"0";"km";"13.0158366666667";"77.565605";
"46786.061014";"Vehicle acceleration";"0";"g";"13.0158366666667";"77.565605";
"46786.061014";"Vehicle speed";"0";"km/h";"13.0158366666667";"77.565605";
"46786.110014";"Average speed";"0";"km/h";"13.0158366666667";"77.565605";
"46786.110014";"Distance travelled";"0";"km";"13.0158366666667";"77.565605";
"46786.110014";"Distance travelled (total)";"0";"km";"13.0158366666667";"77.565605";
"46786.110014";"Vehicle acceleration";"0";"g";"13.0158366666667";"77.565605";
"46786.110014";"Vehicle speed";"0";"km/h";"13.0158366666667";"77.565605";
"46786.162014";"Average speed";"0";"km/h";"13.0158366666667";"77.565605";
"46786.162014";"Distance travelled";"0";"km";"13.0158366666667";"77.565605";
"46786.162014";"Distance travelled (total)";"0";"km";"13.0158366666667";"77.565605";
"46786.162014";"Vehicle acceleration";"0";"g";"13.0158366666667";"77.565605";
"46786.162014";"Vehicle speed";"0";"km/h";"13.0158366666667";"77.565605";
"46786.229014";"Average speed";"0";"km/h";"13.0158366666667";"77.565605";
"46786.229014";"Distance travelled";"0";"km";"13.0158366666667";"77.565605";
"46786.229014";"Distance travelled (total)";"0";"km";"13.0158366666667";"77.565605";
"46786.229014";"Vehicle acceleration";"0";"g";"13.0158366666667";"77.565605";
"46786.229014";"Vehicle speed";"0";"km/h";"13.0158366666667";"77.565605";
"46786.286014";"Average speed";"0";"km/h";"13.0158366666667";"77.565605";
"46786.286014";"Distance travelled";"0";"km";"13.0158366666667";"77.565605";
"46786.286014";"Distance travelled (total)";"0";"km";"13.0158366666667";"77.565605";
"46786.286014";"Vehicle acceleration";"0";"g";"13.0158366666667";"77.565605";
"46786.286014";"Vehicle speed";"0";"km/h";"13.0158366666667";"77.565605";
"46786.338014";"Average speed";"0";"km/h";"13.0158366666667";"77.565605";
"46786.338014";"Distance travelled";"0";"km";"13.0158366666667";"77.565605";
"46786.338014";"Distance travelled (total)";"0";"km";"13.0158366666667";"77.565605";
"46786.338014";"Vehicle acceleration";"0";"g";"13.0158366666667";"77.565605";
"46786.338014";"Vehicle speed";"0";"km/h";"13.0158366666667";"77.565605";
"46786.383014";"Average speed";"0";"km/h";"13.0158366666667";"77.565605";
"46786.383014";"Distance travelled";"0";"km";"13.0158366666667";"77.565605";
"46786.383014";"Distance travelled (total)";"0";"km";"13.0158366666667";"77.565605";
"46786.383014";"Vehicle acceleration";"0";"g";"13.0158366666667";"77.565605";
"46786.383014";"Vehicle speed";"0";"km/h";"13.0158366666667";"77.565605";
"46786.438014";"Average speed";"0";"km/h";"13.0158366666667";"77.565605";
"46786.438014";"Distance travelled";"0";"km";"13.0158366666667";"77.565605";
"46786.438014";"Distance travelled (total)";"0";"km";"13.0158366666667";"77.565605";
"46786.438014";"Vehicle acceleration";"0";"g";"13.0158366666667";"77.565605";
"46786.438014";"Vehicle speed";"0";"km/h";"13.0158366666667";"77.565605";
"46786.512014";"Average speed";"0";"km/h";"13.0158366666667";"77.565605";
"46786.512014";"Distance travelled";"0";"km";"13.0158366666667";"77.565605";
"46786.512014";"Distance travelled (total)";"0";"km";"13.0158366666667";"77.565605";
"46786.512014";"Vehicle acceleration";"0";"g";"13.0158366666667";"77.565605";
"46786.512014";"Vehicle speed";"0";"km/h";"13.0158366666667";"77.565605";
"46786.568014";"Average speed";"0";"km/h";"13.0158366666667";"77.565605";
"46786.568014";"Distance travelled";"0";"km";"13.0158366666667";"77.565605";
"46786.568014";"Distance travelled (total)";"0";"km";"13.0158366666667";"77.565605";
"46786.568014";"Vehicle acceleration";"0";"g";"13.0158366666667";"77.565605";
"46786.568014";"Vehicle speed";"0";"km/h";"13.0158366666667";"77.565605";
"46786.617014";"Average speed";"0";"km/h";"13.0158366666667";"77.565605";
"46786.617014";"Distance travelled";"0";"km";"13.0158366666667";"77.565605";
"46786.617014";"Distance travelled (total)";"0";"km";"13.0158366666667";"77.565605";
"46786.617014";"Vehicle acceleration";"0";"g";"13.0158366666667";"77.565605";
"46786.617014";"Vehicle speed";"0";"km/h";"13.0158366666667";"77.565605";
"46786.656014";"Altitude (GPS)";"851.8";"m";"13.01583";"77.5656283333333";
"46786.656014";"Average speed (GPS)";"0.167923305290281";"km/h";"13.01583";"77.5656283333333";
"46786.656014";"Speed (GPS)";"0.124151006340981";"km/h";"13.01583";"77.5656283333333";
"46786.676014";"Average speed";"0";"km/h";"13.01583";"77.5656283333333";
"46786.676014";"Distance travelled";"0";"km";"13.01583";"77.5656283333333";
"46786.676014";"Distance travelled (total)";"0";"km";"13.01583";"77.5656283333333";
"46786.676014";"Vehicle acceleration";"0";"g";"13.01583";"77.5656283333333";
"46786.676014";"Vehicle speed";"0";"km/h";"13.01583";"77.5656283333333";
"46786.724014";"Average speed";"0";"km/h";"13.01583";"77.5656283333333";
"46786.724014";"Distance travelled";"0";"km";"13.01583";"77.5656283333333";
"46786.724014";"Distance travelled (total)";"0";"km";"13.01583";"77.5656283333333";
"46786.724014";"Vehicle acceleration";"0";"g";"13.01583";"77.5656283333333";
"46786.724014";"Vehicle speed";"0";"km/h";"13.01583";"77.5656283333333";
"46786.793014";"Average speed";"0";"km/h";"13.01583";"77.5656283333333";
"46786.793014";"Distance travelled";"0";"km";"13.01583";"77.5656283333333";
"46786.793014";"Distance travelled (total)";"0";"km";"13.01583";"77.5656283333333";
"46786.793014";"Vehicle acceleration";"0";"g";"13.01583";"77.5656283333333";
"46786.793014";"Vehicle speed";"0";"km/h";"13.01583";"77.5656283333333";
"46786.843014";"Average speed";"0";"km/h";"13.01583";"77.5656283333333";
"46786.843014";"Distance travelled";"0";"km";"13.01583";"77.5656283333333";
"46786.843014";"Distance travelled (total)";"0";"km";"13.01583";"77.5656283333333";
"46786.843014";"Vehicle acceleration";"0";"g";"13.01583";"77.5656283333333";
"46786.843014";"Vehicle speed";"0";"km/h";"13.01583";"77.5656283333333";
"46786.906014";"Average speed";"0";"km/h";"13.01583";"77.5656283333333";
"46786.906014";"Distance travelled";"0";"km";"13.01583";"77.5656283333333";
"46786.906014";"Distance travelled (total)";"0";"km";"13.01583";"77.5656283333333";
"46786.906014";"Vehicle acceleration";"0";"g";"13.01583";"77.5656283333333";
"46786.906014";"Vehicle speed";"0";"km/h";"13.01583";"77.5656283333333";
"46786.954014";"Average speed";"0";"km/h";"13.01583";"77.5656283333333";
"46786.954014";"Distance travelled";"0";"km";"13.01583";"77.5656283333333";
"46786.954014";"Distance travelled (total)";"0";"km";"13.01583";"77.5656283333333";
"46786.954014";"Vehicle acceleration";"0";"g";"13.01583";"77.5656283333333";
"46786.954014";"Vehicle speed";"0";"km/h";"13.01583";"77.5656283333333";
"46787.004014";"Average speed";"0";"km/h";"13.01583";"77.5656283333333";
"46787.004014";"Distance travelled";"0";"km";"13.01583";"77.5656283333333";
"46787.004014";"Distance travelled (total)";"0";"km";"13.01583";"77.5656283333333";
"46787.004014";"Vehicle acceleration";"0";"g";"13.01583";"77.5656283333333";
"46787.004014";"Vehicle speed";"0";"km/h";"13.01583";"77.5656283333333";
"46787.061014";"Average speed";"0";"km/h";"13.01583";"77.5656283333333";
"46787.061014";"Distance travelled";"0";"km";"13.01583";"77.5656283333333";
"46787.061014";"Distance travelled (total)";"0";"km";"13.01583";"77.5656283333333";
"46787.061014";"Vehicle acceleration";"0";"g";"13.01583";"77.5656283333333";
"46787.061014";"Vehicle speed";"0";"km/h";"13.01583";"77.5656283333333";
"46787.116014";"Average speed";"0";"km/h";"13.01583";"77.5656283333333";
"46787.116014";"Distance travelled";"0";"km";"13.01583";"77.5656283333333";
"46787.116014";"Distance travelled (total)";"0";"km";"13.01583";"77.5656283333333";
"46787.116014";"Vehicle acceleration";"0";"g";"13.01583";"77.5656283333333";
"46787.116014";"Vehicle speed";"0";"km/h";"13.01583";"77.5656283333333";
"46787.170014";"Average speed";"0";"km/h";"13.01583";"77.5656283333333";
"46787.170014";"Distance travelled";"0";"km";"13.01583";"77.5656283333333";
"46787.170014";"Distance travelled (total)";"0";"km";"13.01583";"77.5656283333333";
"46787.170014";"Vehicle acceleration";"0";"g";"13.01583";"77.5656283333333";
"46787.170014";"Vehicle speed";"0";"km/h";"13.01583";"77.5656283333333";
"46787.224014";"Average speed";"0";"km/h";"13.01583";"77.5656283333333";
"46787.224014";"Distance travelled";"0";"km";"13.01583";"77.5656283333333";
"46787.224014";"Distance travelled (total)";"0";"km";"13.01583";"77.5656283333333";
"46787.224014";"Vehicle acceleration";"0";"g";"13.01583";"77.5656283333333";
"46787.224014";"Vehicle speed";"0";"km/h";"13.01583";"77.5656283333333";
"46787.282014";"Average speed";"0";"km/h";"13.01583";"77.5656283333333";
"46787.282014";"Distance travelled";"0";"km";"13.01583";"77.5656283333333";
"46787.282014";"Distance travelled (total)";"0";"km";"13.01583";"77.5656283333333";
"46787.282014";"Vehicle acceleration";"0";"g";"13.01583";"77.5656283333333";
"46787.282014";"Vehicle speed";"0";"km/h";"13.01583";"77.5656283333333";
"46787.338014";"Average speed";"0";"km/h";"13.01583";"77.5656283333333";
"46787.338014";"Distance travelled";"0";"km";"13.01583";"77.5656283333333";
"46787.338014";"Distance travelled (total)";"0";"km";"13.01583";"77.5656283333333";
"46787.338014";"Vehicle acceleration";"0";"g";"13.01583";"77.5656283333333";
"46787.338014";"Vehicle speed";"0";"km/h";"13.01583";"77.5656283333333";
"46787.403014";"Average speed";"0";"km/h";"13.01583";"77.5656283333333";
"46787.403014";"Distance travelled";"0";"km";"13.01583";"77.5656283333333";
"46787.403014";"Distance travelled (total)";"0";"km";"13.01583";"77.5656283333333";
"46787.403014";"Vehicle acceleration";"0";"g";"13.01583";"77.5656283333333";
"46787.403014";"Vehicle speed";"0";"km/h";"13.01583";"77.5656283333333";
"46787.468014";"Average speed";"0";"km/h";"13.01583";"77.5656283333333";
"46787.468014";"Distance travelled";"0";"km";"13.01583";"77.5656283333333";
"46787.468014";"Distance travelled (total)";"0";"km";"13.01583";"77.5656283333333";
"46787.468014";"Vehicle acceleration";"0";"g";"13.01583";"77.5656283333333";
"46787.468014";"Vehicle speed";"0";"km/h";"13.01583";"77.5656283333333";
"46787.517014";"Average speed";"0";"km/h";"13.01583";"77.5656283333333";
"46787.517014";"Distance travelled";"0";"km";"13.01583";"77.5656283333333";
"46787.517014";"Distance travelled (total)";"0";"km";"13.01583";"77.5656283333333";
"46787.517014";"Vehicle acceleration";"0";"g";"13.01583";"77.5656283333333";
"46787.517014";"Vehicle speed";"0";"km/h";"13.01583";"77.5656283333333";
"46787.570014";"Average speed";"0";"km/h";"13.01583";"77.5656283333333";
"46787.570014";"Distance travelled";"0";"km";"13.01583";"77.5656283333333";
"46787.570014";"Distance travelled (total)";"0";"km";"13.01583";"77.5656283333333";
"46787.570014";"Vehicle acceleration";"0";"g";"13.01583";"77.5656283333333";
"46787.570014";"Vehicle speed";"0";"km/h";"13.01583";"77.5656283333333";
"46787.647014";"Average speed";"0";"km/h";"13.01583";"77.5656283333333";
"46787.647014";"Distance travelled";"0";"km";"13.01583";"77.5656283333333";
"46787.647014";"Distance travelled (total)";"0";"km";"13.01583";"77.5656283333333";
"46787.647014";"Vehicle acceleration";"0";"g";"13.01583";"77.5656283333333";
"46787.647014";"Vehicle speed";"0";"km/h";"13.01583";"77.5656283333333";
"46787.716014";"Average speed";"0";"km/h";"13.01583";"77.5656283333333";
"46787.716014";"Distance travelled";"0";"km";"13.01583";"77.5656283333333";
"46787.716014";"Distance travelled (total)";"0";"km";"13.01583";"77.5656283333333";
"46787.716014";"Vehicle acceleration";"0";"g";"13.01583";"77.5656283333333";
"46787.716014";"Vehicle speed";"0";"km/h";"13.01583";"77.5656283333333";
"46787.774014";"Average speed";"0";"km/h";"13.01583";"77.5656283333333";
"46787.774014";"Distance travelled";"0";"km";"13.01583";"77.5656283333333";
"46787.774014";"Distance travelled (total)";"0";"km";"13.01583";"77.5656283333333";
"46787.774014";"Vehicle acceleration";"0";"g";"13.01583";"77.5656283333333";
"46787.774014";"Vehicle speed";"0";"km/h";"13.01583";"77.5656283333333";
"46787.828014";"Average speed";"0";"km/h";"13.01583";"77.5656283333333";
"46787.828014";"Distance travelled";"0";"km";"13.01583";"77.5656283333333";
"46787.828014";"Distance travelled (total)";"0";"km";"13.01583";"77.5656283333333";
"46787.828014";"Vehicle acceleration";"0";"g";"13.01583";"77.5656283333333";
"46787.828014";"Vehicle speed";"0";"km/h";"13.01583";"77.5656283333333";
"46787.900014";"Average speed (GPS)";"0.167599095185555";"km/h";"13.0158283333333";"77.56564";
"46787.900014";"Speed (GPS)";"0.101914997398853";"km/h";"13.0158283333333";"77.56564";
"46787.901014";"Altitude (GPS)";"851.6";"m";"13.0158283333333";"77.56564";
"46787.901014";"Average speed";"0";"km/h";"13.0158283333333";"77.56564";
"46787.901014";"Distance travelled";"0";"km";"13.0158283333333";"77.56564";
"46787.901014";"Distance travelled (total)";"0";"km";"13.0158283333333";"77.56564";
"46787.901014";"Vehicle acceleration";"0";"g";"13.0158283333333";"77.56564";
"46787.901014";"Vehicle speed";"0";"km/h";"13.0158283333333";"77.56564";
"46787.952014";"Average speed";"0";"km/h";"13.0158283333333";"77.56564";
"46787.952014";"Distance travelled";"0";"km";"13.0158283333333";"77.56564";
"46787.952014";"Distance travelled (total)";"0";"km";"13.0158283333333";"77.56564";
"46787.952014";"Vehicle acceleration";"0";"g";"13.0158283333333";"77.56564";
"46787.952014";"Vehicle speed";"0";"km/h";"13.0158283333333";"77.56564";
"46788.007014";"Average speed";"0";"km/h";"13.0158283333333";"77.56564";
"46788.007014";"Distance travelled";"0";"km";"13.0158283333333";"77.56564";
"46788.007014";"Distance travelled (total)";"0";"km";"13.0158283333333";"77.56564";
"46788.007014";"Vehicle acceleration";"0";"g";"13.0158283333333";"77.56564";
"46788.007014";"Vehicle speed";"0";"km/h";"13.0158283333333";"77.56564";
"46788.065014";"Average speed";"0";"km/h";"13.0158283333333";"77.56564";
"46788.065014";"Distance travelled";"0";"km";"13.0158283333333";"77.56564";
"46788.065014";"Distance travelled (total)";"0";"km";"13.0158283333333";"77.56564";
"46788.065014";"Vehicle acceleration";"0";"g";"13.0158283333333";"77.56564";
"46788.065014";"Vehicle speed";"0";"km/h";"13.0158283333333";"77.56564";
"46788.112014";"Average speed";"0";"km/h";"13.0158283333333";"77.56564";
"46788.112014";"Distance travelled";"0";"km";"13.0158283333333";"77.56564";
"46788.112014";"Distance travelled (total)";"0";"km";"13.0158283333333";"77.56564";
"46788.112014";"Vehicle acceleration";"0";"g";"13.0158283333333";"77.56564";
"46788.112014";"Vehicle speed";"0";"km/h";"13.0158283333333";"77.56564";
"46788.159014";"Average speed";"0";"km/h";"13.0158283333333";"77.56564";
"46788.159014";"Distance travelled";"0";"km";"13.0158283333333";"77.56564";
"46788.159014";"Distance travelled (total)";"0";"km";"13.0158283333333";"77.56564";
"46788.159014";"Vehicle acceleration";"0";"g";"13.0158283333333";"77.56564";
"46788.159014";"Vehicle speed";"0";"km/h";"13.0158283333333";"77.56564";
"46788.212014";"Average speed";"0";"km/h";"13.0158283333333";"77.56564";
"46788.212014";"Distance travelled";"0";"km";"13.0158283333333";"77.56564";
"46788.212014";"Distance travelled (total)";"0";"km";"13.0158283333333";"77.56564";
"46788.212014";"Vehicle acceleration";"0";"g";"13.0158283333333";"77.56564";
"46788.212014";"Vehicle speed";"0";"km/h";"13.0158283333333";"77.56564";
"46788.268014";"Average speed";"0";"km/h";"13.0158283333333";"77.56564";
"46788.268014";"Distance travelled";"0";"km";"13.0158283333333";"77.56564";
"46788.268014";"Distance travelled (total)";"0";"km";"13.0158283333333";"77.56564";
"46788.268014";"Vehicle acceleration";"0";"g";"13.0158283333333";"77.56564";
"46788.268014";"Vehicle speed";"0";"km/h";"13.0158283333333";"77.56564";
"46790.138014";"Average speed (GPS)";"0.166132059113058";"km/h";"13.0158283333333";"77.5656433333333";
"46790.138014";"Speed (GPS)";"0";"km/h";"13.0158283333333";"77.5656433333333";
"46791.892014";"Altitude (GPS)";"851.5";"m";"13.0158233333333";"77.5656466666667";
"46792.493014";"Altitude (GPS)";"873.700012207031";"m";"13.015857";"77.5656766";
"46798.415014";"Engine RPM";"801";"rpm";"13.015857";"77.5656766";
"46798.415014";"Engine RPM x1000";"0.8";"rpm";"13.015857";"77.5656766";
"46798.508014";"Average speed";"0";"km/h";"13.015857";"77.5656766";
"46798.508014";"Distance travelled";"0";"km";"13.015857";"77.5656766";
"46798.508014";"Distance travelled (total)";"0";"km";"13.015857";"77.5656766";
"46798.508014";"Vehicle acceleration";"0";"g";"13.015857";"77.5656766";
"46798.508014";"Vehicle speed";"0";"km/h";"13.015857";"77.5656766";
"46798.589014";"Engine coolant temperature";"79";"℃";"13.015857";"77.5656766";
"46798.650014";"Engine RPM";"800";"rpm";"13.015857";"77.5656766";
"46798.650014";"Engine RPM x1000";"0.8";"rpm";"13.015857";"77.5656766";
"46798.696014";"Average speed";"0";"km/h";"13.015857";"77.5656766";
"46798.696014";"Distance travelled";"0";"km";"13.015857";"77.5656766";
"46798.696014";"Distance travelled (total)";"0";"km";"13.015857";"77.5656766";
"46798.696014";"Vehicle acceleration";"0";"g";"13.015857";"77.5656766";
"46798.696014";"Vehicle speed";"0";"km/h";"13.015857";"77.5656766";
"46798.722014";"Altitude (GPS)";"851.2";"m";"13.0158183333333";"77.56565";
"46798.744014";"Engine RPM";"800";"rpm";"13.0158183333333";"77.56565";
"46798.744014";"Engine RPM x1000";"0.8";"rpm";"13.0158183333333";"77.56565";
"46798.791014";"Average speed";"0";"km/h";"13.0158183333333";"77.56565";
"46798.791014";"Distance travelled";"0";"km";"13.0158183333333";"77.56565";
"46798.791014";"Distance travelled (total)";"0";"km";"13.0158183333333";"77.56565";
"46798.791014";"Vehicle acceleration";"0";"g";"13.0158183333333";"77.56565";
"46798.791014";"Vehicle speed";"0";"km/h";"13.0158183333333";"77.56565";
"46798.840014";"Engine coolant temperature";"79";"℃";"13.0158183333333";"77.56565";
"46798.887014";"Engine RPM";"798";"rpm";"13.0158183333333";"77.56565";
"46798.887014";"Engine RPM x1000";"0.8";"rpm";"13.0158183333333";"77.56565";
"46798.939014";"Average speed";"0";"km/h";"13.0158183333333";"77.56565";
"46798.939014";"Distance travelled";"0";"km";"13.0158183333333";"77.56565";
"46798.939014";"Distance travelled (total)";"0";"km";"13.0158183333333";"77.56565";
"46798.939014";"Vehicle acceleration";"0";"g";"13.0158183333333";"77.56565";
"46798.939014";"Vehicle speed";"0";"km/h";"13.0158183333333";"77.56565";
"46798.986014";"Engine RPM";"798";"rpm";"13.0158183333333";"77.56565";
"46798.986014";"Engine RPM x1000";"0.8";"rpm";"13.0158183333333";"77.56565";
"46799.036014";"Average speed";"0";"km/h";"13.0158183333333";"77.56565";
"46799.036014";"Distance travelled";"0";"km";"13.0158183333333";"77.56565";
"46799.036014";"Distance travelled (total)";"0";"km";"13.0158183333333";"77.56565";
"46799.036014";"Vehicle acceleration";"0";"g";"13.0158183333333";"77.56565";
"46799.036014";"Vehicle speed";"0";"km/h";"13.0158183333333";"77.56565";
"46799.097014";"Engine coolant temperature";"79";"℃";"13.0158183333333";"77.56565";
"46799.148014";"Engine RPM";"800";"rpm";"13.0158183333333";"77.56565";
"46799.148014";"Engine RPM x1000";"0.8";"rpm";"13.0158183333333";"77.56565";
"46799.200014";"Average speed";"0";"km/h";"13.0158183333333";"77.56565";
"46799.200014";"Distance travelled";"0";"km";"13.0158183333333";"77.56565";
"46799.200014";"Distance travelled (total)";"0";"km";"13.0158183333333";"77.56565";
"46799.200014";"Vehicle acceleration";"0";"g";"13.0158183333333";"77.56565";
"46799.200014";"Vehicle speed";"0";"km/h";"13.0158183333333";"77.56565";
"46799.258014";"Engine RPM";"802";"rpm";"13.0158183333333";"77.56565";
"46799.258014";"Engine RPM x1000";"0.8";"rpm";"13.0158183333333";"77.56565";
"46799.331014";"Average speed";"0";"km/h";"13.0158183333333";"77.56565";
"46799.331014";"Distance travelled";"0";"km";"13.0158183333333";"77.56565";
"46799.331014";"Distance travelled (total)";"0";"km";"13.0158183333333";"77.56565";
"46799.331014";"Vehicle acceleration";"0";"g";"13.0158183333333";"77.56565";
"46799.331014";"Vehicle speed";"0";"km/h";"13.0158183333333";"77.56565";
"46799.390014";"Engine coolant temperature";"79";"℃";"13.0158183333333";"77.56565";
"46799.439014";"Engine RPM";"798";"rpm";"13.0158183333333";"77.56565";
"46799.439014";"Engine RPM x1000";"0.8";"rpm";"13.0158183333333";"77.56565";
"46799.486014";"Average speed";"0";"km/h";"13.0158183333333";"77.56565";
"46799.486014";"Distance travelled";"0";"km";"13.0158183333333";"77.56565";
"46799.486014";"Distance travelled (total)";"0";"km";"13.0158183333333";"77.56565";
"46799.486014";"Vehicle acceleration";"0";"g";"13.0158183333333";"77.56565";
"46799.486014";"Vehicle speed";"0";"km/h";"13.0158183333333";"77.56565";
"46799.542014";"Engine RPM";"798";"rpm";"13.0158183333333";"77.56565";
"46799.542014";"Engine RPM x1000";"0.8";"rpm";"13.0158183333333";"77.56565";
"46799.592014";"Average speed";"0";"km/h";"13.0158183333333";"77.56565";
"46799.592014";"Distance travelled";"0";"km";"13.0158183333333";"77.56565";
"46799.592014";"Distance travelled (total)";"0";"km";"13.0158183333333";"77.56565";
"46799.592014";"Vehicle acceleration";"0";"g";"13.0158183333333";"77.56565";
"46799.592014";"Vehicle speed";"0";"km/h";"13.0158183333333";"77.56565";
"46799.640014";"Engine coolant temperature";"79";"℃";"13.0158183333333";"77.56565";
"46799.690014";"Engine RPM";"801";"rpm";"13.0158183333333";"77.56565";
"46799.690014";"Engine RPM x1000";"0.8";"rpm";"13.0158183333333";"77.56565";
"46799.750014";"Average speed";"0";"km/h";"13.0158183333333";"77.56565";
"46799.750014";"Distance travelled";"0";"km";"13.0158183333333";"77.56565";
"46799.750014";"Distance travelled (total)";"0";"km";"13.0158183333333";"77.56565";
"46799.750014";"Vehicle acceleration";"0";"g";"13.0158183333333";"77.56565";
"46799.750014";"Vehicle speed";"0";"km/h";"13.0158183333333";"77.56565";
"46799.801014";"Engine RPM";"799";"rpm";"13.0158183333333";"77.56565";
"46799.801014";"Engine RPM x1000";"0.8";"rpm";"13.0158183333333";"77.56565";
"46799.866014";"Average speed";"0";"km/h";"13.0158183333333";"77.56565";
"46799.866014";"Distance travelled";"0";"km";"13.0158183333333";"77.56565";
"46799.866014";"Distance travelled (total)";"0";"km";"13.0158183333333";"77.56565";
"46799.866014";"Vehicle acceleration";"0";"g";"13.0158183333333";"77.56565";
"46799.866014";"Vehicle speed";"0";"km/h";"13.0158183333333";"77.56565";
"46799.916014";"Engine coolant temperature";"79";"℃";"13.0158183333333";"77.56565";
"46799.976014";"Engine RPM";"799";"rpm";"13.0158183333333";"77.56565";
"46799.976014";"Engine RPM x1000";"0.8";"rpm";"13.0158183333333";"77.56565";
"46800.024014";"Average speed";"0";"km/h";"13.0158183333333";"77.56565";
"46800.024014";"Distance travelled";"0";"km";"13.0158183333333";"77.56565";
"46800.024014";"Distance travelled (total)";"0";"km";"13.0158183333333";"77.56565";
"46800.024014";"Vehicle acceleration";"0";"g";"13.0158183333333";"77.56565";
"46800.024014";"Vehicle speed";"0";"km/h";"13.0158183333333";"77.56565";
"46800.069014";"Engine RPM";"800";"rpm";"13.0158183333333";"77.56565";
"46800.069014";"Engine RPM x1000";"0.8";"rpm";"13.0158183333333";"77.56565";
"46800.123014";"Average speed";"0";"km/h";"13.0158183333333";"77.56565";
"46800.123014";"Distance travelled";"0";"km";"13.0158183333333";"77.56565";
"46800.123014";"Distance travelled (total)";"0";"km";"13.0158183333333";"77.56565";
"46800.123014";"Vehicle acceleration";"0";"g";"13.0158183333333";"77.56565";
"46800.123014";"Vehicle speed";"0";"km/h";"13.0158183333333";"77.56565";
"46800.173014";"Engine coolant temperature";"79";"℃";"13.0158183333333";"77.56565";
"46800.221014";"Engine RPM";"801";"rpm";"13.0158183333333";"77.56565";
"46800.221014";"Engine RPM x1000";"0.8";"rpm";"13.0158183333333";"77.56565";
"46800.281014";"Average speed";"0";"km/h";"13.0158183333333";"77.56565";
"46800.281014";"Distance travelled";"0";"km";"13.0158183333333";"77.56565";
"46800.281014";"Distance travelled (total)";"0";"km";"13.0158183333333";"77.56565";
"46800.281014";"Vehicle acceleration";"0";"g";"13.0158183333333";"77.56565";
"46800.281014";"Vehicle speed";"0";"km/h";"13.0158183333333";"77.56565";
"46800.335014";"Engine RPM";"801";"rpm";"13.0158183333333";"77.56565";
"46800.335014";"Engine RPM x1000";"0.8";"rpm";"13.0158183333333";"77.56565";
"46800.385014";"Average speed";"0";"km/h";"13.0158183333333";"77.56565";
"46800.385014";"Distance travelled";"0";"km";"13.0158183333333";"77.56565";
"46800.385014";"Distance travelled (total)";"0";"km";"13.0158183333333";"77.56565";
"46800.385014";"Vehicle acceleration";"0";"g";"13.0158183333333";"77.56565";
"46800.385014";"Vehicle speed";"0";"km/h";"13.0158183333333";"77.56565";
"46800.458014";"Engine coolant temperature";"79";"℃";"13.0158183333333";"77.56565";
"46800.483014";"Altitude (GPS)";"851";"m";"13.01582";"77.5656616666667";
"46800.508014";"Engine RPM";"799";"rpm";"13.01582";"77.5656616666667";
"46800.508014";"Engine RPM x1000";"0.8";"rpm";"13.01582";"77.5656616666667";
"46800.580014";"Average speed";"0";"km/h";"13.01582";"77.5656616666667";
"46800.580014";"Distance travelled";"0";"km";"13.01582";"77.5656616666667";
"46800.580014";"Distance travelled (total)";"0";"km";"13.01582";"77.5656616666667";
"46800.580014";"Vehicle acceleration";"0";"g";"13.01582";"77.5656616666667";
"46800.580014";"Vehicle speed";"0";"km/h";"13.01582";"77.5656616666667";
"46800.619014";"Engine RPM";"801";"rpm";"13.01582";"77.5656616666667";
"46800.619014";"Engine RPM x1000";"0.8";"rpm";"13.01582";"77.5656616666667";
"46800.664014";"Average speed";"0";"km/h";"13.01582";"77.5656616666667";
"46800.664014";"Distance travelled";"0";"km";"13.01582";"77.5656616666667";
"46800.664014";"Distance travelled (total)";"0";"km";"13.01582";"77.5656616666667";
"46800.664014";"Vehicle acceleration";"0";"g";"13.01582";"77.5656616666667";
"46800.664014";"Vehicle speed";"0";"km/h";"13.01582";"77.5656616666667";
"46800.718014";"Engine coolant temperature";"79";"℃";"13.01582";"77.5656616666667";
"46800.767014";"Engine RPM";"801";"rpm";"13.01582";"77.5656616666667";
"46800.767014";"Engine RPM x1000";"0.8";"rpm";"13.01582";"77.5656616666667";
"46800.873014";"Average speed";"0";"km/h";"13.01582";"77.5656616666667";
"46800.873014";"Distance travelled";"0";"km";"13.01582";"77.5656616666667";
"46800.873014";"Distance travelled (total)";"0";"km";"13.01582";"77.5656616666667";
"46800.873014";"Vehicle acceleration";"0";"g";"13.01582";"77.5656616666667";
"46800.873014";"Vehicle speed";"0";"km/h";"13.01582";"77.5656616666667";
"46800.924014";"Engine RPM";"802";"rpm";"13.01582";"77.5656616666667";
"46800.924014";"Engine RPM x1000";"0.8";"rpm";"13.01582";"77.5656616666667";
"46800.973014";"Average speed";"0";"km/h";"13.01582";"77.5656616666667";
"46800.973014";"Distance travelled";"0";"km";"13.01582";"77.5656616666667";
"46800.973014";"Distance travelled (total)";"0";"km";"13.01582";"77.5656616666667";
"46800.973014";"Vehicle acceleration";"0";"g";"13.01582";"77.5656616666667";
"46800.973014";"Vehicle speed";"0";"km/h";"13.01582";"77.5656616666667";
"46801.038014";"Engine coolant temperature";"79";"℃";"13.01582";"77.5656616666667";
"46801.092014";"Engine RPM";"798";"rpm";"13.01582";"77.5656616666667";
"46801.092014";"Engine RPM x1000";"0.8";"rpm";"13.01582";"77.5656616666667";
"46801.142014";"Average speed";"0";"km/h";"13.01582";"77.5656616666667";
"46801.142014";"Distance travelled";"0";"km";"13.01582";"77.5656616666667";
"46801.142014";"Distance travelled (total)";"0";"km";"13.01582";"77.5656616666667";
"46801.142014";"Vehicle acceleration";"0";"g";"13.01582";"77.5656616666667";
"46801.142014";"Vehicle speed";"0";"km/h";"13.01582";"77.5656616666667";
"46801.197014";"Engine RPM";"798";"rpm";"13.01582";"77.5656616666667";
"46801.197014";"Engine RPM x1000";"0.8";"rpm";"13.01582";"77.5656616666667";
"46801.247014";"Average speed";"0";"km/h";"13.01582";"77.5656616666667";
"46801.247014";"Distance travelled";"0";"km";"13.01582";"77.5656616666667";
"46801.247014";"Distance travelled (total)";"0";"km";"13.01582";"77.5656616666667";
"46801.247014";"Vehicle acceleration";"0";"g";"13.01582";"77.5656616666667";
"46801.247014";"Vehicle speed";"0";"km/h";"13.01582";"77.5656616666667";
"46801.302014";"Engine coolant temperature";"79";"℃";"13.01582";"77.5656616666667";
"46801.352014";"Engine RPM";"800";"rpm";"13.01582";"77.5656616666667";
"46801.352014";"Engine RPM x1000";"0.8";"rpm";"13.01582";"77.5656616666667";
"46801.402014";"Average speed";"0";"km/h";"13.01582";"77.5656616666667";
"46801.402014";"Distance travelled";"0";"km";"13.01582";"77.5656616666667";
"46801.402014";"Distance travelled (total)";"0";"km";"13.01582";"77.5656616666667";
"46801.402014";"Vehicle acceleration";"0";"g";"13.01582";"77.5656616666667";
"46801.402014";"Vehicle speed";"0";"km/h";"13.01582";"77.5656616666667";
"46801.453014";"Engine RPM";"802";"rpm";"13.01582";"77.5656616666667";
"46801.453014";"Engine RPM x1000";"0.8";"rpm";"13.01582";"77.5656616666667";
"46801.503014";"Average speed";"0";"km/h";"13.01582";"77.5656616666667";
"46801.503014";"Distance travelled";"0";"km";"13.01582";"77.5656616666667";
"46801.503014";"Distance travelled (total)";"0";"km";"13.01582";"77.5656616666667";
"46801.503014";"Vehicle acceleration";"0";"g";"13.01582";"77.5656616666667";
"46801.503014";"Vehicle speed";"0";"km/h";"13.01582";"77.5656616666667";
"46801.552014";"Engine coolant temperature";"79";"℃";"13.01582";"77.5656616666667";
"46801.619014";"Engine RPM";"801";"rpm";"13.01582";"77.5656616666667";
"46801.619014";"Engine RPM x1000";"0.8";"rpm";"13.01582";"77.5656616666667";
"46801.684014";"Average speed";"0";"km/h";"13.01582";"77.5656616666667";
"46801.684014";"Distance travelled";"0";"km";"13.01582";"77.5656616666667";
"46801.684014";"Distance travelled (total)";"0";"km";"13.01582";"77.5656616666667";
"46801.684014";"Vehicle acceleration";"0";"g";"13.01582";"77.5656616666667";
"46801.684014";"Vehicle speed";"0";"km/h";"13.01582";"77.5656616666667";
"46801.781014";"Engine RPM";"801";"rpm";"13.01582";"77.5656616666667";
"46801.781014";"Engine RPM x1000";"0.8";"rpm";"13.01582";"77.5656616666667";
"46801.833014";"Average speed";"0";"km/h";"13.01582";"77.5656616666667";
"46801.833014";"Distance travelled";"0";"km";"13.01582";"77.5656616666667";
"46801.833014";"Distance travelled (total)";"0";"km";"13.01582";"77.5656616666667";
"46801.833014";"Vehicle acceleration";"0";"g";"13.01582";"77.5656616666667";
"46801.833014";"Vehicle speed";"0";"km/h";"13.01582";"77.5656616666667";
"46801.885014";"Engine coolant temperature";"79";"℃";"13.01582";"77.5656616666667";
"46801.935014";"Engine RPM";"798";"rpm";"13.01582";"77.5656616666667";
"46801.935014";"Engine RPM x1000";"0.8";"rpm";"13.01582";"77.5656616666667";
"46801.998014";"Average speed";"0";"km/h";"13.01582";"77.5656616666667";
"46801.998014";"Distance travelled";"0";"km";"13.01582";"77.5656616666667";
"46801.998014";"Distance travelled (total)";"0";"km";"13.01582";"77.5656616666667";
"46801.998014";"Vehicle acceleration";"0";"g";"13.01582";"77.5656616666667";
"46801.998014";"Vehicle speed";"0";"km/h";"13.01582";"77.5656616666667";
"46802.050014";"Engine RPM";"801";"rpm";"13.01582";"77.5656616666667";
"46802.050014";"Engine RPM x1000";"0.8";"rpm";"13.01582";"77.5656616666667";
"46802.100014";"Average speed";"0";"km/h";"13.01582";"77.5656616666667";
"46802.100014";"Distance travelled";"0";"km";"13.01582";"77.5656616666667";
"46802.100014";"Distance travelled (total)";"0";"km";"13.01582";"77.5656616666667";
"46802.100014";"Vehicle acceleration";"0";"g";"13.01582";"77.5656616666667";
"46802.100014";"Vehicle speed";"0";"km/h";"13.01582";"77.5656616666667";
"46802.162014";"Engine coolant temperature";"79";"℃";"13.01582";"77.5656616666667";
"46802.213014";"Engine RPM";"801";"rpm";"13.01582";"77.5656616666667";
"46802.213014";"Engine RPM x1000";"0.8";"rpm";"13.01582";"77.5656616666667";
"46802.253014";"Altitude (GPS)";"851.1";"m";"13.0158216666667";"77.565655";
"46802.265014";"Average speed";"0";"km/h";"13.0158216666667";"77.565655";
"46802.265014";"Distance travelled";"0";"km";"13.0158216666667";"77.565655";
"46802.265014";"Distance travelled (total)";"0";"km";"13.0158216666667";"77.565655";
"46802.265014";"Vehicle acceleration";"0";"g";"13.0158216666667";"77.565655";
"46802.265014";"Vehicle speed";"0";"km/h";"13.0158216666667";"77.565655";
"46802.316014";"Engine RPM";"801";"rpm";"13.0158216666667";"77.565655";
"46802.316014";"Engine RPM x1000";"0.8";"rpm";"13.0158216666667";"77.565655";
"46802.364014";"Average speed";"0";"km/h";"13.0158216666667";"77.565655";
"46802.364014";"Distance travelled";"0";"km";"13.0158216666667";"77.565655";
"46802.364014";"Distance travelled (total)";"0";"km";"13.0158216666667";"77.565655";
"46802.364014";"Vehicle acceleration";"0";"g";"13.0158216666667";"77.565655";
"46802.364014";"Vehicle speed";"0";"km/h";"13.0158216666667";"77.565655";
"46802.413014";"Engine coolant temperature";"79";"℃";"13.0158216666667";"77.565655";
"46802.465014";"Engine RPM";"798";"rpm";"13.0158216666667";"77.565655";
"46802.465014";"Engine RPM x1000";"0.8";"rpm";"13.0158216666667";"77.565655";
"46802.523014";"Average speed";"0";"km/h";"13.0158216666667";"77.565655";
"46802.523014";"Distance travelled";"0";"km";"13.0158216666667";"77.565655";
"46802.523014";"Distance travelled (total)";"0";"km";"13.0158216666667";"77.565655";
"46802.523014";"Vehicle acceleration";"0";"g";"13.0158216666667";"77.565655";
"46802.523014";"Vehicle speed";"0";"km/h";"13.0158216666667";"77.565655";
"46802.574014";"Engine RPM";"798";"rpm";"13.0158216666667";"77.565655";
"46802.574014";"Engine RPM x1000";"0.8";"rpm";"13.0158216666667";"77.565655";
"46802.625014";"Average speed";"0";"km/h";"13.0158216666667";"77.565655";
"46802.625014";"Distance travelled";"0";"km";"13.0158216666667";"77.565655";
"46802.625014";"Distance travelled (total)";"0";"km";"13.0158216666667";"77.565655";
"46802.625014";"Vehicle acceleration";"0";"g";"13.0158216666667";"77.565655";
"46802.625014";"Vehicle speed";"0";"km/h";"13.0158216666667";"77.565655";
"46802.675014";"Engine coolant temperature";"79";"℃";"13.0158216666667";"77.565655";
"46802.725014";"Engine RPM";"801";"rpm";"13.0158216666667";"77.565655";
"46802.725014";"Engine RPM x1000";"0.8";"rpm";"13.0158216666667";"77.565655";
"46802.775014";"Average speed";"0";"km/h";"13.0158216666667";"77.565655";
"46802.775014";"Distance travelled";"0";"km";"13.0158216666667";"77.565655";
"46802.775014";"Distance travelled (total)";"0";"km";"13.0158216666667";"77.565655";
"46802.775014";"Vehicle acceleration";"0";"g";"13.0158216666667";"77.565655";
"46802.775014";"Vehicle speed";"0";"km/h";"13.0158216666667";"77.565655";
"46802.825014";"Engine RPM";"801";"rpm";"13.0158216666667";"77.565655";
"46802.825014";"Engine RPM x1000";"0.8";"rpm";"13.0158216666667";"77.565655";
"46802.875014";"Average speed";"0";"km/h";"13.0158216666667";"77.565655";
"46802.875014";"Distance travelled";"0";"km";"13.0158216666667";"77.565655";
"46802.875014";"Distance travelled (total)";"0";"km";"13.0158216666667";"77.565655";
"46802.875014";"Vehicle acceleration";"0";"g";"13.0158216666667";"77.565655";
"46802.875014";"Vehicle speed";"0";"km/h";"13.0158216666667";"77.565655";
"46802.926014";"Engine coolant temperature";"79";"℃";"13.0158216666667";"77.565655";
"46802.976014";"Engine RPM";"801";"rpm";"13.0158216666667";"77.565655";
"46802.976014";"Engine RPM x1000";"0.8";"rpm";"13.0158216666667";"77.565655";
"46803.026014";"Average speed";"0";"km/h";"13.0158216666667";"77.565655";
"46803.026014";"Distance travelled";"0";"km";"13.0158216666667";"77.565655";
"46803.026014";"Distance travelled (total)";"0";"km";"13.0158216666667";"77.565655";
"46803.026014";"Vehicle acceleration";"0";"g";"13.0158216666667";"77.565655";
"46803.026014";"Vehicle speed";"0";"km/h";"13.0158216666667";"77.565655";
"46803.076014";"Engine RPM";"798";"rpm";"13.0158216666667";"77.565655";
"46803.076014";"Engine RPM x1000";"0.8";"rpm";"13.0158216666667";"77.565655";
"46803.127014";"Average speed";"0";"km/h";"13.0158216666667";"77.565655";
"46803.127014";"Distance travelled";"0";"km";"13.0158216666667";"77.565655";
"46803.127014";"Distance travelled (total)";"0";"km";"13.0158216666667";"77.565655";
"46803.127014";"Vehicle acceleration";"0";"g";"13.0158216666667";"77.565655";
"46803.127014";"Vehicle speed";"0";"km/h";"13.0158216666667";"77.565655";
"46803.179014";"Engine coolant temperature";"79";"℃";"13.0158216666667";"77.565655";
"46803.241014";"Engine RPM";"800";"rpm";"13.0158216666667";"77.565655";
"46803.241014";"Engine RPM x1000";"0.8";"rpm";"13.0158216666667";"77.565655";
"46803.291014";"Average speed";"0";"km/h";"13.0158216666667";"77.565655";
"46803.291014";"Distance travelled";"0";"km";"13.0158216666667";"77.565655";
"46803.291014";"Distance travelled (total)";"0";"km";"13.0158216666667";"77.565655";
"46803.291014";"Vehicle acceleration";"0";"g";"13.0158216666667";"77.565655";
"46803.291014";"Vehicle speed";"0";"km/h";"13.0158216666667";"77.565655";
"46803.342014";"Engine RPM";"800";"rpm";"13.0158216666667";"77.565655";
"46803.342014";"Engine RPM x1000";"0.8";"rpm";"13.0158216666667";"77.565655";
"46803.426014";"Average speed";"0";"km/h";"13.0158216666667";"77.565655";
"46803.426014";"Distance travelled";"0";"km";"13.0158216666667";"77.565655";
"46803.426014";"Distance travelled (total)";"0";"km";"13.0158216666667";"77.565655";
"46803.426014";"Vehicle acceleration";"0";"g";"13.0158216666667";"77.565655";
"46803.426014";"Vehicle speed";"0";"km/h";"13.0158216666667";"77.565655";
"46803.478014";"Engine coolant temperature";"79";"℃";"13.0158216666667";"77.565655";
"46803.529014";"Engine RPM";"800";"rpm";"13.0158216666667";"77.565655";
"46803.529014";"Engine RPM x1000";"0.8";"rpm";"13.0158216666667";"77.565655";
"46803.578014";"Average speed";"0";"km/h";"13.0158216666667";"77.565655";
"46803.578014";"Distance travelled";"0";"km";"13.0158216666667";"77.565655";
"46803.578014";"Distance travelled (total)";"0";"km";"13.0158216666667";"77.565655";
"46803.578014";"Vehicle acceleration";"0";"g";"13.0158216666667";"77.565655";
"46803.578014";"Vehicle speed";"0";"km/h";"13.0158216666667";"77.565655";
"46803.628014";"Engine RPM";"798";"rpm";"13.0158216666667";"77.565655";
"46803.628014";"Engine RPM x1000";"0.8";"rpm";"13.0158216666667";"77.565655";
"46803.678014";"Average speed";"0";"km/h";"13.0158216666667";"77.565655";
"46803.678014";"Distance travelled";"0";"km";"13.0158216666667";"77.565655";
"46803.678014";"Distance travelled (total)";"0";"km";"13.0158216666667";"77.565655";
"46803.678014";"Vehicle acceleration";"0";"g";"13.0158216666667";"77.565655";
"46803.678014";"Vehicle speed";"0";"km/h";"13.0158216666667";"77.565655";
"46803.742014";"Engine coolant temperature";"79";"℃";"13.0158216666667";"77.565655";
"46803.792014";"Engine RPM";"798";"rpm";"13.0158216666667";"77.565655";
"46803.792014";"Engine RPM x1000";"0.8";"rpm";"13.0158216666667";"77.565655";
"46803.842014";"Average speed";"0";"km/h";"13.0158216666667";"77.565655";
"46803.842014";"Distance travelled";"0";"km";"13.0158216666667";"77.565655";
"46803.842014";"Distance travelled (total)";"0";"km";"13.0158216666667";"77.565655";
"46803.842014";"Vehicle acceleration";"0";"g";"13.0158216666667";"77.565655";
"46803.842014";"Vehicle speed";"0";"km/h";"13.0158216666667";"77.565655";
"46803.892014";"Engine RPM";"815";"rpm";"13.0158216666667";"77.565655";
"46803.892014";"Engine RPM x1000";"0.8";"rpm";"13.0158216666667";"77.565655";
"46803.942014";"Average speed";"0";"km/h";"13.0158216666667";"77.565655";
"46803.942014";"Distance travelled";"0";"km";"13.0158216666667";"77.565655";
"46803.942014";"Distance travelled (total)";"0";"km";"13.0158216666667";"77.565655";
"46803.942014";"Vehicle acceleration";"0";"g";"13.0158216666667";"77.565655";
"46803.942014";"Vehicle speed";"0";"km/h";"13.0158216666667";"77.565655";
"46804.001014";"Engine coolant temperature";"79";"℃";"13.0158216666667";"77.565655";
"46804.053014";"Engine RPM";"820";"rpm";"13.0158216666667";"77.565655";
"46804.053014";"Engine RPM x1000";"0.8";"rpm";"13.0158216666667";"77.565655";
"46804.100014";"Average speed";"0";"km/h";"13.0158216666667";"77.565655";
"46804.100014";"Distance travelled";"0";"km";"13.0158216666667";"77.565655";
"46804.100014";"Distance travelled (total)";"0";"km";"13.0158216666667";"77.565655";
"46804.100014";"Vehicle acceleration";"0";"g";"13.0158216666667";"77.565655";
"46804.100014";"Vehicle speed";"0";"km/h";"13.0158216666667";"77.565655";
"46804.148014";"Engine RPM";"820";"rpm";"13.0158216666667";"77.565655";
"46804.148014";"Engine RPM x1000";"0.8";"rpm";"13.0158216666667";"77.565655";
"46804.199014";"Average speed";"0";"km/h";"13.0158216666667";"77.565655";
"46804.199014";"Distance travelled";"0";"km";"13.0158216666667";"77.565655";
"46804.199014";"Distance travelled (total)";"0";"km";"13.0158216666667";"77.565655";
"46804.199014";"Vehicle acceleration";"0";"g";"13.0158216666667";"77.565655";
"46804.199014";"Vehicle speed";"0";"km/h";"13.0158216666667";"77.565655";
"46804.251014";"Engine coolant temperature";"79";"℃";"13.0158216666667";"77.565655";
"46804.290014";"Engine RPM";"827";"rpm";"13.0158216666667";"77.565655";
"46804.290014";"Engine RPM x1000";"0.8";"rpm";"13.0158216666667";"77.565655";
"46804.339014";"Average speed";"0";"km/h";"13.0158216666667";"77.565655";
"46804.339014";"Distance travelled";"0";"km";"13.0158216666667";"77.565655";
"46804.339014";"Distance travelled (total)";"0";"km";"13.0158216666667";"77.565655";
"46804.339014";"Vehicle acceleration";"0";"g";"13.0158216666667";"77.565655";
"46804.339014";"Vehicle speed";"0";"km/h";"13.0158216666667";"77.565655";
"46804.390014";"Engine RPM";"827";"rpm";"13.0158216666667";"77.565655";
"46804.390014";"Engine RPM x1000";"0.8";"rpm";"13.0158216666667";"77.565655";
"46804.442014";"Average speed";"0";"km/h";"13.0158216666667";"77.565655";
"46804.442014";"Distance travelled";"0";"km";"13.0158216666667";"77.565655";
"46804.442014";"Distance travelled (total)";"0";"km";"13.0158216666667";"77.565655";
"46804.442014";"Vehicle acceleration";"0";"g";"13.0158216666667";"77.565655";
"46804.442014";"Vehicle speed";"0";"km/h";"13.0158216666667";"77.565655";
"46804.491014";"Engine coolant temperature";"79";"℃";"13.0158216666667";"77.565655";
"46804.518014";"Altitude (GPS)";"851";"m";"13.015815";"77.5656483333333";
"46804.541014";"Engine RPM";"817";"rpm";"13.015815";"77.5656483333333";
"46804.541014";"Engine RPM x1000";"0.8";"rpm";"13.015815";"77.5656483333333";
"46804.590014";"Average speed";"0";"km/h";"13.015815";"77.5656483333333";
"46804.590014";"Distance travelled";"0";"km";"13.015815";"77.5656483333333";
"46804.590014";"Distance travelled (total)";"0";"km";"13.015815";"77.5656483333333";
"46804.590014";"Vehicle acceleration";"0";"g";"13.015815";"77.5656483333333";
"46804.590014";"Vehicle speed";"0";"km/h";"13.015815";"77.5656483333333";
"46804.637014";"Engine RPM";"819";"rpm";"13.015815";"77.5656483333333";
"46804.637014";"Engine RPM x1000";"0.8";"rpm";"13.015815";"77.5656483333333";
"46804.718014";"Average speed";"0";"km/h";"13.015815";"77.5656483333333";
"46804.718014";"Distance travelled";"0";"km";"13.015815";"77.5656483333333";
"46804.718014";"Distance travelled (total)";"0";"km";"13.015815";"77.5656483333333";
"46804.718014";"Vehicle acceleration";"0";"g";"13.015815";"77.5656483333333";
"46804.718014";"Vehicle speed";"0";"km/h";"13.015815";"77.5656483333333";
"46804.767014";"Engine coolant temperature";"79";"℃";"13.015815";"77.5656483333333";
"46804.839014";"Engine RPM";"821";"rpm";"13.015815";"77.5656483333333";
"46804.839014";"Engine RPM x1000";"0.8";"rpm";"13.015815";"77.5656483333333";
"46804.888014";"Average speed";"0";"km/h";"13.015815";"77.5656483333333";
"46804.888014";"Distance travelled";"0";"km";"13.015815";"77.5656483333333";
"46804.888014";"Distance travelled (total)";"0";"km";"13.015815";"77.5656483333333";
"46804.888014";"Vehicle acceleration";"0";"g";"13.015815";"77.5656483333333";
"46804.888014";"Vehicle speed";"0";"km/h";"13.015815";"77.5656483333333";
"46804.937014";"Engine RPM";"821";"rpm";"13.015815";"77.5656483333333";
"46804.937014";"Engine RPM x1000";"0.8";"rpm";"13.015815";"77.5656483333333";
"46804.996014";"Average speed";"0";"km/h";"13.015815";"77.5656483333333";
"46804.996014";"Distance travelled";"0";"km";"13.015815";"77.5656483333333";
"46804.996014";"Distance travelled (total)";"0";"km";"13.015815";"77.5656483333333";
"46804.996014";"Vehicle acceleration";"0";"g";"13.015815";"77.5656483333333";
"46804.996014";"Vehicle speed";"0";"km/h";"13.015815";"77.5656483333333";
"46805.049014";"Engine coolant temperature";"79";"℃";"13.015815";"77.5656483333333";
"46805.100014";"Engine RPM";"827";"rpm";"13.015815";"77.5656483333333";
"46805.100014";"Engine RPM x1000";"0.8";"rpm";"13.015815";"77.5656483333333";
"46805.148014";"Average speed";"0";"km/h";"13.015815";"77.5656483333333";
"46805.148014";"Distance travelled";"0";"km";"13.015815";"77.5656483333333";
"46805.148014";"Distance travelled (total)";"0";"km";"13.015815";"77.5656483333333";
"46805.148014";"Vehicle acceleration";"0";"g";"13.015815";"77.5656483333333";
"46805.148014";"Vehicle speed";"0";"km/h";"13.015815";"77.5656483333333";
"46805.200014";"Engine RPM";"827";"rpm";"13.015815";"77.5656483333333";
"46805.200014";"Engine RPM x1000";"0.8";"rpm";"13.015815";"77.5656483333333";
"46805.251014";"Average speed";"0";"km/h";"13.015815";"77.5656483333333";
"46805.251014";"Distance travelled";"0";"km";"13.015815";"77.5656483333333";
"46805.251014";"Distance travelled (total)";"0";"km";"13.015815";"77.5656483333333";
"46805.251014";"Vehicle acceleration";"0";"g";"13.015815";"77.5656483333333";
"46805.251014";"Vehicle speed";"0";"km/h";"13.015815";"77.5656483333333";
"46805.300014";"Engine coolant temperature";"79";"℃";"13.015815";"77.5656483333333";
"46805.352014";"Engine RPM";"827";"rpm";"13.015815";"77.5656483333333";
"46805.352014";"Engine RPM x1000";"0.8";"rpm";"13.015815";"77.5656483333333";
"46805.401014";"Average speed";"0";"km/h";"13.015815";"77.5656483333333";
"46805.401014";"Distance travelled";"0";"km";"13.015815";"77.5656483333333";
"46805.401014";"Distance travelled (total)";"0";"km";"13.015815";"77.5656483333333";
"46805.401014";"Vehicle acceleration";"0";"g";"13.015815";"77.5656483333333";
"46805.401014";"Vehicle speed";"0";"km/h";"13.015815";"77.5656483333333";
"46805.450014";"Engine RPM";"827";"rpm";"13.015815";"77.5656483333333";
"46805.450014";"Engine RPM x1000";"0.8";"rpm";"13.015815";"77.5656483333333";
"46805.499014";"Average speed";"0";"km/h";"13.015815";"77.5656483333333";
"46805.499014";"Distance travelled";"0";"km";"13.015815";"77.5656483333333";
"46805.499014";"Distance travelled (total)";"0";"km";"13.015815";"77.5656483333333";
"46805.499014";"Vehicle acceleration";"0";"g";"13.015815";"77.5656483333333";
"46805.499014";"Vehicle speed";"0";"km/h";"13.015815";"77.5656483333333";
"46805.551014";"Engine coolant temperature";"79";"℃";"13.015815";"77.5656483333333";
"46805.600014";"Engine RPM";"828";"rpm";"13.015815";"77.5656483333333";
"46805.600014";"Engine RPM x1000";"0.8";"rpm";"13.015815";"77.5656483333333";
"46805.649014";"Average speed";"0";"km/h";"13.015815";"77.5656483333333";
"46805.649014";"Distance travelled";"0";"km";"13.015815";"77.5656483333333";
"46805.649014";"Distance travelled (total)";"0";"km";"13.015815";"77.5656483333333";
"46805.649014";"Vehicle acceleration";"0";"g";"13.015815";"77.5656483333333";
"46805.649014";"Vehicle speed";"0";"km/h";"13.015815";"77.5656483333333";
"46805.731014";"Engine RPM";"828";"rpm";"13.015815";"77.5656483333333";
"46805.731014";"Engine RPM x1000";"0.8";"rpm";"13.015815";"77.5656483333333";
"46805.782014";"Average speed";"0";"km/h";"13.015815";"77.5656483333333";
"46805.782014";"Distance travelled";"0";"km";"13.015815";"77.5656483333333";
"46805.782014";"Distance travelled (total)";"0";"km";"13.015815";"77.5656483333333";
"46805.782014";"Vehicle acceleration";"0";"g";"13.015815";"77.5656483333333";
"46805.782014";"Vehicle speed";"0";"km/h";"13.015815";"77.5656483333333";
"46805.834014";"Engine coolant temperature";"79";"℃";"13.015815";"77.5656483333333";
"46805.897014";"Engine RPM";"820";"rpm";"13.015815";"77.5656483333333";
"46805.897014";"Engine RPM x1000";"0.8";"rpm";"13.015815";"77.5656483333333";
"46805.948014";"Average speed";"0";"km/h";"13.015815";"77.5656483333333";
"46805.948014";"Distance travelled";"0";"km";"13.015815";"77.5656483333333";
"46805.948014";"Distance travelled (total)";"0";"km";"13.015815";"77.5656483333333";
"46805.948014";"Vehicle acceleration";"0";"g";"13.015815";"77.5656483333333";
"46805.948014";"Vehicle speed";"0";"km/h";"13.015815";"77.5656483333333";
"46805.999014";"Engine RPM";"827";"rpm";"13.015815";"77.5656483333333";
"46805.999014";"Engine RPM x1000";"0.8";"rpm";"13.015815";"77.5656483333333";
"46806.051014";"Average speed";"0";"km/h";"13.015815";"77.5656483333333";
"46806.051014";"Distance travelled";"0";"km";"13.015815";"77.5656483333333";
"46806.051014";"Distance travelled (total)";"0";"km";"13.015815";"77.5656483333333";
"46806.051014";"Vehicle acceleration";"0";"g";"13.015815";"77.5656483333333";
"46806.051014";"Vehicle speed";"0";"km/h";"13.015815";"77.5656483333333";
"46806.139014";"Engine coolant temperature";"79";"℃";"13.015815";"77.5656483333333";
"46806.215014";"Engine RPM";"827";"rpm";"13.015815";"77.5656483333333";
"46806.215014";"Engine RPM x1000";"0.8";"rpm";"13.015815";"77.5656483333333";
"46806.255014";"Average speed";"0";"km/h";"13.015815";"77.5656483333333";
"46806.255014";"Distance travelled";"0";"km";"13.015815";"77.5656483333333";
"46806.255014";"Distance travelled (total)";"0";"km";"13.015815";"77.5656483333333";
"46806.255014";"Vehicle acceleration";"0";"g";"13.015815";"77.5656483333333";
"46806.255014";"Vehicle speed";"0";"km/h";"13.015815";"77.5656483333333";
"46806.307014";"Engine RPM";"829";"rpm";"13.015815";"77.5656483333333";
"46806.307014";"Engine RPM x1000";"0.8";"rpm";"13.015815";"77.5656483333333";
"46806.359014";"Average speed";"0";"km/h";"13.015815";"77.5656483333333";
"46806.359014";"Distance travelled";"0";"km";"13.015815";"77.5656483333333";
"46806.359014";"Distance travelled (total)";"0";"km";"13.015815";"77.5656483333333";
"46806.359014";"Vehicle acceleration";"0";"g";"13.015815";"77.5656483333333";
"46806.359014";"Vehicle speed";"0";"km/h";"13.015815";"77.5656483333333";
"46806.412014";"Engine coolant temperature";"79";"℃";"13.015815";"77.5656483333333";
"46806.465014";"Engine RPM";"824";"rpm";"13.015815";"77.5656483333333";
"46806.465014";"Engine RPM x1000";"0.8";"rpm";"13.015815";"77.5656483333333";
"46806.542014";"Average speed";"0";"km/h";"13.015815";"77.5656483333333";
"46806.542014";"Distance travelled";"0";"km";"13.015815";"77.5656483333333";
"46806.542014";"Distance travelled (total)";"0";"km";"13.015815";"77.5656483333333";
"46806.542014";"Vehicle acceleration";"0";"g";"13.015815";"77.5656483333333";
"46806.542014";"Vehicle speed";"0";"km/h";"13.015815";"77.5656483333333";
"46806.593014";"Engine RPM";"824";"rpm";"13.015815";"77.5656483333333";
"46806.593014";"Engine RPM x1000";"0.8";"rpm";"13.015815";"77.5656483333333";
"46806.647014";"Average speed";"0";"km/h";"13.015815";"77.5656483333333";
"46806.647014";"Distance travelled";"0";"km";"13.015815";"77.5656483333333";
"46806.647014";"Distance travelled (total)";"0";"km";"13.015815";"77.5656483333333";
"46806.647014";"Vehicle acceleration";"0";"g";"13.015815";"77.5656483333333";
"46806.647014";"Vehicle speed";"0";"km/h";"13.015815";"77.5656483333333";
"46806.703014";"Engine coolant temperature";"79";"℃";"13.015815";"77.5656483333333";
"46806.756014";"Engine RPM";"826";"rpm";"13.015815";"77.5656483333333";
"46806.756014";"Engine RPM x1000";"0.8";"rpm";"13.015815";"77.5656483333333";
"46806.789014";"Altitude (GPS)";"851.2";"m";"13.0158083333333";"77.5656483333333";
"46806.803014";"Average speed";"0";"km/h";"13.0158083333333";"77.5656483333333";
"46806.803014";"Distance travelled";"0";"km";"13.0158083333333";"77.5656483333333";
"46806.803014";"Distance travelled (total)";"0";"km";"13.0158083333333";"77.5656483333333";
"46806.803014";"Vehicle acceleration";"0";"g";"13.0158083333333";"77.5656483333333";
"46806.803014";"Vehicle speed";"0";"km/h";"13.0158083333333";"77.5656483333333";
"46806.853014";"Engine RPM";"824";"rpm";"13.0158083333333";"77.5656483333333";
"46806.853014";"Engine RPM x1000";"0.8";"rpm";"13.0158083333333";"77.5656483333333";
"46806.908014";"Average speed";"0";"km/h";"13.0158083333333";"77.5656483333333";
"46806.908014";"Distance travelled";"0";"km";"13.0158083333333";"77.5656483333333";
"46806.908014";"Distance travelled (total)";"0";"km";"13.0158083333333";"77.5656483333333";
"46806.908014";"Vehicle acceleration";"0";"g";"13.0158083333333";"77.5656483333333";
"46806.908014";"Vehicle speed";"0";"km/h";"13.0158083333333";"77.5656483333333";
"46806.954014";"Engine coolant temperature";"79";"℃";"13.0158083333333";"77.5656483333333";
"46807.001014";"Engine RPM";"825";"rpm";"13.0158083333333";"77.5656483333333";
"46807.001014";"Engine RPM x1000";"0.8";"rpm";"13.0158083333333";"77.5656483333333";
"46807.050014";"Average speed";"0";"km/h";"13.0158083333333";"77.5656483333333";
"46807.050014";"Distance travelled";"0";"km";"13.0158083333333";"77.5656483333333";
"46807.050014";"Distance travelled (total)";"0";"km";"13.0158083333333";"77.5656483333333";
"46807.050014";"Vehicle acceleration";"0";"g";"13.0158083333333";"77.5656483333333";
"46807.050014";"Vehicle speed";"0";"km/h";"13.0158083333333";"77.5656483333333";
"46807.124014";"Engine RPM";"825";"rpm";"13.0158083333333";"77.5656483333333";
"46807.124014";"Engine RPM x1000";"0.8";"rpm";"13.0158083333333";"77.5656483333333";
"46807.177014";"Average speed";"0";"km/h";"13.0158083333333";"77.5656483333333";
"46807.177014";"Distance travelled";"0";"km";"13.0158083333333";"77.5656483333333";
"46807.177014";"Distance travelled (total)";"0";"km";"13.0158083333333";"77.5656483333333";
"46807.177014";"Vehicle acceleration";"0";"g";"13.0158083333333";"77.5656483333333";
"46807.177014";"Vehicle speed";"0";"km/h";"13.0158083333333";"77.5656483333333";
"46807.238014";"Engine coolant temperature";"79";"℃";"13.0158083333333";"77.5656483333333";
"46807.287014";"Engine RPM";"826";"rpm";"13.0158083333333";"77.5656483333333";
"46807.287014";"Engine RPM x1000";"0.8";"rpm";"13.0158083333333";"77.5656483333333";
"46807.338014";"Average speed";"0";"km/h";"13.0158083333333";"77.5656483333333";
"46807.338014";"Distance travelled";"0";"km";"13.0158083333333";"77.5656483333333";
"46807.338014";"Distance travelled (total)";"0";"km";"13.0158083333333";"77.5656483333333";
"46807.338014";"Vehicle acceleration";"0";"g";"13.0158083333333";"77.5656483333333";
"46807.338014";"Vehicle speed";"0";"km/h";"13.0158083333333";"77.5656483333333";
"46807.392014";"Engine RPM";"826";"rpm";"13.0158083333333";"77.5656483333333";
"46807.392014";"Engine RPM x1000";"0.8";"rpm";"13.0158083333333";"77.5656483333333";
"46807.442014";"Average speed";"0";"km/h";"13.0158083333333";"77.5656483333333";
"46807.442014";"Distance travelled";"0";"km";"13.0158083333333";"77.5656483333333";
"46807.442014";"Distance travelled (total)";"0";"km";"13.0158083333333";"77.5656483333333";
"46807.442014";"Vehicle acceleration";"0";"g";"13.0158083333333";"77.5656483333333";
"46807.442014";"Vehicle speed";"0";"km/h";"13.0158083333333";"77.5656483333333";
"46807.504014";"Engine coolant temperature";"79";"℃";"13.0158083333333";"77.5656483333333";
"46807.554014";"Engine RPM";"825";"rpm";"13.0158083333333";"77.5656483333333";
"46807.554014";"Engine RPM x1000";"0.8";"rpm";"13.0158083333333";"77.5656483333333";
"46807.619014";"Average speed";"0";"km/h";"13.0158083333333";"77.5656483333333";
"46807.619014";"Distance travelled";"0";"km";"13.0158083333333";"77.5656483333333";
"46807.619014";"Distance travelled (total)";"0";"km";"13.0158083333333";"77.5656483333333";
"46807.619014";"Vehicle acceleration";"0";"g";"13.0158083333333";"77.5656483333333";
"46807.619014";"Vehicle speed";"0";"km/h";"13.0158083333333";"77.5656483333333";
"46807.669014";"Engine RPM";"827";"rpm";"13.0158083333333";"77.5656483333333";
"46807.669014";"Engine RPM x1000";"0.8";"rpm";"13.0158083333333";"77.5656483333333";
"46807.722014";"Average speed";"0";"km/h";"13.0158083333333";"77.5656483333333";
"46807.722014";"Distance travelled";"0";"km";"13.0158083333333";"77.5656483333333";
"46807.722014";"Distance travelled (total)";"0";"km";"13.0158083333333";"77.5656483333333";
"46807.722014";"Vehicle acceleration";"0";"g";"13.0158083333333";"77.5656483333333";
"46807.722014";"Vehicle speed";"0";"km/h";"13.0158083333333";"77.5656483333333";
"46807.774014";"Engine coolant temperature";"79";"℃";"13.0158083333333";"77.5656483333333";
"46807.824014";"Engine RPM";"827";"rpm";"13.0158083333333";"77.5656483333333";
"46807.824014";"Engine RPM x1000";"0.8";"rpm";"13.0158083333333";"77.5656483333333";
"46807.873014";"Average speed";"0";"km/h";"13.0158083333333";"77.5656483333333";
"46807.873014";"Distance travelled";"0";"km";"13.0158083333333";"77.5656483333333";
"46807.873014";"Distance travelled (total)";"0";"km";"13.0158083333333";"77.5656483333333";
"46807.873014";"Vehicle acceleration";"0";"g";"13.0158083333333";"77.5656483333333";
"46807.873014";"Vehicle speed";"0";"km/h";"13.0158083333333";"77.5656483333333";
"46807.945014";"Engine RPM";"827";"rpm";"13.0158083333333";"77.5656483333333";
"46807.945014";"Engine RPM x1000";"0.8";"rpm";"13.0158083333333";"77.5656483333333";
"46807.995014";"Average speed";"0";"km/h";"13.0158083333333";"77.5656483333333";
"46807.995014";"Distance travelled";"0";"km";"13.0158083333333";"77.5656483333333";
"46807.995014";"Distance travelled (total)";"0";"km";"13.0158083333333";"77.5656483333333";
"46807.995014";"Vehicle acceleration";"0";"g";"13.0158083333333";"77.5656483333333";
"46807.995014";"Vehicle speed";"0";"km/h";"13.0158083333333";"77.5656483333333";
"46808.038014";"Altitude (GPS)";"851.8";"m";"13.0158";"77.5656483333333";
"46808.043014";"Engine coolant temperature";"79";"℃";"13.0158";"77.5656483333333";
"46808.093014";"Engine RPM";"822";"rpm";"13.0158";"77.5656483333333";
"46808.093014";"Engine RPM x1000";"0.8";"rpm";"13.0158";"77.5656483333333";
"46808.144014";"Average speed";"0";"km/h";"13.0158";"77.5656483333333";
"46808.144014";"Distance travelled";"0";"km";"13.0158";"77.5656483333333";
"46808.144014";"Distance travelled (total)";"0";"km";"13.0158";"77.5656483333333";
"46808.144014";"Vehicle acceleration";"0";"g";"13.0158";"77.5656483333333";
"46808.144014";"Vehicle speed";"0";"km/h";"13.0158";"77.5656483333333";
"46808.193014";"Engine RPM";"825";"rpm";"13.0158";"77.5656483333333";
"46808.193014";"Engine RPM x1000";"0.8";"rpm";"13.0158";"77.5656483333333";
"46808.241014";"Average speed";"0";"km/h";"13.0158";"77.5656483333333";
"46808.241014";"Distance travelled";"0";"km";"13.0158";"77.5656483333333";
"46808.241014";"Distance travelled (total)";"0";"km";"13.0158";"77.5656483333333";
"46808.241014";"Vehicle acceleration";"0";"g";"13.0158";"77.5656483333333";
"46808.241014";"Vehicle speed";"0";"km/h";"13.0158";"77.5656483333333";
"46808.318014";"Engine coolant temperature";"79";"℃";"13.0158";"77.5656483333333";
"46808.371014";"Engine RPM";"825";"rpm";"13.0158";"77.5656483333333";
"46808.371014";"Engine RPM x1000";"0.8";"rpm";"13.0158";"77.5656483333333";
"46808.437014";"Average speed";"0";"km/h";"13.0158";"77.5656483333333";
"46808.437014";"Distance travelled";"0";"km";"13.0158";"77.5656483333333";
"46808.437014";"Distance travelled (total)";"0";"km";"13.0158";"77.5656483333333";
"46808.437014";"Vehicle acceleration";"0";"g";"13.0158";"77.5656483333333";
"46808.437014";"Vehicle speed";"0";"km/h";"13.0158";"77.5656483333333";
"46808.492014";"Engine RPM";"825";"rpm";"13.0158";"77.5656483333333";
"46808.492014";"Engine RPM x1000";"0.8";"rpm";"13.0158";"77.5656483333333";
"46808.543014";"Average speed";"0";"km/h";"13.0158";"77.5656483333333";
"46808.543014";"Distance travelled";"0";"km";"13.0158";"77.5656483333333";
"46808.543014";"Distance travelled (total)";"0";"km";"13.0158";"77.5656483333333";
"46808.543014";"Vehicle acceleration";"0";"g";"13.0158";"77.5656483333333";
"46808.543014";"Vehicle speed";"0";"km/h";"13.0158";"77.5656483333333";
"46808.595014";"Engine coolant temperature";"79";"℃";"13.0158";"77.5656483333333";
"46808.644014";"Engine RPM";"826";"rpm";"13.0158";"77.5656483333333";
"46808.644014";"Engine RPM x1000";"0.8";"rpm";"13.0158";"77.5656483333333";
"46808.695014";"Average speed";"0";"km/h";"13.0158";"77.5656483333333";
"46808.695014";"Distance travelled";"0";"km";"13.0158";"77.5656483333333";
"46808.695014";"Distance travelled (total)";"0";"km";"13.0158";"77.5656483333333";
"46808.695014";"Vehicle acceleration";"0";"g";"13.0158";"77.5656483333333";
"46808.695014";"Vehicle speed";"0";"km/h";"13.0158";"77.5656483333333";
"46808.747014";"Engine RPM";"826";"rpm";"13.0158";"77.5656483333333";
"46808.747014";"Engine RPM x1000";"0.8";"rpm";"13.0158";"77.5656483333333";
"46808.843014";"Average speed";"0";"km/h";"13.0158";"77.5656483333333";
"46808.843014";"Distance travelled";"0";"km";"13.0158";"77.5656483333333";
"46808.843014";"Distance travelled (total)";"0";"km";"13.0158";"77.5656483333333";
"46808.843014";"Vehicle acceleration";"0";"g";"13.0158";"77.5656483333333";
"46808.843014";"Vehicle speed";"0";"km/h";"13.0158";"77.5656483333333";
"46808.895014";"Engine coolant temperature";"79";"℃";"13.0158";"77.5656483333333";
"46808.953014";"Engine RPM";"827";"rpm";"13.0158";"77.5656483333333";
"46808.953014";"Engine RPM x1000";"0.8";"rpm";"13.0158";"77.5656483333333";
"46809.001014";"Average speed";"0";"km/h";"13.0158";"77.5656483333333";
"46809.001014";"Distance travelled";"0";"km";"13.0158";"77.5656483333333";
"46809.001014";"Distance travelled (total)";"0";"km";"13.0158";"77.5656483333333";
"46809.001014";"Vehicle acceleration";"0";"g";"13.0158";"77.5656483333333";
"46809.001014";"Vehicle speed";"0";"km/h";"13.0158";"77.5656483333333";
"46809.054014";"Engine RPM";"823";"rpm";"13.0158";"77.5656483333333";
"46809.054014";"Engine RPM x1000";"0.8";"rpm";"13.0158";"77.5656483333333";
"46809.119014";"Average speed";"0";"km/h";"13.0158";"77.5656483333333";
"46809.119014";"Distance travelled";"0";"km";"13.0158";"77.5656483333333";
"46809.119014";"Distance travelled (total)";"0";"km";"13.0158";"77.5656483333333";
"46809.119014";"Vehicle acceleration";"0";"g";"13.0158";"77.5656483333333";
"46809.119014";"Vehicle speed";"0";"km/h";"13.0158";"77.5656483333333";
"46809.171014";"Engine coolant temperature";"79";"℃";"13.0158";"77.5656483333333";
"46809.232014";"Engine RPM";"826";"rpm";"13.0158";"77.5656483333333";
"46809.232014";"Engine RPM x1000";"0.8";"rpm";"13.0158";"77.5656483333333";
"46809.282014";"Average speed";"0";"km/h";"13.0158";"77.5656483333333";
"46809.282014";"Distance travelled";"0";"km";"13.0158";"77.5656483333333";
"46809.282014";"Distance travelled (total)";"0";"km";"13.0158";"77.5656483333333";
"46809.282014";"Vehicle acceleration";"0";"g";"13.0158";"77.5656483333333";
"46809.282014";"Vehicle speed";"0";"km/h";"13.0158";"77.5656483333333";
"46809.345014";"Engine RPM";"826";"rpm";"13.0158";"77.5656483333333";
"46809.345014";"Engine RPM x1000";"0.8";"rpm";"13.0158";"77.5656483333333";
"46809.395014";"Average speed";"0";"km/h";"13.0158";"77.5656483333333";
"46809.395014";"Distance travelled";"0";"km";"13.0158";"77.5656483333333";
"46809.395014";"Distance travelled (total)";"0";"km";"13.0158";"77.5656483333333";
"46809.395014";"Vehicle acceleration";"0";"g";"13.0158";"77.5656483333333";
"46809.395014";"Vehicle speed";"0";"km/h";"13.0158";"77.5656483333333";
"46809.445014";"Engine coolant temperature";"79";"℃";"13.0158";"77.5656483333333";
"46809.495014";"Engine RPM";"827";"rpm";"13.0158";"77.5656483333333";
"46809.495014";"Engine RPM x1000";"0.8";"rpm";"13.0158";"77.5656483333333";
"46809.578014";"Average speed";"0";"km/h";"13.0158";"77.5656483333333";
"46809.578014";"Distance travelled";"0";"km";"13.0158";"77.5656483333333";
"46809.578014";"Distance travelled (total)";"0";"km";"13.0158";"77.5656483333333";
"46809.578014";"Vehicle acceleration";"0";"g";"13.0158";"77.5656483333333";
"46809.578014";"Vehicle speed";"0";"km/h";"13.0158";"77.5656483333333";
"46809.632014";"Engine RPM";"824";"rpm";"13.0158";"77.5656483333333";
"46809.632014";"Engine RPM x1000";"0.8";"rpm";"13.0158";"77.5656483333333";
"46809.683014";"Average speed";"0";"km/h";"13.0158";"77.5656483333333";
"46809.683014";"Distance travelled";"0";"km";"13.0158";"77.5656483333333";
"46809.683014";"Distance travelled (total)";"0";"km";"13.0158";"77.5656483333333";
"46809.683014";"Vehicle acceleration";"0";"g";"13.0158";"77.5656483333333";
"46809.683014";"Vehicle speed";"0";"km/h";"13.0158";"77.5656483333333";
"46809.734014";"Engine coolant temperature";"79";"℃";"13.0158";"77.5656483333333";
"46809.782014";"Engine RPM";"824";"rpm";"13.0158";"77.5656483333333";
"46809.782014";"Engine RPM x1000";"0.8";"rpm";"13.0158";"77.5656483333333";
"46809.830014";"Average speed";"0";"km/h";"13.0158";"77.5656483333333";
"46809.830014";"Distance travelled";"0";"km";"13.0158";"77.5656483333333";
"46809.830014";"Distance travelled (total)";"0";"km";"13.0158";"77.5656483333333";
"46809.830014";"Vehicle acceleration";"0";"g";"13.0158";"77.5656483333333";
"46809.830014";"Vehicle speed";"0";"km/h";"13.0158";"77.5656483333333";
"46809.885014";"Engine RPM";"823";"rpm";"13.0158";"77.5656483333333";
"46809.885014";"Engine RPM x1000";"0.8";"rpm";"13.0158";"77.5656483333333";
"46809.935014";"Average speed";"0";"km/h";"13.0158";"77.5656483333333";
"46809.935014";"Distance travelled";"0";"km";"13.0158";"77.5656483333333";
"46809.935014";"Distance travelled (total)";"0";"km";"13.0158";"77.5656483333333";
"46809.935014";"Vehicle acceleration";"0";"g";"13.0158";"77.5656483333333";
"46809.935014";"Vehicle speed";"0";"km/h";"13.0158";"77.5656483333333";
"46809.987014";"Engine coolant temperature";"79";"℃";"13.0158";"77.5656483333333";
"46810.039014";"Engine RPM";"825";"rpm";"13.0158";"77.5656483333333";
"46810.039014";"Engine RPM x1000";"0.8";"rpm";"13.0158";"77.5656483333333";
"46810.126014";"Average speed";"0";"km/h";"13.0158";"77.5656483333333";
"46810.126014";"Distance travelled";"0";"km";"13.0158";"77.5656483333333";
"46810.126014";"Distance travelled (total)";"0";"km";"13.0158";"77.5656483333333";
"46810.126014";"Vehicle acceleration";"0";"g";"13.0158";"77.5656483333333";
"46810.126014";"Vehicle speed";"0";"km/h";"13.0158";"77.5656483333333";
"46810.175014";"Engine RPM";"825";"rpm";"13.0158";"77.5656483333333";
"46810.175014";"Engine RPM x1000";"0.8";"rpm";"13.0158";"77.5656483333333";
"46810.259014";"Average speed";"0";"km/h";"13.0158";"77.5656483333333";
"46810.259014";"Distance travelled";"0";"km";"13.0158";"77.5656483333333";
"46810.259014";"Distance travelled (total)";"0";"km";"13.0158";"77.5656483333333";
"46810.259014";"Vehicle acceleration";"0";"g";"13.0158";"77.5656483333333";
"46810.259014";"Vehicle speed";"0";"km/h";"13.0158";"77.5656483333333";
"46810.295014";"Altitude (GPS)";"852.2";"m";"13.0157916666667";"77.56566";
"46810.311014";"Engine coolant temperature";"79";"℃";"13.0157916666667";"77.56566";
"46810.398014";"Engine RPM";"826";"rpm";"13.0157916666667";"77.56566";
"46810.398014";"Engine RPM x1000";"0.8";"rpm";"13.0157916666667";"77.56566";
"46810.447014";"Average speed";"0";"km/h";"13.0157916666667";"77.56566";
"46810.447014";"Distance travelled";"0";"km";"13.0157916666667";"77.56566";
"46810.447014";"Distance travelled (total)";"0";"km";"13.0157916666667";"77.56566";
"46810.447014";"Vehicle acceleration";"0";"g";"13.0157916666667";"77.56566";
"46810.447014";"Vehicle speed";"0";"km/h";"13.0157916666667";"77.56566";
"46810.520014";"Engine RPM";"827";"rpm";"13.0157916666667";"77.56566";
"46810.520014";"Engine RPM x1000";"0.8";"rpm";"13.0157916666667";"77.56566";
"46810.606014";"Average speed";"0";"km/h";"13.0157916666667";"77.56566";
"46810.606014";"Distance travelled";"0";"km";"13.0157916666667";"77.56566";
"46810.606014";"Distance travelled (total)";"0";"km";"13.0157916666667";"77.56566";
"46810.606014";"Vehicle acceleration";"0";"g";"13.0157916666667";"77.56566";
"46810.606014";"Vehicle speed";"0";"km/h";"13.0157916666667";"77.56566";
"46810.656014";"Engine coolant temperature";"79";"℃";"13.0157916666667";"77.56566";
"46810.707014";"Engine RPM";"822";"rpm";"13.0157916666667";"77.56566";
"46810.707014";"Engine RPM x1000";"0.8";"rpm";"13.0157916666667";"77.56566";
"46810.766014";"Average speed";"0";"km/h";"13.0157916666667";"77.56566";
"46810.766014";"Distance travelled";"0";"km";"13.0157916666667";"77.56566";
"46810.766014";"Distance travelled (total)";"0";"km";"13.0157916666667";"77.56566";
"46810.766014";"Vehicle acceleration";"0";"g";"13.0157916666667";"77.56566";
"46810.766014";"Vehicle speed";"0";"km/h";"13.0157916666667";"77.56566";
"46810.813014";"Engine RPM";"825";"rpm";"13.0157916666667";"77.56566";
"46810.813014";"Engine RPM x1000";"0.8";"rpm";"13.0157916666667";"77.56566";
"46810.849014";"Average speed";"0";"km/h";"13.0157916666667";"77.56566";
"46810.849014";"Distance travelled";"0";"km";"13.0157916666667";"77.56566";
"46810.849014";"Distance travelled (total)";"0";"km";"13.0157916666667";"77.56566";
"46810.849014";"Vehicle acceleration";"0";"g";"13.0157916666667";"77.56566";
"46810.849014";"Vehicle speed";"0";"km/h";"13.0157916666667";"77.56566";
"46810.895014";"Engine coolant temperature";"79";"℃";"13.0157916666667";"77.56566";
"46810.947014";"Engine RPM";"825";"rpm";"13.0157916666667";"77.56566";
"46810.947014";"Engine RPM x1000";"0.8";"rpm";"13.0157916666667";"77.56566";
"46810.998014";"Average speed";"0";"km/h";"13.0157916666667";"77.56566";
"46810.998014";"Distance travelled";"0";"km";"13.0157916666667";"77.56566";
"46810.998014";"Distance travelled (total)";"0";"km";"13.0157916666667";"77.56566";
"46810.998014";"Vehicle acceleration";"0";"g";"13.0157916666667";"77.56566";
"46810.998014";"Vehicle speed";"0";"km/h";"13.0157916666667";"77.56566";
"46811.046014";"Engine RPM";"829";"rpm";"13.0157916666667";"77.56566";
"46811.046014";"Engine RPM x1000";"0.8";"rpm";"13.0157916666667";"77.56566";
"46811.097014";"Average speed";"0";"km/h";"13.0157916666667";"77.56566";
"46811.097014";"Distance travelled";"0";"km";"13.0157916666667";"77.56566";
"46811.097014";"Distance travelled (total)";"0";"km";"13.0157916666667";"77.56566";
"46811.097014";"Vehicle acceleration";"0";"g";"13.0157916666667";"77.56566";
"46811.097014";"Vehicle speed";"0";"km/h";"13.0157916666667";"77.56566";
"46811.146014";"Engine coolant temperature";"79";"℃";"13.0157916666667";"77.56566";
"46811.193014";"Engine RPM";"826";"rpm";"13.0157916666667";"77.56566";
"46811.193014";"Engine RPM x1000";"0.8";"rpm";"13.0157916666667";"77.56566";
"46811.251014";"Average speed";"0";"km/h";"13.0157916666667";"77.56566";
"46811.251014";"Distance travelled";"0";"km";"13.0157916666667";"77.56566";
"46811.251014";"Distance travelled (total)";"0";"km";"13.0157916666667";"77.56566";
"46811.251014";"Vehicle acceleration";"0";"g";"13.0157916666667";"77.56566";
"46811.251014";"Vehicle speed";"0";"km/h";"13.0157916666667";"77.56566";
"46811.296014";"Engine RPM";"826";"rpm";"13.0157916666667";"77.56566";
"46811.296014";"Engine RPM x1000";"0.8";"rpm";"13.0157916666667";"77.56566";
"46811.352014";"Average speed";"0";"km/h";"13.0157916666667";"77.56566";
"46811.352014";"Distance travelled";"0";"km";"13.0157916666667";"77.56566";
"46811.352014";"Distance travelled (total)";"0";"km";"13.0157916666667";"77.56566";
"46811.352014";"Vehicle acceleration";"0";"g";"13.0157916666667";"77.56566";
"46811.352014";"Vehicle speed";"0";"km/h";"13.0157916666667";"77.56566";
"46811.399014";"Engine coolant temperature";"79";"℃";"13.0157916666667";"77.56566";
"46811.455014";"Engine RPM";"825";"rpm";"13.0157916666667";"77.56566";
"46811.455014";"Engine RPM x1000";"0.8";"rpm";"13.0157916666667";"77.56566";
"46811.499014";"Average speed";"0";"km/h";"13.0157916666667";"77.56566";
"46811.499014";"Distance travelled";"0";"km";"13.0157916666667";"77.56566";
"46811.499014";"Distance travelled (total)";"0";"km";"13.0157916666667";"77.56566";
"46811.499014";"Vehicle acceleration";"0";"g";"13.0157916666667";"77.56566";
"46811.499014";"Vehicle speed";"0";"km/h";"13.0157916666667";"77.56566";
"46811.553014";"Engine RPM";"825";"rpm";"13.0157916666667";"77.56566";
"46811.553014";"Engine RPM x1000";"0.8";"rpm";"13.0157916666667";"77.56566";
"46811.597014";"Average speed";"0";"km/h";"13.0157916666667";"77.56566";
"46811.597014";"Distance travelled";"0";"km";"13.0157916666667";"77.56566";
"46811.597014";"Distance travelled (total)";"0";"km";"13.0157916666667";"77.56566";
"46811.597014";"Vehicle acceleration";"0";"g";"13.0157916666667";"77.56566";
"46811.597014";"Vehicle speed";"0";"km/h";"13.0157916666667";"77.56566";
"46811.652014";"Engine coolant temperature";"79";"℃";"13.0157916666667";"77.56566";
"46811.697014";"Engine RPM";"823";"rpm";"13.0157916666667";"77.56566";
"46811.697014";"Engine RPM x1000";"0.8";"rpm";"13.0157916666667";"77.56566";
"46811.753014";"Average speed";"0";"km/h";"13.0157916666667";"77.56566";
"46811.753014";"Distance travelled";"0";"km";"13.0157916666667";"77.56566";
"46811.753014";"Distance travelled (total)";"0";"km";"13.0157916666667";"77.56566";
"46811.753014";"Vehicle acceleration";"0";"g";"13.0157916666667";"77.56566";
"46811.753014";"Vehicle speed";"0";"km/h";"13.0157916666667";"77.56566";
"46811.818014";"Engine RPM";"826";"rpm";"13.0157916666667";"77.56566";
"46811.818014";"Engine RPM x1000";"0.8";"rpm";"13.0157916666667";"77.56566";
"46811.862014";"Average speed";"0";"km/h";"13.0157916666667";"77.56566";
"46811.862014";"Distance travelled";"0";"km";"13.0157916666667";"77.56566";
"46811.862014";"Distance travelled (total)";"0";"km";"13.0157916666667";"77.56566";
"46811.862014";"Vehicle acceleration";"0";"g";"13.0157916666667";"77.56566";
"46811.862014";"Vehicle speed";"0";"km/h";"13.0157916666667";"77.56566";
"46811.958014";"Engine coolant temperature";"79";"℃";"13.0157916666667";"77.56566";
"46812.024014";"Engine RPM";"825";"rpm";"13.0157916666667";"77.56566";
"46812.024014";"Engine RPM x1000";"0.8";"rpm";"13.0157916666667";"77.56566";
"46812.048014";"Altitude (GPS)";"852";"m";"13.01578";"77.5656783333333";
"46812.069014";"Average speed";"0";"km/h";"13.01578";"77.5656783333333";
"46812.069014";"Distance travelled";"0";"km";"13.01578";"77.5656783333333";
"46812.069014";"Distance travelled (total)";"0";"km";"13.01578";"77.5656783333333";
"46812.069014";"Vehicle acceleration";"0";"g";"13.01578";"77.5656783333333";
"46812.069014";"Vehicle speed";"0";"km/h";"13.01578";"77.5656783333333";
"46812.115014";"Engine RPM";"825";"rpm";"13.01578";"77.5656783333333";
"46812.115014";"Engine RPM x1000";"0.8";"rpm";"13.01578";"77.5656783333333";
"46812.160014";"Average speed";"0";"km/h";"13.01578";"77.5656783333333";
"46812.160014";"Distance travelled";"0";"km";"13.01578";"77.5656783333333";
"46812.160014";"Distance travelled (total)";"0";"km";"13.01578";"77.5656783333333";
"46812.160014";"Vehicle acceleration";"0";"g";"13.01578";"77.5656783333333";
"46812.160014";"Vehicle speed";"0";"km/h";"13.01578";"77.5656783333333";
"46812.207014";"Engine coolant temperature";"79";"℃";"13.01578";"77.5656783333333";
"46812.262014";"Engine RPM";"823";"rpm";"13.01578";"77.5656783333333";
"46812.262014";"Engine RPM x1000";"0.8";"rpm";"13.01578";"77.5656783333333";
"46812.309014";"Average speed";"0";"km/h";"13.01578";"77.5656783333333";
"46812.309014";"Distance travelled";"0";"km";"13.01578";"77.5656783333333";
"46812.309014";"Distance travelled (total)";"0";"km";"13.01578";"77.5656783333333";
"46812.309014";"Vehicle acceleration";"0";"g";"13.01578";"77.5656783333333";
"46812.309014";"Vehicle speed";"0";"km/h";"13.01578";"77.5656783333333";
"46812.371014";"Engine RPM";"823";"rpm";"13.01578";"77.5656783333333";
"46812.371014";"Engine RPM x1000";"0.8";"rpm";"13.01578";"77.5656783333333";
"46812.421014";"Average speed";"0";"km/h";"13.01578";"77.5656783333333";
"46812.421014";"Distance travelled";"0";"km";"13.01578";"77.5656783333333";
"46812.421014";"Distance travelled (total)";"0";"km";"13.01578";"77.5656783333333";
"46812.421014";"Vehicle acceleration";"0";"g";"13.01578";"77.5656783333333";
"46812.421014";"Vehicle speed";"0";"km/h";"13.01578";"77.5656783333333";
"46812.470014";"Engine coolant temperature";"79";"℃";"13.01578";"77.5656783333333";
"46812.520014";"Engine RPM";"824";"rpm";"13.01578";"77.5656783333333";
"46812.520014";"Engine RPM x1000";"0.8";"rpm";"13.01578";"77.5656783333333";
"46812.571014";"Average speed";"0";"km/h";"13.01578";"77.5656783333333";
"46812.571014";"Distance travelled";"0";"km";"13.01578";"77.5656783333333";
"46812.571014";"Distance travelled (total)";"0";"km";"13.01578";"77.5656783333333";
"46812.571014";"Vehicle acceleration";"0";"g";"13.01578";"77.5656783333333";
"46812.571014";"Vehicle speed";"0";"km/h";"13.01578";"77.5656783333333";
"46812.619014";"Engine RPM";"825";"rpm";"13.01578";"77.5656783333333";
"46812.619014";"Engine RPM x1000";"0.8";"rpm";"13.01578";"77.5656783333333";
"46812.674014";"Average speed";"0";"km/h";"13.01578";"77.5656783333333";
"46812.674014";"Distance travelled";"0";"km";"13.01578";"77.5656783333333";
"46812.674014";"Distance travelled (total)";"0";"km";"13.01578";"77.5656783333333";
"46812.674014";"Vehicle acceleration";"0";"g";"13.01578";"77.5656783333333";
"46812.674014";"Vehicle speed";"0";"km/h";"13.01578";"77.5656783333333";
"46812.723014";"Engine coolant temperature";"79";"℃";"13.01578";"77.5656783333333";
"46812.781014";"Engine RPM";"825";"rpm";"13.01578";"77.5656783333333";
"46812.781014";"Engine RPM x1000";"0.8";"rpm";"13.01578";"77.5656783333333";
"46812.830014";"Average speed";"0";"km/h";"13.01578";"77.5656783333333";
"46812.830014";"Distance travelled";"0";"km";"13.01578";"77.5656783333333";
"46812.830014";"Distance travelled (total)";"0";"km";"13.01578";"77.5656783333333";
"46812.830014";"Vehicle acceleration";"0";"g";"13.01578";"77.5656783333333";
"46812.830014";"Vehicle speed";"0";"km/h";"13.01578";"77.5656783333333";
"46812.879014";"Engine RPM";"826";"rpm";"13.01578";"77.5656783333333";
"46812.879014";"Engine RPM x1000";"0.8";"rpm";"13.01578";"77.5656783333333";
"46812.927014";"Average speed";"0";"km/h";"13.01578";"77.5656783333333";
"46812.927014";"Distance travelled";"0";"km";"13.01578";"77.5656783333333";
"46812.927014";"Distance travelled (total)";"0";"km";"13.01578";"77.5656783333333";
"46812.927014";"Vehicle acceleration";"0";"g";"13.01578";"77.5656783333333";
"46812.927014";"Vehicle speed";"0";"km/h";"13.01578";"77.5656783333333";
"46812.965014";"Engine coolant temperature";"79";"℃";"13.01578";"77.5656783333333";
"46813.014014";"Engine RPM";"825";"rpm";"13.01578";"77.5656783333333";
"46813.014014";"Engine RPM x1000";"0.8";"rpm";"13.01578";"77.5656783333333";
"46813.087014";"Average speed";"0";"km/h";"13.01578";"77.5656783333333";
"46813.087014";"Distance travelled";"0";"km";"13.01578";"77.5656783333333";
"46813.087014";"Distance travelled (total)";"0";"km";"13.01578";"77.5656783333333";
"46813.087014";"Vehicle acceleration";"0";"g";"13.01578";"77.5656783333333";
"46813.087014";"Vehicle speed";"0";"km/h";"13.01578";"77.5656783333333";
"46813.151014";"Engine RPM";"825";"rpm";"13.01578";"77.5656783333333";
"46813.151014";"Engine RPM x1000";"0.8";"rpm";"13.01578";"77.5656783333333";
"46813.198014";"Average speed";"0";"km/h";"13.01578";"77.5656783333333";
"46813.198014";"Distance travelled";"0";"km";"13.01578";"77.5656783333333";
"46813.198014";"Distance travelled (total)";"0";"km";"13.01578";"77.5656783333333";
"46813.198014";"Vehicle acceleration";"0";"g";"13.01578";"77.5656783333333";
"46813.198014";"Vehicle speed";"0";"km/h";"13.01578";"77.5656783333333";
"46813.246014";"Engine coolant temperature";"79";"℃";"13.01578";"77.5656783333333";
"46813.294014";"Engine RPM";"824";"rpm";"13.01578";"77.5656783333333";
"46813.294014";"Engine RPM x1000";"0.8";"rpm";"13.01578";"77.5656783333333";
"46813.375014";"Average speed";"0";"km/h";"13.01578";"77.5656783333333";
"46813.375014";"Distance travelled";"0";"km";"13.01578";"77.5656783333333";
"46813.375014";"Distance travelled (total)";"0";"km";"13.01578";"77.5656783333333";
"46813.375014";"Vehicle acceleration";"0";"g";"13.01578";"77.5656783333333";
"46813.375014";"Vehicle speed";"0";"km/h";"13.01578";"77.5656783333333";
"46813.416014";"Engine RPM";"823";"rpm";"13.01578";"77.5656783333333";
"46813.416014";"Engine RPM x1000";"0.8";"rpm";"13.01578";"77.5656783333333";
"46813.495014";"Average speed";"0";"km/h";"13.01578";"77.5656783333333";
"46813.495014";"Distance travelled";"0";"km";"13.01578";"77.5656783333333";
"46813.495014";"Distance travelled (total)";"0";"km";"13.01578";"77.5656783333333";
"46813.495014";"Vehicle acceleration";"0";"g";"13.01578";"77.5656783333333";
"46813.495014";"Vehicle speed";"0";"km/h";"13.01578";"77.5656783333333";
"46813.542014";"Engine coolant temperature";"79";"℃";"13.01578";"77.5656783333333";
"46813.565014";"Altitude (GPS)";"873.700012207031";"m";"13.0158767";"77.5656606";
"46813.589014";"Engine RPM";"823";"rpm";"13.0158767";"77.5656606";
"46813.589014";"Engine RPM x1000";"0.8";"rpm";"13.0158767";"77.5656606";
"46813.634014";"Average speed";"0";"km/h";"13.0158767";"77.5656606";
"46813.634014";"Distance travelled";"0";"km";"13.0158767";"77.5656606";
"46813.634014";"Distance travelled (total)";"0";"km";"13.0158767";"77.5656606";
"46813.634014";"Vehicle acceleration";"0";"g";"13.0158767";"77.5656606";
"46813.634014";"Vehicle speed";"0";"km/h";"13.0158767";"77.5656606";
"46813.690014";"Engine RPM";"826";"rpm";"13.0158767";"77.5656606";
"46813.690014";"Engine RPM x1000";"0.8";"rpm";"13.0158767";"77.5656606";
"46813.735014";"Average speed";"0";"km/h";"13.0158767";"77.5656606";
"46813.735014";"Distance travelled";"0";"km";"13.0158767";"77.5656606";
"46813.735014";"Distance travelled (total)";"0";"km";"13.0158767";"77.5656606";
"46813.735014";"Vehicle acceleration";"0";"g";"13.0158767";"77.5656606";
"46813.735014";"Vehicle speed";"0";"km/h";"13.0158767";"77.5656606";
"46813.789014";"Engine coolant temperature";"79";"℃";"13.0158767";"77.5656606";
"46813.832014";"Engine RPM";"825";"rpm";"13.0158767";"77.5656606";
"46813.832014";"Engine RPM x1000";"0.8";"rpm";"13.0158767";"77.5656606";
"46813.896014";"Average speed";"0";"km/h";"13.0158767";"77.5656606";
"46813.896014";"Distance travelled";"0";"km";"13.0158767";"77.5656606";
"46813.896014";"Distance travelled (total)";"0";"km";"13.0158767";"77.5656606";
"46813.896014";"Vehicle acceleration";"0";"g";"13.0158767";"77.5656606";
"46813.896014";"Vehicle speed";"0";"km/h";"13.0158767";"77.5656606";
"46813.942014";"Engine RPM";"825";"rpm";"13.0158767";"77.5656606";
"46813.942014";"Engine RPM x1000";"0.8";"rpm";"13.0158767";"77.5656606";
"46813.996014";"Average speed";"0";"km/h";"13.0158767";"77.5656606";
"46813.996014";"Distance travelled";"0";"km";"13.0158767";"77.5656606";
"46813.996014";"Distance travelled (total)";"0";"km";"13.0158767";"77.5656606";
"46813.996014";"Vehicle acceleration";"0";"g";"13.0158767";"77.5656606";
"46813.996014";"Vehicle speed";"0";"km/h";"13.0158767";"77.5656606";
"46814.061014";"Engine coolant temperature";"79";"℃";"13.0158767";"77.5656606";
"46814.104014";"Engine RPM";"827";"rpm";"13.0158767";"77.5656606";
"46814.104014";"Engine RPM x1000";"0.8";"rpm";"13.0158767";"77.5656606";
"46814.189014";"Average speed";"0";"km/h";"13.0158767";"77.5656606";
"46814.189014";"Distance travelled";"0";"km";"13.0158767";"77.5656606";
"46814.189014";"Distance travelled (total)";"0";"km";"13.0158767";"77.5656606";
"46814.189014";"Vehicle acceleration";"0";"g";"13.0158767";"77.5656606";
"46814.189014";"Vehicle speed";"0";"km/h";"13.0158767";"77.5656606";
"46814.232014";"Engine RPM";"827";"rpm";"13.0158767";"77.5656606";
"46814.232014";"Engine RPM x1000";"0.8";"rpm";"13.0158767";"77.5656606";
"46814.275014";"Average speed";"0";"km/h";"13.0158767";"77.5656606";
"46814.275014";"Distance travelled";"0";"km";"13.0158767";"77.5656606";
"46814.275014";"Distance travelled (total)";"0";"km";"13.0158767";"77.5656606";
"46814.275014";"Vehicle acceleration";"0";"g";"13.0158767";"77.5656606";
"46814.275014";"Vehicle speed";"0";"km/h";"13.0158767";"77.5656606";
"46814.320014";"Engine coolant temperature";"79";"℃";"13.0158767";"77.5656606";
"46814.394014";"Engine RPM";"827";"rpm";"13.0158767";"77.5656606";
"46814.394014";"Engine RPM x1000";"0.8";"rpm";"13.0158767";"77.5656606";
"46814.443014";"Average speed";"0";"km/h";"13.0158767";"77.5656606";
"46814.443014";"Distance travelled";"0";"km";"13.0158767";"77.5656606";
"46814.443014";"Distance travelled (total)";"0";"km";"13.0158767";"77.5656606";
"46814.443014";"Vehicle acceleration";"0";"g";"13.0158767";"77.5656606";
"46814.443014";"Vehicle speed";"0";"km/h";"13.0158767";"77.5656606";
"46814.516014";"Engine RPM";"823";"rpm";"13.0158767";"77.5656606";
"46814.516014";"Engine RPM x1000";"0.8";"rpm";"13.0158767";"77.5656606";
"46814.573014";"Average speed";"0";"km/h";"13.0158767";"77.5656606";
"46814.573014";"Distance travelled";"0";"km";"13.0158767";"77.5656606";
"46814.573014";"Distance travelled (total)";"0";"km";"13.0158767";"77.5656606";
"46814.573014";"Vehicle acceleration";"0";"g";"13.0158767";"77.5656606";
"46814.573014";"Vehicle speed";"0";"km/h";"13.0158767";"77.5656606";
"46814.619014";"Engine coolant temperature";"79";"℃";"13.0158767";"77.5656606";
"46814.670014";"Engine RPM";"823";"rpm";"13.0158767";"77.5656606";
"46814.670014";"Engine RPM x1000";"0.8";"rpm";"13.0158767";"77.5656606";
"46814.719014";"Average speed";"0";"km/h";"13.0158767";"77.5656606";
"46814.719014";"Distance travelled";"0";"km";"13.0158767";"77.5656606";
"46814.719014";"Distance travelled (total)";"0";"km";"13.0158767";"77.5656606";
"46814.719014";"Vehicle acceleration";"0";"g";"13.0158767";"77.5656606";
"46814.719014";"Vehicle speed";"0";"km/h";"13.0158767";"77.5656606";
"46814.793014";"Engine RPM";"823";"rpm";"13.0158767";"77.5656606";
"46814.793014";"Engine RPM x1000";"0.8";"rpm";"13.0158767";"77.5656606";
"46814.852014";"Average speed";"0";"km/h";"13.0158767";"77.5656606";
"46814.852014";"Distance travelled";"0";"km";"13.0158767";"77.5656606";
"46814.852014";"Distance travelled (total)";"0";"km";"13.0158767";"77.5656606";
"46814.852014";"Vehicle acceleration";"0";"g";"13.0158767";"77.5656606";
"46814.852014";"Vehicle speed";"0";"km/h";"13.0158767";"77.5656606";
"46814.916014";"Engine coolant temperature";"79";"℃";"13.0158767";"77.5656606";
"46814.974014";"Engine RPM";"826";"rpm";"13.0158767";"77.5656606";
"46814.974014";"Engine RPM x1000";"0.8";"rpm";"13.0158767";"77.5656606";
"46815.025014";"Average speed";"0";"km/h";"13.0158767";"77.5656606";
"46815.025014";"Distance travelled";"0";"km";"13.0158767";"77.5656606";
"46815.025014";"Distance travelled (total)";"0";"km";"13.0158767";"77.5656606";
"46815.025014";"Vehicle acceleration";"0";"g";"13.0158767";"77.5656606";
"46815.025014";"Vehicle speed";"0";"km/h";"13.0158767";"77.5656606";
"46815.065014";"Engine RPM";"827";"rpm";"13.0158767";"77.5656606";
"46815.065014";"Engine RPM x1000";"0.8";"rpm";"13.0158767";"77.5656606";
"46815.114014";"Average speed";"0";"km/h";"13.0158767";"77.5656606";
"46815.114014";"Distance travelled";"0";"km";"13.0158767";"77.5656606";
"46815.114014";"Distance travelled (total)";"0";"km";"13.0158767";"77.5656606";
"46815.114014";"Vehicle acceleration";"0";"g";"13.0158767";"77.5656606";
"46815.114014";"Vehicle speed";"0";"km/h";"13.0158767";"77.5656606";
"46815.166014";"Engine coolant temperature";"79";"℃";"13.0158767";"77.5656606";
"46815.217014";"Engine RPM";"836";"rpm";"13.0158767";"77.5656606";
"46815.217014";"Engine RPM x1000";"0.8";"rpm";"13.0158767";"77.5656606";
"46815.263014";"Average speed";"0";"km/h";"13.0158767";"77.5656606";
"46815.263014";"Distance travelled";"0";"km";"13.0158767";"77.5656606";
"46815.263014";"Distance travelled (total)";"0";"km";"13.0158767";"77.5656606";
"46815.263014";"Vehicle acceleration";"0";"g";"13.0158767";"77.5656606";
"46815.263014";"Vehicle speed";"0";"km/h";"13.0158767";"77.5656606";
"46815.309014";"Engine RPM";"836";"rpm";"13.0158767";"77.5656606";
"46815.309014";"Engine RPM x1000";"0.8";"rpm";"13.0158767";"77.5656606";
"46815.357014";"Average speed";"0";"km/h";"13.0158767";"77.5656606";
"46815.357014";"Distance travelled";"0";"km";"13.0158767";"77.5656606";
"46815.357014";"Distance travelled (total)";"0";"km";"13.0158767";"77.5656606";
"46815.357014";"Vehicle acceleration";"0";"g";"13.0158767";"77.5656606";
"46815.357014";"Vehicle speed";"0";"km/h";"13.0158767";"77.5656606";
"46815.424014";"Engine coolant temperature";"79";"℃";"13.0158767";"77.5656606";
"46815.476014";"Engine RPM";"843";"rpm";"13.0158767";"77.5656606";
"46815.476014";"Engine RPM x1000";"0.8";"rpm";"13.0158767";"77.5656606";
"46815.523014";"Average speed";"0";"km/h";"13.0158767";"77.5656606";
"46815.523014";"Distance travelled";"0";"km";"13.0158767";"77.5656606";
"46815.523014";"Distance travelled (total)";"0";"km";"13.0158767";"77.5656606";
"46815.523014";"Vehicle acceleration";"0";"g";"13.0158767";"77.5656606";
"46815.523014";"Vehicle speed";"0";"km/h";"13.0158767";"77.5656606";
"46815.571014";"Engine RPM";"843";"rpm";"13.0158767";"77.5656606";
"46815.571014";"Engine RPM x1000";"0.8";"rpm";"13.0158767";"77.5656606";
"46815.630014";"Average speed";"0";"km/h";"13.0158767";"77.5656606";
"46815.630014";"Distance travelled";"0";"km";"13.0158767";"77.5656606";
"46815.630014";"Distance travelled (total)";"0";"km";"13.0158767";"77.5656606";
"46815.630014";"Vehicle acceleration";"0";"g";"13.0158767";"77.5656606";
"46815.630014";"Vehicle speed";"0";"km/h";"13.0158767";"77.5656606";
"46815.715014";"Engine coolant temperature";"79";"℃";"13.0158767";"77.5656606";
"46815.765014";"Engine RPM";"832";"rpm";"13.0158767";"77.5656606";
"46815.765014";"Engine RPM x1000";"0.8";"rpm";"13.0158767";"77.5656606";
"46815.836014";"Average speed";"0";"km/h";"13.0158767";"77.5656606";
"46815.836014";"Distance travelled";"0";"km";"13.0158767";"77.5656606";
"46815.836014";"Distance travelled (total)";"0";"km";"13.0158767";"77.5656606";
"46815.836014";"Vehicle acceleration";"0";"g";"13.0158767";"77.5656606";
"46815.836014";"Vehicle speed";"0";"km/h";"13.0158767";"77.5656606";
"46815.885014";"Engine RPM";"822";"rpm";"13.0158767";"77.5656606";
"46815.885014";"Engine RPM x1000";"0.8";"rpm";"13.0158767";"77.5656606";
"46815.930014";"Average speed";"0";"km/h";"13.0158767";"77.5656606";
"46815.930014";"Distance travelled";"0";"km";"13.0158767";"77.5656606";
"46815.930014";"Distance travelled (total)";"0";"km";"13.0158767";"77.5656606";
"46815.930014";"Vehicle acceleration";"0";"g";"13.0158767";"77.5656606";
"46815.930014";"Vehicle speed";"0";"km/h";"13.0158767";"77.5656606";
"46815.989014";"Engine coolant temperature";"79";"℃";"13.0158767";"77.5656606";
"46816.039014";"Engine RPM";"818";"rpm";"13.0158767";"77.5656606";
"46816.039014";"Engine RPM x1000";"0.8";"rpm";"13.0158767";"77.5656606";
"46816.085014";"Average speed";"0";"km/h";"13.0158767";"77.5656606";
"46816.085014";"Distance travelled";"0";"km";"13.0158767";"77.5656606";
"46816.085014";"Distance travelled (total)";"0";"km";"13.0158767";"77.5656606";
"46816.085014";"Vehicle acceleration";"0";"g";"13.0158767";"77.5656606";
"46816.085014";"Vehicle speed";"0";"km/h";"13.0158767";"77.5656606";
"46816.140014";"Engine RPM";"818";"rpm";"13.0158767";"77.5656606";
"46816.140014";"Engine RPM x1000";"0.8";"rpm";"13.0158767";"77.5656606";
"46816.237014";"Average speed";"0";"km/h";"13.0158767";"77.5656606";
"46816.237014";"Distance travelled";"0";"km";"13.0158767";"77.5656606";
"46816.237014";"Distance travelled (total)";"0";"km";"13.0158767";"77.5656606";
"46816.237014";"Vehicle acceleration";"0";"g";"13.0158767";"77.5656606";
"46816.237014";"Vehicle speed";"0";"km/h";"13.0158767";"77.5656606";
"46816.289014";"Engine coolant temperature";"79";"℃";"13.0158767";"77.5656606";
"46816.336014";"Engine RPM";"806";"rpm";"13.0158767";"77.5656606";
"46816.336014";"Engine RPM x1000";"0.8";"rpm";"13.0158767";"77.5656606";
"46816.384014";"Average speed";"0";"km/h";"13.0158767";"77.5656606";
"46816.384014";"Distance travelled";"0";"km";"13.0158767";"77.5656606";
"46816.384014";"Distance travelled (total)";"0";"km";"13.0158767";"77.5656606";
"46816.384014";"Vehicle acceleration";"0";"g";"13.0158767";"77.5656606";
"46816.384014";"Vehicle speed";"0";"km/h";"13.0158767";"77.5656606";
"46816.435014";"Engine RPM";"804";"rpm";"13.0158767";"77.5656606";
"46816.435014";"Engine RPM x1000";"0.8";"rpm";"13.0158767";"77.5656606";
"46816.486014";"Average speed";"0";"km/h";"13.0158767";"77.5656606";
"46816.486014";"Distance travelled";"0";"km";"13.0158767";"77.5656606";
"46816.486014";"Distance travelled (total)";"0";"km";"13.0158767";"77.5656606";
"46816.486014";"Vehicle acceleration";"0";"g";"13.0158767";"77.5656606";
"46816.486014";"Vehicle speed";"0";"km/h";"13.0158767";"77.5656606";
"46816.538014";"Engine coolant temperature";"79";"℃";"13.0158767";"77.5656606";
"46816.585014";"Engine RPM";"804";"rpm";"13.0158767";"77.5656606";
"46816.585014";"Engine RPM x1000";"0.8";"rpm";"13.0158767";"77.5656606";
"46817.423014";"Calculated engine load value";"21.5686274509804";"%";"13.0158767";"77.5656606";
"46817.500014";"Calculated instant fuel rate";"0.856730769230769";"L/h";"13.0158767";"77.5656606";
"46817.500014";"Instant engine power (based on fuel consumption)";"3.793368785467";"hp";"13.0158767";"77.5656606";
"46817.500014";"MAF air flow rate";"13.77";"g/sec";"13.0158767";"77.5656606";
"46817.500014";"Power from MAF";"16.524";"hp";"13.0158767";"77.5656606";
"46817.559014";"Average speed";"0";"km/h";"13.0158767";"77.5656606";
"46817.559014";"Distance travelled";"0";"km";"13.0158767";"77.5656606";
"46817.559014";"Distance travelled (total)";"0";"km";"13.0158767";"77.5656606";
"46817.559014";"Vehicle acceleration";"0";"g";"13.0158767";"77.5656606";
"46817.559014";"Vehicle speed";"0";"km/h";"13.0158767";"77.5656606";
"46817.621014";"Engine RPM";"803";"rpm";"13.0158767";"77.5656606";
"46817.621014";"Engine RPM x1000";"0.8";"rpm";"13.0158767";"77.5656606";
"46817.673014";"Calculated engine load value";"20.7843137254902";"%";"13.0158767";"77.5656606";
"46817.734014";"Calculated instant fuel rate";"0.822579185520362";"L/h";"13.0158767";"77.5656606";
"46817.734014";"Fuel used";"0.0143413140065165";"L";"13.0158767";"77.5656606";
"46817.734014";"Fuel used (total)";"0.0143413140065165";"L";"13.0158767";"77.5656606";
"46817.734014";"Fuel used price";"0.0144847271465816";"₹";"13.0158767";"77.5656606";
"46817.734014";"Fuel used price (total)";"0.01";"₹";"13.0158767";"77.5656606";
"46817.734014";"Instant engine power (based on fuel consumption)";"3.64215494294605";"hp";"13.0158767";"77.5656606";
"46817.734014";"MAF air flow rate";"13.72";"g/sec";"13.0158767";"77.5656606";
"46817.734014";"Power from MAF";"16.464";"hp";"13.0158767";"77.5656606";
"46817.790014";"Average speed";"0";"km/h";"13.0158767";"77.5656606";
"46817.790014";"Distance travelled";"0";"km";"13.0158767";"77.5656606";
"46817.790014";"Distance travelled (total)";"0";"km";"13.0158767";"77.5656606";
"46817.790014";"Vehicle acceleration";"0";"g";"13.0158767";"77.5656606";
"46817.790014";"Vehicle speed";"0";"km/h";"13.0158767";"77.5656606";
"46817.839014";"Engine RPM";"803";"rpm";"13.0158767";"77.5656606";
"46817.839014";"Engine RPM x1000";"0.8";"rpm";"13.0158767";"77.5656606";
"46817.887014";"Calculated engine load value";"21.1764705882353";"%";"13.0158767";"77.5656606";
"46817.936014";"Calculated instant fuel rate";"0.834434389140272";"L/h";"13.0158767";"77.5656606";
"46817.936014";"Fuel used";"0.0143880823156228";"L";"13.0158767";"77.5656606";
"46817.936014";"Fuel used (total)";"0.0143880823156228";"L";"13.0158767";"77.5656606";
"46817.936014";"Fuel used price";"0.014531963138779";"₹";"13.0158767";"77.5656606";
"46817.936014";"Fuel used price (total)";"0.01";"₹";"13.0158767";"77.5656606";
"46817.936014";"Instant engine power (based on fuel consumption)";"3.69464653187018";"hp";"13.0158767";"77.5656606";
"46817.936014";"MAF air flow rate";"13.66";"g/sec";"13.0158767";"77.5656606";
"46817.936014";"Power from MAF";"16.392";"hp";"13.0158767";"77.5656606";
"46817.990014";"Average speed";"0";"km/h";"13.0158767";"77.5656606";
"46817.990014";"Distance travelled";"0";"km";"13.0158767";"77.5656606";
"46817.990014";"Distance travelled (total)";"0";"km";"13.0158767";"77.5656606";
"46817.990014";"Vehicle acceleration";"0";"g";"13.0158767";"77.5656606";
"46817.990014";"Vehicle speed";"0";"km/h";"13.0158767";"77.5656606";
"46818.042014";"Engine RPM";"797";"rpm";"13.0158767";"77.5656606";
"46818.042014";"Engine RPM x1000";"0.8";"rpm";"13.0158767";"77.5656606";
"46818.094014";"Calculated engine load value";"21.1764705882353";"%";"13.0158767";"77.5656606";
"46818.145014";"Calculated instant fuel rate";"0.841153846153846";"L/h";"13.0158767";"77.5656606";
"46818.145014";"Fuel used";"0.0144369315775459";"L";"13.0158767";"77.5656606";
"46818.145014";"Fuel used (total)";"0.0144369315775459";"L";"13.0158767";"77.5656606";
"46818.145014";"Fuel used price";"0.0145813008933213";"₹";"13.0158767";"77.5656606";
"46818.145014";"Fuel used price (total)";"0.01";"₹";"13.0158767";"77.5656606";
"46818.145014";"Instant engine power (based on fuel consumption)";"3.72439844391306";"hp";"13.0158767";"77.5656606";
"46818.145014";"MAF air flow rate";"13.77";"g/sec";"13.0158767";"77.5656606";
"46818.145014";"Power from MAF";"16.524";"hp";"13.0158767";"77.5656606";
"46818.203014";"Average speed";"0";"km/h";"13.0158767";"77.5656606";
"46818.203014";"Distance travelled";"0";"km";"13.0158767";"77.5656606";
"46818.203014";"Distance travelled (total)";"0";"km";"13.0158767";"77.5656606";
"46818.203014";"Vehicle acceleration";"0";"g";"13.0158767";"77.5656606";
"46818.203014";"Vehicle speed";"0";"km/h";"13.0158767";"77.5656606";
"46818.256014";"Engine RPM";"801";"rpm";"13.0158767";"77.5656606";
"46818.256014";"Engine RPM x1000";"0.8";"rpm";"13.0158767";"77.5656606";
"46818.319014";"Calculated engine load value";"21.1764705882353";"%";"13.0158767";"77.5656606";
"46818.390014";"Calculated instant fuel rate";"0.838099547511312";"L/h";"13.0158767";"77.5656606";
"46818.390014";"Fuel used";"0.0144940279938807";"L";"13.0158767";"77.5656606";
"46818.390014";"Fuel used (total)";"0.0144940279938807";"L";"13.0158767";"77.5656606";
"46818.390014";"Fuel used price";"0.0146389682738195";"₹";"13.0158767";"77.5656606";
"46818.390014";"Fuel used price (total)";"0.01";"₹";"13.0158767";"77.5656606";
"46818.390014";"Instant engine power (based on fuel consumption)";"3.71087484752993";"hp";"13.0158767";"77.5656606";
"46818.390014";"MAF air flow rate";"13.72";"g/sec";"13.0158767";"77.5656606";
"46818.390014";"Power from MAF";"16.464";"hp";"13.0158767";"77.5656606";
"46818.445014";"Average speed";"0";"km/h";"13.0158767";"77.5656606";
"46818.445014";"Distance travelled";"0";"km";"13.0158767";"77.5656606";
"46818.445014";"Distance travelled (total)";"0";"km";"13.0158767";"77.5656606";
"46818.445014";"Vehicle acceleration";"0";"g";"13.0158767";"77.5656606";
"46818.445014";"Vehicle speed";"0";"km/h";"13.0158767";"77.5656606";
"46818.507014";"Engine RPM";"802";"rpm";"13.0158767";"77.5656606";
"46818.507014";"Engine RPM x1000";"0.8";"rpm";"13.0158767";"77.5656606";
"46818.558014";"Calculated engine load value";"21.1764705882353";"%";"13.0158767";"77.5656606";
"46818.606014";"Calculated instant fuel rate";"0.836266968325792";"L/h";"13.0158767";"77.5656606";
"46818.606014";"Fuel used";"0.0145441533481398";"L";"13.0158767";"77.5656606";
"46818.606014";"Fuel used (total)";"0.0145441533481398";"L";"13.0158767";"77.5656606";
"46818.606014";"Fuel used price";"0.0146895948816212";"₹";"13.0158767";"77.5656606";
"46818.606014";"Fuel used price (total)";"0.01";"₹";"13.0158767";"77.5656606";
"46818.606014";"Instant engine power (based on fuel consumption)";"3.70276068970006";"hp";"13.0158767";"77.5656606";
"46818.606014";"MAF air flow rate";"13.69";"g/sec";"13.0158767";"77.5656606";
"46818.606014";"Power from MAF";"16.428";"hp";"13.0158767";"77.5656606";
"46818.660014";"Average speed";"0";"km/h";"13.0158767";"77.5656606";
"46818.660014";"Distance travelled";"0";"km";"13.0158767";"77.5656606";
"46818.660014";"Distance travelled (total)";"0";"km";"13.0158767";"77.5656606";
"46818.660014";"Vehicle acceleration";"0";"g";"13.0158767";"77.5656606";
"46818.660014";"Vehicle speed";"0";"km/h";"13.0158767";"77.5656606";
"46818.727014";"Engine RPM";"798";"rpm";"13.0158767";"77.5656606";
"46818.727014";"Engine RPM x1000";"0.8";"rpm";"13.0158767";"77.5656606";
"46818.780014";"Calculated engine load value";"21.1764705882353";"%";"13.0158767";"77.5656606";
"46818.833014";"Calculated instant fuel rate";"0.838099547511312";"L/h";"13.0158767";"77.5656606";
"46818.833014";"Fuel used";"0.0145969066860583";"L";"13.0158767";"77.5656606";
"46818.833014";"Fuel used (total)";"0.0145969066860583";"L";"13.0158767";"77.5656606";
"46818.833014";"Fuel used price";"0.0147428757529189";"₹";"13.0158767";"77.5656606";
"46818.833014";"Fuel used price (total)";"0.01";"₹";"13.0158767";"77.5656606";
"46818.833014";"Instant engine power (based on fuel consumption)";"3.71087484752993";"hp";"13.0158767";"77.5656606";
"46818.833014";"MAF air flow rate";"13.72";"g/sec";"13.0158767";"77.5656606";
"46818.833014";"Power from MAF";"16.464";"hp";"13.0158767";"77.5656606";
"46818.887014";"Average speed";"0";"km/h";"13.0158767";"77.5656606";
"46818.887014";"Distance travelled";"0";"km";"13.0158767";"77.5656606";
"46818.887014";"Distance travelled (total)";"0";"km";"13.0158767";"77.5656606";
"46818.887014";"Vehicle acceleration";"0";"g";"13.0158767";"77.5656606";
"46818.887014";"Vehicle speed";"0";"km/h";"13.0158767";"77.5656606";
"46818.941014";"Engine RPM";"800";"rpm";"13.0158767";"77.5656606";
"46818.941014";"Engine RPM x1000";"0.8";"rpm";"13.0158767";"77.5656606";
"46819.003014";"Calculated engine load value";"21.1764705882353";"%";"13.0158767";"77.5656606";
"46819.052014";"Calculated instant fuel rate";"0.834434389140272";"L/h";"13.0158767";"77.5656606";
"46819.052014";"Fuel used";"0.0146477380879927";"L";"13.0158767";"77.5656606";
"46819.052014";"Fuel used (total)";"0.0146477380879927";"L";"13.0158767";"77.5656606";
"46819.052014";"Fuel used price";"0.0147942154688726";"₹";"13.0158767";"77.5656606";
"46819.052014";"Fuel used price (total)";"0.01";"₹";"13.0158767";"77.5656606";
"46819.052014";"Instant engine power (based on fuel consumption)";"3.69464653187018";"hp";"13.0158767";"77.5656606";
"46819.052014";"MAF air flow rate";"13.66";"g/sec";"13.0158767";"77.5656606";
"46819.052014";"Power from MAF";"16.392";"hp";"13.0158767";"77.5656606";
"46819.098014";"Average speed";"0";"km/h";"13.0158767";"77.5656606";
"46819.098014";"Distance travelled";"0";"km";"13.0158767";"77.5656606";
"46819.098014";"Distance travelled (total)";"0";"km";"13.0158767";"77.5656606";
"46819.098014";"Vehicle acceleration";"0";"g";"13.0158767";"77.5656606";
"46819.098014";"Vehicle speed";"0";"km/h";"13.0158767";"77.5656606";
"46819.151014";"Engine RPM";"800";"rpm";"13.0158767";"77.5656606";
"46819.151014";"Engine RPM x1000";"0.8";"rpm";"13.0158767";"77.5656606";
"46819.200014";"Calculated engine load value";"21.5686274509804";"%";"13.0158767";"77.5656606";
"46819.250014";"Calculated instant fuel rate";"0.851753393665158";"L/h";"13.0158767";"77.5656606";
"46819.250014";"Fuel used";"0.0146946379721697";"L";"13.0158767";"77.5656606";
"46819.250014";"Fuel used (total)";"0.0146946379721698";"L";"13.0158767";"77.5656606";
"46819.250014";"Fuel used price";"0.0148415843518914";"₹";"13.0158767";"77.5656606";
"46819.250014";"Fuel used price (total)";"0.01";"₹";"13.0158767";"77.5656606";
"46819.250014";"Instant engine power (based on fuel consumption)";"3.77133033210191";"hp";"13.0158767";"77.5656606";
"46819.250014";"MAF air flow rate";"13.69";"g/sec";"13.0158767";"77.5656606";
"46819.250014";"Power from MAF";"16.428";"hp";"13.0158767";"77.5656606";
"46819.317014";"Average speed";"0";"km/h";"13.0158767";"77.5656606";
"46819.317014";"Distance travelled";"0";"km";"13.0158767";"77.5656606";
"46819.317014";"Distance travelled (total)";"0";"km";"13.0158767";"77.5656606";
"46819.317014";"Vehicle acceleration";"0";"g";"13.0158767";"77.5656606";
"46819.317014";"Vehicle speed";"0";"km/h";"13.0158767";"77.5656606";
"46819.332014";"Altitude (GPS)";"851.6";"m";"13.0157733333333";"77.5656816666667";
"46819.368014";"Engine RPM";"798";"rpm";"13.0157733333333";"77.5656816666667";
"46819.368014";"Engine RPM x1000";"0.8";"rpm";"13.0157733333333";"77.5656816666667";
"46819.421014";"Calculated engine load value";"21.1764705882353";"%";"13.0157733333333";"77.5656816666667";
"46819.482014";"Calculated instant fuel rate";"0.839321266968326";"L/h";"13.0157733333333";"77.5656816666667";
"46819.482014";"Fuel used";"0.0147487006600204";"L";"13.0157733333333";"77.5656816666667";
"46819.482014";"Fuel used (total)";"0.0147487006600204";"L";"13.0157733333333";"77.5656816666667";
"46819.482014";"Fuel used price";"0.0148961876666206";"₹";"13.0157733333333";"77.5656816666667";
"46819.482014";"Fuel used price (total)";"0.01";"₹";"13.0157733333333";"77.5656816666667";
"46819.482014";"Instant engine power (based on fuel consumption)";"3.71628428608318";"hp";"13.0157733333333";"77.5656816666667";
"46819.482014";"MAF air flow rate";"13.74";"g/sec";"13.0157733333333";"77.5656816666667";
"46819.482014";"Power from MAF";"16.488";"hp";"13.0157733333333";"77.5656816666667";
"46819.535014";"Average speed";"0";"km/h";"13.0157733333333";"77.5656816666667";
"46819.535014";"Distance travelled";"0";"km";"13.0157733333333";"77.5656816666667";
"46819.535014";"Distance travelled (total)";"0";"km";"13.0157733333333";"77.5656816666667";
"46819.535014";"Vehicle acceleration";"0";"g";"13.0157733333333";"77.5656816666667";
"46819.535014";"Vehicle speed";"0";"km/h";"13.0157733333333";"77.5656816666667";
"46819.584014";"Engine RPM";"801";"rpm";"13.0157733333333";"77.5656816666667";
"46819.584014";"Engine RPM x1000";"0.8";"rpm";"13.0157733333333";"77.5656816666667";
"46819.633014";"Calculated engine load value";"21.1764705882353";"%";"13.0157733333333";"77.5656816666667";
"46819.684014";"Calculated instant fuel rate";"0.838099547511312";"L/h";"13.0157733333333";"77.5656816666667";
"46819.684014";"Fuel used";"0.014795636888663";"L";"13.0157733333333";"77.5656816666667";
"46819.684014";"Fuel used (total)";"0.014795636888663";"L";"13.0157733333333";"77.5656816666667";
"46819.684014";"Fuel used price";"0.0149435932575496";"₹";"13.0157733333333";"77.5656816666667";
"46819.684014";"Fuel used price (total)";"0.01";"₹";"13.0157733333333";"77.5656816666667";
"46819.684014";"Instant engine power (based on fuel consumption)";"3.71087484752993";"hp";"13.0157733333333";"77.5656816666667";
"46819.684014";"MAF air flow rate";"13.72";"g/sec";"13.0157733333333";"77.5656816666667";
"46819.684014";"Power from MAF";"16.464";"hp";"13.0157733333333";"77.5656816666667";
"46819.738014";"Average speed";"0";"km/h";"13.0157733333333";"77.5656816666667";
"46819.738014";"Distance travelled";"0";"km";"13.0157733333333";"77.5656816666667";
"46819.738014";"Distance travelled (total)";"0";"km";"13.0157733333333";"77.5656816666667";
"46819.738014";"Vehicle acceleration";"0";"g";"13.0157733333333";"77.5656816666667";
"46819.738014";"Vehicle speed";"0";"km/h";"13.0157733333333";"77.5656816666667";
"46819.792014";"Engine RPM";"801";"rpm";"13.0157733333333";"77.5656816666667";
"46819.792014";"Engine RPM x1000";"0.8";"rpm";"13.0157733333333";"77.5656816666667";
"46819.843014";"Calculated engine load value";"21.1764705882353";"%";"13.0157733333333";"77.5656816666667";
"46819.893014";"Calculated instant fuel rate";"0.832601809954751";"L/h";"13.0157733333333";"77.5656816666667";
"46819.893014";"Fuel used";"0.0148439549225826";"L";"13.0157733333333";"77.5656816666667";
"46819.893014";"Fuel used (total)";"0.0148439549225826";"L";"13.0157733333333";"77.5656816666667";
"46819.893014";"Fuel used price";"0.0149923944718085";"₹";"13.0157733333333";"77.5656816666667";
"46819.893014";"Fuel used price (total)";"0.01";"₹";"13.0157733333333";"77.5656816666667";
"46819.893014";"Instant engine power (based on fuel consumption)";"3.6865323740403";"hp";"13.0157733333333";"77.5656816666667";
"46819.893014";"MAF air flow rate";"13.63";"g/sec";"13.0157733333333";"77.5656816666667";
"46819.893014";"Power from MAF";"16.356";"hp";"13.0157733333333";"77.5656816666667";
"46819.948014";"Average speed";"0";"km/h";"13.0157733333333";"77.5656816666667";
"46819.948014";"Distance travelled";"0";"km";"13.0157733333333";"77.5656816666667";
"46819.948014";"Distance travelled (total)";"0";"km";"13.0157733333333";"77.5656816666667";
"46819.948014";"Vehicle acceleration";"0";"g";"13.0157733333333";"77.5656816666667";
"46819.948014";"Vehicle speed";"0";"km/h";"13.0157733333333";"77.5656816666667";
"46820.023014";"Engine RPM";"800";"rpm";"13.0157733333333";"77.5656816666667";
"46820.023014";"Engine RPM x1000";"0.8";"rpm";"13.0157733333333";"77.5656816666667";
"46820.072014";"Calculated engine load value";"21.1764705882353";"%";"13.0157733333333";"77.5656816666667";
"46820.131014";"Calculated instant fuel rate";"0.836266968325792";"L/h";"13.0157733333333";"77.5656816666667";
"46820.131014";"Fuel used";"0.0148992477562761";"L";"13.0157733333333";"77.5656816666667";
"46820.131014";"Fuel used (total)";"0.0148992477562761";"L";"13.0157733333333";"77.5656816666667";
"46820.131014";"Fuel used price";"0.0150482402338388";"₹";"13.0157733333333";"77.5656816666667";
"46820.131014";"Fuel used price (total)";"0.01";"₹";"13.0157733333333";"77.5656816666667";
"46820.131014";"Instant engine power (based on fuel consumption)";"3.70276068970006";"hp";"13.0157733333333";"77.5656816666667";
"46820.131014";"MAF air flow rate";"13.69";"g/sec";"13.0157733333333";"77.5656816666667";
"46820.131014";"Power from MAF";"16.428";"hp";"13.0157733333333";"77.5656816666667";
"46820.195014";"Average speed";"0";"km/h";"13.0157733333333";"77.5656816666667";
"46820.195014";"Distance travelled";"0";"km";"13.0157733333333";"77.5656816666667";
"46820.195014";"Distance travelled (total)";"0";"km";"13.0157733333333";"77.5656816666667";
"46820.195014";"Vehicle acceleration";"0";"g";"13.0157733333333";"77.5656816666667";
"46820.195014";"Vehicle speed";"0";"km/h";"13.0157733333333";"77.5656816666667";
"46820.247014";"Engine RPM";"802";"rpm";"13.0157733333333";"77.5656816666667";
"46820.247014";"Engine RPM x1000";"0.8";"rpm";"13.0157733333333";"77.5656816666667";
"46820.297014";"Calculated engine load value";"21.1764705882353";"%";"13.0157733333333";"77.5656816666667";
"46820.350014";"Calculated instant fuel rate";"0.834434389140272";"L/h";"13.0157733333333";"77.5656816666667";
"46820.350014";"Fuel used";"0.0149500262875204";"L";"13.0157733333333";"77.5656816666667";
"46820.350014";"Fuel used (total)";"0.0149500262875204";"L";"13.0157733333333";"77.5656816666667";
"46820.350014";"Fuel used price";"0.0150995265503956";"₹";"13.0157733333333";"77.5656816666667";
"46820.350014";"Fuel used price (total)";"0.01";"₹";"13.0157733333333";"77.5656816666667";
"46820.350014";"Instant engine power (based on fuel consumption)";"3.69464653187018";"hp";"13.0157733333333";"77.5656816666667";
"46820.350014";"MAF air flow rate";"13.66";"g/sec";"13.0157733333333";"77.5656816666667";
"46820.350014";"Power from MAF";"16.392";"hp";"13.0157733333333";"77.5656816666667";
"46820.407014";"Average speed";"0";"km/h";"13.0157733333333";"77.5656816666667";
"46820.407014";"Distance travelled";"0";"km";"13.0157733333333";"77.5656816666667";
"46820.407014";"Distance travelled (total)";"0";"km";"13.0157733333333";"77.5656816666667";
"46820.407014";"Vehicle acceleration";"0";"g";"13.0157733333333";"77.5656816666667";
"46820.407014";"Vehicle speed";"0";"km/h";"13.0157733333333";"77.5656816666667";
"46820.458014";"Engine RPM";"798";"rpm";"13.0157733333333";"77.5656816666667";
"46820.458014";"Engine RPM x1000";"0.8";"rpm";"13.0157733333333";"77.5656816666667";
"46820.509014";"Calculated engine load value";"20.7843137254902";"%";"13.0157733333333";"77.5656816666667";
"46820.558014";"Calculated instant fuel rate";"0.817183257918552";"L/h";"13.0157733333333";"77.5656816666667";
"46820.558014";"Fuel used";"0.014997192811294";"L";"13.0157733333333";"77.5656816666667";
"46820.558014";"Fuel used (total)";"0.014997192811294";"L";"13.0157733333333";"77.5656816666667";
"46820.558014";"Fuel used price";"0.0151471647394069";"₹";"13.0157733333333";"77.5656816666667";
"46820.558014";"Fuel used price (total)";"0.01";"₹";"13.0157733333333";"77.5656816666667";
"46820.558014";"Instant engine power (based on fuel consumption)";"3.61826325600252";"hp";"13.0157733333333";"77.5656816666667";
"46820.558014";"MAF air flow rate";"13.63";"g/sec";"13.0157733333333";"77.5656816666667";
"46820.558014";"Power from MAF";"16.356";"hp";"13.0157733333333";"77.5656816666667";
"46820.615014";"Average speed";"0";"km/h";"13.0157733333333";"77.5656816666667";
"46820.615014";"Distance travelled";"0";"km";"13.0157733333333";"77.5656816666667";
"46820.615014";"Distance travelled (total)";"0";"km";"13.0157733333333";"77.5656816666667";
"46820.615014";"Vehicle acceleration";"0";"g";"13.0157733333333";"77.5656816666667";
"46820.615014";"Vehicle speed";"0";"km/h";"13.0157733333333";"77.5656816666667";
"46820.668014";"Engine RPM";"801";"rpm";"13.0157733333333";"77.5656816666667";
"46820.668014";"Engine RPM x1000";"0.8";"rpm";"13.0157733333333";"77.5656816666667";
"46820.717014";"Calculated engine load value";"21.1764705882353";"%";"13.0157733333333";"77.5656816666667";
"46820.767014";"Calculated instant fuel rate";"0.834434389140272";"L/h";"13.0157733333333";"77.5656816666667";
"46820.767014";"Fuel used";"0.0150456303832171";"L";"13.0157733333333";"77.5656816666667";
"46820.767014";"Fuel used (total)";"0.0150456303832171";"L";"13.0157733333333";"77.5656816666667";
"46820.767014";"Fuel used price";"0.0151960866870492";"₹";"13.0157733333333";"77.5656816666667";
"46820.767014";"Fuel used price (total)";"0.01";"₹";"13.0157733333333";"77.5656816666667";
"46820.767014";"Instant engine power (based on fuel consumption)";"3.69464653187018";"hp";"13.0157733333333";"77.5656816666667";
"46820.767014";"MAF air flow rate";"13.66";"g/sec";"13.0157733333333";"77.5656816666667";
"46820.767014";"Power from MAF";"16.392";"hp";"13.0157733333333";"77.5656816666667";
"46820.821014";"Average speed";"0";"km/h";"13.0157733333333";"77.5656816666667";
"46820.821014";"Distance travelled";"0";"km";"13.0157733333333";"77.5656816666667";
"46820.821014";"Distance travelled (total)";"0";"km";"13.0157733333333";"77.5656816666667";
"46820.821014";"Vehicle acceleration";"0";"g";"13.0157733333333";"77.5656816666667";
"46820.821014";"Vehicle speed";"0";"km/h";"13.0157733333333";"77.5656816666667";
"46820.874014";"Engine RPM";"801";"rpm";"13.0157733333333";"77.5656816666667";
"46820.874014";"Engine RPM x1000";"0.8";"rpm";"13.0157733333333";"77.5656816666667";
"46820.924014";"Calculated engine load value";"21.1764705882353";"%";"13.0157733333333";"77.5656816666667";
"46820.975014";"Calculated instant fuel rate";"0.832601809954751";"L/h";"13.0157733333333";"77.5656816666667";
"46820.975014";"Fuel used";"0.0150938516965598";"L";"13.0157733333333";"77.5656816666667";
"46820.975014";"Fuel used (total)";"0.0150938516965598";"L";"13.0157733333333";"77.5656816666667";
"46820.975014";"Fuel used price";"0.0152447902135254";"₹";"13.0157733333333";"77.5656816666667";
"46820.975014";"Fuel used price (total)";"0.01";"₹";"13.0157733333333";"77.5656816666667";
"46820.975014";"Instant engine power (based on fuel consumption)";"3.6865323740403";"hp";"13.0157733333333";"77.5656816666667";
"46820.975014";"MAF air flow rate";"13.63";"g/sec";"13.0157733333333";"77.5656816666667";
"46820.975014";"Power from MAF";"16.356";"hp";"13.0157733333333";"77.5656816666667";
"46821.030014";"Average speed";"0";"km/h";"13.0157733333333";"77.5656816666667";
"46821.030014";"Distance travelled";"0";"km";"13.0157733333333";"77.5656816666667";
"46821.030014";"Distance travelled (total)";"0";"km";"13.0157733333333";"77.5656816666667";
"46821.030014";"Vehicle acceleration";"0";"g";"13.0157733333333";"77.5656816666667";
"46821.030014";"Vehicle speed";"0";"km/h";"13.0157733333333";"77.5656816666667";
"46821.083014";"Engine RPM";"797";"rpm";"13.0157733333333";"77.5656816666667";
"46821.083014";"Engine RPM x1000";"0.8";"rpm";"13.0157733333333";"77.5656816666667";
"46821.133014";"Calculated engine load value";"21.1764705882353";"%";"13.0157733333333";"77.5656816666667";
"46821.184014";"Calculated instant fuel rate";"0.839321266968326";"L/h";"13.0157733333333";"77.5656816666667";
"46821.184014";"Fuel used";"0.0151424551124874";"L";"13.0157733333333";"77.5656816666667";
"46821.184014";"Fuel used (total)";"0.0151424551124874";"L";"13.0157733333333";"77.5656816666667";
"46821.184014";"Fuel used price";"0.0152938796636123";"₹";"13.0157733333333";"77.5656816666667";
"46821.184014";"Fuel used price (total)";"0.01";"₹";"13.0157733333333";"77.5656816666667";
"46821.184014";"Instant engine power (based on fuel consumption)";"3.71628428608318";"hp";"13.0157733333333";"77.5656816666667";
"46821.184014";"MAF air flow rate";"13.74";"g/sec";"13.0157733333333";"77.5656816666667";
"46821.184014";"Power from MAF";"16.488";"hp";"13.0157733333333";"77.5656816666667";
"46821.239014";"Average speed";"0";"km/h";"13.0157733333333";"77.5656816666667";
"46821.239014";"Distance travelled";"0";"km";"13.0157733333333";"77.5656816666667";
"46821.239014";"Distance travelled (total)";"0";"km";"13.0157733333333";"77.5656816666667";
"46821.239014";"Vehicle acceleration";"0";"g";"13.0157733333333";"77.5656816666667";
"46821.239014";"Vehicle speed";"0";"km/h";"13.0157733333333";"77.5656816666667";
"46821.293014";"Engine RPM";"799";"rpm";"13.0157733333333";"77.5656816666667";
"46821.293014";"Engine RPM x1000";"0.8";"rpm";"13.0157733333333";"77.5656816666667";
"46821.342014";"Calculated engine load value";"20.7843137254902";"%";"13.0157733333333";"77.5656816666667";
"46821.413014";"Calculated instant fuel rate";"0.820780542986425";"L/h";"13.0157733333333";"77.5656816666667";
"46821.413014";"Fuel used";"0.0151946834075896";"L";"13.0157733333333";"77.5656816666667";
"46821.413014";"Fuel used (total)";"0.0151946834075896";"L";"13.0157733333333";"77.5656816666667";
"46821.413014";"Fuel used price";"0.0153466302416655";"₹";"13.0157733333333";"77.5656816666667";
"46821.413014";"Fuel used price (total)";"0.01";"₹";"13.0157733333333";"77.5656816666667";
"46821.413014";"Instant engine power (based on fuel consumption)";"3.6341910472982";"hp";"13.0157733333333";"77.5656816666667";
"46821.413014";"MAF air flow rate";"13.69";"g/sec";"13.0157733333333";"77.5656816666667";
"46821.413014";"Power from MAF";"16.428";"hp";"13.0157733333333";"77.5656816666667";
"46821.468014";"Average speed";"0";"km/h";"13.0157733333333";"77.5656816666667";
"46821.468014";"Distance travelled";"0";"km";"13.0157733333333";"77.5656816666667";
"46821.468014";"Distance travelled (total)";"0";"km";"13.0157733333333";"77.5656816666667";
"46821.468014";"Vehicle acceleration";"0";"g";"13.0157733333333";"77.5656816666667";
"46821.468014";"Vehicle speed";"0";"km/h";"13.0157733333333";"77.5656816666667";
"46821.532014";"Engine RPM";"802";"rpm";"13.0157733333333";"77.5656816666667";
"46821.532014";"Engine RPM x1000";"0.8";"rpm";"13.0157733333333";"77.5656816666667";
"46821.579014";"Calculated engine load value";"21.1764705882353";"%";"13.0157733333333";"77.5656816666667";
"46821.649014";"Calculated instant fuel rate";"0.838099547511312";"L/h";"13.0157733333333";"77.5656816666667";
"46821.649014";"Fuel used";"0.0152495598379063";"L";"13.0157733333333";"77.5656816666667";
"46821.649014";"Fuel used (total)";"0.0152495598379063";"L";"13.0157733333333";"77.5656816666667";
"46821.649014";"Fuel used price";"0.0154020554362854";"₹";"13.0157733333333";"77.5656816666667";
"46821.649014";"Fuel used price (total)";"0.01";"₹";"13.0157733333333";"77.5656816666667";
"46821.649014";"Instant engine power (based on fuel consumption)";"3.71087484752993";"hp";"13.0157733333333";"77.5656816666667";
"46821.649014";"MAF air flow rate";"13.72";"g/sec";"13.0157733333333";"77.5656816666667";
"46821.649014";"Power from MAF";"16.464";"hp";"13.0157733333333";"77.5656816666667";
"46821.729014";"Average speed";"0";"km/h";"13.0157733333333";"77.5656816666667";
"46821.729014";"Distance travelled";"0";"km";"13.0157733333333";"77.5656816666667";
"46821.729014";"Distance travelled (total)";"0";"km";"13.0157733333333";"77.5656816666667";
"46821.729014";"Vehicle acceleration";"0";"g";"13.0157733333333";"77.5656816666667";
"46821.729014";"Vehicle speed";"0";"km/h";"13.0157733333333";"77.5656816666667";
"46821.803014";"Engine RPM";"798";"rpm";"13.0157733333333";"77.5656816666667";
"46821.803014";"Engine RPM x1000";"0.8";"rpm";"13.0157733333333";"77.5656816666667";
"46822.034014";"Engine RPM";"802";"rpm";"13.0157733333333";"77.5656816666667";
"46822.034014";"Engine RPM x1000";"0.8";"rpm";"13.0157733333333";"77.5656816666667";
"46822.098014";"Average speed";"0";"km/h";"13.0157733333333";"77.56568";
"46822.098014";"Distance travelled";"0";"km";"13.0157733333333";"77.56568";
"46822.098014";"Distance travelled (total)";"0";"km";"13.0157733333333";"77.56568";
"46822.098014";"Vehicle acceleration";"0";"g";"13.0157733333333";"77.56568";
"46822.098014";"Vehicle speed";"0";"km/h";"13.0157733333333";"77.56568";
"46822.183014";"Engine coolant temperature";"79";"℃";"13.0157733333333";"77.56568";
"46822.235014";"Engine RPM";"798";"rpm";"13.0157733333333";"77.56568";
"46822.235014";"Engine RPM x1000";"0.8";"rpm";"13.0157733333333";"77.56568";
"46822.282014";"Average speed";"0";"km/h";"13.0157733333333";"77.56568";
"46822.282014";"Distance travelled";"0";"km";"13.0157733333333";"77.56568";
"46822.282014";"Distance travelled (total)";"0";"km";"13.0157733333333";"77.56568";
"46822.282014";"Vehicle acceleration";"0";"g";"13.0157733333333";"77.56568";
"46822.282014";"Vehicle speed";"0";"km/h";"13.0157733333333";"77.56568";
"46822.328014";"Engine RPM";"798";"rpm";"13.0157733333333";"77.56568";
"46822.328014";"Engine RPM x1000";"0.8";"rpm";"13.0157733333333";"77.56568";
"46822.375014";"Average speed";"0";"km/h";"13.0157733333333";"77.56568";
"46822.375014";"Distance travelled";"0";"km";"13.0157733333333";"77.56568";
"46822.375014";"Distance travelled (total)";"0";"km";"13.0157733333333";"77.56568";
"46822.375014";"Vehicle acceleration";"0";"g";"13.0157733333333";"77.56568";
"46822.375014";"Vehicle speed";"0";"km/h";"13.0157733333333";"77.56568";
"46822.435014";"Engine coolant temperature";"79";"℃";"13.0157733333333";"77.56568";
"46822.482014";"Engine RPM";"799";"rpm";"13.0157733333333";"77.56568";
"46822.482014";"Engine RPM x1000";"0.8";"rpm";"13.0157733333333";"77.56568";
"46822.529014";"Average speed";"0";"km/h";"13.0157733333333";"77.56568";
"46822.529014";"Distance travelled";"0";"km";"13.0157733333333";"77.56568";
"46822.529014";"Distance travelled (total)";"0";"km";"13.0157733333333";"77.56568";
"46822.529014";"Vehicle acceleration";"0";"g";"13.0157733333333";"77.56568";
"46822.529014";"Vehicle speed";"0";"km/h";"13.0157733333333";"77.56568";
"46822.576014";"Engine RPM";"799";"rpm";"13.0157733333333";"77.56568";
"46822.576014";"Engine RPM x1000";"0.8";"rpm";"13.0157733333333";"77.56568";
"46822.633014";"Average speed";"0";"km/h";"13.0157733333333";"77.56568";
"46822.633014";"Distance travelled";"0";"km";"13.0157733333333";"77.56568";
"46822.633014";"Distance travelled (total)";"0";"km";"13.0157733333333";"77.56568";
"46822.633014";"Vehicle acceleration";"0";"g";"13.0157733333333";"77.56568";
"46822.633014";"Vehicle speed";"0";"km/h";"13.0157733333333";"77.56568";
"46822.679014";"Engine coolant temperature";"79";"℃";"13.0157733333333";"77.56568";
"46822.754014";"Engine RPM";"801";"rpm";"13.0157733333333";"77.56568";
"46822.754014";"Engine RPM x1000";"0.8";"rpm";"13.0157733333333";"77.56568";
"46822.799014";"Average speed";"0";"km/h";"13.0157733333333";"77.56568";
"46822.799014";"Distance travelled";"0";"km";"13.0157733333333";"77.56568";
"46822.799014";"Distance travelled (total)";"0";"km";"13.0157733333333";"77.56568";
"46822.799014";"Vehicle acceleration";"0";"g";"13.0157733333333";"77.56568";
"46822.799014";"Vehicle speed";"0";"km/h";"13.0157733333333";"77.56568";
"46824.835014";"Altitude (GPS)";"851.5";"m";"13.0157733333333";"77.5656883333333";
"46830.868014";"Altitude (GPS)";"851.6";"m";"13.0157783333333";"77.565685";
"46832.636014";"Altitude (GPS)";"851.8";"m";"13.0157766666667";"77.5656783333333";
"46833.902014";"Altitude (GPS)";"852.2";"m";"13.01578";"77.5656616666667";
"46834.789014";"Altitude (GPS)";"873.700012207031";"m";"13.0158772";"77.5656552";
"46838.898014";"Altitude (GPS)";"852.2";"m";"13.0157833333333";"77.56566";
"46840.646014";"Altitude (GPS)";"852.6";"m";"13.01577";"77.5656533333333";
"46841.894014";"Altitude (GPS)";"852.8";"m";"13.0157583333333";"77.5656483333333";
"46844.159014";"Altitude (GPS)";"852.7";"m";"13.015765";"77.5656516666667";
"46848.409014";"Altitude (GPS)";"853.1";"m";"13.0157583333333";"77.5656666666667";
"46850.168014";"Average speed (GPS)";"0.160263070591826";"km/h";"13.0157833333333";"77.5656733333333";
"46850.168014";"Speed (GPS)";"0.135269004106522";"km/h";"13.0157833333333";"77.5656733333333";
"46850.169014";"Altitude (GPS)";"853.9";"m";"13.0157833333333";"77.5656733333333";
"46851.438014";"Altitude (GPS)";"854";"m";"13.0157833333333";"77.5656666666667";
"46851.438014";"Average speed (GPS)";"0.159620950299932";"km/h";"13.0157833333333";"77.5656666666667";
"46851.438014";"Speed (GPS)";"0";"km/h";"13.0157833333333";"77.5656666666667";
"46852.708014";"Altitude (GPS)";"854.1";"m";"13.0157866666667";"77.5656733333333";
"46854.094014";"Altitude (GPS)";"854.1";"m";"13.0157866666667";"77.5656733333333";
"46854.094014";"Average speed (GPS)";"0.158294513587606";"km/h";"13.0157866666667";"77.5656733333333";
"46854.094014";"Speed (GPS)";"0";"km/h";"13.0157866666667";"77.5656733333333";
"46854.450014";"Average speed (GPS)";"0.158169775515273";"km/h";"13.0157866666667";"77.5656733333333";
"46854.450014";"Speed (GPS)";"0.0463249985128641";"km/h";"13.0157866666667";"77.5656733333333";
"46854.451014";"Altitude (GPS)";"853.5";"m";"13.0157866666667";"77.5656733333333";
"46854.456014";"Average speed (GPS)";"0.158167727489015";"km/h";"13.015775";"77.5656566666667";
"46854.457014";"Altitude (GPS)";"853.5";"m";"13.015775";"77.5656566666667";
"46854.457014";"Altitude (GPS)";"853.5";"m";"13.015775";"77.5656566666667";
"46854.457014";"Average speed (GPS)";"0.158167449950351";"km/h";"13.015775";"77.5656566666667";
"46854.457014";"Speed (GPS)";"0.0463249985128641";"km/h";"13.015775";"77.5656566666667";
"46854.457014";"Speed (GPS)";"0.0463249985128641";"km/h";"13.015775";"77.5656566666667";
"46854.463014";"Average speed (GPS)";"0.158165213961763";"km/h";"13.015775";"77.5656566666667";
"46854.463014";"Speed (GPS)";"0.0463249985128641";"km/h";"13.015775";"77.5656566666667";
"46854.464014";"Altitude (GPS)";"873.700012207031";"m";"13.015775";"77.5656566666667";
"46854.601014";"OBD Module Voltage";"12.6";"V";"13.015775";"77.5656566666667";
"46854.989014";"Altitude (GPS)";"873.700012207031";"m";"13.0159259";"77.5656373";
"46854.992014";"Average speed (GPS)";"0.157904260156071";"km/h";"13.0159259";"77.5656373";
"46854.992014";"Speed (GPS)";"0";"km/h";"13.0159259";"77.5656373";
"46854.993014";"Altitude (GPS)";"873.700012207031";"m";"13.0159259";"77.5656373";
"46854.993014";"Average speed (GPS)";"0.157903556122177";"km/h";"13.0159259";"77.5656373";
"46854.993014";"Speed (GPS)";"0";"km/h";"13.0159259";"77.5656373";
"46854.994014";"Altitude (GPS)";"873.700012207031";"m";"13.0159259";"77.5656373";
"46855.002014";"Average speed (GPS)";"0.157901306791195";"km/h";"13.0159259";"77.5656373";
"46855.002014";"Speed (GPS)";"0.0778259977698326";"km/h";"13.0159259";"77.5656373";
"46855.003014";"Altitude (GPS)";"853.4";"m";"13.0159259";"77.5656373";
"46855.132014";"Altitude (GPS)";"873.700012207031";"m";"13.0159259";"77.5656373";
"46855.132014";"Average speed (GPS)";"0.157837694486676";"km/h";"13.0159259";"77.5656373";
"46855.132014";"Speed (GPS)";"0";"km/h";"13.0159259";"77.5656373";
"46855.793014";"Average speed (GPS)";"0.157775997106182";"km/h";"13.0159259";"77.5656373";
"46855.793014";"Speed (GPS)";"0.127857001125813";"km/h";"13.0159259";"77.5656373";
"46855.794014";"Altitude (GPS)";"852.9";"m";"13.0159259";"77.5656373";
"46855.796014";"Altitude (GPS)";"852.9";"m";"13.0159259";"77.5656373";
"46855.796014";"Average speed (GPS)";"0.157775749414914";"km/h";"13.0159259";"77.5656373";
"46855.796014";"Speed (GPS)";"0.127857001125813";"km/h";"13.0159259";"77.5656373";
"46855.808014";"Altitude (GPS)";"873.700012207031";"m";"13.0159259";"77.5656373";
"46855.808014";"Average speed (GPS)";"0.157774598542371";"km/h";"13.0159259";"77.5656373";
"46855.808014";"Speed (GPS)";"0.127857001125813";"km/h";"13.0159259";"77.5656373";
"46855.861014";"Average speed (GPS)";"0.15774862815715";"km/h";"13.0159259";"77.5656373";
"46855.861014";"Speed (GPS)";"0";"km/h";"13.0159259";"77.5656373";
"46855.862014";"Altitude (GPS)";"873.700012207031";"m";"13.0159259";"77.5656373";
"46856.288014";"Average speed (GPS)";"0.157873743549243";"km/h";"13.0159259";"77.5656373";
"46856.288014";"Speed (GPS)";"0.252007994055748";"km/h";"13.0159259";"77.5656373";
"46856.289014";"Altitude (GPS)";"851.4";"m";"13.0159259";"77.5656373";
"46856.289014";"Average speed (GPS)";"0.157874197255089";"km/h";"13.0159259";"77.5656373";
"46856.289014";"Speed (GPS)";"0.252007994055748";"km/h";"13.0159259";"77.5656373";
"46856.290014";"Altitude (GPS)";"851.4";"m";"13.0159259";"77.5656373";
"46856.297014";"Altitude (GPS)";"873.700012207031";"m";"13.0159259";"77.5656373";
"46856.297014";"Average speed (GPS)";"0.157876445828083";"km/h";"13.0159259";"77.5656373";
"46856.297014";"Speed (GPS)";"0.252007994055748";"km/h";"13.0159259";"77.5656373";
"46856.438014";"Average speed (GPS)";"0.157807258801776";"km/h";"13.0159259";"77.5656373";
"46856.438014";"Speed (GPS)";"0";"km/h";"13.0159259";"77.5656373";
"46856.439014";"Altitude (GPS)";"873.700012207031";"m";"13.0159259";"77.5656373";
"46857.263014";"Altitude (GPS)";"849.9";"m";"13.0159259";"77.5656373";
"46857.263014";"Average speed (GPS)";"0.158350984733595";"km/h";"13.0159259";"77.5656373";
"46857.263014";"Speed (GPS)";"0.370599988102913";"km/h";"13.0159259";"77.5656373";
"46857.266014";"Average speed (GPS)";"0.15835318300131";"km/h";"13.0157166666667";"77.56565";
"46857.266014";"Speed (GPS)";"0.370599988102913";"km/h";"13.0157166666667";"77.56565";
"46857.267014";"Altitude (GPS)";"849.9";"m";"13.0157166666667";"77.56565";
"46857.267014";"Average speed (GPS)";"0.158353496660086";"km/h";"13.0157166666667";"77.56565";
"46857.267014";"Speed (GPS)";"0.370599988102913";"km/h";"13.0157166666667";"77.56565";
"46857.268014";"Altitude (GPS)";"849.9";"m";"13.0157166666667";"77.56565";
"46857.281014";"Average speed (GPS)";"0.15834639999094";"km/h";"13.0157166666667";"77.56565";
"46857.281014";"Speed (GPS)";"0";"km/h";"13.0157166666667";"77.56565";
"46857.282014";"Altitude (GPS)";"873.700012207031";"m";"13.0157166666667";"77.56565";
"46857.284014";"Altitude (GPS)";"873.700012207031";"m";"13.0157166666667";"77.56565";
"46857.284014";"Average speed (GPS)";"0.158348073460601";"km/h";"13.0157166666667";"77.56565";
"46857.284014";"Average speed (GPS)";"0.158348519276358";"km/h";"13.0157166666667";"77.56565";
"46857.284014";"Speed (GPS)";"0.370599988102913";"km/h";"13.0157166666667";"77.56565";
"46857.284014";"Speed (GPS)";"0.370599988102913";"km/h";"13.0157166666667";"77.56565";
"46857.285014";"Altitude (GPS)";"873.700012207031";"m";"13.0157166666667";"77.56565";
"46857.405014";"Altitude (GPS)";"873.700012207031";"m";"13.0157166666667";"77.56565";
"46857.405014";"Average speed (GPS)";"0.158289642634994";"km/h";"13.0157166666667";"77.56565";
"46857.405014";"Speed (GPS)";"0";"km/h";"13.0157166666667";"77.56565";
"46858.755014";"Average speed (GPS)";"0.158973067078521";"km/h";"13.015715";"77.5656483333333";
"46858.755014";"Speed (GPS)";"0.322421988844872";"km/h";"13.015715";"77.5656483333333";
"46858.756014";"Altitude (GPS)";"849.4";"m";"13.015715";"77.5656483333333";
"46858.756014";"Altitude (GPS)";"849.4";"m";"13.015715";"77.5656483333333";
"46858.756014";"Average speed (GPS)";"0.158973545430395";"km/h";"13.015715";"77.5656483333333";
"46858.756014";"Speed (GPS)";"0.322421988844872";"km/h";"13.015715";"77.5656483333333";
"46858.772014";"Altitude (GPS)";"873.700012207031";"m";"13.015715";"77.5656483333333";
"46858.772014";"Average speed (GPS)";"0.15896555659895";"km/h";"13.015715";"77.5656483333333";
"46858.772014";"Speed (GPS)";"0";"km/h";"13.015715";"77.5656483333333";
"46858.779014";"Altitude (GPS)";"873.700012207031";"m";"13.015715";"77.5656483333333";
"46858.779014";"Average speed (GPS)";"0.158969222521158";"km/h";"13.015715";"77.5656483333333";
"46858.779014";"Speed (GPS)";"0.322421988844872";"km/h";"13.015715";"77.5656483333333";
"46858.894014";"Average speed (GPS)";"0.15891291067492";"km/h";"13.015715";"77.5656483333333";
"46858.894014";"Speed (GPS)";"0";"km/h";"13.015715";"77.5656483333333";
"46858.895014";"Altitude (GPS)";"873.700012207031";"m";"13.015715";"77.5656483333333";
"46859.767014";"Average speed (GPS)";"0.159162681220266";"km/h";"13.015715";"77.56565";
"46859.767014";"Speed (GPS)";"0.252007994055748";"km/h";"13.015715";"77.56565";
"46859.768014";"Altitude (GPS)";"848.9";"m";"13.015715";"77.56565";
"46859.770014";"Altitude (GPS)";"848.9";"m";"13.015715";"77.56565";
"46859.770014";"Average speed (GPS)";"0.159163490421013";"km/h";"13.015715";"77.56565";
"46859.770014";"Speed (GPS)";"0.252007994055748";"km/h";"13.015715";"77.56565";
"46859.780014";"Altitude (GPS)";"873.700012207031";"m";"13.015715";"77.56565";
"46859.780014";"Average speed (GPS)";"0.159158540196178";"km/h";"13.015715";"77.56565";
"46859.780014";"Speed (GPS)";"0";"km/h";"13.015715";"77.56565";
"46859.789014";"Altitude (GPS)";"873.700012207031";"m";"13.015715";"77.56565";
"46859.789014";"Average speed (GPS)";"0.159161197816704";"km/h";"13.015715";"77.56565";
"46859.789014";"Speed (GPS)";"0.252007994055748";"km/h";"13.015715";"77.56565";
"46859.913014";"Altitude (GPS)";"873.700012207031";"m";"13.015715";"77.56565";
"46859.913014";"Average speed (GPS)";"0.159100686545758";"km/h";"13.015715";"77.56565";
"46859.913014";"Speed (GPS)";"0";"km/h";"13.015715";"77.56565";
"46860.765014";"Altitude (GPS)";"851.1";"m";"13.01572";"77.56565";
"46860.765014";"Average speed (GPS)";"0.159154610317024";"km/h";"13.01572";"77.56565";
"46860.765014";"Speed (GPS)";"0.179740995168686";"km/h";"13.01572";"77.56565";
"46862.034014";"Average speed (GPS)";"0.158538024324621";"km/h";"13.0157216666667";"77.56565";
"46862.034014";"Speed (GPS)";"0";"km/h";"13.0157216666667";"77.56565";
"46862.035014";"Altitude (GPS)";"851.2";"m";"13.0157216666667";"77.56565";
"46866.265014";"Altitude (GPS)";"851.1";"m";"13.0157216666667";"77.56565";
"46867.516014";"Altitude (GPS)";"851.2";"m";"13.0157216666667";"77.56565";
"46870.037014";"Altitude (GPS)";"851.3";"m";"13.015725";"77.5656483333333";
"46872.519014";"Altitude (GPS)";"851.4";"m";"13.015725";"77.5656466666667";
"46873.769014";"Altitude (GPS)";"851.2";"m";"13.01573";"77.5656466666667";
"46876.186014";"Altitude (GPS)";"874.299987792969";"m";"13.0157088";"77.5656117";
"46881.422014";"Altitude (GPS)";"851";"m";"13.0157366666667";"77.565645";
"46883.201014";"Altitude (GPS)";"850.9";"m";"13.01574";"77.5656483333333";
"46887.210014";"Altitude (GPS)";"850.8";"m";"13.0157433333333";"77.5656466666667";
"46890.698014";"Altitude (GPS)";"851";"m";"13.0157483333333";"77.5656483333333";
