timestamp,LATITUDE,LONGITUDE,Engine RPM,Calculated engine load value,Intake manifold absolute pressure,MAF air flow rate,Calculated instant fuel rate,Engine coolant temperature,Speed (GPS),Fuel rail pressure,Power from MAF,OBD Module Voltage,Barometric pressure,Ambient air temperature,Intake air temperature,Throttle position (manifold)
2025-10-17 00:00:00.000,13.0157822,77.5656214,,,,,,,0.0,,,,,,,
2025-10-17 00:00:00.013,13.015782199999999,77.5656214,,,,,,,0.0,,,,,,,
2025-10-17 00:00:00.014,13.015782199999999,77.5656214,,,,,,,0.0,,,,,,,
2025-10-17 00:00:04.772,13.0157822,77.5656214,,,,,,,0.0,,,,,,,
2025-10-17 00:00:04.773,13.0157822,77.5656214,,,,,,,0.0,,,,,,,
2025-10-17 00:00:04.827,13.015782199999999,77.5656214,,,,,,,0.0,,,,,,,
2025-10-17 00:00:05.248,13.0159218,77.5656546,,,,,,,0.0,,,,,,,
2025-10-17 00:00:11.421,13.0158133333333,77.5656683333333,,,,,,,0.0,,,,,,,
2025-10-17 00:00:11.425,13.0158133333333,77.5656683333333,,,,,,,0.0,,,,,,,
2025-10-17 00:00:11.427,13.0158133333333,77.5656683333333,,,,,,,0.0,,,,,,,
2025-10-17 00:00:11.432,13.0158133333333,77.5656683333333,,,,,,,0.0,,,,,,,
2025-10-17 00:00:11.997,13.0157696,77.5656189,,,,,,,,,,14.0,,,,
2025-10-17 00:00:12.155,13.0157696,77.5656189,,36.078431372549,,,,,,,,,,,,
2025-10-17 00:00:12.253,13.0157696,77.5656189,,,,,,74.0,,,,,,,,
2025-10-17 00:00:12.325,13.0157696,77.5656189,,,13.778585110665,,,,,,,,,,,
2025-10-17 00:00:12.418,13.0157696,77.5656189,824.0,,,,,,,,,,,,,
2025-10-17 00:00:12.646,13.0157696,77.5656189,,,,,,,,,,,,,40.0,
2025-10-17 00:00:12.717,13.0157696,77.5656189,,,,,,,,,,14.1,,,,
2025-10-17 00:00:12.877,13.0157696,77.5656189,,35.2941176470588,,,,,,,,,,,,
2025-10-17 00:00:12.963,13.0157696,77.5656189,,,,,,74.0,,,,,,,,
2025-10-17 00:00:13.030,13.0157696,77.5656189,,,,,,,,,,13.9,,,,
2025-10-17 00:00:13.208,13.0157696,77.5656189,,35.2941176470588,,,,,,,,,,,,
2025-10-17 00:00:13.260,13.0157696,77.5656189,,,,,,,,,,14.0,,,,
2025-10-17 00:00:13.394,13.0157696,77.5656189,,34.9019607843137,,,,,,,,,,,,
2025-10-17 00:00:13.486,13.0157696,77.5656189,,,,,,74.0,,,,,,,,
2025-10-17 00:00:13.539,13.0157696,77.5656189,,,,,,,,,,14.1,,,,
2025-10-17 00:00:13.654,13.0157696,77.5656189,,35.2941176470588,,,,,,,,,,,,
2025-10-17 00:00:13.716,13.0157696,77.5656189,,,,,,,,,,14.0,,,,
2025-10-17 00:00:13.828,13.0157696,77.5656189,,35.2941176470588,,,,,,,,,,,,
2025-10-17 00:00:13.878,13.0157696,77.5656189,,,,,,75.0,,,,,,,,
2025-10-17 00:00:13.932,13.0157696,77.5656189,,,,,,,,,,14.1,,,,
2025-10-17 00:00:14.040,13.0157696,77.5656189,,35.6862745098039,,,,,,,,,,,,
2025-10-17 00:00:14.114,13.0157696,77.5656189,,,,,,,,,,13.9,,,,
2025-10-17 00:00:14.239,13.0157696,77.5656189,,35.2941176470588,,,,,,,,,,,,
2025-10-17 00:00:14.287,13.0157696,77.5656189,,,,,,74.0,,,,,,,,
2025-10-17 00:00:14.346,13.0157696,77.5656189,,,,,,,,,,14.1,,,,
2025-10-17 00:00:14.382,13.0157696,77.5656189,,,,,,,0.0,,,,,,,
2025-10-17 00:00:14.387,13.0157696,77.5656189,,,,,,,0.0,,,,,,,
2025-10-17 00:00:14.393,13.0157696,77.5656189,,,,,,,0.0,,,,,,,
2025-10-17 00:00:14.414,13.0157696,77.5656189,,,,,,,0.0,,,,,,,
2025-10-17 00:00:14.442,13.0157696,77.5656189,,35.2941176470588,,,,,,,,,,,,
2025-10-17 00:00:14.496,13.0157696,77.5656189,,,,,,,,,,14.0,,,,
2025-10-17 00:00:14.600,13.0157696,77.5656189,,35.2941176470588,,,,,,,,,,,,
2025-10-17 00:00:14.649,13.0157696,77.5656189,,,,,,75.0,,,,,,,,
2025-10-17 00:00:14.701,13.0157696,77.5656189,,,,,,,,,,14.0,,,,
2025-10-17 00:00:14.830,13.0157696,77.5656189,,35.6862745098039,,,,,,,,,,,,
2025-10-17 00:00:14.890,13.0157696,77.5656189,,,,,,,,,,14.0,,,,
2025-10-17 00:00:14.990,13.0157696,77.5656189,,35.2941176470588,,,,,,,,,,,,
2025-10-17 00:00:15.040,13.0157696,77.5656189,,,,,,75.0,,,,,,,,
2025-10-17 00:00:15.111,13.0157696,77.5656189,,,,,,,,,,14.1,,,,
2025-10-17 00:00:15.212,13.0157696,77.5656189,,35.2941176470588,,,,,,,,,,,,
2025-10-17 00:00:15.264,13.0157696,77.5656189,,,,,,,,,,13.9,,,,
2025-10-17 00:00:15.349,13.0157696,77.5656189,,,,,,,0.0,,,,,,,
2025-10-17 00:00:15.354,13.0157516666667,77.565675,,,,,,,0.0,,,,,,,
2025-10-17 00:00:15.360,13.0157516666667,77.565675,,35.2941176470588,,,,,,,,,,,,
2025-10-17 00:00:15.365,13.0157516666667,77.565675,,,,,,,0.0,,,,,,,
2025-10-17 00:00:15.366,13.0157516666667,77.565675,,,,,,,0.0,,,,,,,
2025-10-17 00:00:15.367,13.0157516666667,77.565675,,,,,,,0.0,,,,,,,
2025-10-17 00:00:15.421,13.0157516666667,77.565675,,,,,,75.0,,,,,,,,
2025-10-17 00:00:15.477,13.0157516666667,77.565675,,,,,,,,,,14.0,,,,
2025-10-17 00:00:15.518,13.0157516666667,77.565675,,,,,,,0.0,,,,,,,
2025-10-17 00:00:15.640,13.0157516666667,77.565675,,35.2941176470588,,,,,,,,,,,,
2025-10-17 00:00:15.713,13.0157516666667,77.565675,,,,,,,,,,14.0,,,,
2025-10-17 00:00:15.855,13.0157516666667,77.565675,,35.2941176470588,,,,,,,,,,,,
2025-10-17 00:00:15.905,13.0157516666667,77.565675,,,,,,75.0,,,,,,,,
2025-10-17 00:00:15.956,13.0157516666667,77.565675,,,,,,,,,,13.9,,,,
2025-10-17 00:00:16.057,13.0157516666667,77.565675,,34.9019607843137,,,,,,,,,,,,
2025-10-17 00:00:16.114,13.0157516666667,77.565675,,,,,,,,,,14.1,,,,
2025-10-17 00:00:16.203,13.0157516666667,77.565675,,35.2941176470588,,,,,,,,,,,,
2025-10-17 00:00:16.254,13.0157516666667,77.565675,,,,,,75.0,,,,,,,,
2025-10-17 00:00:16.319,13.0157516666667,77.565675,,,,,,,,,,14.0,,,,
2025-10-17 00:00:16.443,13.0157516666667,77.565675,,34.9019607843137,,,,,,,,,,,,
2025-10-17 00:00:16.518,13.0157516666667,77.565675,,,,,,,,,,14.1,,,,
2025-10-17 00:00:16.590,13.015715,77.5657133333333,,,,,,,0.0,,,,,,,
2025-10-17 00:00:16.595,13.015715,77.5657133333333,,,,,,,0.0,,,,,,,
2025-10-17 00:00:16.596,13.015715,77.5657133333333,,,,,,,0.0,,,,,,,
2025-10-17 00:00:16.600,13.015715,77.5657133333333,,,,,,,0.0,,,,,,,
2025-10-17 00:00:16.603,13.015715,77.5657133333333,,,,,,,0.0,,,,,,,
2025-10-17 00:00:16.604,13.015715,77.5657133333333,,,,,,,0.0,,,,,,,
2025-10-17 00:00:16.633,13.015715,77.5657133333333,,34.9019607843137,,,,,,,,,,,,
2025-10-17 00:00:16.685,13.015715,77.5657133333333,,,,,,75.0,,,,,,,,
2025-10-17 00:00:16.727,13.015715,77.5657133333333,,,,,,,,,,14.0,,,,
2025-10-17 00:00:16.836,13.0158698,77.5656633,,34.9019607843137,,,,,,,,,,,,
2025-10-17 00:00:16.895,13.0158698,77.5656633,,,,,,,,,,14.0,,,,
2025-10-17 00:00:16.997,13.0158698,77.5656633,,35.6862745098039,,,,,,,,,,,,
2025-10-17 00:00:17.044,13.0158698,77.5656633,,,,,,75.0,,,,,,,,
2025-10-17 00:00:17.097,13.0158698,77.5656633,,,,,,,,,,14.0,,,,
2025-10-17 00:00:17.192,13.0158698,77.5656633,,35.2941176470588,,,,,,,,,,,,
2025-10-17 00:00:17.329,13.0158698,77.5656633,,,,,,,,,,14.1,,,,
2025-10-17 00:00:17.423,13.0158698,77.5656633,,34.9019607843137,,,,,,,,,,,,
2025-10-17 00:00:17.475,13.0158698,77.5656633,,,,,,75.0,,,,,,,,
2025-10-17 00:00:17.527,13.0158698,77.5656633,,,,,,,,,,14.1,,,,
2025-10-17 00:00:17.583,13.0158698,77.5656633,,,,,,,0.0,,,,,,,
2025-10-17 00:00:17.625,13.0158698,77.5656633,,34.5098039215686,,,,,,,,,,,,
2025-10-17 00:00:17.666,13.0158698,77.5656633,,,,,,,0.0,,,,,,,
2025-10-17 00:00:17.682,13.0158698,77.5656633,,,,,,,,,,14.1,,,,
2025-10-17 00:00:17.798,13.0158698,77.5656633,,34.9019607843137,,,,,,,,,,,,
2025-10-17 00:00:17.847,13.0158698,77.5656633,,,,,,75.0,,,,,,,,
2025-10-17 00:00:17.899,13.0158698,77.5656633,,,,,,,,,,14.1,,,,
2025-10-17 00:00:17.999,13.0158698,77.5656633,,34.9019607843137,,,,,,,,,,,,
2025-10-17 00:00:18.070,13.0158698,77.5656633,,,,,,,,,,14.0,,,,
2025-10-17 00:00:18.178,13.0158698,77.5656633,,34.5098039215686,,,,,,,,,,,,
2025-10-17 00:00:18.238,13.0158698,77.5656633,,,,,,75.0,,,,,,,,
2025-10-17 00:00:18.288,13.0158698,77.5656633,,,,,,,,,,14.0,,,,
2025-10-17 00:00:18.423,13.0158698,77.5656633,,34.9019607843137,,,,,,,,,,,,
2025-10-17 00:00:18.511,13.0158698,77.5656633,,,,,,,,,,14.1,,,,
2025-10-17 00:00:18.583,13.0158698,77.5656633,,,,,,,0.0,,,,,,,
2025-10-17 00:00:18.637,13.0158698,77.5656633,,34.9019607843137,,,,,,,,,,,,
2025-10-17 00:00:18.689,13.0158698,77.5656633,,,,,,75.0,,,,,,,,
2025-10-17 00:00:18.694,13.015869799999999,77.5656633,,,,,,,0.0,,,,,,,
2025-10-17 00:00:18.737,13.0158698,77.5656633,,,,,,,,,,14.0,,,,
2025-10-17 00:00:18.840,13.0158698,77.5656633,,34.9019607843137,,,,,,,,,,,,
2025-10-17 00:00:18.900,13.0158698,77.5656633,,,,,,,,,,14.0,,,,
2025-10-17 00:00:18.999,13.0158698,77.5656633,,34.9019607843137,,,,,,,,,,,,
2025-10-17 00:00:19.048,13.0158698,77.5656633,,,,,,75.0,,,,,,,,
2025-10-17 00:00:19.099,13.0158698,77.5656633,,,,,,,,,,14.1,,,,
2025-10-17 00:00:19.196,13.0158698,77.5656633,,34.9019607843137,,,,,,,,,,,,
2025-10-17 00:00:19.246,13.0158698,77.5656633,,,,,,,,,,14.1,,,,
2025-10-17 00:00:19.356,13.0158698,77.5656633,,34.9019607843137,,,,,,,,,,,,
2025-10-17 00:00:19.406,13.0158698,77.5656633,,,,,,75.0,,,,,,,,
2025-10-17 00:00:19.471,13.0158698,77.5656633,,,,,,,,,,14.0,,,,
2025-10-17 00:00:19.580,13.0158698,77.5656633,,34.9019607843137,,,,,,,,,,,,
2025-10-17 00:00:19.595,13.015869799999999,77.5656633,,,,,,,0.0,,,,,,,
2025-10-17 00:00:19.639,13.0158698,77.5656633,,,,,,,,,,14.0,,,,
2025-10-17 00:00:19.687,13.0158698,77.5656633,,,,,,,0.0,,,,,,,
2025-10-17 00:00:19.729,13.0158698,77.5656633,,34.9019607843137,,,,,,,,,,,,
2025-10-17 00:00:19.790,13.0158698,77.5656633,,,,,,75.0,,,,,,,,
2025-10-17 00:00:19.877,13.0158698,77.5656633,,,,,,,,,,14.1,,,,
2025-10-17 00:00:19.982,13.0158698,77.5656633,,34.9019607843137,,,,,,,,,,,,
2025-10-17 00:00:20.075,13.0158698,77.5656633,,,,,,,,,,14.1,,,,
2025-10-17 00:00:20.140,13.0158698,77.5656633,,34.5098039215686,,,,,,,,,,,,
2025-10-17 00:00:20.190,13.0158698,77.5656633,,,,,,75.0,,,,,,,,
2025-10-17 00:00:20.252,13.0158698,77.5656633,,,,,,,,,,14.1,,,,
2025-10-17 00:00:20.352,13.0158698,77.5656633,,34.5098039215686,,,,,,,,,,,,
2025-10-17 00:00:20.404,13.0158698,77.5656633,,,,,,,,,,14.1,,,,
2025-10-17 00:00:20.514,13.0158698,77.5656633,,34.5098039215686,,,,,,,,,,,,
2025-10-17 00:00:20.565,13.0158698,77.5656633,,,,,,75.0,,,,,,,,
2025-10-17 00:00:20.580,13.01571,77.565715,,,,,,,0.131562995910645,,,,,,,
2025-10-17 00:00:20.585,13.01571,77.565715,,,,,,,0.131562995910645,,,,,,,
2025-10-17 00:00:20.598,13.01571,77.565715,,,,,,,0.0,,,,,,,
2025-10-17 00:00:20.614,13.01571,77.565715,,,,,,,,,,14.0,,,,
2025-10-17 00:00:20.714,13.01571,77.565715,,34.9019607843137,,,,,,,,,,,,
2025-10-17 00:00:20.768,13.01571,77.565715,,,,,,,,,,14.1,,,,
2025-10-17 00:00:20.873,13.01571,77.565715,,34.9019607843137,,,,,,,,,,,,
2025-10-17 00:00:20.924,13.01571,77.565715,,,,,,75.0,,,,,,,,
2025-10-17 00:00:20.978,13.01571,77.565715,,,,,,,,,,14.1,,,,
2025-10-17 00:00:21.096,13.01571,77.565715,,24.7058823529412,,,,,,,,,,,,
2025-10-17 00:00:21.161,13.01571,77.565715,,,,,,,,,,14.2,,,,
2025-10-17 00:00:21.301,13.01571,77.565715,,22.7450980392157,,,,,,,,,,,,
2025-10-17 00:00:21.364,13.01571,77.565715,,,,,,75.0,,,,,,,,
2025-10-17 00:00:21.417,13.01571,77.565715,,,,,,,,,,14.2,,,,
2025-10-17 00:00:21.525,13.01571,77.565715,,20.7843137254902,,,,,,,,,,,,
2025-10-17 00:00:21.579,13.01571,77.565715,,,,,,,,,,14.1,,,,
2025-10-17 00:00:21.604,13.0157166666667,77.5657166666667,,,,,,,0.0,,,,,,,
2025-10-17 00:00:21.606,13.0157166666667,77.5657166666667,,,,,,,0.0,,,,,,,
2025-10-17 00:00:21.612,13.0157166666667,77.5657166666667,,,,,,,0.0,,,,,,,
2025-10-17 00:00:21.656,13.0157166666667,77.5657166666667,,,,,,,0.0,,,,,,,
2025-10-17 00:00:21.666,13.0157166666667,77.5657166666667,,,,,,,0.0,,,,,,,
2025-10-17 00:00:21.667,13.0157166666667,77.5657166666667,,20.7843137254902,,,,,,,,,,,,
2025-10-17 00:00:21.725,13.0157166666667,77.5657166666667,,,,,,75.0,,,,,,,,
2025-10-17 00:00:21.779,13.0158076,77.5656261,,,,,,,,,,14.1,,,,
2025-10-17 00:00:21.876,13.0158076,77.5656261,,20.7843137254902,,,,,,,,,,,,
2025-10-17 00:00:21.929,13.0158076,77.5656261,,,,,,,,,,14.1,,,,
2025-10-17 00:00:22.032,13.0158076,77.5656261,,20.7843137254902,,,,,,,,,,,,
2025-10-17 00:00:22.086,13.0158076,77.5656261,,,,,,75.0,,,,,,,,
2025-10-17 00:00:22.139,13.0158076,77.5656261,,,,,,,,,,14.1,,,,
2025-10-17 00:00:22.237,13.0158076,77.5656261,,21.1764705882353,,,,,,,,,,,,
2025-10-17 00:00:22.289,13.0158076,77.5656261,,,,,,,,,,14.1,,,,
2025-10-17 00:00:22.405,13.0158076,77.5656261,,21.5686274509804,,,,,,,,,,,,
2025-10-17 00:00:22.457,13.0158076,77.5656261,,,,,,75.0,,,,,,,,
2025-10-17 00:00:22.510,13.0158076,77.5656261,,,,,,,,,,14.1,,,,
2025-10-17 00:00:22.607,13.0158076,77.5656261,,21.1764705882353,,,,,,,,,,,,
2025-10-17 00:00:22.646,13.0158076,77.5656261,,,,,,,0.0,,,,,,,
2025-10-17 00:00:22.648,13.0158076,77.5656261,,,,,,,0.0,,,,,,,
2025-10-17 00:00:22.650,13.0158076,77.5656261,,,,,,,0.0,,,,,,,
2025-10-17 00:00:22.665,13.0158076,77.5656261,,,,,,,,,,14.1,,,,
2025-10-17 00:00:22.763,13.0158076,77.5656261,,,,,,,0.0,,,,,,,
2025-10-17 00:00:22.783,13.0158076,77.5656261,,21.5686274509804,,,,,,,,,,,,
2025-10-17 00:00:22.834,13.0158076,77.5656261,,,,,,75.0,,,,,,,,
2025-10-17 00:00:22.901,13.0158076,77.5656261,,,,,,,,,,14.1,,,,
2025-10-17 00:00:23.015,13.0158076,77.5656261,,21.5686274509804,,,,,,,,,,,,
2025-10-17 00:00:23.084,13.0158076,77.5656261,,,,,,,,,,14.1,,,,
2025-10-17 00:00:23.153,13.0158076,77.5656261,,21.9607843137255,,,,,,,,,,,,
2025-10-17 00:00:23.205,13.0158076,77.5656261,,,,,,75.0,,,,,,,,
2025-10-17 00:00:23.257,13.0158076,77.5656261,,,,,,,,,,14.1,,,,
2025-10-17 00:00:23.362,13.0158076,77.5656261,,21.5686274509804,,,,,,,,,,,,
2025-10-17 00:00:23.413,13.0158076,77.5656261,,,,,,,,,,14.1,,,,
2025-10-17 00:00:23.512,13.0158076,77.5656261,,21.9607843137255,,,,,,,,,,,,
2025-10-17 00:00:23.564,13.0158076,77.5656261,,,,,,75.0,,,,,,,,
2025-10-17 00:00:23.584,13.0158076,77.5656261,,,,,,,0.0,,,,,,,
2025-10-17 00:00:23.617,13.0158076,77.5656261,,,,,,,,,,14.1,,,,
2025-10-17 00:00:23.686,13.0158076,77.5656261,,,,,,,0.0,,,,,,,
2025-10-17 00:00:23.732,13.0158076,77.5656261,,21.9607843137255,,,,,,,,,,,,
2025-10-17 00:00:23.795,13.0158076,77.5656261,,,,,,,,,,14.1,,,,
2025-10-17 00:00:23.937,13.0158076,77.5656261,,21.9607843137255,,,,,,,,,,,,
2025-10-17 00:00:23.998,13.0158076,77.5656261,,,,,,75.0,,,,,,,,
2025-10-17 00:00:24.058,13.0158076,77.5656261,,,,,,,,,,14.1,,,,
2025-10-17 00:00:24.164,13.0158076,77.5656261,,21.9607843137255,,,,,,,,,,,,
2025-10-17 00:00:24.216,13.0158076,77.5656261,,,,,,,,,,14.1,,,,
2025-10-17 00:00:24.308,13.0158076,77.5656261,,22.3529411764706,,,,,,,,,,,,
2025-10-17 00:00:24.353,13.0158076,77.5656261,,,,,,75.0,,,,,,,,
2025-10-17 00:00:24.405,13.0158076,77.5656261,,,,,,,,,,14.0,,,,
2025-10-17 00:00:24.493,13.0158076,77.5656261,,21.9607843137255,,,,,,,,,,,,
2025-10-17 00:00:24.557,13.0158076,77.5656261,,,,,,,,,,14.1,,,,
2025-10-17 00:00:24.558,13.0158076,77.5656261,,,,,,,0.0,,,,,,,
2025-10-17 00:00:24.568,13.0158076,77.5656261,,,,,,,0.0,,,,,,,
2025-10-17 00:00:24.618,13.0158076,77.5656261,,,,,,,0.0,,,,,,,
2025-10-17 00:00:24.658,13.0158076,77.5656261,,21.5686274509804,,,,,,,,,,,,
2025-10-17 00:00:24.703,13.0158076,77.5656261,,,,,,75.0,,,,,,,,
2025-10-17 00:00:24.758,13.0158076,77.5656261,,,,,,,,,,14.0,,,,
2025-10-17 00:00:24.855,13.0158076,77.5656261,,21.5686274509804,,,,,,,,,,,,
2025-10-17 00:00:24.910,13.0158076,77.5656261,,,,,,,,,,14.1,,,,
2025-10-17 00:00:25.011,13.0158076,77.5656261,,21.5686274509804,,,,,,,,,,,,
2025-10-17 00:00:25.193,13.0158076,77.5656261,,21.5686274509804,,,,,,,,,,,,
2025-10-17 00:00:25.283,13.0158076,77.5656261,,,,,,75.0,,,,,,,,
2025-10-17 00:00:25.363,13.0158076,77.5656261,,,13.633547372658,,,,,,,,,,,
2025-10-17 00:00:25.439,13.0158076,77.5656261,799.0,,,,,,,,,,,,,
2025-10-17 00:00:25.597,13.0157416666667,77.565695,,,,,,,0.0,,,,,,,
2025-10-17 00:00:25.598,13.0157416666667,77.565695,,,,,,,0.0,,,,,,,
2025-10-17 00:00:25.617,13.0157416666667,77.565695,,,,,,,0.0,,,,,,40.0,
2025-10-17 00:00:25.621,13.0157416666667,77.565695,,,,,,,0.0,,,,,,,
2025-10-17 00:00:25.625,13.0157416666667,77.565695,,,,,,,0.0,,,,,,,
2025-10-17 00:00:25.718,13.0157416666667,77.565695,,21.9607843137255,,,,,,,,,,,,
2025-10-17 00:00:25.761,13.0157416666667,77.565695,,,,,,,0.0,,,,,,,
2025-10-17 00:00:25.802,13.0157416666667,77.565695,,,13.633547372658,,,,,,,,,,,
2025-10-17 00:00:25.894,13.0157416666667,77.565695,800.0,,,,,,,,,,,,,
2025-10-17 00:00:26.043,13.0157416666667,77.565695,,,,,,,,,,,,,40.0,
2025-10-17 00:00:26.137,13.0157416666667,77.565695,,21.9607843137255,,,,,,,,,,,,
2025-10-17 00:00:26.183,13.0157416666667,77.565695,,,,,,75.0,,,,,,,,
2025-10-17 00:00:26.231,13.0157416666667,77.565695,,,13.633547372658,,,,,,,,,,,
2025-10-17 00:00:26.284,13.0157416666667,77.565695,798.0,,,,,,,,,,,,,
2025-10-17 00:00:26.389,13.0157416666667,77.565695,,,,,,,,,,,,,40.0,
2025-10-17 00:00:26.527,13.0157416666667,77.565695,,21.5686274509804,,,,,,,,,,,,
2025-10-17 00:00:26.578,13.0157416666667,77.565695,,,13.633547372658,,,,,,,,,,,
2025-10-17 00:00:26.593,13.015745,77.5656933333333,,,,,,,0.0,,,,,,,
2025-10-17 00:00:26.599,13.015745,77.5656933333333,,,,,,,0.0,,,,,,,
2025-10-17 00:00:26.604,13.015745,77.5656933333333,,,,,,,0.0,,,,,,,
2025-10-17 00:00:26.734,13.015745,77.5656933333333,,,,,,,0.0,,,,,,,
2025-10-17 00:00:26.736,13.015745,77.5656933333333,,21.9607843137255,,,,,,,,,,,,
2025-10-17 00:00:26.833,13.015745,77.5656933333333,,,,,,75.0,,,,,,,,
2025-10-17 00:00:26.923,13.015745,77.5656933333333,,,13.633547372658,,,,,,,,,,,
2025-10-17 00:00:26.998,13.015745,77.5656933333333,801.0,,,,,,,,,,,,,
2025-10-17 00:00:27.039,13.015745,77.5656933333333,,,,,,,0.0,,,,,,,
2025-10-17 00:00:27.041,13.015745,77.5656933333333,,,,,,,0.0,,,,,,,
2025-10-17 00:00:27.043,13.0158695,77.565649,,,,,,,0.0,,,,,,,
2025-10-17 00:00:27.153,13.0158695,77.565649,,,,,,,,,,,,,40.0,
2025-10-17 00:00:27.226,13.0158695,77.565649,,,,13.63,0.863438914027149,,,,16.356,,,,,
2025-10-17 00:00:27.343,13.0158695,77.565649,,21.5686274509804,,,,,,,,,,,,
2025-10-17 00:00:27.406,13.0158695,77.565649,,,13.633547372658,,,,,,,,,,,
2025-10-17 00:00:27.459,13.0158695,77.565649,798.0,,,,,,,,,,,,,
2025-10-17 00:00:27.566,13.0158695,77.565649,,,,,,,,,,,,,40.0,
2025-10-17 00:00:27.604,13.0158695,77.565649,,,,,,,0.0,,,,,,,
2025-10-17 00:00:27.644,13.0158695,77.565649,,,,,,,0.0,,,,,,,
2025-10-17 00:00:27.652,13.0158695,77.565649,,,,13.63,0.84802036199095,,,,16.356,,,,,
2025-10-17 00:00:27.784,13.0158695,77.565649,,21.9607843137255,,,,,,,,,,,,
2025-10-17 00:00:27.834,13.0158695,77.565649,,,,,,75.0,,,,,,,,
2025-10-17 00:00:27.894,13.0158695,77.565649,,,13.633547372658,,,,,,,,,,,
2025-10-17 00:00:27.943,13.0158695,77.565649,799.0,,,,,,,,,,,,,
2025-10-17 00:00:28.043,13.0158695,77.565649,,,,,,,,,,,,,40.0,
2025-10-17 00:00:28.111,13.0158695,77.565649,,,,13.61,0.862171945701358,,,,16.332,,,,,
2025-10-17 00:00:28.257,13.0158695,77.565649,,21.9607843137255,,,,,,,,,,,,
2025-10-17 00:00:28.307,13.0158695,77.565649,,,13.633547372658,,,,,,,,,,,
2025-10-17 00:00:28.366,13.0158695,77.565649,799.0,,,,,,,,,,,,,
2025-10-17 00:00:28.489,13.0158695,77.565649,,,,,,,,,,,,,40.0,
2025-10-17 00:00:28.538,13.0158695,77.565649,,,,13.58,0.86027149321267,,,,16.296,,,,,
2025-10-17 00:00:28.587,13.0158695,77.565649,,,,,,,0.0,,,,,,,
2025-10-17 00:00:28.594,13.0157516666667,77.5656966666667,,,,,,,0.0,,,,,,,
2025-10-17 00:00:28.601,13.0157516666667,77.5656966666667,,,,,,,0.0,,,,,,,
2025-10-17 00:00:28.603,13.0157516666667,77.5656966666667,,,,,,,0.0,,,,,,,
2025-10-17 00:00:28.606,13.0157516666667,77.5656966666667,,,,,,,0.0,,,,,,,
2025-10-17 00:00:28.637,13.0157516666667,77.5656966666667,,21.9607843137255,,,,,,,,,,,,
2025-10-17 00:00:28.688,13.0157516666667,77.5656966666667,,,,,,75.0,,,,,,,,
2025-10-17 00:00:28.735,13.0158695,77.565649,,,13.633547372658,,,,,,,,,,,
2025-10-17 00:00:28.785,13.0158695,77.565649,799.0,,,,,,,,,,,,,
2025-10-17 00:00:28.887,13.0158695,77.565649,,,,,,,,,,,,,40.0,
2025-10-17 00:00:28.937,13.0158695,77.565649,,,,13.58,0.86027149321267,,,,16.296,,,,,
2025-10-17 00:00:29.046,13.0158695,77.565649,,21.9607843137255,,,,,,,,,,,,
2025-10-17 00:00:29.094,13.0158695,77.565649,,,13.633547372658,,,,,,,,,,,
2025-10-17 00:00:29.145,13.0158695,77.565649,799.0,,,,,,,,,,,,,
2025-10-17 00:00:29.260,13.0158695,77.565649,,,,,,,,,,,,,40.0,
2025-10-17 00:00:29.333,13.0158695,77.565649,,,,13.66,0.865339366515837,,,,16.392,,,,,
2025-10-17 00:00:29.467,13.0158695,77.565649,,21.9607843137255,,,,,,,,,,,,
2025-10-17 00:00:29.518,13.0158695,77.565649,,,,,,75.0,,,,,,,,
2025-10-17 00:00:29.569,13.0158695,77.565649,,,13.633547372658,,,,,,,,,,,
2025-10-17 00:00:29.585,13.0158695,77.565649,,,,,,,0.0,,,,,,,
2025-10-17 00:00:29.617,13.0158695,77.565649,800.0,,,,,,,,,,,,,
2025-10-17 00:00:29.700,13.0158695,77.565649,,,,,,,0.0,,,,,,,
2025-10-17 00:00:29.724,13.0158695,77.565649,,,,,,,,,,,,,40.0,
2025-10-17 00:00:29.774,13.0158695,77.565649,,,,13.69,0.867239819004525,,,,16.428,,,,,
2025-10-17 00:00:29.889,13.0158695,77.565649,,21.9607843137255,,,,,,,,,,,,
2025-10-17 00:00:29.941,13.0158695,77.565649,,,13.633547372658,,,,,,,,,,,
2025-10-17 00:00:29.988,13.0158695,77.565649,799.0,,,,,,,,,,,,,
2025-10-17 00:00:30.087,13.0158695,77.565649,,,,,,,,,,,,,40.0,
2025-10-17 00:00:30.134,13.0158695,77.565649,,,,13.63,0.863438914027149,,,,16.356,,,,,
2025-10-17 00:00:30.230,13.0158695,77.565649,,21.9607843137255,,,,,,,,,,,,
2025-10-17 00:00:30.290,13.0158695,77.565649,,,,,,75.0,,,,,,,,
2025-10-17 00:00:30.341,13.0158695,77.565649,,,13.633547372658,,,,,,,,,,,
2025-10-17 00:00:30.393,13.0158695,77.565649,799.0,,,,,,,,,,,,,
2025-10-17 00:00:30.501,13.0158695,77.565649,,,,,,,,,,,,,40.0,
2025-10-17 00:00:30.560,13.0158695,77.565649,,,,14.13,0.895113122171946,,,,16.956,,,,,
2025-10-17 00:00:30.598,13.0158695,77.565649,,,,,,,0.0,,,,,,,
2025-10-17 00:00:30.599,13.0158695,77.565649,,,,,,,0.0,,,,,,,
2025-10-17 00:00:30.605,13.0158695,77.565649,,,,,,,0.0,,,,,,,
2025-10-17 00:00:30.667,13.0158695,77.565649,,,,,,,0.0,,,,,,,
2025-10-17 00:00:30.686,13.0158695,77.565649,,86.2745098039216,,,,,,,,,,,,
2025-10-17 00:00:30.744,13.0158695,77.565649,,,13.633547372658,,,,,,,,,,,
2025-10-17 00:00:30.794,13.0158695,77.565649,1091.0,,,,,,,,,,,,,
2025-10-17 00:00:30.906,13.0158695,77.565649,,,,,,,,,,,,,40.0,
2025-10-17 00:00:30.957,13.0158695,77.565649,,,,27.36,6.80904977375566,,,,32.832,,,,,
2025-10-17 00:00:31.068,13.0158695,77.565649,,29.8039215686275,,,,,,,,,,,,
2025-10-17 00:00:31.119,13.0158695,77.565649,,,,,,75.0,,,,,,,,
2025-10-17 00:00:31.169,13.0158695,77.565649,,,14.793849276714,,,,,,,,,,,
2025-10-17 00:00:31.220,13.0158695,77.565649,1894.0,,,,,,,,,,,,,
2025-10-17 00:00:31.336,13.0158695,77.565649,,,,,,,,,,,,,40.0,
2025-10-17 00:00:31.387,13.0158695,77.565649,,,,32.08,2.75800904977376,,,,38.496,,,,,
2025-10-17 00:00:31.524,13.0158695,77.565649,,0.784313725490196,,,,,,,,,,,,
2025-10-17 00:00:31.575,13.0158695,77.565649,,,13.923622848672,,,,,,,,,,,
2025-10-17 00:00:31.588,13.01576,77.5656833333333,,,,,,,0.0,,,,,,,
2025-10-17 00:00:31.609,13.01576,77.5656833333333,,,,,,,0.0,,,,,,,
2025-10-17 00:00:31.634,13.01576,77.5656833333333,1541.0,,,,,,,,,,,,,
2025-10-17 00:00:31.741,13.01576,77.5656833333333,,,,,,,,,,,,,40.0,
2025-10-17 00:00:31.793,13.01576,77.5656833333333,,,,26.19,0.0592533936651584,,,,31.428,,,,,
2025-10-17 00:00:31.919,13.01576,77.5656833333333,,0.0,,,,,,,,,,,,
2025-10-17 00:00:31.978,13.01576,77.5656833333333,,,,,,75.0,,,,,,,,
2025-10-17 00:00:32.031,13.01576,77.5656833333333,,,13.488509634651,,,,,,,,,,,
2025-10-17 00:00:32.091,13.01576,77.5656833333333,,,,,,,0.0,,,,,,,
2025-10-17 00:00:32.100,13.01576,77.5656833333333,,,,,,,0.0,,,,,,,
2025-10-17 00:00:32.102,13.015867899999998,77.5656672,,,,,,,0.0,,,,,,,
2025-10-17 00:00:32.108,13.0158679,77.5656672,1239.0,,,,,,,,,,,,,
2025-10-17 00:00:32.214,13.0158679,77.5656672,,,,,,,,,,,,,40.0,
2025-10-17 00:00:32.267,13.0158679,77.5656672,,,,19.91,0.0,,,,23.892,,,,,
2025-10-17 00:00:32.384,13.0158679,77.5656672,,7.45098039215686,,,,,,,,,,,,
2025-10-17 00:00:32.437,13.0158679,77.5656672,,,13.343471896644,,,,,,,,,,,
2025-10-17 00:00:32.486,13.0158679,77.5656672,973.0,,,,,,,,,,,,,
2025-10-17 00:00:32.582,13.0158679,77.5656672,,,,,,,0.0,,,,,,,
2025-10-17 00:00:32.584,13.0158679,77.5656672,,,,,,,,,,,,,40.0,
2025-10-17 00:00:32.632,13.0158679,77.5656672,,,,16.33,0.350984162895928,,,,19.596,,,,,
2025-10-17 00:00:32.684,13.015867899999998,77.5656672,,,,,,,0.0,,,,,,,
2025-10-17 00:00:32.737,13.0158679,77.5656672,,20.0,,,,,,,,,,,,
2025-10-17 00:00:32.806,13.0158679,77.5656672,,,,,,75.0,,,,,,,,
2025-10-17 00:00:32.855,13.0158679,77.5656672,,,13.343471896644,,,,,,,,,,,
2025-10-17 00:00:32.905,13.0158679,77.5656672,896.0,,,,,,,,,,,,,
2025-10-17 00:00:33.005,13.0158679,77.5656672,,,,,,,,,,,,,40.0,
2025-10-17 00:00:33.078,13.0158679,77.5656672,,,,15.05,0.868269230769231,,,,18.06,,,,,
2025-10-17 00:00:33.186,13.0158679,77.5656672,,31.3725490196078,,,,,,,,,,,,
2025-10-17 00:00:33.232,13.0158679,77.5656672,,,13.488509634651,,,,,,,,,,,
2025-10-17 00:00:33.276,13.0158679,77.5656672,864.0,,,,,,,,,,,,,
2025-10-17 00:00:33.379,13.0158679,77.5656672,,,,,,,,,,,,,40.0,
2025-10-17 00:00:33.481,13.0158679,77.5656672,,,,14.52,1.31402714932127,,,,17.424,,,,,
2025-10-17 00:00:33.579,13.015867899999998,77.5656672,,,,,,,0.0,,,,,,,
2025-10-17 00:00:33.627,13.0158679,77.5656672,,34.5098039215686,,,,,,,,,,,,
2025-10-17 00:00:33.660,13.015867899999998,77.5656672,,,,,,,0.0,,,,,,,
2025-10-17 00:00:33.668,13.0158679,77.5656672,,,,,,75.0,,,,,,,,
2025-10-17 00:00:33.719,13.0158679,77.5656672,,,13.633547372658,,,,,,,,,,,
2025-10-17 00:00:33.782,13.0158679,77.5656672,833.0,,,,,,,,,,,,,
2025-10-17 00:00:33.878,13.0158679,77.5656672,,,,,,,,,,,,,40.0,
2025-10-17 00:00:33.928,13.0158679,77.5656672,,,,14.05,1.39864253393665,,,,16.86,,,,,
2025-10-17 00:00:34.079,13.0158679,77.5656672,,36.078431372549,,,,,,,,,,,,
2025-10-17 00:00:34.162,13.0158679,77.5656672,,,,,,75.0,,,,,,,,
2025-10-17 00:00:34.249,13.0158679,77.5656672,,,13.633547372658,,,,,,,,,,,
2025-10-17 00:00:34.322,13.0158679,77.5656672,825.0,,,,,,,,,,,,,
2025-10-17 00:00:34.483,13.0158679,77.5656672,,,,,,,,,,,,,40.0,
2025-10-17 00:00:34.566,13.0158679,77.5656672,,,,14.19,1.47678733031674,,,,17.028,,,,,
2025-10-17 00:00:34.603,13.015867899999998,77.5656672,,,,,,,0.0,,,,,,,
2025-10-17 00:00:34.604,13.015867899999998,77.5656672,,,,,,,0.0,,,,,,,
2025-10-17 00:00:34.634,13.0158679,77.5656672,,,,,,,0.0,,,,,,,
2025-10-17 00:00:34.696,13.015867899999998,77.5656672,,,,,,,0.0,,,,,,,
2025-10-17 00:00:34.837,13.0158679,77.5656672,,36.078431372549,,,,,,,,,,,,
2025-10-17 00:00:34.888,13.0158679,77.5656672,,,13.778585110665,,,,,,,,,,,
2025-10-17 00:00:34.940,13.0158679,77.5656672,824.0,,,,,,,,,,,,,
2025-10-17 00:00:35.059,13.0158679,77.5656672,,,,,,,,,,,,,40.0,
2025-10-17 00:00:35.143,13.0158679,77.5656672,,,,14.05,1.46221719457014,,,,16.86,,,,,
2025-10-17 00:00:35.299,13.0158679,77.5656672,,35.6862745098039,,,,,,,,,,,,
2025-10-17 00:00:35.381,13.0158679,77.5656672,,,,,,75.0,,,,,,,,
2025-10-17 00:00:35.464,13.0158679,77.5656672,,,13.778585110665,,,,,,,,,,,
2025-10-17 00:00:35.545,13.0158679,77.5656672,826.0,,,,,,,,,,,,,
2025-10-17 00:00:35.577,13.0157683333333,77.5656783333333,,,,,,,0.453985011577606,,,,,,,
2025-10-17 00:00:35.579,13.0157683333333,77.5656783333333,,,,,,,0.453985011577606,,,,,,,
2025-10-17 00:00:35.596,13.0157683333333,77.5656783333333,,,,,,,0.0,,,,,,,
2025-10-17 00:00:35.710,13.0157683333333,77.5656783333333,,,,,,,,,,,,,40.0,
2025-10-17 00:00:35.793,13.0157683333333,77.5656783333333,,,,14.19,1.46073529411765,,,,17.028,,,,,
2025-10-17 00:00:36.020,13.0157683333333,77.5656783333333,,,,,,,,,,,13.05339642063,,,
2025-10-17 00:00:36.134,13.0157683333333,77.5656783333333,,35.6862745098039,,,,,,,,,,,,
2025-10-17 00:00:36.184,13.0157683333333,77.5656783333333,,,13.778585110665,,,,,,,,,,,
2025-10-17 00:00:36.236,13.0157683333333,77.5656783333333,828.0,,,,,,,,,,,,,
2025-10-17 00:00:36.325,13.0157683333333,77.5656783333333,,36.078431372549,,,,,,,,,,,,
2025-10-17 00:00:36.409,13.0157683333333,77.5656783333333,,,,,,75.0,,,,,,,,
2025-10-17 00:00:36.482,13.0157683333333,77.5656783333333,,,13.778585110665,,,,,,,,,,,
2025-10-17 00:00:36.554,13.0157683333333,77.5656783333333,824.0,,,,,,,,,,,,,
2025-10-17 00:00:36.590,13.015765,77.56568,,,,,,,0.0,,,,,,,
2025-10-17 00:00:36.591,13.015765,77.56568,,,,,,,0.0,,,,,,,
2025-10-17 00:00:36.604,13.015765,77.56568,,,,,,,0.0,,,,,,,
2025-10-17 00:00:36.699,13.015765,77.56568,,,,,,,,,,,,,40.0,
2025-10-17 00:00:36.782,13.015765,77.56568,,,,14.08,1.46533936651584,,,,16.896,,,,,
2025-10-17 00:00:37.033,13.015765,77.56568,,,,,,,,,,,13.05339642063,,,
2025-10-17 00:00:37.078,13.015765,77.56568,,35.6862745098039,,,,,,,,,,,,
2025-10-17 00:00:37.123,13.015765,77.56568,,,13.778585110665,,,,,,,,,,,
2025-10-17 00:00:37.170,13.015765,77.56568,826.0,,,,,,,,,,,,,
2025-10-17 00:00:37.336,13.015765,77.56568,,,,,,,,,,,,,40.0,
2025-10-17 00:00:37.433,13.015765,77.56568,,,,14.13,1.45455882352941,,,,16.956,,,,,
2025-10-17 00:00:37.459,13.015765,77.56568,,,,,,,0.0,,,,,,,
2025-10-17 00:00:37.461,13.0158602,77.5656731,,,,,,,0.0,,,,,,,
2025-10-17 00:00:37.462,13.0158602,77.5656731,,,,,,,0.0,,,,,,,
2025-10-17 00:00:37.610,13.0157683333333,77.5656766666667,,,,,,,0.0,,,,,,,
2025-10-17 00:00:37.611,13.0157683333333,77.5656766666667,,,,,,,0.0,,,,,,,
2025-10-17 00:00:37.614,13.0157683333333,77.5656766666667,,,,,,,0.0,,,,,,,
2025-10-17 00:00:37.618,13.0157683333333,77.5656766666667,,,,,,,0.0,,,,,,,
2025-10-17 00:00:37.663,13.0157683333333,77.5656766666667,,,,,,,,,,,13.05339642063,,,
2025-10-17 00:00:37.814,13.0157683333333,77.5656766666667,,36.078431372549,,,,,,,,,,,,
2025-10-17 00:00:37.928,13.0158602,77.5656731,,,,,,,,,,,,,40.0,
2025-10-17 00:00:37.968,13.0158602,77.5656731,,,,14.11,1.46846153846154,,,,16.932,,,,,
2025-10-17 00:00:38.200,13.0158602,77.5656731,,,,,,,,,,,13.05339642063,,,
2025-10-17 00:00:38.262,13.0158602,77.5656731,,35.2941176470588,,,,,,,,,,,,
2025-10-17 00:00:38.360,13.0158602,77.5656731,,,,,,,,,,,,,40.0,
2025-10-17 00:00:38.421,13.0158602,77.5656731,,,,14.05,1.43042986425339,,,,16.86,,,,,
2025-10-17 00:00:38.582,13.0158602,77.5656731,,,,,,,,,,,13.05339642063,,,
2025-10-17 00:00:38.591,13.0158602,77.5656731,,,,,,,0.0,,,,,,,
2025-10-17 00:00:38.632,13.0158602,77.5656731,,35.6862745098039,,,,,,,,,,,,
2025-10-17 00:00:38.649,13.0158602,77.5656731,,,,,,,0.0,,,,,,,
2025-10-17 00:00:38.744,13.0158602,77.5656731,,,,,,,,,,,,,40.0,
2025-10-17 00:00:38.792,13.0158602,77.5656731,,,,14.11,1.4525,,,,16.932,,,,,
2025-10-17 00:00:38.953,13.0158602,77.5656731,,,,,,,,,,,13.05339642063,,,
2025-10-17 00:00:38.996,13.0158602,77.5656731,,35.2941176470588,,,,,,,,,,,,
2025-10-17 00:00:39.085,13.0158602,77.5656731,,,,,,,,,,,,,40.0,
2025-10-17 00:00:39.131,13.0158602,77.5656731,,,,14.13,1.43857466063348,,,,16.956,,,,,
2025-10-17 00:00:39.293,13.0158602,77.5656731,,,,,,,,,,,13.05339642063,,,
2025-10-17 00:00:39.379,13.0158602,77.5656731,,35.2941176470588,,,,,,,,,,,,
2025-10-17 00:00:39.489,13.0158602,77.5656731,,,,,,,,,,,,,40.0,
2025-10-17 00:00:39.557,13.0158602,77.5656731,,,,14.16,1.44162895927602,,,,16.992,,,,,
2025-10-17 00:00:39.589,13.0158602,77.5656731,,,,,,,0.0,,,,,,,
2025-10-17 00:00:39.600,13.0158602,77.5656731,,,,,,,0.0,,,,,,,
2025-10-17 00:00:39.667,13.0158602,77.5656731,,,,,,,0.0,,,,,,,
2025-10-17 00:00:39.745,13.0158602,77.5656731,,,,,,,,,,,13.05339642063,,,
2025-10-17 00:00:39.795,13.0158602,77.5656731,,34.9019607843137,,,,,,,,,,,,
2025-10-17 00:00:39.895,13.0158602,77.5656731,,,,,,,,,,,,,40.0,
2025-10-17 00:00:39.946,13.0158602,77.5656731,,,,14.11,1.42057692307692,,,,16.932,,,,,
2025-10-17 00:00:40.108,13.0158602,77.5656731,,,,,,,,,,,13.05339642063,,,
2025-10-17 00:00:40.147,13.0158602,77.5656731,,35.2941176470588,,,,,,,,,,,,
2025-10-17 00:00:40.245,13.0158602,77.5656731,,,,,,,,,,,,,40.0,
2025-10-17 00:00:40.294,13.0158602,77.5656731,,,,13.58,1.38257918552036,,,,16.296,,,,,
2025-10-17 00:00:40.453,13.0158602,77.5656731,,,,,,,,,,,13.05339642063,,,
2025-10-17 00:00:40.502,13.0158602,77.5656731,,36.078431372549,,,,,,,,,,,,
2025-10-17 00:00:40.604,13.0157733333333,77.5656733333333,,,,,,,0.0,,,,,,,
2025-10-17 00:00:40.617,13.0157733333333,77.5656733333333,,,,,,,,,,,,,40.0,
2025-10-17 00:00:40.634,13.0157733333333,77.5656733333333,,,,,,,0.0,,,,,,,
2025-10-17 00:00:40.698,13.0157733333333,77.5656733333333,,,,13.02,1.35502262443439,,,,15.624,,,,,
2025-10-17 00:00:40.867,13.0157733333333,77.5656733333333,,,,,,,,,,,13.05339642063,,,
2025-10-17 00:00:40.918,13.0157733333333,77.5656733333333,,36.4705882352941,,,,,,,,,,,,
2025-10-17 00:00:41.035,13.0157733333333,77.5656733333333,,,,,,,,,,,,,40.0,
2025-10-17 00:00:41.084,13.0157733333333,77.5656733333333,,,,12.36,1.30031674208145,,,,14.832,,,,,
2025-10-17 00:00:41.242,13.0157733333333,77.5656733333333,,,,,,,,,,,13.05339642063,,,
2025-10-17 00:00:41.303,13.0157733333333,77.5656733333333,,38.0392156862745,,,,,,,,,,,,
2025-10-17 00:00:41.405,13.0157733333333,77.5656733333333,,,,,,,,,,,,,40.0,
2025-10-17 00:00:41.454,13.0157733333333,77.5656733333333,,,,12.19,1.33759049773756,,,,14.628,,,,,
2025-10-17 00:00:41.595,13.0157733333333,77.5656716666667,,,,,,,0.485486000776291,,,,,,,
2025-10-17 00:00:41.596,13.0157733333333,77.5656716666667,,,,,,,0.485486000776291,,,,,,,
2025-10-17 00:00:41.614,13.0157733333333,77.5656716666667,,,,,,,,,,,13.05339642063,,,
2025-10-17 00:00:41.615,13.0157733333333,77.5656716666667,,,,,,,0.0,,,,,,,
2025-10-17 00:00:41.616,13.0157733333333,77.5656716666667,,,,,,,0.485486000776291,,,,,,,
2025-10-17 00:00:41.661,13.0157733333333,77.5656716666667,,38.8235294117647,,,,,,,,,,,,
2025-10-17 00:00:41.733,13.0157733333333,77.5656716666667,,,,,,,0.0,,,,,,,
2025-10-17 00:00:41.760,13.0157733333333,77.5656716666667,,,,,,,,,,,,,40.0,
2025-10-17 00:00:41.811,13.0157733333333,77.5656716666667,,,,11.69,1.3091742081448,,,,14.028,,,,,
2025-10-17 00:00:41.961,13.0157733333333,77.5656716666667,,,,,,,,,,,13.05339642063,,,
2025-10-17 00:00:42.033,13.0157733333333,77.5656716666667,,38.8235294117647,,,,,,,,,,,,
2025-10-17 00:00:42.132,13.0157733333333,77.5656716666667,,,,,,,,,,,,,40.0,
2025-10-17 00:00:42.186,13.0157733333333,77.5656716666667,,,,11.83,1.32485294117647,,,,14.196,,,,,
2025-10-17 00:00:42.348,13.0157733333333,77.5656716666667,,,,,,,,,,,13.05339642063,,,
2025-10-17 00:00:42.397,13.0157733333333,77.5656716666667,,39.6078431372549,,,,,,,,,,,,
2025-10-17 00:00:42.506,13.0157733333333,77.5656716666667,,,,,,,,,,,13.05339642063,,,
2025-10-17 00:00:42.525,13.0157733333333,77.5656716666667,,,,,,,0.0,,,,,,,
2025-10-17 00:00:42.550,13.0158602,77.5656731,,,,,,,0.0,,,,,,,
2025-10-17 00:00:42.619,13.0158602,77.5656731,,,,,,,0.0,,,,,,,
2025-10-17 00:00:42.627,13.0158602,77.5656731,,39.6078431372549,,,,,,,,,,,,
2025-10-17 00:00:42.687,13.0158602,77.5656731,,,,,,,0.0,,,,,,,
2025-10-17 00:00:42.698,13.0158602,77.5656731,,,,11.52,1.31619909502262,,,,13.824,,,,,
2025-10-17 00:00:42.769,13.0158602,77.5656731,,,13.488509634651,,,,,,,,,,,
2025-10-17 00:00:42.819,13.0158602,77.5656731,,,,,,,,,,,13.05339642063,,,
2025-10-17 00:00:42.933,13.0158602,77.5656731,,39.6078431372549,,,,,,,,,,,,
2025-10-17 00:00:42.984,13.0158602,77.5656731,,,,11.47,1.31048642533937,,,,13.764,,,,,
2025-10-17 00:00:43.043,13.0158602,77.5656731,,,13.488509634651,,,,,,,,,,,
2025-10-17 00:00:43.094,13.0158602,77.5656731,,,,,,,,,,,13.05339642063,,,
2025-10-17 00:00:43.205,13.0158602,77.5656731,,39.6078431372549,,,,,,,,,,,,
2025-10-17 00:00:43.257,13.0158602,77.5656731,,,,11.38,1.3002036199095,,,,13.656,,,,,
2025-10-17 00:00:43.338,13.0158602,77.5656731,,,13.488509634651,,,,,,,,,,,
2025-10-17 00:00:43.391,13.0158602,77.5656731,,,,,,,,,,,13.05339642063,,,
2025-10-17 00:00:43.510,13.0158602,77.5656731,,26.6666666666667,,,,,,,,,,,,
2025-10-17 00:00:43.562,13.0158602,77.5656731,,,,11.91,0.916153846153846,,,,14.292,,,,,
2025-10-17 00:00:43.607,13.0158602,77.5656731,,,,,,,0.0,,,,,,,
2025-10-17 00:00:43.613,13.0158602,77.5656731,,,13.488509634651,,,,,,,,,,,
2025-10-17 00:00:43.661,13.0158602,77.5656731,,,,,,,,,,,13.05339642063,,,
2025-10-17 00:00:43.700,13.0158602,77.5656731,,,,,,,0.0,,,,,,,
2025-10-17 00:00:43.764,13.0158602,77.5656731,,22.7450980392157,,,,,,,,,,,,
2025-10-17 00:00:43.811,13.0158602,77.5656731,,,,12.49,0.81947963800905,,,,14.988,,,,,
2025-10-17 00:00:43.859,13.0158602,77.5656731,,,13.488509634651,,,,,,,,,,,
2025-10-17 00:00:43.907,13.0158602,77.5656731,,,,,,,,,,,13.05339642063,,,
2025-10-17 00:00:44.043,13.0158602,77.5656731,,21.9607843137255,,,,,,,,,,,,
2025-10-17 00:00:44.095,13.0158602,77.5656731,,,,12.27,0.777285067873303,,,,14.724,,,,,
2025-10-17 00:00:44.149,13.0158602,77.5656731,,,13.488509634651,,,,,,,,,,,
2025-10-17 00:00:44.200,13.0158602,77.5656731,,,,,,,,,,,13.05339642063,,,
2025-10-17 00:00:44.306,13.0158602,77.5656731,,22.7450980392157,,,,,,,,,,,,
2025-10-17 00:00:44.357,13.0158602,77.5656731,,,,11.99,0.786674208144796,,,,14.388,,,,,
2025-10-17 00:00:44.527,13.0158602,77.5656731,,23.5294117647059,,,,,,,,,,,,
2025-10-17 00:00:44.593,13.0158602,77.5656731,,,,,,,0.0,,,,,,,
2025-10-17 00:00:44.595,13.0158602,77.5656731,,,,,,,0.0,,,,,,,
2025-10-17 00:00:44.596,13.0158602,77.5656731,,,,,,,0.0,,,,,,,
2025-10-17 00:00:44.609,13.0158602,77.5656731,,,,11.86,0.804977375565611,,,,14.232,,,,,
2025-10-17 00:00:44.684,13.0158602,77.5656731,,,13.488509634651,,,,,,,,,,,
2025-10-17 00:00:44.708,13.0158602,77.5656731,,,,,,,0.0,,,,,,,
2025-10-17 00:00:44.793,13.0158602,77.5656731,804.0,,,,,,,,,,,,,
2025-10-17 00:00:44.907,13.0158602,77.5656731,,23.5294117647059,,,,,,,,,,,,
2025-10-17 00:00:44.957,13.0158602,77.5656731,,,,11.66,0.791402714932127,,,,13.992,,,,,
2025-10-17 00:00:45.025,13.0158602,77.5656731,,,13.488509634651,,,,,,,,,,,
2025-10-17 00:00:45.086,13.0158602,77.5656731,802.0,,,,,,,,,,,,,
2025-10-17 00:00:45.202,13.0158602,77.5656731,,23.5294117647059,,,,,,,,,,,,
2025-10-17 00:00:45.252,13.0158602,77.5656731,,,,11.49,0.779864253393665,,,,13.788,,,,,
2025-10-17 00:00:45.318,13.0158602,77.5656731,,,13.488509634651,,,,,,,,,,,
2025-10-17 00:00:45.370,13.0158602,77.5656731,796.0,,,,,,,,,,,,,
2025-10-17 00:00:45.475,13.0158602,77.5656731,,24.3137254901961,,,,,,,,,,,,
2025-10-17 00:00:45.531,13.0158602,77.5656731,,,,11.36,0.796742081447964,,,,13.632,,,,,
2025-10-17 00:00:45.588,13.0158602,77.5656731,,,13.488509634651,,,,,,,,,,,
2025-10-17 00:00:45.609,13.0158602,77.5656731,,,,,,,0.0,,,,,,,
2025-10-17 00:00:45.613,13.0158602,77.5656731,,,,,,,0.0,,,,,,,
2025-10-17 00:00:45.637,13.0158602,77.5656731,801.0,,,,,,,,,,,,,
2025-10-17 00:00:45.743,13.0158602,77.5656731,,24.3137254901961,,,,,,,,,,,,
2025-10-17 00:00:45.805,13.0158602,77.5656731,,,,11.44,0.802352941176471,,,,13.728,,,,,
2025-10-17 00:00:45.860,13.0158602,77.5656731,,,13.488509634651,,,,,,,,,,,
2025-10-17 00:00:45.913,13.0158602,77.5656731,799.0,,,,,,,,,,,,,
2025-10-17 00:00:46.018,13.0158602,77.5656731,,24.3137254901961,,,,,,,,,,,,
2025-10-17 00:00:46.067,13.0158602,77.5656731,,,,11.44,0.802352941176471,,,,13.728,,,,,
2025-10-17 00:00:46.123,13.0158602,77.5656731,,,13.488509634651,,,,,,,,,,,
2025-10-17 00:00:46.173,13.0158602,77.5656731,799.0,,,,,,,,,,,,,
2025-10-17 00:00:46.280,13.0158602,77.5656731,,24.7058823529412,,,,,,,,,,,,
2025-10-17 00:00:46.330,13.0158602,77.5656731,,,,11.38,0.811018099547511,,,,13.656,,,,,
2025-10-17 00:00:46.388,13.0158602,77.5656731,,,13.488509634651,,,,,,,,,,,
2025-10-17 00:00:46.442,13.0158602,77.5656731,800.0,,,,,,,,,,,,,
2025-10-17 00:00:46.549,13.0158602,77.5656731,,24.3137254901961,,,,,,,,,,,,
2025-10-17 00:00:46.593,13.015775,77.5656683333333,,,,,,,0.0,,,,,,,
2025-10-17 00:00:46.599,13.015774999999998,77.5656683333333,,,,11.41,0.800248868778281,,0.0,,13.692,,,,,
2025-10-17 00:00:46.639,13.015775,77.5656683333333,,,,,,,0.0,,,,,,,
2025-10-17 00:00:46.644,13.015775,77.5656683333333,,,,,,,0.0,,,,,,,
2025-10-17 00:00:46.653,13.015775,77.5656683333333,,,13.343471896644,,,,,,,,,,,
2025-10-17 00:00:46.702,13.015775,77.5656683333333,801.0,,,,,,,,,,,,,
2025-10-17 00:00:46.722,13.015775,77.5656683333333,,,,,,,0.0,,,,,,,
2025-10-17 00:00:46.801,13.015775,77.5656683333333,,24.3137254901961,,,,,,,,,,,,
2025-10-17 00:00:46.852,13.015775,77.5656683333333,,,,11.41,0.800248868778281,,,,13.692,,,,,
2025-10-17 00:00:46.910,13.015775,77.5656683333333,,,13.343471896644,,,,,,,,,,,
2025-10-17 00:00:46.963,13.015775,77.5656683333333,801.0,,,,,,,,,,,,,
2025-10-17 00:00:47.068,13.015775,77.5656683333333,,24.3137254901961,,,,,,,,,,,,
2025-10-17 00:00:47.130,13.015775,77.5656683333333,,,,11.38,0.798144796380091,,,,13.656,,,,,
2025-10-17 00:00:47.187,13.015775,77.5656683333333,,,13.488509634651,,,,,,,,,,,
2025-10-17 00:00:47.240,13.015775,77.5656683333333,801.0,,,,,,,,,,,,,
2025-10-17 00:00:47.345,13.015775,77.5656683333333,,24.3137254901961,,,,,,,,,,,,
2025-10-17 00:00:47.394,13.015775,77.5656683333333,,,,11.36,0.796742081447964,,,,13.632,,,,,
2025-10-17 00:00:47.450,13.015775,77.5656683333333,,,13.343471896644,,,,,,,,,,,
2025-10-17 00:00:47.514,13.015775,77.5656683333333,800.0,,,,,,,,,,,,,
2025-10-17 00:00:47.607,13.015775,77.5656683333333,,,,,,,0.0,,,,,,,
2025-10-17 00:00:47.613,13.0157733333333,77.5656633333333,,,,,,,0.0,,,,,,,
2025-10-17 00:00:47.631,13.0157733333333,77.5656633333333,,24.3137254901961,,,,,,,,,,,,
2025-10-17 00:00:47.651,13.0157733333333,77.5656633333333,,,,,,,0.0,,,,,,,
2025-10-17 00:00:47.652,13.0157733333333,77.5656633333333,,,,,,,0.0,,,,,,,
2025-10-17 00:00:47.678,13.0157733333333,77.5656633333333,,,,11.36,0.796742081447964,,,,13.632,,,,,
2025-10-17 00:00:47.731,13.0157733333333,77.5656633333333,,,13.343471896644,,,,,,,,,,,
2025-10-17 00:00:47.783,13.0157733333333,77.5656633333333,800.0,,,,,,,,,,,,,
2025-10-17 00:00:47.858,13.0157733333333,77.5656633333333,,,,,,,0.0,,,,,,,
2025-10-17 00:00:47.862,13.0158893,77.5656529,,,,,,,0.0,,,,,,,
2025-10-17 00:00:47.890,13.0158893,77.5656529,,24.3137254901961,,,,,,,,,,,,
2025-10-17 00:00:47.963,13.0158893,77.5656529,,,,11.3,0.792533936651584,,,,13.56,,,,,
2025-10-17 00:00:48.045,13.0158893,77.5656529,,,13.343471896644,,,,,,,,,,,
2025-10-17 00:00:48.100,13.0158893,77.5656529,803.0,,,,,,,,,,,,,
2025-10-17 00:00:48.200,13.0158893,77.5656529,,23.921568627451,,,,,,,,,,,,
2025-10-17 00:00:48.256,13.0158893,77.5656529,,,,11.41,0.787341628959276,,,,13.692,,,,,
2025-10-17 00:00:48.313,13.0158893,77.5656529,,,13.343471896644,,,,,,,,,,,
2025-10-17 00:00:48.367,13.0158893,77.5656529,801.0,,,,,,,,,,,,,
2025-10-17 00:00:48.476,13.0158893,77.5656529,,24.3137254901961,,,,,,,,,,,,
2025-10-17 00:00:48.525,13.0158893,77.5656529,,,,11.41,0.800248868778281,,,,13.692,,,,,
2025-10-17 00:00:48.582,13.0158893,77.5656529,,,13.343471896644,,,,,,,,,,,
2025-10-17 00:00:48.584,13.0158893,77.5656529,,,,,,,0.0,,,,,,,
2025-10-17 00:00:48.586,13.0158893,77.5656529,,,,,,,0.0,,,,,,,
2025-10-17 00:00:48.590,13.0158893,77.5656529,,,,,,,0.0,,,,,,,
2025-10-17 00:00:48.634,13.0158893,77.5656529,801.0,,,,,,,,,,,,,
2025-10-17 00:00:48.718,13.0158893,77.5656529,,,,,,,0.0,,,,,,,
2025-10-17 00:00:48.744,13.0158893,77.5656529,,24.3137254901961,,,,,,,,,,,,
2025-10-17 00:00:48.794,13.0158893,77.5656529,,,,11.36,0.796742081447964,,,,13.632,,,,,
2025-10-17 00:00:48.861,13.0158893,77.5656529,,,13.343471896644,,,,,,,,,,,
2025-10-17 00:00:48.914,13.0158893,77.5656529,800.0,,,,,,,,,,,,,
2025-10-17 00:00:48.993,13.0158893,77.5656529,,24.3137254901961,,,,,,,,,,,,
2025-10-17 00:00:49.080,13.0158893,77.5656529,,,,11.38,0.798144796380091,,,,13.656,,,,,
2025-10-17 00:00:49.238,13.0158893,77.5656529,,,13.343471896644,,,,,,,,,,,
2025-10-17 00:00:49.310,13.0158893,77.5656529,800.0,,,,,,,,,,,,,
2025-10-17 00:00:49.364,13.0158893,77.5656529,,24.3137254901961,,,,,,,,,,,,
2025-10-17 00:00:49.415,13.0158893,77.5656529,,,,11.27,0.790429864253394,,,,13.524,,,,,
2025-10-17 00:00:49.526,13.0158893,77.5656529,,,13.343471896644,,,,,,,,,,,
2025-10-17 00:00:49.576,13.0158893,77.5656529,800.0,,,,,,,,,,,,,
2025-10-17 00:00:49.586,13.0158893,77.5656529,,,,,,,0.0,,,,,,,
2025-10-17 00:00:49.629,13.0158893,77.5656529,,24.3137254901961,,,,,,,,,,,,
2025-10-17 00:00:49.680,13.0158893,77.5656529,,,,11.36,0.796742081447964,,,,13.632,,,,,
2025-10-17 00:00:49.722,13.0158893,77.5656529,,,,,,,0.0,,,,,,,
2025-10-17 00:00:49.843,13.0158893,77.5656529,,24.3137254901961,,,,,,,,,,,,
2025-10-17 00:00:49.920,13.0158893,77.5656529,,,,11.33,0.794638009049774,,,,13.596,,,,,
2025-10-17 00:00:50.000,13.0158893,77.5656529,,,13.343471896644,,,,,,,,,,,
2025-10-17 00:00:50.083,13.0158893,77.5656529,800.0,,,,,,,,,,,,,
2025-10-17 00:00:50.190,13.0158893,77.5656529,,23.921568627451,,,,,,,,,,,,
2025-10-17 00:00:50.239,13.0158893,77.5656529,,,,11.41,0.787341628959276,,,,13.692,,,,,
2025-10-17 00:00:50.311,13.0158893,77.5656529,,,13.343471896644,,,,,,,,,,,
2025-10-17 00:00:50.440,13.0158893,77.5656529,801.0,,,,,,,,,,,,,
2025-10-17 00:00:50.544,13.0158893,77.5656529,,24.3137254901961,,,,,,,,,,,,
2025-10-17 00:00:50.567,13.0158893,77.5656529,,,,,,,0.0,,,,,,,
2025-10-17 00:00:50.581,13.0158893,77.5656529,,,,,,,0.0,,,,,,,
2025-10-17 00:00:50.588,13.0158893,77.5656529,,,,11.24,0.788325791855204,,,,13.488,,,,,
2025-10-17 00:00:50.670,13.0158893,77.5656529,,,13.343471896644,,,,,,,,,,,
2025-10-17 00:00:50.715,13.0158893,77.5656529,799.0,,,,,,,,,,,,,
2025-10-17 00:00:50.844,13.0158893,77.5656529,,,13.343471896644,,,,,,,,,,,
2025-10-17 00:00:50.922,13.0158893,77.5656529,,24.3137254901961,,,,,,,,,,,,
2025-10-17 00:00:51.013,13.0158893,77.5656529,,,,11.38,0.798144796380091,,,,13.656,,,,,
2025-10-17 00:00:51.177,13.0158893,77.5656529,802.0,,,,,,,,,,,,,
2025-10-17 00:00:51.222,13.0158893,77.5656529,,,13.343471896644,,,,,,,,,,,
2025-10-17 00:00:51.281,13.0158893,77.5656529,,24.3137254901961,,,,,,,,,,,,
2025-10-17 00:00:51.329,13.0158893,77.5656529,,,,11.36,0.796742081447964,,,,13.632,,,,,
2025-10-17 00:00:51.432,13.0158893,77.5656529,800.0,,,,,,,,,,,,,
2025-10-17 00:00:51.478,13.0158893,77.5656529,,,13.343471896644,,,,,,,,,,,
2025-10-17 00:00:51.525,13.0158893,77.5656529,,24.3137254901961,,,,,,,,,,,,
2025-10-17 00:00:51.574,13.0158893,77.5656529,,,,11.41,0.800248868778281,,,,13.692,,,,,
2025-10-17 00:00:51.604,13.0157733333333,77.5656633333333,,,,,,,0.0,,,,,,,
2025-10-17 00:00:51.614,13.0157733333333,77.5656633333333,,,,,,,0.0,,,,,,,
2025-10-17 00:00:51.708,13.0157733333333,77.5656633333333,,24.3137254901961,,,,,,,,,,,,
2025-10-17 00:00:51.786,13.0157733333333,77.5656633333333,,,,11.33,0.794638009049774,,,,13.596,,,,,
2025-10-17 00:00:51.931,13.0157733333333,77.5656633333333,798.0,,,,,,,,,,,,,
2025-10-17 00:00:51.976,13.0157733333333,77.5656633333333,,24.7058823529412,,,,,,,,,,,,
2025-10-17 00:00:52.020,13.0157733333333,77.5656633333333,,,,11.36,0.809592760180995,,,,13.632,,,,,
2025-10-17 00:00:52.123,13.0157733333333,77.5656633333333,800.0,,,,,,,,,,,,,
2025-10-17 00:00:52.167,13.0157733333333,77.5656633333333,,24.3137254901961,,,,,,,,,,,,
2025-10-17 00:00:52.212,13.0157733333333,77.5656633333333,,,,11.3,0.792533936651584,,,,13.56,,,,,
2025-10-17 00:00:52.314,13.0157733333333,77.5656633333333,804.0,,,,,,,,,,,,,
2025-10-17 00:00:52.358,13.0157733333333,77.5656633333333,,23.921568627451,,,,,,,,,,,,
2025-10-17 00:00:52.402,13.0157733333333,77.5656633333333,,,,11.41,0.787341628959276,,,,13.692,,,,,
2025-10-17 00:00:52.494,13.0157733333333,77.5656633333333,799.0,,,,,,,,,,,,,
2025-10-17 00:00:52.540,13.0157733333333,77.5656633333333,,24.3137254901961,,,,,,,,,,,,
2025-10-17 00:00:52.571,13.0157733333333,77.5656633333333,,,,,,,0.0,,,,,,,
2025-10-17 00:00:52.585,13.0157733333333,77.5656633333333,,,,,,,0.0,,,,,,,
2025-10-17 00:00:52.595,13.0157733333333,77.5656633333333,,,,11.38,0.798144796380091,,,,13.656,,,,,
2025-10-17 00:00:52.697,13.0157733333333,77.5656633333333,800.0,,,,,,,,,,,,,
2025-10-17 00:00:53.122,13.0158817,77.5656577,,,,,,,0.0,,,,,,,
2025-10-17 00:00:53.128,13.0158817,77.5656577,,,,,,,0.0,,,,,,,
2025-10-17 00:00:53.224,13.0158817,77.5656577,,24.3137254901961,,,,,,,,,,,,
2025-10-17 00:00:53.292,13.0158817,77.5656577,,24.3137254901961,,,,,,,,,,,,
2025-10-17 00:00:53.383,13.0158817,77.5656577,,,,11.3,0.792533936651584,,,,13.56,,,,,
2025-10-17 00:00:53.530,13.0158817,77.5656577,,,13.343471896644,,,,,,,,,,,
2025-10-17 00:00:53.614,13.0158817,77.5656577,,,,,,,,,,,13.05339642063,,,
2025-10-17 00:00:53.813,13.0158817,77.5656577,,24.3137254901961,,,,,,,,,,,,
2025-10-17 00:00:53.863,13.0158817,77.5656577,,,,11.3,0.792533936651584,,,,13.56,,,,,
2025-10-17 00:00:53.978,13.0158817,77.5656577,,,13.343471896644,,,,,,,,,,,
2025-10-17 00:00:54.031,13.0158817,77.5656577,,,,,,,,,,,13.05339642063,,,
2025-10-17 00:00:54.178,13.0158817,77.5656577,,24.3137254901961,,,,,,,,,,,,
2025-10-17 00:00:54.227,13.0158817,77.5656577,,,,11.36,0.796742081447964,,,,13.632,,,,,
2025-10-17 00:00:54.328,13.0158817,77.5656577,,,13.343471896644,,,,,,,,,,,
2025-10-17 00:00:54.380,13.0158817,77.5656577,,,,,,,,,,,13.05339642063,,,
2025-10-17 00:00:54.542,13.0158817,77.5656577,,24.3137254901961,,,,,,,,,,,,
2025-10-17 00:00:54.591,13.0158817,77.5656577,,,,11.36,0.796742081447964,,,,13.632,,,,,
2025-10-17 00:00:54.723,13.0158817,77.5656577,,,13.343471896644,,,,,,,,,,,
2025-10-17 00:00:54.773,13.0158817,77.5656577,,,,,,,,,,,13.05339642063,,,
2025-10-17 00:00:54.945,13.0158817,77.5656577,,24.3137254901961,,,,,,,,,,,,
2025-10-17 00:00:55.019,13.0158817,77.5656577,,,,11.3,0.792533936651584,,,,13.56,,,,,
2025-10-17 00:00:55.130,13.0158817,77.5656577,,,13.488509634651,,,,,,,,,,,
2025-10-17 00:00:55.179,13.0158817,77.5656577,,,,,,,,,,,13.05339642063,,,
2025-10-17 00:00:55.246,13.0158817,77.5656577,,,,,,,0.0,,,,,,,
2025-10-17 00:00:55.256,13.0158817,77.5656577,,,,,,,0.0,,,,,,,
2025-10-17 00:00:55.309,13.0158817,77.5656577,,,,,,,0.0,,,,,,,
2025-10-17 00:00:55.326,13.0158817,77.5656577,,28.6274509803922,,,,,,,,,,,,
2025-10-17 00:00:55.378,13.0158817,77.5656577,,,,10.74,0.886900452488688,,,,12.888,,,,,
2025-10-17 00:00:55.482,13.0158817,77.5656577,,,13.343471896644,,,,,,,,,,,
2025-10-17 00:00:55.535,13.0158817,77.5656577,,,,,,,,,,,13.05339642063,,,
2025-10-17 00:00:55.689,13.0158817,77.5656577,,40.3921568627451,,,,,,,,,,,,
2025-10-17 00:00:55.740,13.0158817,77.5656577,,,,10.63,1.23856334841629,,,,12.756,,,,,
2025-10-17 00:00:55.753,13.0158817,77.5656577,,,,,,,0.0,,,,,,,
2025-10-17 00:00:55.844,13.0158817,77.5656577,,,13.343471896644,,,,,,,,,,,
2025-10-17 00:00:55.851,13.0158817,77.5656577,,,,,,,0.0,,,,,,,
2025-10-17 00:00:55.927,13.0158817,77.5656577,,,,,,,,,,,13.05339642063,,,
2025-10-17 00:00:56.072,13.0158817,77.5656577,,43.5294117647059,,,,,,,,,,,,
2025-10-17 00:00:56.118,13.0158817,77.5656577,,,,11.11,1.39503393665158,,,,13.332,,,,,
2025-10-17 00:00:56.215,13.0158817,77.5656577,,,13.343471896644,,,,,,,,,,,
2025-10-17 00:00:56.267,13.0158817,77.5656577,,,,,,,,,,,13.05339642063,,,
2025-10-17 00:00:56.431,13.0158817,77.5656577,,41.5686274509804,,,,,,,,,,,,
2025-10-17 00:00:56.483,13.0158817,77.5656577,,,,11.19,1.34178733031674,,,,13.428,,,,,
2025-10-17 00:00:56.602,13.0157683333333,77.5656633333333,,,,,,,0.0,,,,,,,
2025-10-17 00:00:56.610,13.0157683333333,77.5656633333333,,,13.343471896644,,,,,,,,,,,
2025-10-17 00:00:56.613,13.0157683333333,77.5656633333333,,,,,,,0.0,,,,,,,
2025-10-17 00:00:56.615,13.0157683333333,77.5656633333333,,,,,,,0.0,,,,,,,
2025-10-17 00:00:56.659,13.0157683333333,77.5656633333333,,,,,,,,,,,13.05339642063,,,
2025-10-17 00:00:56.739,13.0157683333333,77.5656633333333,,,,,,,0.0,,,,,,,
2025-10-17 00:00:56.803,13.0157683333333,77.5656633333333,,41.5686274509804,,,,,,,,,,,,
2025-10-17 00:00:56.855,13.0157683333333,77.5656633333333,,,,11.11,1.33219457013575,,,,13.332,,,,,
2025-10-17 00:00:56.956,13.0157683333333,77.5656633333333,,,13.488509634651,,,,,,,,,,,
2025-10-17 00:00:57.008,13.0157683333333,77.5656633333333,,,,,,,,,,,13.05339642063,,,
2025-10-17 00:00:57.158,13.0157683333333,77.5656633333333,,41.5686274509804,,,,,,,,,,,,
2025-10-17 00:00:57.207,13.0157683333333,77.5656633333333,,,,11.13,1.334592760181,,,,13.356,,,,,
2025-10-17 00:00:57.315,13.0157683333333,77.5656633333333,,,13.343471896644,,,,,,,,,,,
2025-10-17 00:00:57.366,13.0157683333333,77.5656633333333,,,,,,,,,,,13.05339642063,,,
2025-10-17 00:00:57.523,13.0157683333333,77.5656633333333,,41.5686274509804,,,,,,,,,,,,
2025-10-17 00:00:57.571,13.0157683333333,77.5656633333333,,,,11.22,1.34538461538462,,,,13.464,,,,,
2025-10-17 00:00:57.574,13.0157683333333,77.5656633333333,,,,,,,0.0,,,,,,,
2025-10-17 00:00:57.582,13.0157683333333,77.5656766666667,,,,,,,0.0,,,,,,,
2025-10-17 00:00:57.590,13.0157683333333,77.5656766666667,,,,,,,0.0,,,,,,,
2025-10-17 00:00:57.594,13.0157683333333,77.5656766666667,,,,,,,0.0,,,,,,,
2025-10-17 00:00:57.671,13.0157683333333,77.5656766666667,,,13.488509634651,,,,,,,,,,,
2025-10-17 00:00:57.734,13.0157683333333,77.5656766666667,,,,,,,,,,,13.05339642063,,,
2025-10-17 00:00:57.887,13.0157683333333,77.5656766666667,,41.1764705882353,,,,,,,,,,,,
2025-10-17 00:00:57.937,13.0157683333333,77.5656766666667,,,,11.22,1.33269230769231,,,,13.464,,,,,
2025-10-17 00:00:58.042,13.0157683333333,77.5656766666667,,,13.488509634651,,,,,,,,,,,
2025-10-17 00:00:58.092,13.0157683333333,77.5656766666667,,,,,,,,,,,13.05339642063,,,
2025-10-17 00:00:58.241,13.0157683333333,77.5656766666667,,41.1764705882353,,,,,,,,,,,,
2025-10-17 00:00:58.258,13.0157683333333,77.5656766666667,,,,,,,0.0,,,,,,,
2025-10-17 00:00:58.266,13.0158617,77.5656665,,,,,,,0.0,,,,,,,
2025-10-17 00:00:58.267,13.0158617,77.5656665,,,,,,,0.0,,,,,,,
2025-10-17 00:00:58.290,13.0158617,77.5656665,,,,11.16,1.32556561085973,,,,13.392,,,,,
2025-10-17 00:00:58.393,13.0158617,77.5656665,,,13.488509634651,,,,,,,,,,,
2025-10-17 00:00:58.443,13.0158617,77.5656665,,,,,,,,,,,13.05339642063,,,
2025-10-17 00:00:58.564,13.0158617,77.5656665,,,,,,,0.242743000388145,,,,,,,
2025-10-17 00:00:58.612,13.0158617,77.5656665,,41.1764705882353,,,,,,,,,,,,
2025-10-17 00:00:58.659,13.0158617,77.5656665,,,,11.19,1.32912895927602,,,,13.428,,,,,
2025-10-17 00:00:58.766,13.0158617,77.5656665,,,13.488509634651,,,,,,,,,,,
2025-10-17 00:00:58.767,13.0158617,77.5656665,,,,,,,0.0,,,,,,,
2025-10-17 00:00:58.822,13.0158617,77.5656665,,,,,,,,,,,13.05339642063,,,
2025-10-17 00:00:58.982,13.0158617,77.5656665,,40.7843137254902,,,,,,,,,,,,
2025-10-17 00:00:59.056,13.0158617,77.5656665,,,,11.33,1.33294117647059,,,,13.596,,,,,
2025-10-17 00:00:59.156,13.0158617,77.5656665,,,13.488509634651,,,,,,,,,,,
2025-10-17 00:00:59.216,13.0158617,77.5656665,,,,,,,,,,,13.05339642063,,,
2025-10-17 00:00:59.358,13.0158617,77.5656665,,41.1764705882353,,,,,,,,,,,,
2025-10-17 00:00:59.408,13.0158617,77.5656665,,,,11.19,1.32912895927602,,,,13.428,,,,,
2025-10-17 00:00:59.509,13.0158617,77.5656665,,,13.488509634651,,,,,,,,,,,
2025-10-17 00:00:59.566,13.0158617,77.5656665,,,,,,,,,,,13.05339642063,,,
2025-10-17 00:00:59.585,13.0158617,77.5656665,,,,,,,0.211241997778416,,,,,,,
2025-10-17 00:00:59.586,13.0158617,77.5656665,,,,,,,0.211241997778416,,,,,,,
2025-10-17 00:00:59.601,13.0158617,77.5656665,,,,,,,0.211241997778416,,,,,,,
2025-10-17 00:00:59.712,13.0158617,77.5656665,,,,,,,0.0,,,,,,,
2025-10-17 00:00:59.713,13.0158617,77.5656665,,41.1764705882353,,,,,,,,,,,,
2025-10-17 00:00:59.761,13.0158617,77.5656665,,,,11.22,1.33269230769231,,,,13.464,,,,,
2025-10-17 00:00:59.865,13.0158617,77.5656665,,,13.488509634651,,,,,,,,,,,
2025-10-17 00:00:59.923,13.0158617,77.5656665,,,,,,,,,,,13.05339642063,,,
2025-10-17 00:01:00.075,13.0158617,77.5656665,,40.7843137254902,,,,,,,,,,,,
2025-10-17 00:01:00.139,13.0158617,77.5656665,,,,11.27,1.32588235294118,,,,13.524,,,,,
2025-10-17 00:01:00.244,13.0158617,77.5656665,,,13.488509634651,,,,,,,,,,,
2025-10-17 00:01:00.296,13.0158617,77.5656665,,,,,,,,,,,13.05339642063,,,
2025-10-17 00:01:00.446,13.0158617,77.5656665,,40.7843137254902,,,,,,,,,,,,
2025-10-17 00:01:00.494,13.0158617,77.5656665,,,,11.27,1.32588235294118,,,,13.524,,,,,
2025-10-17 00:01:00.599,13.0158617,77.5656665,,,13.488509634651,,,,,,,,,,,
2025-10-17 00:01:00.604,13.0158617,77.5656665,,,,,,,0.148240005970001,,,,,,,
2025-10-17 00:01:00.612,13.0158617,77.5656665,,,,,,,0.0,,,,,,,
2025-10-17 00:01:00.614,13.0158617,77.5656665,,,,,,,0.148240005970001,,,,,,,
2025-10-17 00:01:00.649,13.0158617,77.5656665,,,,,,,,,,,13.05339642063,,,
2025-10-17 00:01:00.744,13.0158617,77.5656665,,,,,,,0.0,,,,,,,
2025-10-17 00:01:00.791,13.0158617,77.5656665,,40.7843137254902,,,,,,,,,,,,
2025-10-17 00:01:00.836,13.0158617,77.5656665,,,,11.22,1.32,,,,13.464,,,,,
2025-10-17 00:01:00.931,13.0158617,77.5656665,,,13.488509634651,,,,,,,,,,,
2025-10-17 00:01:00.977,13.0158617,77.5656665,,,,,,,,,,,13.05339642063,,,
2025-10-17 00:01:01.144,13.0158617,77.5656665,,41.1764705882353,,,,,,,,,,,,
2025-10-17 00:01:01.196,13.0158617,77.5656665,,,,11.22,1.33269230769231,,,,13.464,,,,,
2025-10-17 00:01:01.303,13.0158617,77.5656665,,,13.488509634651,,,,,,,,,,,
2025-10-17 00:01:01.352,13.0158617,77.5656665,,,,,,,,,,,13.05339642063,,,
2025-10-17 00:01:01.530,13.0158617,77.5656665,,40.0,,,,,,,,,,,,
2025-10-17 00:01:01.577,13.0158617,77.5656665,,,,11.41,1.31653846153846,,,,13.692,,,,,
2025-10-17 00:01:01.598,13.015785,77.5656816666667,,,,,,,0.263125991821289,,,,,,,
2025-10-17 00:01:01.601,13.015785,77.5656816666667,,,,,,,0.263125991821289,,,,,,,
2025-10-17 00:01:01.615,13.015785,77.5656816666667,,,,,,,0.0,,,,,,,
2025-10-17 00:01:01.616,13.015785,77.5656816666667,,,,,,,0.263125991821289,,,,,,,
2025-10-17 00:01:01.703,13.015785,77.5656816666667,,,13.488509634651,,,,,,,,,,,
2025-10-17 00:01:01.732,13.015785,77.5656816666667,,,,,,,0.0,,,,,,,
2025-10-17 00:01:01.748,13.015785,77.5656816666667,,,,,,,,,,,13.05339642063,,,
2025-10-17 00:01:01.921,13.015785,77.5656816666667,,40.3921568627451,,,,,,,,,,,,
2025-10-17 00:01:01.963,13.015785,77.5656816666667,,,,11.33,1.32012443438914,,,,13.596,,,,,
2025-10-17 00:01:02.104,13.015785,77.5656816666667,,,13.488509634651,,,,,,,,,,,
2025-10-17 00:01:02.166,13.015785,77.5656816666667,,,,,,,,,,,13.05339642063,,,
2025-10-17 00:01:02.318,13.015785,77.5656816666667,,40.3921568627451,,,,,,,,,,,,
2025-10-17 00:01:02.367,13.015785,77.5656816666667,,,,11.27,1.3131334841629,,,,13.524,,,,,
2025-10-17 00:01:02.472,13.015785,77.5656816666667,,,13.488509634651,,,,,,,,,,,
2025-10-17 00:01:02.522,13.015785,77.5656816666667,,,,,,,,,,,13.05339642063,,,
2025-10-17 00:01:02.587,13.01579,77.56568,,,,,,,0.544782024621964,,,,,,,
2025-10-17 00:01:02.592,13.01579,77.56568,,,,,,,0.544782024621964,,,,,,,
2025-10-17 00:01:02.593,13.01579,77.56568,,,,,,,0.544782024621964,,,,,,,
2025-10-17 00:01:02.606,13.01579,77.56568,,,,,,,0.0,,,,,,,
2025-10-17 00:01:02.609,13.01579,77.56568,,,,,,,0.544782024621964,,,,,,,
2025-10-17 00:01:02.610,13.01579,77.56568,,,,,,,0.544782024621964,,,,,,,
2025-10-17 00:01:02.667,13.01579,77.56568,,40.3921568627451,,,,,,,,,,,,
2025-10-17 00:01:02.790,13.01579,77.56568,,,,11.24,1.30963800904977,,,,13.488,,,,,
2025-10-17 00:01:02.829,13.01579,77.56568,,,,,,,0.0,,,,,,,
2025-10-17 00:01:02.930,13.01579,77.56568,,,13.488509634651,,,,,,,,,,,
2025-10-17 00:01:02.982,13.01579,77.56568,,,,,,,,,,,13.05339642063,,,
2025-10-17 00:01:03.145,13.01579,77.56568,,35.6862745098039,,,,,,,,,,,,
2025-10-17 00:01:03.197,13.01579,77.56568,,,,13.77,1.4175,,,,16.524,,,,,
2025-10-17 00:01:03.310,13.01579,77.56568,,,13.488509634651,,,,,,,,,,,
2025-10-17 00:01:03.314,13.01579,77.56568,,,,,,,0.0,,,,,,,
2025-10-17 00:01:03.317,13.01579,77.56568,,,,,,,0.0,,,,,,,
2025-10-17 00:01:03.320,13.0158704,77.5656616,,,,,,,0.0,,,,,,,
2025-10-17 00:01:03.358,13.0158704,77.5656616,,,,,,,,,,,13.05339642063,,,
2025-10-17 00:01:03.521,13.0158704,77.5656616,,35.2941176470588,,,,,,,,,,,,
2025-10-17 00:01:03.572,13.0158704,77.5656616,,,,13.99,1.42432126696833,,,,16.788,,,,,
2025-10-17 00:01:03.643,13.015870400000003,77.5656616,,,,,,,0.296480011940002,,,,,,,
2025-10-17 00:01:03.677,13.0158704,77.5656616,,,13.633547372658,,,,,,,,,,,
2025-10-17 00:01:03.737,13.0158704,77.5656616,,,,,,,,,,,13.05339642063,,,
2025-10-17 00:01:03.764,13.015870400000003,77.5656616,,,,,,,0.0,,,,,,,
2025-10-17 00:01:03.909,13.0158704,77.5656616,,34.9019607843137,,,,,,,,,,,,
2025-10-17 00:01:03.959,13.0158704,77.5656616,,,,14.11,1.42057692307692,,,,16.932,,,,,
2025-10-17 00:01:04.062,13.0158704,77.5656616,,,13.633547372658,,,,,,,,,,,
2025-10-17 00:01:04.111,13.0158704,77.5656616,,,,,,,,,,,13.05339642063,,,
2025-10-17 00:01:04.271,13.0158704,77.5656616,,34.9019607843137,,,,,,,,,,,,
2025-10-17 00:01:04.322,13.0158704,77.5656616,,,,14.11,1.42057692307692,,,,16.932,,,,,
2025-10-17 00:01:04.452,13.0158704,77.5656616,,,13.633547372658,,,,,,,,,,,
2025-10-17 00:01:04.526,13.0158704,77.5656616,,,,,,,,,,,13.05339642063,,,
2025-10-17 00:01:04.601,13.015870400000003,77.5656616,,,,,,,0.190859006345272,,,,,,,
2025-10-17 00:01:04.637,13.015870400000003,77.5656616,,,,,,,0.0,,,,,,,
2025-10-17 00:01:04.679,13.0158704,77.5656616,,35.2941176470588,,,,,,,,,,,,
2025-10-17 00:01:04.760,13.0158704,77.5656616,,,,13.97,1.4222850678733,,,,16.764,,,,,
2025-10-17 00:01:04.875,13.0158704,77.5656616,,,13.778585110665,,,,,,,,,,,
2025-10-17 00:01:04.924,13.0158704,77.5656616,,,,,,,,,,,13.05339642063,,,
2025-10-17 00:01:05.087,13.0158704,77.5656616,,34.9019607843137,,,,,,,,,,,,
2025-10-17 00:01:05.137,13.0158704,77.5656616,,,,14.13,1.42259049773756,,,,16.956,,,,,
2025-10-17 00:01:05.239,13.0158704,77.5656616,,,13.778585110665,,,,,,,,,,,
2025-10-17 00:01:05.289,13.0158704,77.5656616,,,,,,,,,,,13.05339642063,,,
2025-10-17 00:01:05.428,13.0158704,77.5656616,,34.9019607843137,,,,,,,,,,,,
2025-10-17 00:01:05.472,13.0158704,77.5656616,,,,14.13,1.42259049773756,,,,16.956,,,,,
2025-10-17 00:01:09.572,13.0157933333333,77.5656816666667,,,,,,,0.0,,,,,,,
2025-10-17 00:01:14.075,13.0157933333333,77.565675,,,,,,,0.0759730003774166,,,,,,,
2025-10-17 00:01:15.330,13.015795,77.565675,,,,,,,0.0315009992569685,,,,,,,
2025-10-17 00:01:16.599,13.015795,77.5656716666667,,,,,,,0.0,,,,,,,
2025-10-17 00:01:32.543,13.01581,77.5656616666667,,,,,,,0.153799004852772,,,,,,,
2025-10-17 00:01:33.814,13.01581,77.5656583333333,,,,,,,0.0,,,,,,,
2025-10-17 00:01:37.587,13.0158133333333,77.5656583333333,,,,,,,0.0166770000010729,,,,,,,
2025-10-17 00:01:38.849,13.0158133333333,77.5656566666667,,,,,,,0.0,,,,,,,
2025-10-17 00:01:41.860,13.0158266666667,77.5656666666667,,,,,,,0.025942000374198,,,,,,,
2025-10-17 00:01:43.123,13.0158266666667,77.5656683333333,,,,,,,0.0592959970235825,,,,,,,
2025-10-17 00:01:44.886,13.0158233333333,77.5656716666667,,,,,,,0.170476001501083,,,,,,,
2025-10-17 00:01:50.427,13.0158366666667,77.5656816666667,,,,,,,0.0796790018677711,,,,,,,
2025-10-17 00:01:52.175,13.0158333333333,77.5656833333333,,,,,,,0.0500310000032187,,,,,,,
2025-10-17 00:01:53.430,13.0158233333333,77.5656766666667,,,,,,,0.0370600014925003,,,,,,,
2025-10-17 00:01:54.672,13.0158183333333,77.5656733333333,,,,,,,0.0685609973967075,,,,,,,
2025-10-17 00:01:55.917,13.01582,77.5656633333333,,,,,,,0.0,,,,,,,
2025-10-17 00:02:25.070,13.0157933333333,77.5656583333333,,,,,,,0.42433699965477,,,,,,,
2025-10-17 00:02:26.362,13.0157916666667,77.5656583333333,,,,,,,0.0833849966526032,,,,,,,
2025-10-17 00:02:27.638,13.0157916666667,77.5656616666667,,,,,,,0.0426190003752708,,,,,,,
2025-10-17 00:02:28.897,13.0157933333333,77.5656683333333,,,,,,,0.0852380007505417,,,,,,,
2025-10-17 00:02:33.801,13.0157916666667,77.5656716666667,,,,,,,0.0,,,,,,,
2025-10-17 00:03:03.959,13.0157483333333,77.565645,,20.7843137254902,,,,,,,,,,,,
2025-10-17 00:03:04.053,13.0157483333333,77.565645,,,,,,78.0,,,,,,,,
2025-10-17 00:03:04.095,13.0157483333333,77.565645,,21.1764705882353,,,,,,,,,,,,
2025-10-17 00:03:04.138,13.0157483333333,77.565645,,20.7843137254902,,,,,,,,,,,,
2025-10-17 00:03:04.181,13.0157483333333,77.565645,,,,,,78.0,,,,,,,,
2025-10-17 00:03:04.225,13.0157483333333,77.565645,,21.1764705882353,,,,,,,,,,,,
2025-10-17 00:03:04.267,13.0157483333333,77.565645,,21.5686274509804,,,,,,,,,,,,
2025-10-17 00:03:04.330,13.0157483333333,77.565645,,,,,,78.0,,,,,,,,
2025-10-17 00:03:04.373,13.0157483333333,77.565645,,21.1764705882353,,,,,,,,,,,,
2025-10-17 00:03:04.426,13.0157483333333,77.565645,,21.5686274509804,,,,,,,,,,,,
2025-10-17 00:03:04.469,13.0157483333333,77.565645,,,,,,78.0,,,,,,,,
2025-10-17 00:03:04.522,13.0157483333333,77.565645,,21.5686274509804,,,,,,,,,,,,
2025-10-17 00:03:04.564,13.0157483333333,77.565645,,21.5686274509804,,,,,,,,,,,,
2025-10-17 00:03:04.651,13.0157483333333,77.565645,,,,,,78.0,,,,,,,,
2025-10-17 00:03:04.693,13.0157483333333,77.565645,,21.5686274509804,,,,,,,,,,,,
2025-10-17 00:03:04.735,13.0157483333333,77.565645,,21.5686274509804,,,,,,,,,,,,
2025-10-17 00:03:04.777,13.0157483333333,77.565645,,,,,,78.0,,,,,,,,
2025-10-17 00:03:04.820,13.0157483333333,77.565645,,21.5686274509804,,,,,,,,,,,,
2025-10-17 00:03:04.893,13.0157483333333,77.565645,,21.5686274509804,,,,,,,,,,,,
2025-10-17 00:03:04.935,13.0157483333333,77.565645,,,,,,78.0,,,,,,,,
2025-10-17 00:03:04.978,13.0157483333333,77.565645,,21.5686274509804,,,,,,,,,,,,
2025-10-17 00:03:05.034,13.0157483333333,77.565645,,21.5686274509804,,,,,,,,,,,,
2025-10-17 00:03:05.097,13.0157483333333,77.565645,,,,,,78.0,,,,,,,,
2025-10-17 00:03:05.139,13.0157483333333,77.565645,,21.5686274509804,,,,,,,,,,,,
2025-10-17 00:03:05.181,13.0157483333333,77.565645,,21.5686274509804,,,,,,,,,,,,
2025-10-17 00:03:05.233,13.0157483333333,77.565645,,,,,,78.0,,,,,,,,
2025-10-17 00:03:05.330,13.0157483333333,77.565645,,21.1764705882353,,,,,,,,,,,,
2025-10-17 00:03:05.372,13.0157483333333,77.565645,,21.1764705882353,,,,,,,,,,,,
2025-10-17 00:03:05.437,13.0157483333333,77.565645,,,,,,78.0,,,,,,,,
2025-10-17 00:03:05.481,13.0157483333333,77.565645,,21.9607843137255,,,,,,,,,,,,
2025-10-17 00:03:05.541,13.0157483333333,77.565645,,21.5686274509804,,,,,,,,,,,,
2025-10-17 00:03:05.586,13.0157483333333,77.565645,,,,,,78.0,,,,,,,,
2025-10-17 00:03:05.640,13.0157483333333,77.565645,,21.9607843137255,,,,,,,,,,,,
2025-10-17 00:03:05.683,13.0157483333333,77.565645,,21.5686274509804,,,,,,,,,,,,
2025-10-17 00:03:05.736,13.0157483333333,77.565645,,,,,,78.0,,,,,,,,
2025-10-17 00:03:05.781,13.0157483333333,77.565645,,21.5686274509804,,,,,,,,,,,,
2025-10-17 00:03:05.846,13.0157483333333,77.565645,,21.5686274509804,,,,,,,,,,,,
2025-10-17 00:03:05.889,13.0157483333333,77.565645,,,,,,78.0,,,,,,,,
2025-10-17 00:03:05.942,13.0157483333333,77.565645,,21.5686274509804,,,,,,,,,,,,
2025-10-17 00:03:05.985,13.0157483333333,77.565645,,21.1764705882353,,,,,,,,,,,,
2025-10-17 00:03:06.037,13.0157483333333,77.565645,,,,,,78.0,,,,,,,,
2025-10-17 00:03:06.081,13.0157483333333,77.565645,,21.1764705882353,,,,,,,,,,,,
2025-10-17 00:03:06.134,13.0157483333333,77.565645,,21.1764705882353,,,,,,,,,,,,
2025-10-17 00:03:06.209,13.0157483333333,77.565645,,,,,,78.0,,,,,,,,
2025-10-17 00:03:06.254,13.0157483333333,77.565645,,21.1764705882353,,,,,,,,,,,,
2025-10-17 00:03:06.329,13.0157483333333,77.565645,,21.1764705882353,,,,,,,,,,,,
2025-10-17 00:03:06.373,13.0157483333333,77.565645,,,,,,78.0,,,,,,,,
2025-10-17 00:03:06.428,13.0157483333333,77.565645,,21.1764705882353,,,,,,,,,,,,
2025-10-17 00:03:06.489,13.0157483333333,77.565645,,21.5686274509804,,,,,,,,,,,,
2025-10-17 00:03:06.533,13.0157483333333,77.565645,,,,,,78.0,,,,,,,,
2025-10-17 00:03:06.576,13.0157483333333,77.565645,,21.1764705882353,,,,,,,,,,,,
2025-10-17 00:03:06.633,13.0157483333333,77.565645,,21.1764705882353,,,,,,,,,,,,
2025-10-17 00:03:06.677,13.0157483333333,77.565645,,,,,,78.0,,,,,,,,
2025-10-17 00:03:06.732,13.0157483333333,77.565645,,21.1764705882353,,,,,,,,,,,,
2025-10-17 00:03:06.777,13.0157483333333,77.565645,,21.5686274509804,,,,,,,,,,,,
2025-10-17 00:03:06.835,13.0157483333333,77.565645,,,,,,78.0,,,,,,,,
2025-10-17 00:03:06.886,13.0157483333333,77.565645,,21.5686274509804,,,,,,,,,,,,
2025-10-17 00:03:06.988,13.0157483333333,77.565645,,21.1764705882353,,,,,,,,,,,,
2025-10-17 00:03:07.037,13.0157483333333,77.565645,,,,,,78.0,,,,,,,,
2025-10-17 00:03:07.085,13.0157483333333,77.565645,,21.1764705882353,,,,,,,,,,,,
2025-10-17 00:03:07.136,13.0157483333333,77.565645,,21.1764705882353,,,,,,,,,,,,
2025-10-17 00:03:07.199,13.0157483333333,77.565645,,,,,,78.0,,,,,,,,
2025-10-17 00:03:07.251,13.0157483333333,77.565645,,21.5686274509804,,,,,,,,,,,,
2025-10-17 00:03:07.310,13.0157483333333,77.565645,,21.1764705882353,,,,,,,,,,,,
2025-10-17 00:03:07.358,13.0157483333333,77.565645,,,,,,78.0,,,,,,,,
2025-10-17 00:03:07.417,13.0157483333333,77.565645,,21.5686274509804,,,,,,,,,,,,
2025-10-17 00:03:07.466,13.0157483333333,77.565645,,21.5686274509804,,,,,,,,,,,,
2025-10-17 00:03:07.546,13.0157483333333,77.565645,,,,,,78.0,,,,,,,,
2025-10-17 00:03:07.606,13.0157483333333,77.565645,,21.1764705882353,,,,,,,,,,,,
2025-10-17 00:03:07.655,13.0157483333333,77.565645,,21.1764705882353,,,,,,,,,,,,
2025-10-17 00:03:07.741,13.0157483333333,77.565645,,,,,,78.0,,,,,,,,
2025-10-17 00:03:07.793,13.0157483333333,77.565645,,21.1764705882353,,,,,,,,,,,,
2025-10-17 00:03:07.842,13.0157483333333,77.565645,,21.1764705882353,,,,,,,,,,,,
2025-10-17 00:03:07.899,13.0157483333333,77.565645,,,,,,78.0,,,,,,,,
2025-10-17 00:03:07.947,13.0157483333333,77.565645,,21.1764705882353,,,,,,,,,,,,
2025-10-17 00:03:08.029,13.0157483333333,77.565645,,21.5686274509804,,,,,,,,,,,,
2025-10-17 00:03:08.078,13.0157483333333,77.565645,,,,,,78.0,,,,,,,,
2025-10-17 00:03:08.128,13.0157483333333,77.565645,,21.5686274509804,,,,,,,,,,,,
2025-10-17 00:03:08.177,13.0157483333333,77.565645,,21.5686274509804,,,,,,,,,,,,
2025-10-17 00:03:08.224,13.0157483333333,77.565645,,,,,,78.0,,,,,,,,
2025-10-17 00:03:08.275,13.0157483333333,77.565645,,21.1764705882353,,,,,,,,,,,,
2025-10-17 00:03:08.333,13.0157483333333,77.565645,,21.1764705882353,,,,,,,,,,,,
2025-10-17 00:03:08.381,13.0157483333333,77.565645,,,,,,78.0,,,,,,,,
2025-10-17 00:03:08.431,13.0157483333333,77.565645,,21.1764705882353,,,,,,,,,,,,
2025-10-17 00:03:08.481,13.0157483333333,77.565645,,21.1764705882353,,,,,,,,,,,,
2025-10-17 00:03:08.533,13.0157483333333,77.565645,,,,,,78.0,,,,,,,,
2025-10-17 00:03:08.583,13.0157483333333,77.565645,,21.1764705882353,,,,,,,,,,,,
2025-10-17 00:03:08.633,13.0157483333333,77.565645,,21.1764705882353,,,,,,,,,,,,
2025-10-17 00:03:08.746,13.0157483333333,77.565645,,,,,,78.0,,,,,,,,
2025-10-17 00:03:08.794,13.0157483333333,77.565645,,21.1764705882353,,,,,,,,,,,,
2025-10-17 00:03:08.843,13.0157483333333,77.565645,,21.1764705882353,,,,,,,,,,,,
2025-10-17 00:03:08.925,13.0157483333333,77.565645,,,,,,78.0,,,,,,,,
2025-10-17 00:03:08.977,13.0157483333333,77.565645,,21.5686274509804,,,,,,,,,,,,
2025-10-17 00:03:09.034,13.0157483333333,77.565645,,21.5686274509804,,,,,,,,,,,,
2025-10-17 00:03:09.083,13.0157483333333,77.565645,,,,,,78.0,,,,,,,,
2025-10-17 00:03:09.142,13.0157483333333,77.565645,,21.1764705882353,,,,,,,,,,,,
2025-10-17 00:03:09.187,13.0157483333333,77.565645,,21.5686274509804,,,,,,,,,,,,
2025-10-17 00:03:09.237,13.0157483333333,77.565645,,,,,,78.0,,,,,,,,
2025-10-17 00:03:09.283,13.0157483333333,77.565645,,21.5686274509804,,,,,,,,,,,,
2025-10-17 00:03:09.330,13.0157483333333,77.565645,,21.1764705882353,,,,,,,,,,,,
2025-10-17 00:03:09.379,13.0157483333333,77.565645,,,,,,78.0,,,,,,,,
2025-10-17 00:03:09.430,13.0157483333333,77.565645,,21.1764705882353,,,,,,,,,,,,
2025-10-17 00:03:09.481,13.0157483333333,77.565645,,21.5686274509804,,,,,,,,,,,,
2025-10-17 00:03:09.540,13.0157483333333,77.565645,,,,,,78.0,,,,,,,,
2025-10-17 00:03:09.588,13.0157483333333,77.565645,,21.1764705882353,,,,,,,,,,,,
2025-10-17 00:03:09.634,13.0157483333333,77.565645,,21.5686274509804,,,,,,,,,,,,
2025-10-17 00:03:09.683,13.0157483333333,77.565645,,,,,,78.0,,,,,,,,
2025-10-17 00:03:09.734,13.0157483333333,77.565645,,21.1764705882353,,,,,,,,,,,,
2025-10-17 00:03:09.782,13.0157483333333,77.565645,,21.1764705882353,,,,,,,,,,,,
2025-10-17 00:03:09.831,13.0157483333333,77.565645,,,,,,78.0,,,,,,,,
2025-10-17 00:03:09.881,13.0157483333333,77.565645,,21.5686274509804,,,,,,,,,,,,
2025-10-17 00:03:09.928,13.0157483333333,77.565645,,21.1764705882353,,,,,,,,,,,,
2025-10-17 00:03:09.978,13.0157483333333,77.565645,,,,,,78.0,,,,,,,,
2025-10-17 00:03:10.036,13.0157483333333,77.565645,,21.1764705882353,,,,,,,,,,,,
2025-10-17 00:03:10.086,13.0157483333333,77.565645,,21.5686274509804,,,,,,,,,,,,
2025-10-17 00:03:10.210,13.0157483333333,77.565645,,,,,,78.0,,,,,,,,
2025-10-17 00:03:10.261,13.0157483333333,77.565645,,21.1764705882353,,,,,,,,,,,,
2025-10-17 00:03:10.311,13.0157483333333,77.565645,,20.7843137254902,,,,,,,,,,,,
2025-10-17 00:03:10.371,13.0157483333333,77.565645,,,,,,78.0,,,,,,,,
2025-10-17 00:03:10.412,13.0157483333333,77.565645,,21.1764705882353,,,,,,,,,,,,
2025-10-17 00:03:10.462,13.0157483333333,77.565645,,21.1764705882353,,,,,,,,,,,,
2025-10-17 00:03:10.511,13.0157483333333,77.565645,,,,,,78.0,,,,,,,,
2025-10-17 00:03:10.561,13.0157483333333,77.565645,,21.1764705882353,,,,,,,,,,,,
2025-10-17 00:03:10.630,13.0157483333333,77.565645,,21.1764705882353,,,,,,,,,,,,
2025-10-17 00:03:10.685,13.0157483333333,77.565645,,,,,,78.0,,,,,,,,
2025-10-17 00:03:10.733,13.0157483333333,77.565645,,21.1764705882353,,,,,,,,,,,,
2025-10-17 00:03:10.799,13.0157483333333,77.565645,,20.7843137254902,,,,,,,,,,,,
2025-10-17 00:03:10.846,13.0157483333333,77.565645,,,,,,78.0,,,,,,,,
2025-10-17 00:03:10.895,13.0157483333333,77.565645,,21.1764705882353,,,,,,,,,,,,
2025-10-17 00:03:10.940,13.0157483333333,77.565645,,21.1764705882353,,,,,,,,,,,,
2025-10-17 00:03:11.009,13.0157483333333,77.565645,,,,,,78.0,,,,,,,,
2025-10-17 00:03:11.057,13.0157483333333,77.565645,,21.1764705882353,,,,,,,,,,,,
2025-10-17 00:03:11.117,13.0157483333333,77.565645,,21.1764705882353,,,,,,,,,,,,
2025-10-17 00:03:11.165,13.0157483333333,77.565645,,,,,,78.0,,,,,,,,
2025-10-17 00:03:11.235,13.0157483333333,77.565645,,21.1764705882353,,,,,,,,,,,,
2025-10-17 00:03:11.284,13.0157483333333,77.565645,,21.1764705882353,,,,,,,,,,,,
2025-10-17 00:03:11.331,13.0157483333333,77.565645,,,,,,78.0,,,,,,,,
2025-10-17 00:03:11.379,13.0157483333333,77.565645,,21.1764705882353,,,,,,,,,,,,
2025-10-17 00:03:11.437,13.0157483333333,77.565645,,21.1764705882353,,,,,,,,,,,,
2025-10-17 00:03:11.488,13.0157483333333,77.565645,,,,,,78.0,,,,,,,,
2025-10-17 00:03:11.538,13.0157483333333,77.565645,,21.1764705882353,,,,,,,,,,,,
2025-10-17 00:03:11.589,13.0157483333333,77.565645,,21.1764705882353,,,,,,,,,,,,
2025-10-17 00:03:11.638,13.0157483333333,77.565645,,,,,,78.0,,,,,,,,
2025-10-17 00:03:11.687,13.0157483333333,77.565645,,21.1764705882353,,,,,,,,,,,,
2025-10-17 00:03:11.736,13.0157483333333,77.565645,,21.1764705882353,,,,,,,,,,,,
2025-10-17 00:03:11.838,13.0157483333333,77.565645,,,,,,78.0,,,,,,,,
2025-10-17 00:03:11.913,13.0157977,77.5656174,,21.5686274509804,,,,,,,,,,,,
2025-10-17 00:03:11.961,13.0157977,77.5656174,,21.5686274509804,,,,,,,,,,,,
2025-10-17 00:03:12.040,13.0157977,77.5656174,,,,,,78.0,,,,,,,,
2025-10-17 00:03:12.089,13.0157977,77.5656174,,21.5686274509804,,,,,,,,,,,,
2025-10-17 00:03:12.135,13.0157977,77.5656174,,21.5686274509804,,,,,,,,,,,,
2025-10-17 00:03:12.205,13.0157977,77.5656174,,,,,,78.0,,,,,,,,
2025-10-17 00:03:12.254,13.0157977,77.5656174,,21.1764705882353,,,,,,,,,,,,
2025-10-17 00:03:12.309,13.0157977,77.5656174,,21.1764705882353,,,,,,,,,,,,
2025-10-17 00:03:12.355,13.0157977,77.5656174,,,,,,78.0,,,,,,,,
2025-10-17 00:03:12.403,13.0157977,77.5656174,,21.5686274509804,,,,,,,,,,,,
2025-10-17 00:03:12.454,13.0157977,77.5656174,,21.1764705882353,,,,,,,,,,,,
2025-10-17 00:03:12.503,13.0157977,77.5656174,,,,,,78.0,,,,,,,,
2025-10-17 00:03:12.549,13.0157977,77.5656174,,21.1764705882353,,,,,,,,,,,,
2025-10-17 00:03:12.593,13.0157977,77.5656174,,21.5686274509804,,,,,,,,,,,,
2025-10-17 00:03:12.638,13.0157977,77.5656174,,,,,,78.0,,,,,,,,
2025-10-17 00:03:12.683,13.0157977,77.5656174,,21.5686274509804,,,,,,,,,,,,
2025-10-17 00:03:12.741,13.0157977,77.5656174,,21.5686274509804,,,,,,,,,,,,
2025-10-17 00:03:12.789,13.0157977,77.5656174,,,,,,78.0,,,,,,,,
2025-10-17 00:03:12.845,13.0157977,77.5656174,,21.1764705882353,,,,,,,,,,,,
2025-10-17 00:03:12.891,13.0157977,77.5656174,,21.5686274509804,,,,,,,,,,,,
2025-10-17 00:03:12.939,13.0157977,77.5656174,,,,,,78.0,,,,,,,,
2025-10-17 00:03:12.985,13.0157977,77.5656174,,21.1764705882353,,,,,,,,,,,,
2025-10-17 00:03:13.044,13.0157977,77.5656174,,21.1764705882353,,,,,,,,,,,,
2025-10-17 00:03:13.094,13.0157977,77.5656174,,,,,,78.0,,,,,,,,
2025-10-17 00:03:13.151,13.0157977,77.5656174,,20.7843137254902,,,,,,,,,,,,
2025-10-17 00:03:13.287,13.0157977,77.5656174,,21.1764705882353,,,,,,,,,,,,
2025-10-17 00:03:13.328,13.0157977,77.5656174,,,,,,78.0,,,,,,,,
2025-10-17 00:03:13.373,13.0157977,77.5656174,,21.1764705882353,,,,,,,,,,,,
2025-10-17 00:03:13.435,13.0157977,77.5656174,,21.1764705882353,,,,,,,,,,,,
2025-10-17 00:03:13.504,13.0157977,77.5656174,,,,,,78.0,,,,,,,,
2025-10-17 00:03:13.550,13.0157977,77.5656174,,21.5686274509804,,,,,,,,,,,,
2025-10-17 00:03:13.597,13.0157977,77.5656174,,21.1764705882353,,,,,,,,,,,,
2025-10-17 00:03:13.642,13.0157977,77.5656174,,,,,,78.0,,,,,,,,
2025-10-17 00:03:13.690,13.0157977,77.5656174,,21.1764705882353,,,,,,,,,,,,
2025-10-17 00:03:13.738,13.0157977,77.5656174,,21.1764705882353,,,,,,,,,,,,
2025-10-17 00:03:13.784,13.0157977,77.5656174,,,,,,78.0,,,,,,,,
2025-10-17 00:03:13.842,13.0157977,77.5656174,,21.1764705882353,,,,,,,,,,,,
2025-10-17 00:03:13.890,13.0157977,77.5656174,,21.1764705882353,,,,,,,,,,,,
2025-10-17 00:03:13.938,13.0157977,77.5656174,,,,,,78.0,,,,,,,,
2025-10-17 00:03:13.983,13.0157977,77.5656174,,21.1764705882353,,,,,,,,,,,,
2025-10-17 00:03:14.031,13.0157977,77.5656174,,21.1764705882353,,,,,,,,,,,,
2025-10-17 00:03:14.088,13.0157977,77.5656174,,,,,,78.0,,,,,,,,
2025-10-17 00:03:14.137,13.0157977,77.5656174,,21.1764705882353,,,,,,,,,,,,
2025-10-17 00:03:14.183,13.0157977,77.5656174,,21.1764705882353,,,,,,,,,,,,
2025-10-17 00:03:14.230,13.0157977,77.5656174,,,,,,78.0,,,,,,,,
2025-10-17 00:03:14.286,13.0157977,77.5656174,,21.1764705882353,,,,,,,,,,,,
2025-10-17 00:03:14.343,13.0157977,77.5656174,,21.1764705882353,,,,,,,,,,,,
2025-10-17 00:03:14.391,13.0157977,77.5656174,,,,,,78.0,,,,,,,,
2025-10-17 00:03:14.440,13.0157977,77.5656174,,21.1764705882353,,,,,,,,,,,,
2025-10-17 00:03:14.488,13.0157977,77.5656174,,21.1764705882353,,,,,,,,,,,,
2025-10-17 00:03:16.343,13.0157977,77.5656174,,36.8627450980392,,,,,,,,,,,,
2025-10-17 00:03:16.451,13.0157977,77.5656174,,,,,,78.0,,,,,,,,
2025-10-17 00:03:16.503,13.0157977,77.5656174,,36.078431372549,,,,,,,,,,,,
2025-10-17 00:03:16.565,13.0157977,77.5656174,,35.2941176470588,,,,,,,,,,,,
2025-10-17 00:03:16.617,13.0157977,77.5656174,,,,,,78.0,,,,,,,,
2025-10-17 00:03:16.680,13.0157977,77.5656174,,34.9019607843137,,,,,,,,,,,,
2025-10-17 00:03:16.728,13.0157977,77.5656174,,34.9019607843137,,,,,,,,,,,,
2025-10-17 00:03:16.791,13.0157977,77.5656174,,,,,,78.0,,,,,,,,
2025-10-17 00:03:16.840,13.0157977,77.5656174,,34.5098039215686,,,,,,,,,,,,
2025-10-17 00:03:16.889,13.0157977,77.5656174,,34.9019607843137,,,,,,,,,,,,
2025-10-17 00:03:16.954,13.0157977,77.5656174,,,,,,78.0,,,,,,,,
2025-10-17 00:03:17.007,13.0157977,77.5656174,,34.9019607843137,,,,,,,,,,,,
2025-10-17 00:03:17.058,13.0157977,77.5656174,,35.2941176470588,,,,,,,,,,,,
2025-10-17 00:03:17.106,13.0157977,77.5656174,,,,,,78.0,,,,,,,,
2025-10-17 00:03:17.167,13.0157977,77.5656174,,35.2941176470588,,,,,,,,,,,,
2025-10-17 00:03:17.220,13.0157977,77.5656174,,35.2941176470588,,,,,,,,,,,,
2025-10-17 00:03:17.292,13.0157977,77.5656174,,,,,,78.0,,,,,,,,
2025-10-17 00:03:17.377,13.0157977,77.5656174,,35.2941176470588,,,,,,,,,,,,
2025-10-17 00:03:17.428,13.0157977,77.5656174,,34.9019607843137,,,,,,,,,,,,
2025-10-17 00:03:17.479,13.0157977,77.5656174,,,,,,78.0,,,,,,,,
2025-10-17 00:03:17.528,13.0157977,77.5656174,,35.2941176470588,,,,,,,,,,,,
2025-10-17 00:03:17.588,13.0157977,77.5656174,,34.9019607843137,,,,,,,,,,,,
2025-10-17 00:03:28.315,13.0158083333333,77.565625,,21.1764705882353,,,,,,,,,,,,
2025-10-17 00:03:28.413,13.0158083333333,77.565625,,,,13.66,0.834434389140272,,,,16.392,,,,,
2025-10-17 00:03:28.516,13.0158083333333,77.565625,,21.5686274509804,,,,,,,,,,,,
2025-10-17 00:03:28.580,13.0158083333333,77.565625,,,,13.66,0.849886877828054,,,,16.392,,,,,
2025-10-17 00:03:28.716,13.0158083333333,77.565625,,21.1764705882353,,,,,,,,,,,,
2025-10-17 00:03:28.777,13.0158083333333,77.565625,,,,13.63,0.832601809954751,,,,16.356,,,,,
2025-10-17 00:03:28.883,13.01582,77.56562,,21.5686274509804,,,,,,,,,,,,
2025-10-17 00:03:28.932,13.01582,77.56562,,,,13.63,0.84802036199095,,,,16.356,,,,,
2025-10-17 00:03:29.117,13.01582,77.56562,,20.7843137254902,,,,,,,,,,,,
2025-10-17 00:03:29.182,13.01582,77.56562,,,,13.83,0.829174208144797,,,,16.596,,,,,
2025-10-17 00:03:29.286,13.01582,77.56562,,21.1764705882353,,,,,,,,,,,,
2025-10-17 00:03:29.336,13.01582,77.56562,,,,13.77,0.841153846153846,,,,16.524,,,,,
2025-10-17 00:03:29.439,13.01582,77.56562,,21.1764705882353,,,,,,,,,,,,
2025-10-17 00:03:29.488,13.01582,77.56562,,,,13.74,0.839321266968326,,,,16.488,,,,,
2025-10-17 00:03:29.615,13.01582,77.56562,,21.5686274509804,,,,,,,,,,,,
2025-10-17 00:03:29.664,13.01582,77.56562,,,,13.72,0.853619909502263,,,,16.464,,,,,
2025-10-17 00:03:29.767,13.01582,77.56562,,21.5686274509804,,,,,,,,,,,,
2025-10-17 00:03:29.815,13.01582,77.56562,,,,13.66,0.849886877828054,,,,16.392,,,,,
2025-10-17 00:03:29.946,13.01582,77.56562,,21.1764705882353,,,,,,,,,,,,
2025-10-17 00:03:29.995,13.01582,77.56562,,,,13.77,0.841153846153846,,,,16.524,,,,,
2025-10-17 00:03:30.110,13.01582,77.56562,,21.1764705882353,,,,,,,,,,,,
2025-10-17 00:03:30.161,13.01582,77.56562,,,,13.72,0.838099547511312,,,,16.464,,,,,
2025-10-17 00:03:30.283,13.01582,77.5656216666667,,21.5686274509804,,,,,,,,,,,,
2025-10-17 00:03:30.342,13.01582,77.5656216666667,,,,13.77,0.856730769230769,,,,16.524,,,,,
2025-10-17 00:03:30.442,13.01582,77.5656216666667,,21.5686274509804,,,,,,,,,,,,
2025-10-17 00:03:30.514,13.01582,77.5656216666667,,,,13.69,0.851753393665158,,,,16.428,,,,,
2025-10-17 00:03:30.619,13.01582,77.5656216666667,,21.1764705882353,,,,,,,,,,,,
2025-10-17 00:03:30.666,13.01582,77.5656216666667,,,,13.61,0.831380090497737,,,,16.332,,,,,
2025-10-17 00:03:30.771,13.01582,77.5656216666667,,21.1764705882353,,,,,,,,,,,,
2025-10-17 00:03:30.821,13.01582,77.5656216666667,,,,13.66,0.834434389140272,,,,16.392,,,,,
2025-10-17 00:03:30.925,13.01582,77.5656216666667,,21.5686274509804,,,,,,,,,,,,
2025-10-17 00:03:30.975,13.01582,77.5656216666667,,,,13.61,0.846776018099548,,,,16.332,,,,,
2025-10-17 00:03:31.078,13.01582,77.5656216666667,,21.5686274509804,,,,,,,,,,,,
2025-10-17 00:03:31.128,13.01582,77.5656216666667,,,,13.69,0.851753393665158,,,,16.428,,,,,
2025-10-17 00:03:31.232,13.01582,77.5656216666667,,21.5686274509804,,,,,,,,,,,,
2025-10-17 00:03:31.279,13.01582,77.5656216666667,,,,13.66,0.849886877828054,,,,16.392,,,,,
2025-10-17 00:03:31.393,13.01582,77.5656216666667,,21.1764705882353,,,,,,,,,,,,
2025-10-17 00:03:31.445,13.01582,77.5656216666667,,,,13.72,0.838099547511312,,,,16.464,,,,,
2025-10-17 00:03:31.582,13.01582,77.5656216666667,,21.5686274509804,,,,,,,,,,,,
2025-10-17 00:03:31.631,13.01582,77.5656216666667,,,,13.72,0.853619909502263,,,,16.464,,,,,
2025-10-17 00:03:31.766,13.01582,77.5656216666667,,21.5686274509804,,,,,,,,,,,,
2025-10-17 00:03:31.828,13.01582,77.5656216666667,,,,13.66,0.849886877828054,,,,16.392,,,,,
2025-10-17 00:03:31.952,13.01582,77.5656216666667,,21.5686274509804,,,,,,,,,,,,
2025-10-17 00:03:32.010,13.01582,77.5656183333333,,,,13.72,0.853619909502263,,,,16.464,,,,,
2025-10-17 00:03:32.165,13.01582,77.5656183333333,,21.5686274509804,,,,,,,,,,,,
2025-10-17 00:03:32.223,13.01582,77.5656183333333,,,,13.61,0.846776018099548,,,,16.332,,,,,
2025-10-17 00:03:32.329,13.01582,77.5656183333333,,21.1764705882353,,,,,,,,,,,,
2025-10-17 00:03:32.377,13.01582,77.5656183333333,,,,13.63,0.832601809954751,,,,16.356,,,,,
2025-10-17 00:03:32.479,13.01582,77.5656183333333,,21.1764705882353,,,,,,,,,,,,
2025-10-17 00:03:32.529,13.01582,77.5656183333333,,,,13.66,0.834434389140272,,,,16.392,,,,,
2025-10-17 00:03:32.647,13.01582,77.5656183333333,,21.1764705882353,,,,,,,,,,,,
2025-10-17 00:03:32.711,13.01582,77.5656183333333,,,,13.77,0.841153846153846,,,,16.524,,,,,
2025-10-17 00:03:32.850,13.01582,77.5656183333333,,21.5686274509804,,,,,,,,,,,,
2025-10-17 00:03:32.907,13.0157847,77.5656106,,,,13.66,0.849886877828054,,,,16.392,,,,,
2025-10-17 00:03:33.019,13.0157847,77.5656106,,21.5686274509804,,,,,,,,,,,,
2025-10-17 00:03:33.088,13.0157847,77.5656106,,,,13.61,0.846776018099548,,,,16.332,,,,,
2025-10-17 00:03:33.189,13.0157847,77.5656106,,21.5686274509804,,,,,,,,,,,,
2025-10-17 00:03:33.237,13.0157847,77.5656106,,,,13.61,0.846776018099548,,,,16.332,,,,,
2025-10-17 00:03:33.333,13.0157847,77.5656106,,21.5686274509804,,,,,,,,,,,,
2025-10-17 00:03:33.392,13.0157847,77.5656106,,,,13.61,0.846776018099548,,,,16.332,,,,,
2025-10-17 00:03:33.500,13.0157847,77.5656106,,21.5686274509804,,,,,,,,,,,,
2025-10-17 00:03:33.547,13.0157847,77.5656106,,,,13.66,0.849886877828054,,,,16.392,,,,,
2025-10-17 00:03:33.651,13.0157847,77.5656106,,21.1764705882353,,,,,,,,,,,,
2025-10-17 00:03:33.697,13.0157847,77.5656106,,,,13.63,0.832601809954751,,,,16.356,,,,,
2025-10-17 00:03:33.805,13.0157847,77.5656106,,21.1764705882353,,,,,,,,,,,,
2025-10-17 00:03:33.851,13.0157847,77.5656106,,,,13.69,0.836266968325792,,,,16.428,,,,,
2025-10-17 00:03:33.959,13.0157847,77.5656106,,21.5686274509804,,,,,,,,,,,,
2025-10-17 00:03:34.005,13.0157847,77.5656106,,,,13.74,0.854864253393665,,,,16.488,,,,,
2025-10-17 00:03:34.099,13.0157847,77.5656106,,21.5686274509804,,,,,,,,,,,,
2025-10-17 00:03:34.156,13.0157847,77.5656106,,,,13.69,0.851753393665158,,,,16.428,,,,,
2025-10-17 00:03:34.258,13.0157847,77.5656106,,21.1764705882353,,,,,,,,,,,,
2025-10-17 00:03:34.307,13.0157847,77.5656106,,,,13.77,0.841153846153846,,,,16.524,,,,,
2025-10-17 00:03:34.426,13.0157847,77.5656106,,21.1764705882353,,,,,,,,,,,,
2025-10-17 00:03:34.475,13.0157847,77.5656106,,,,13.66,0.834434389140272,,,,16.392,,,,,
2025-10-17 00:03:34.567,13.0157847,77.5656106,,21.1764705882353,,,,,,,,,,,,
2025-10-17 00:03:34.613,13.0157847,77.5656106,,,,13.63,0.832601809954751,,,,16.356,,,,,
2025-10-17 00:03:34.708,13.0157847,77.5656106,,21.5686274509804,,,,,,,,,,,,
2025-10-17 00:03:34.753,13.0157847,77.5656106,,,,13.72,0.853619909502263,,,,16.464,,,,,
2025-10-17 00:03:34.854,13.0157847,77.5656106,,21.1764705882353,,,,,,,,,,,,
2025-10-17 00:03:34.899,13.0157847,77.5656106,,,,13.77,0.841153846153846,,,,16.524,,,,,
2025-10-17 00:03:35.006,13.0157847,77.5656106,,21.5686274509804,,,,,,,,,,,,
2025-10-17 00:03:35.059,13.0157847,77.5656106,,,,13.74,0.854864253393665,,,,16.488,,,,,
2025-10-17 00:03:35.170,13.0157847,77.5656106,,21.1764705882353,,,,,,,,,,,,
2025-10-17 00:03:35.223,13.0157847,77.5656106,,,,13.69,0.836266968325792,,,,16.428,,,,,
2025-10-17 00:03:35.355,13.0157847,77.5656106,,21.1764705882353,,,,,,,,,,,,
2025-10-17 00:03:35.403,13.0157847,77.5656106,,,,13.63,0.832601809954751,,,,16.356,,,,,
2025-10-17 00:03:35.531,13.0157847,77.5656106,,21.1764705882353,,,,,,,,,,,,
2025-10-17 00:03:35.579,13.0157847,77.5656106,,,,13.66,0.834434389140272,,,,16.392,,,,,
2025-10-17 00:03:35.706,13.0157847,77.5656106,,21.1764705882353,,,,,,,,,,,,
2025-10-17 00:03:35.753,13.0157847,77.5656106,,,,13.69,0.836266968325792,,,,16.428,,,,,
2025-10-17 00:03:35.880,13.0157847,77.5656106,,21.5686274509804,,,,,,,,,,,,
2025-10-17 00:03:35.929,13.0157847,77.5656106,,,,13.63,0.84802036199095,,,,16.356,,,,,
2025-10-17 00:03:36.045,13.0157847,77.5656106,,21.1764705882353,,,,,,,,,,,,
2025-10-17 00:03:36.090,13.0157847,77.5656106,,,,13.74,0.839321266968326,,,,16.488,,,,,
2025-10-17 00:03:41.056,13.0158566666667,77.5656216666667,,,,,,,0.298332989215851,,,,,,,
2025-10-17 00:03:42.818,13.0158566666667,77.5656216666667,,,,,,,0.0,,,,,,,
2025-10-17 00:04:09.472,13.01583,77.5656283333333,,,,,,,0.124151006340981,,,,,,,
2025-10-17 00:04:10.716,13.0158283333333,77.56564,,,,,,,0.101914997398853,,,,,,,
2025-10-17 00:04:12.954,13.0158283333333,77.5656433333333,,,,,,,0.0,,,,,,,
2025-10-17 00:04:21.231,13.015857,77.5656766,801.0,,,,,,,,,,,,,
2025-10-17 00:04:21.405,13.015857,77.5656766,,,,,,79.0,,,,,,,,
2025-10-17 00:04:21.466,13.015857,77.5656766,800.0,,,,,,,,,,,,,
2025-10-17 00:04:21.560,13.0158183333333,77.56565,800.0,,,,,,,,,,,,,
2025-10-17 00:04:21.656,13.0158183333333,77.56565,,,,,,79.0,,,,,,,,
2025-10-17 00:04:21.703,13.0158183333333,77.56565,798.0,,,,,,,,,,,,,
2025-10-17 00:04:21.802,13.0158183333333,77.56565,798.0,,,,,,,,,,,,,
2025-10-17 00:04:21.913,13.0158183333333,77.56565,,,,,,79.0,,,,,,,,
2025-10-17 00:04:21.964,13.0158183333333,77.56565,800.0,,,,,,,,,,,,,
2025-10-17 00:04:22.074,13.0158183333333,77.56565,802.0,,,,,,,,,,,,,
2025-10-17 00:04:22.206,13.0158183333333,77.56565,,,,,,79.0,,,,,,,,
2025-10-17 00:04:22.255,13.0158183333333,77.56565,798.0,,,,,,,,,,,,,
2025-10-17 00:04:22.358,13.0158183333333,77.56565,798.0,,,,,,,,,,,,,
2025-10-17 00:04:22.456,13.0158183333333,77.56565,,,,,,79.0,,,,,,,,
2025-10-17 00:04:22.506,13.0158183333333,77.56565,801.0,,,,,,,,,,,,,
2025-10-17 00:04:22.617,13.0158183333333,77.56565,799.0,,,,,,,,,,,,,
2025-10-17 00:04:22.732,13.0158183333333,77.56565,,,,,,79.0,,,,,,,,
2025-10-17 00:04:22.792,13.0158183333333,77.56565,799.0,,,,,,,,,,,,,
2025-10-17 00:04:22.885,13.0158183333333,77.56565,800.0,,,,,,,,,,,,,
2025-10-17 00:04:22.989,13.0158183333333,77.56565,,,,,,79.0,,,,,,,,
2025-10-17 00:04:23.037,13.0158183333333,77.56565,801.0,,,,,,,,,,,,,
2025-10-17 00:04:23.151,13.0158183333333,77.56565,801.0,,,,,,,,,,,,,
2025-10-17 00:04:23.274,13.0158183333333,77.56565,,,,,,79.0,,,,,,,,
2025-10-17 00:04:23.324,13.01582,77.5656616666667,799.0,,,,,,,,,,,,,
2025-10-17 00:04:23.435,13.01582,77.5656616666667,801.0,,,,,,,,,,,,,
2025-10-17 00:04:23.534,13.01582,77.5656616666667,,,,,,79.0,,,,,,,,
2025-10-17 00:04:23.583,13.01582,77.5656616666667,801.0,,,,,,,,,,,,,
2025-10-17 00:04:23.740,13.01582,77.5656616666667,802.0,,,,,,,,,,,,,
2025-10-17 00:04:23.854,13.01582,77.5656616666667,,,,,,79.0,,,,,,,,
2025-10-17 00:04:23.908,13.01582,77.5656616666667,798.0,,,,,,,,,,,,,
2025-10-17 00:04:24.013,13.01582,77.5656616666667,798.0,,,,,,,,,,,,,
2025-10-17 00:04:24.118,13.01582,77.5656616666667,,,,,,79.0,,,,,,,,
2025-10-17 00:04:24.168,13.01582,77.5656616666667,800.0,,,,,,,,,,,,,
2025-10-17 00:04:24.269,13.01582,77.5656616666667,802.0,,,,,,,,,,,,,
2025-10-17 00:04:24.368,13.01582,77.5656616666667,,,,,,79.0,,,,,,,,
2025-10-17 00:04:24.435,13.01582,77.5656616666667,801.0,,,,,,,,,,,,,
2025-10-17 00:04:24.597,13.01582,77.5656616666667,801.0,,,,,,,,,,,,,
2025-10-17 00:04:24.701,13.01582,77.5656616666667,,,,,,79.0,,,,,,,,
2025-10-17 00:04:24.751,13.01582,77.5656616666667,798.0,,,,,,,,,,,,,
2025-10-17 00:04:24.866,13.01582,77.5656616666667,801.0,,,,,,,,,,,,,
2025-10-17 00:04:24.978,13.01582,77.5656616666667,,,,,,79.0,,,,,,,,
2025-10-17 00:04:25.029,13.01582,77.5656616666667,801.0,,,,,,,,,,,,,
2025-10-17 00:04:25.132,13.0158216666667,77.565655,801.0,,,,,,,,,,,,,
2025-10-17 00:04:25.229,13.0158216666667,77.565655,,,,,,79.0,,,,,,,,
2025-10-17 00:04:25.281,13.0158216666667,77.565655,798.0,,,,,,,,,,,,,
2025-10-17 00:04:25.390,13.0158216666667,77.565655,798.0,,,,,,,,,,,,,
2025-10-17 00:04:25.491,13.0158216666667,77.565655,,,,,,79.0,,,,,,,,
2025-10-17 00:04:25.541,13.0158216666667,77.565655,801.0,,,,,,,,,,,,,
2025-10-17 00:04:25.641,13.0158216666667,77.565655,801.0,,,,,,,,,,,,,
2025-10-17 00:04:25.742,13.0158216666667,77.565655,,,,,,79.0,,,,,,,,
2025-10-17 00:04:25.792,13.0158216666667,77.565655,801.0,,,,,,,,,,,,,
2025-10-17 00:04:25.892,13.0158216666667,77.565655,798.0,,,,,,,,,,,,,
2025-10-17 00:04:25.995,13.0158216666667,77.565655,,,,,,79.0,,,,,,,,
2025-10-17 00:04:26.057,13.0158216666667,77.565655,800.0,,,,,,,,,,,,,
2025-10-17 00:04:26.158,13.0158216666667,77.565655,800.0,,,,,,,,,,,,,
2025-10-17 00:04:26.294,13.0158216666667,77.565655,,,,,,79.0,,,,,,,,
2025-10-17 00:04:26.345,13.0158216666667,77.565655,800.0,,,,,,,,,,,,,
2025-10-17 00:04:26.444,13.0158216666667,77.565655,798.0,,,,,,,,,,,,,
2025-10-17 00:04:26.558,13.0158216666667,77.565655,,,,,,79.0,,,,,,,,
2025-10-17 00:04:26.608,13.0158216666667,77.565655,798.0,,,,,,,,,,,,,
2025-10-17 00:04:26.708,13.0158216666667,77.565655,815.0,,,,,,,,,,,,,
2025-10-17 00:04:26.817,13.0158216666667,77.565655,,,,,,79.0,,,,,,,,
2025-10-17 00:04:26.869,13.0158216666667,77.565655,820.0,,,,,,,,,,,,,
2025-10-17 00:04:26.964,13.0158216666667,77.565655,820.0,,,,,,,,,,,,,
2025-10-17 00:04:27.067,13.0158216666667,77.565655,,,,,,79.0,,,,,,,,
2025-10-17 00:04:27.106,13.0158216666667,77.565655,827.0,,,,,,,,,,,,,
2025-10-17 00:04:27.206,13.0158216666667,77.565655,827.0,,,,,,,,,,,,,
2025-10-17 00:04:27.307,13.0158216666667,77.565655,,,,,,79.0,,,,,,,,
2025-10-17 00:04:27.357,13.015815,77.5656483333333,817.0,,,,,,,,,,,,,
2025-10-17 00:04:27.453,13.015815,77.5656483333333,819.0,,,,,,,,,,,,,
2025-10-17 00:04:27.583,13.015815,77.5656483333333,,,,,,79.0,,,,,,,,
2025-10-17 00:04:27.655,13.015815,77.5656483333333,821.0,,,,,,,,,,,,,
2025-10-17 00:04:27.753,13.015815,77.5656483333333,821.0,,,,,,,,,,,,,
2025-10-17 00:04:27.865,13.015815,77.5656483333333,,,,,,79.0,,,,,,,,
2025-10-17 00:04:27.916,13.015815,77.5656483333333,827.0,,,,,,,,,,,,,
2025-10-17 00:04:28.016,13.015815,77.5656483333333,827.0,,,,,,,,,,,,,
2025-10-17 00:04:28.116,13.015815,77.5656483333333,,,,,,79.0,,,,,,,,
2025-10-17 00:04:28.168,13.015815,77.5656483333333,827.0,,,,,,,,,,,,,
2025-10-17 00:04:28.266,13.015815,77.5656483333333,827.0,,,,,,,,,,,,,
2025-10-17 00:04:28.367,13.015815,77.5656483333333,,,,,,79.0,,,,,,,,
2025-10-17 00:04:28.416,13.015815,77.5656483333333,828.0,,,,,,,,,,,,,
2025-10-17 00:04:28.547,13.015815,77.5656483333333,828.0,,,,,,,,,,,,,
2025-10-17 00:04:28.650,13.015815,77.5656483333333,,,,,,79.0,,,,,,,,
2025-10-17 00:04:28.713,13.015815,77.5656483333333,820.0,,,,,,,,,,,,,
2025-10-17 00:04:28.815,13.015815,77.5656483333333,827.0,,,,,,,,,,,,,
2025-10-17 00:04:28.955,13.015815,77.5656483333333,,,,,,79.0,,,,,,,,
2025-10-17 00:04:29.031,13.015815,77.5656483333333,827.0,,,,,,,,,,,,,
2025-10-17 00:04:29.123,13.015815,77.5656483333333,829.0,,,,,,,,,,,,,
2025-10-17 00:04:29.228,13.015815,77.5656483333333,,,,,,79.0,,,,,,,,
2025-10-17 00:04:29.281,13.015815,77.5656483333333,824.0,,,,,,,,,,,,,
2025-10-17 00:04:29.409,13.015815,77.5656483333333,824.0,,,,,,,,,,,,,
2025-10-17 00:04:29.519,13.015815,77.5656483333333,,,,,,79.0,,,,,,,,
2025-10-17 00:04:29.572,13.015815,77.5656483333333,826.0,,,,,,,,,,,,,
2025-10-17 00:04:29.669,13.0158083333333,77.5656483333333,824.0,,,,,,,,,,,,,
2025-10-17 00:04:29.770,13.0158083333333,77.5656483333333,,,,,,79.0,,,,,,,,
2025-10-17 00:04:29.817,13.0158083333333,77.5656483333333,825.0,,,,,,,,,,,,,
2025-10-17 00:04:29.940,13.0158083333333,77.5656483333333,825.0,,,,,,,,,,,,,
2025-10-17 00:04:30.054,13.0158083333333,77.5656483333333,,,,,,79.0,,,,,,,,
2025-10-17 00:04:30.103,13.0158083333333,77.5656483333333,826.0,,,,,,,,,,,,,
2025-10-17 00:04:30.208,13.0158083333333,77.5656483333333,826.0,,,,,,,,,,,,,
2025-10-17 00:04:30.320,13.0158083333333,77.5656483333333,,,,,,79.0,,,,,,,,
2025-10-17 00:04:30.370,13.0158083333333,77.5656483333333,825.0,,,,,,,,,,,,,
2025-10-17 00:04:30.485,13.0158083333333,77.5656483333333,827.0,,,,,,,,,,,,,
2025-10-17 00:04:30.590,13.0158083333333,77.5656483333333,,,,,,79.0,,,,,,,,
2025-10-17 00:04:30.640,13.0158083333333,77.5656483333333,827.0,,,,,,,,,,,,,
2025-10-17 00:04:30.761,13.0158083333333,77.5656483333333,827.0,,,,,,,,,,,,,
2025-10-17 00:04:30.859,13.0158,77.5656483333333,,,,,,79.0,,,,,,,,
2025-10-17 00:04:30.909,13.0158,77.5656483333333,822.0,,,,,,,,,,,,,
2025-10-17 00:04:31.009,13.0158,77.5656483333333,825.0,,,,,,,,,,,,,
2025-10-17 00:04:31.134,13.0158,77.5656483333333,,,,,,79.0,,,,,,,,
2025-10-17 00:04:31.187,13.0158,77.5656483333333,825.0,,,,,,,,,,,,,
2025-10-17 00:04:31.308,13.0158,77.5656483333333,825.0,,,,,,,,,,,,,
2025-10-17 00:04:31.411,13.0158,77.5656483333333,,,,,,79.0,,,,,,,,
2025-10-17 00:04:31.460,13.0158,77.5656483333333,826.0,,,,,,,,,,,,,
2025-10-17 00:04:31.563,13.0158,77.5656483333333,826.0,,,,,,,,,,,,,
2025-10-17 00:04:31.711,13.0158,77.5656483333333,,,,,,79.0,,,,,,,,
2025-10-17 00:04:31.769,13.0158,77.5656483333333,827.0,,,,,,,,,,,,,
2025-10-17 00:04:31.870,13.0158,77.5656483333333,823.0,,,,,,,,,,,,,
2025-10-17 00:04:31.987,13.0158,77.5656483333333,,,,,,79.0,,,,,,,,
2025-10-17 00:04:32.048,13.0158,77.5656483333333,826.0,,,,,,,,,,,,,
2025-10-17 00:04:32.161,13.0158,77.5656483333333,826.0,,,,,,,,,,,,,
2025-10-17 00:04:32.261,13.0158,77.5656483333333,,,,,,79.0,,,,,,,,
2025-10-17 00:04:32.311,13.0158,77.5656483333333,827.0,,,,,,,,,,,,,
2025-10-17 00:04:32.448,13.0158,77.5656483333333,824.0,,,,,,,,,,,,,
2025-10-17 00:04:32.550,13.0158,77.5656483333333,,,,,,79.0,,,,,,,,
2025-10-17 00:04:32.598,13.0158,77.5656483333333,824.0,,,,,,,,,,,,,
2025-10-17 00:04:32.701,13.0158,77.5656483333333,823.0,,,,,,,,,,,,,
2025-10-17 00:04:32.803,13.0158,77.5656483333333,,,,,,79.0,,,,,,,,
2025-10-17 00:04:32.855,13.0158,77.5656483333333,825.0,,,,,,,,,,,,,
2025-10-17 00:04:32.991,13.0158,77.5656483333333,825.0,,,,,,,,,,,,,
2025-10-17 00:04:33.127,13.0157916666667,77.56566,,,,,,79.0,,,,,,,,
2025-10-17 00:04:33.214,13.0157916666667,77.56566,826.0,,,,,,,,,,,,,
2025-10-17 00:04:33.336,13.0157916666667,77.56566,827.0,,,,,,,,,,,,,
2025-10-17 00:04:33.472,13.0157916666667,77.56566,,,,,,79.0,,,,,,,,
2025-10-17 00:04:33.523,13.0157916666667,77.56566,822.0,,,,,,,,,,,,,
2025-10-17 00:04:33.629,13.0157916666667,77.56566,825.0,,,,,,,,,,,,,
2025-10-17 00:04:33.711,13.0157916666667,77.56566,,,,,,79.0,,,,,,,,
2025-10-17 00:04:33.763,13.0157916666667,77.56566,825.0,,,,,,,,,,,,,
2025-10-17 00:04:33.862,13.0157916666667,77.56566,829.0,,,,,,,,,,,,,
2025-10-17 00:04:33.962,13.0157916666667,77.56566,,,,,,79.0,,,,,,,,
2025-10-17 00:04:34.009,13.0157916666667,77.56566,826.0,,,,,,,,,,,,,
2025-10-17 00:04:34.112,13.0157916666667,77.56566,826.0,,,,,,,,,,,,,
2025-10-17 00:04:34.215,13.0157916666667,77.56566,,,,,,79.0,,,,,,,,
2025-10-17 00:04:34.271,13.0157916666667,77.56566,825.0,,,,,,,,,,,,,
2025-10-17 00:04:34.369,13.0157916666667,77.56566,825.0,,,,,,,,,,,,,
2025-10-17 00:04:34.468,13.0157916666667,77.56566,,,,,,79.0,,,,,,,,
2025-10-17 00:04:34.513,13.0157916666667,77.56566,823.0,,,,,,,,,,,,,
2025-10-17 00:04:34.634,13.0157916666667,77.56566,826.0,,,,,,,,,,,,,
2025-10-17 00:04:34.774,13.0157916666667,77.56566,,,,,,79.0,,,,,,,,
2025-10-17 00:04:34.840,13.0157916666667,77.56566,825.0,,,,,,,,,,,,,
2025-10-17 00:04:34.931,13.01578,77.5656783333333,825.0,,,,,,,,,,,,,
2025-10-17 00:04:35.023,13.01578,77.5656783333333,,,,,,79.0,,,,,,,,
2025-10-17 00:04:35.078,13.01578,77.5656783333333,823.0,,,,,,,,,,,,,
2025-10-17 00:04:35.187,13.01578,77.5656783333333,823.0,,,,,,,,,,,,,
2025-10-17 00:04:35.286,13.01578,77.5656783333333,,,,,,79.0,,,,,,,,
2025-10-17 00:04:35.336,13.01578,77.5656783333333,824.0,,,,,,,,,,,,,
2025-10-17 00:04:35.435,13.01578,77.5656783333333,825.0,,,,,,,,,,,,,
2025-10-17 00:04:35.539,13.01578,77.5656783333333,,,,,,79.0,,,,,,,,
2025-10-17 00:04:35.597,13.01578,77.5656783333333,825.0,,,,,,,,,,,,,
2025-10-17 00:04:35.695,13.01578,77.5656783333333,826.0,,,,,,,,,,,,,
2025-10-17 00:04:35.781,13.01578,77.5656783333333,,,,,,79.0,,,,,,,,
2025-10-17 00:04:35.830,13.01578,77.5656783333333,825.0,,,,,,,,,,,,,
2025-10-17 00:04:35.967,13.01578,77.5656783333333,825.0,,,,,,,,,,,,,
2025-10-17 00:04:36.062,13.01578,77.5656783333333,,,,,,79.0,,,,,,,,
2025-10-17 00:04:36.110,13.01578,77.5656783333333,824.0,,,,,,,,,,,,,
2025-10-17 00:04:36.232,13.01578,77.5656783333333,823.0,,,,,,,,,,,,,
2025-10-17 00:04:36.358,13.01578,77.5656783333333,,,,,,79.0,,,,,,,,
2025-10-17 00:04:36.405,13.0158767,77.5656606,823.0,,,,,,,,,,,,,
2025-10-17 00:04:36.506,13.0158767,77.5656606,826.0,,,,,,,,,,,,,
2025-10-17 00:04:36.605,13.0158767,77.5656606,,,,,,79.0,,,,,,,,
2025-10-17 00:04:36.648,13.0158767,77.5656606,825.0,,,,,,,,,,,,,
2025-10-17 00:04:36.758,13.0158767,77.5656606,825.0,,,,,,,,,,,,,
2025-10-17 00:04:36.877,13.0158767,77.5656606,,,,,,79.0,,,,,,,,
2025-10-17 00:04:36.920,13.0158767,77.5656606,827.0,,,,,,,,,,,,,
2025-10-17 00:04:37.048,13.0158767,77.5656606,827.0,,,,,,,,,,,,,
2025-10-17 00:04:37.136,13.0158767,77.5656606,,,,,,79.0,,,,,,,,
2025-10-17 00:04:37.210,13.0158767,77.5656606,827.0,,,,,,,,,,,,,
2025-10-17 00:04:37.332,13.0158767,77.5656606,823.0,,,,,,,,,,,,,
2025-10-17 00:04:37.435,13.0158767,77.5656606,,,,,,79.0,,,,,,,,
2025-10-17 00:04:37.486,13.0158767,77.5656606,823.0,,,,,,,,,,,,,
2025-10-17 00:04:37.609,13.0158767,77.5656606,823.0,,,,,,,,,,,,,
2025-10-17 00:04:37.732,13.0158767,77.5656606,,,,,,79.0,,,,,,,,
2025-10-17 00:04:37.790,13.0158767,77.5656606,826.0,,,,,,,,,,,,,
2025-10-17 00:04:37.881,13.0158767,77.5656606,827.0,,,,,,,,,,,,,
2025-10-17 00:04:37.982,13.0158767,77.5656606,,,,,,79.0,,,,,,,,
2025-10-17 00:04:38.033,13.0158767,77.5656606,836.0,,,,,,,,,,,,,
2025-10-17 00:04:38.125,13.0158767,77.5656606,836.0,,,,,,,,,,,,,
2025-10-17 00:04:38.240,13.0158767,77.5656606,,,,,,79.0,,,,,,,,
2025-10-17 00:04:38.292,13.0158767,77.5656606,843.0,,,,,,,,,,,,,
2025-10-17 00:04:38.387,13.0158767,77.5656606,843.0,,,,,,,,,,,,,
2025-10-17 00:04:38.531,13.0158767,77.5656606,,,,,,79.0,,,,,,,,
2025-10-17 00:04:38.581,13.0158767,77.5656606,832.0,,,,,,,,,,,,,
2025-10-17 00:04:38.701,13.0158767,77.5656606,822.0,,,,,,,,,,,,,
2025-10-17 00:04:38.805,13.0158767,77.5656606,,,,,,79.0,,,,,,,,
2025-10-17 00:04:38.855,13.0158767,77.5656606,818.0,,,,,,,,,,,,,
2025-10-17 00:04:38.956,13.0158767,77.5656606,818.0,,,,,,,,,,,,,
2025-10-17 00:04:39.105,13.0158767,77.5656606,,,,,,79.0,,,,,,,,
2025-10-17 00:04:39.152,13.0158767,77.5656606,806.0,,,,,,,,,,,,,
2025-10-17 00:04:39.251,13.0158767,77.5656606,804.0,,,,,,,,,,,,,
2025-10-17 00:04:39.354,13.0158767,77.5656606,,,,,,79.0,,,,,,,,
2025-10-17 00:04:39.401,13.0158767,77.5656606,804.0,,,,,,,,,,,,,
2025-10-17 00:04:40.239,13.0158767,77.5656606,,21.5686274509804,,,,,,,,,,,,
2025-10-17 00:04:40.316,13.0158767,77.5656606,,,,13.77,0.856730769230769,,,,16.524,,,,,
2025-10-17 00:04:40.437,13.0158767,77.5656606,803.0,,,,,,,,,,,,,
2025-10-17 00:04:40.489,13.0158767,77.5656606,,20.7843137254902,,,,,,,,,,,,
2025-10-17 00:04:40.550,13.0158767,77.5656606,,,,13.72,0.822579185520362,,,,16.464,,,,,
2025-10-17 00:04:40.655,13.0158767,77.5656606,803.0,,,,,,,,,,,,,
2025-10-17 00:04:40.703,13.0158767,77.5656606,,21.1764705882353,,,,,,,,,,,,
2025-10-17 00:04:40.752,13.0158767,77.5656606,,,,13.66,0.834434389140272,,,,16.392,,,,,
2025-10-17 00:04:40.858,13.0158767,77.5656606,797.0,,,,,,,,,,,,,
2025-10-17 00:04:40.910,13.0158767,77.5656606,,21.1764705882353,,,,,,,,,,,,
2025-10-17 00:04:40.961,13.0158767,77.5656606,,,,13.77,0.841153846153846,,,,16.524,,,,,
2025-10-17 00:04:41.072,13.0158767,77.5656606,801.0,,,,,,,,,,,,,
2025-10-17 00:04:41.135,13.0158767,77.5656606,,21.1764705882353,,,,,,,,,,,,
2025-10-17 00:04:41.206,13.0158767,77.5656606,,,,13.72,0.838099547511312,,,,16.464,,,,,
2025-10-17 00:04:41.323,13.0158767,77.5656606,802.0,,,,,,,,,,,,,
2025-10-17 00:04:41.374,13.0158767,77.5656606,,21.1764705882353,,,,,,,,,,,,
2025-10-17 00:04:41.422,13.0158767,77.5656606,,,,13.69,0.836266968325792,,,,16.428,,,,,
2025-10-17 00:04:41.543,13.0158767,77.5656606,798.0,,,,,,,,,,,,,
2025-10-17 00:04:41.596,13.0158767,77.5656606,,21.1764705882353,,,,,,,,,,,,
2025-10-17 00:04:41.649,13.0158767,77.5656606,,,,13.72,0.838099547511312,,,,16.464,,,,,
2025-10-17 00:04:41.757,13.0158767,77.5656606,800.0,,,,,,,,,,,,,
2025-10-17 00:04:41.819,13.0158767,77.5656606,,21.1764705882353,,,,,,,,,,,,
2025-10-17 00:04:41.868,13.0158767,77.5656606,,,,13.66,0.834434389140272,,,,16.392,,,,,
2025-10-17 00:04:41.967,13.0158767,77.5656606,800.0,,,,,,,,,,,,,
2025-10-17 00:04:42.016,13.0158767,77.5656606,,21.5686274509804,,,,,,,,,,,,
2025-10-17 00:04:42.066,13.0158767,77.5656606,,,,13.69,0.851753393665158,,,,16.428,,,,,
2025-10-17 00:04:42.184,13.0157733333333,77.5656816666667,798.0,,,,,,,,,,,,,
2025-10-17 00:04:42.237,13.0157733333333,77.5656816666667,,21.1764705882353,,,,,,,,,,,,
2025-10-17 00:04:42.298,13.0157733333333,77.5656816666667,,,,13.74,0.839321266968326,,,,16.488,,,,,
2025-10-17 00:04:42.400,13.0157733333333,77.5656816666667,801.0,,,,,,,,,,,,,
2025-10-17 00:04:42.449,13.0157733333333,77.5656816666667,,21.1764705882353,,,,,,,,,,,,
2025-10-17 00:04:42.500,13.0157733333333,77.5656816666667,,,,13.72,0.838099547511312,,,,16.464,,,,,
2025-10-17 00:04:42.608,13.0157733333333,77.5656816666667,801.0,,,,,,,,,,,,,
2025-10-17 00:04:42.659,13.0157733333333,77.5656816666667,,21.1764705882353,,,,,,,,,,,,
2025-10-17 00:04:42.709,13.0157733333333,77.5656816666667,,,,13.63,0.832601809954751,,,,16.356,,,,,
2025-10-17 00:04:42.839,13.0157733333333,77.5656816666667,800.0,,,,,,,,,,,,,
2025-10-17 00:04:42.888,13.0157733333333,77.5656816666667,,21.1764705882353,,,,,,,,,,,,
2025-10-17 00:04:42.947,13.0157733333333,77.5656816666667,,,,13.69,0.836266968325792,,,,16.428,,,,,
2025-10-17 00:04:43.063,13.0157733333333,77.5656816666667,802.0,,,,,,,,,,,,,
2025-10-17 00:04:43.113,13.0157733333333,77.5656816666667,,21.1764705882353,,,,,,,,,,,,
2025-10-17 00:04:43.166,13.0157733333333,77.5656816666667,,,,13.66,0.834434389140272,,,,16.392,,,,,
2025-10-17 00:04:43.274,13.0157733333333,77.5656816666667,798.0,,,,,,,,,,,,,
2025-10-17 00:04:43.325,13.0157733333333,77.5656816666667,,20.7843137254902,,,,,,,,,,,,
2025-10-17 00:04:43.374,13.0157733333333,77.5656816666667,,,,13.63,0.817183257918552,,,,16.356,,,,,
2025-10-17 00:04:43.484,13.0157733333333,77.5656816666667,801.0,,,,,,,,,,,,,
2025-10-17 00:04:43.533,13.0157733333333,77.5656816666667,,21.1764705882353,,,,,,,,,,,,
2025-10-17 00:04:43.583,13.0157733333333,77.5656816666667,,,,13.66,0.834434389140272,,,,16.392,,,,,
2025-10-17 00:04:43.690,13.0157733333333,77.5656816666667,801.0,,,,,,,,,,,,,
2025-10-17 00:04:43.740,13.0157733333333,77.5656816666667,,21.1764705882353,,,,,,,,,,,,
2025-10-17 00:04:43.791,13.0157733333333,77.5656816666667,,,,13.63,0.832601809954751,,,,16.356,,,,,
2025-10-17 00:04:43.899,13.0157733333333,77.5656816666667,797.0,,,,,,,,,,,,,
2025-10-17 00:04:43.949,13.0157733333333,77.5656816666667,,21.1764705882353,,,,,,,,,,,,
2025-10-17 00:04:44.000,13.0157733333333,77.5656816666667,,,,13.74,0.839321266968326,,,,16.488,,,,,
2025-10-17 00:04:44.109,13.0157733333333,77.5656816666667,799.0,,,,,,,,,,,,,
2025-10-17 00:04:44.158,13.0157733333333,77.5656816666667,,20.7843137254902,,,,,,,,,,,,
2025-10-17 00:04:44.229,13.0157733333333,77.5656816666667,,,,13.69,0.820780542986425,,,,16.428,,,,,
2025-10-17 00:04:44.348,13.0157733333333,77.5656816666667,802.0,,,,,,,,,,,,,
2025-10-17 00:04:44.395,13.0157733333333,77.5656816666667,,21.1764705882353,,,,,,,,,,,,
2025-10-17 00:04:44.465,13.0157733333333,77.5656816666667,,,,13.72,0.838099547511312,,,,16.464,,,,,
2025-10-17 00:04:44.619,13.0157733333333,77.5656816666667,798.0,,,,,,,,,,,,,
2025-10-17 00:04:44.850,13.0157733333333,77.5656816666667,802.0,,,,,,,,,,,,,
2025-10-17 00:04:44.999,13.0157733333333,77.56568,,,,,,79.0,,,,,,,,
2025-10-17 00:04:45.051,13.0157733333333,77.56568,798.0,,,,,,,,,,,,,
2025-10-17 00:04:45.144,13.0157733333333,77.56568,798.0,,,,,,,,,,,,,
2025-10-17 00:04:45.251,13.0157733333333,77.56568,,,,,,79.0,,,,,,,,
2025-10-17 00:04:45.298,13.0157733333333,77.56568,799.0,,,,,,,,,,,,,
2025-10-17 00:04:45.392,13.0157733333333,77.56568,799.0,,,,,,,,,,,,,
2025-10-17 00:04:45.495,13.0157733333333,77.56568,,,,,,79.0,,,,,,,,
2025-10-17 00:04:45.570,13.0157733333333,77.56568,801.0,,,,,,,,,,,,,
2025-10-17 00:05:12.984,13.0157833333333,77.5656733333333,,,,,,,0.135269004106522,,,,,,,
2025-10-17 00:05:14.254,13.015783333333298,77.5656666666667,,,,,,,0.0,,,,,,,
2025-10-17 00:05:16.910,13.0157866666667,77.5656733333333,,,,,,,0.0,,,,,,,
2025-10-17 00:05:17.266,13.0157866666667,77.5656733333333,,,,,,,0.0463249985128641,,,,,,,
2025-10-17 00:05:17.273,13.015775,77.5656566666667,,,,,,,0.0463249985128641,,,,,,,
2025-10-17 00:05:17.279,13.015775,77.5656566666667,,,,,,,0.0463249985128641,,,,,,,
2025-10-17 00:05:17.417,13.015775,77.5656566666667,,,,,,,,,,12.6,,,,
2025-10-17 00:05:17.808,13.0159259,77.5656373,,,,,,,0.0,,,,,,,
2025-10-17 00:05:17.809,13.0159259,77.5656373,,,,,,,0.0,,,,,,,
2025-10-17 00:05:17.818,13.0159259,77.5656373,,,,,,,0.0778259977698326,,,,,,,
2025-10-17 00:05:17.948,13.0159259,77.5656373,,,,,,,0.0,,,,,,,
2025-10-17 00:05:18.609,13.0159259,77.5656373,,,,,,,0.127857001125813,,,,,,,
2025-10-17 00:05:18.612,13.0159259,77.5656373,,,,,,,0.127857001125813,,,,,,,
2025-10-17 00:05:18.624,13.0159259,77.5656373,,,,,,,0.127857001125813,,,,,,,
2025-10-17 00:05:18.677,13.0159259,77.5656373,,,,,,,0.0,,,,,,,
2025-10-17 00:05:19.104,13.0159259,77.5656373,,,,,,,0.252007994055748,,,,,,,
2025-10-17 00:05:19.105,13.0159259,77.5656373,,,,,,,0.252007994055748,,,,,,,
2025-10-17 00:05:19.113,13.0159259,77.5656373,,,,,,,0.252007994055748,,,,,,,
2025-10-17 00:05:19.254,13.0159259,77.5656373,,,,,,,0.0,,,,,,,
2025-10-17 00:05:20.079,13.0159259,77.5656373,,,,,,,0.370599988102913,,,,,,,
2025-10-17 00:05:20.082,13.0157166666667,77.56565,,,,,,,0.370599988102913,,,,,,,
2025-10-17 00:05:20.083,13.0157166666667,77.56565,,,,,,,0.370599988102913,,,,,,,
2025-10-17 00:05:20.097,13.0157166666667,77.56565,,,,,,,0.0,,,,,,,
2025-10-17 00:05:20.100,13.0157166666667,77.56565,,,,,,,0.370599988102913,,,,,,,
2025-10-17 00:05:20.221,13.0157166666667,77.56565,,,,,,,0.0,,,,,,,
2025-10-17 00:05:21.571,13.015715,77.5656483333333,,,,,,,0.322421988844872,,,,,,,
2025-10-17 00:05:21.572,13.015715,77.5656483333333,,,,,,,0.322421988844872,,,,,,,
2025-10-17 00:05:21.588,13.015715,77.5656483333333,,,,,,,0.0,,,,,,,
2025-10-17 00:05:21.595,13.015715,77.5656483333333,,,,,,,0.322421988844872,,,,,,,
2025-10-17 00:05:21.710,13.015715,77.5656483333333,,,,,,,0.0,,,,,,,
2025-10-17 00:05:22.583,13.015715,77.56565,,,,,,,0.252007994055748,,,,,,,
2025-10-17 00:05:22.586,13.015715,77.56565,,,,,,,0.252007994055748,,,,,,,
2025-10-17 00:05:22.596,13.015715,77.56565,,,,,,,0.0,,,,,,,
2025-10-17 00:05:22.605,13.015715,77.56565,,,,,,,0.252007994055748,,,,,,,
2025-10-17 00:05:22.729,13.015715,77.56565,,,,,,,0.0,,,,,,,
2025-10-17 00:05:23.581,13.01572,77.56565,,,,,,,0.179740995168686,,,,,,,
2025-10-17 00:05:24.850,13.0157216666667,77.56565,,,,,,,0.0,,,,,,,
