timestamp,Engine RPM,Calculated engine load value,Intake manifold absolute pressure,MAF air flow rate,Calculated instant fuel rate,Engine coolant temperature,Speed (GPS),Fuel rail pressure,Power from MAF,OBD Module Voltage,Barometric pressure,Ambient air temperature,Intake air temperature,Throttle position (manifold),LATITUDE,LONGITUDE
2025-10-17 00:00:00.000,,,,,,,,,,,,,,,13.0157822,77.5656214
2025-10-17 00:00:00.000,,,,,,,0.0,,,,,,,,13.0157822,77.5656214
2025-10-17 00:00:00.008,,,,,,,,,,,,,,,13.0157822,77.5656214
2025-10-17 00:00:00.009,,,,,,,,,,,,,,,13.0157822,77.5656214
2025-10-17 00:00:00.013,,,,,,,,,,,,,,,13.0157822,77.5656214
2025-10-17 00:00:00.013,,,,,,,,,,,,,,,13.0157822,77.5656214
2025-10-17 00:00:00.013,,,,,,,0.0,,,,,,,,13.0157822,77.5656214
2025-10-17 00:00:00.014,,,,,,,,,,,,,,,13.0157822,77.5656214
2025-10-17 00:00:00.014,,,,,,,,,,,,,,,13.0157822,77.5656214
2025-10-17 00:00:00.014,,,,,,,0.0,,,,,,,,13.0157822,77.5656214
2025-10-17 00:00:04.772,,,,,,,,,,,,,,,13.0157822,77.5656214
2025-10-17 00:00:04.772,,,,,,,0.0,,,,,,,,13.0157822,77.5656214
2025-10-17 00:00:04.773,,,,,,,,,,,,,,,13.0157822,77.5656214
2025-10-17 00:00:04.773,,,,,,,,,,,,,,,13.0157822,77.5656214
2025-10-17 00:00:04.773,,,,,,,,,,,,,,,13.0157822,77.5656214
2025-10-17 00:00:04.773,,,,,,,0.0,,,,,,,,13.0157822,77.5656214
2025-10-17 00:00:04.827,,,,,,,,,,,,,,,13.0157822,77.5656214
2025-10-17 00:00:04.827,,,,,,,,,,,,,,,13.0157822,77.5656214
2025-10-17 00:00:04.827,,,,,,,0.0,,,,,,,,13.0157822,77.5656214
2025-10-17 00:00:05.247,,,,,,,,,,,,,,,13.0159218,77.5656546
2025-10-17 00:00:05.248,,,,,,,,,,,,,,,13.0159218,77.5656546
2025-10-17 00:00:05.248,,,,,,,,,,,,,,,13.0159218,77.5656546
2025-10-17 00:00:05.248,,,,,,,,,,,,,,,13.0159218,77.5656546
2025-10-17 00:00:05.248,,,,,,,,,,,,,,,13.0159218,77.5656546
2025-10-17 00:00:05.248,,,,,,,0.0,,,,,,,,13.0159218,77.5656546
2025-10-17 00:00:05.248,,,,,,,0.0,,,,,,,,13.0159218,77.5656546
2025-10-17 00:00:10.107,,,,,,,,,,,,,,,13.0158133333333,77.5656683333333
2025-10-17 00:00:11.421,,,,,,,,,,,,,,,13.0158133333333,77.5656683333333
2025-10-17 00:00:11.421,,,,,,,0.0,,,,,,,,13.0158133333333,77.5656683333333
2025-10-17 00:00:11.422,,,,,,,,,,,,,,,13.0158133333333,77.5656683333333
2025-10-17 00:00:11.425,,,,,,,,,,,,,,,13.0158133333333,77.5656683333333
2025-10-17 00:00:11.425,,,,,,,,,,,,,,,13.0158133333333,77.5656683333333
2025-10-17 00:00:11.425,,,,,,,,,,,,,,,13.0158133333333,77.5656683333333
2025-10-17 00:00:11.425,,,,,,,,,,,,,,,13.0158133333333,77.5656683333333
2025-10-17 00:00:11.425,,,,,,,0.0,,,,,,,,13.0158133333333,77.5656683333333
2025-10-17 00:00:11.425,,,,,,,0.0,,,,,,,,13.0158133333333,77.5656683333333
2025-10-17 00:00:11.427,,,,,,,,,,,,,,,13.0158133333333,77.5656683333333
2025-10-17 00:00:11.427,,,,,,,,,,,,,,,13.0158133333333,77.5656683333333
2025-10-17 00:00:11.427,,,,,,,0.0,,,,,,,,13.0158133333333,77.5656683333333
2025-10-17 00:00:11.432,,,,,,,,,,,,,,,13.0158133333333,77.5656683333333
2025-10-17 00:00:11.432,,,,,,,,,,,,,,,13.0158133333333,77.5656683333333
2025-10-17 00:00:11.432,,,,,,,0.0,,,,,,,,13.0158133333333,77.5656683333333
2025-10-17 00:00:11.433,,,,,,,,,,,,,,,13.0157696,77.5656189
2025-10-17 00:00:11.997,,,,,,,,,,14.0,,,,,13.0157696,77.5656189
2025-10-17 00:00:12.155,,36.078431372549,,,,,,,,,,,,,13.0157696,77.5656189
2025-10-17 00:00:12.253,,,,,,74.0,,,,,,,,,13.0157696,77.5656189
2025-10-17 00:00:12.325,,,,,,,,,,,,,,,13.0157696,77.5656189
2025-10-17 00:00:12.325,,,13.778585110665,,,,,,,,,,,,13.0157696,77.5656189
2025-10-17 00:00:12.418,824.0,,,,,,,,,,,,,,13.0157696,77.5656189
2025-10-17 00:00:12.418,,,,,,,,,,,,,,,13.0157696,77.5656189
2025-10-17 00:00:12.511,,,,,,,,,,,,,,,13.0157696,77.5656189
2025-10-17 00:00:12.646,,,,,,,,,,,,,40.0,,13.0157696,77.5656189
2025-10-17 00:00:12.717,,,,,,,,,,14.1,,,,,13.0157696,77.5656189
2025-10-17 00:00:12.877,,35.2941176470588,,,,,,,,,,,,,13.0157696,77.5656189
2025-10-17 00:00:12.963,,,,,,74.0,,,,,,,,,13.0157696,77.5656189
2025-10-17 00:00:13.030,,,,,,,,,,13.9,,,,,13.0157696,77.5656189
2025-10-17 00:00:13.208,,35.2941176470588,,,,,,,,,,,,,13.0157696,77.5656189
2025-10-17 00:00:13.260,,,,,,,,,,14.0,,,,,13.0157696,77.5656189
2025-10-17 00:00:13.394,,34.9019607843137,,,,,,,,,,,,,13.0157696,77.5656189
2025-10-17 00:00:13.486,,,,,,74.0,,,,,,,,,13.0157696,77.5656189
2025-10-17 00:00:13.539,,,,,,,,,,14.1,,,,,13.0157696,77.5656189
2025-10-17 00:00:13.654,,35.2941176470588,,,,,,,,,,,,,13.0157696,77.5656189
2025-10-17 00:00:13.716,,,,,,,,,,14.0,,,,,13.0157696,77.5656189
2025-10-17 00:00:13.828,,35.2941176470588,,,,,,,,,,,,,13.0157696,77.5656189
2025-10-17 00:00:13.878,,,,,,75.0,,,,,,,,,13.0157696,77.5656189
2025-10-17 00:00:13.932,,,,,,,,,,14.1,,,,,13.0157696,77.5656189
2025-10-17 00:00:14.040,,35.6862745098039,,,,,,,,,,,,,13.0157696,77.5656189
2025-10-17 00:00:14.114,,,,,,,,,,13.9,,,,,13.0157696,77.5656189
2025-10-17 00:00:14.239,,35.2941176470588,,,,,,,,,,,,,13.0157696,77.5656189
2025-10-17 00:00:14.287,,,,,,74.0,,,,,,,,,13.0157696,77.5656189
2025-10-17 00:00:14.346,,,,,,,,,,14.1,,,,,13.0157696,77.5656189
2025-10-17 00:00:14.382,,,,,,,,,,,,,,,13.0157696,77.5656189
2025-10-17 00:00:14.382,,,,,,,0.0,,,,,,,,13.0157696,77.5656189
2025-10-17 00:00:14.386,,,,,,,,,,,,,,,13.0157696,77.5656189
2025-10-17 00:00:14.387,,,,,,,,,,,,,,,13.0157696,77.5656189
2025-10-17 00:00:14.387,,,,,,,,,,,,,,,13.0157696,77.5656189
2025-10-17 00:00:14.387,,,,,,,0.0,,,,,,,,13.0157696,77.5656189
2025-10-17 00:00:14.393,,,,,,,,,,,,,,,13.0157696,77.5656189
2025-10-17 00:00:14.393,,,,,,,,,,,,,,,13.0157696,77.5656189
2025-10-17 00:00:14.393,,,,,,,0.0,,,,,,,,13.0157696,77.5656189
2025-10-17 00:00:14.414,,,,,,,,,,,,,,,13.0157696,77.5656189
2025-10-17 00:00:14.414,,,,,,,,,,,,,,,13.0157696,77.5656189
2025-10-17 00:00:14.414,,,,,,,0.0,,,,,,,,13.0157696,77.5656189
2025-10-17 00:00:14.442,,35.2941176470588,,,,,,,,,,,,,13.0157696,77.5656189
2025-10-17 00:00:14.496,,,,,,,,,,14.0,,,,,13.0157696,77.5656189
2025-10-17 00:00:14.600,,35.2941176470588,,,,,,,,,,,,,13.0157696,77.5656189
2025-10-17 00:00:14.649,,,,,,75.0,,,,,,,,,13.0157696,77.5656189
2025-10-17 00:00:14.701,,,,,,,,,,14.0,,,,,13.0157696,77.5656189
2025-10-17 00:00:14.830,,35.6862745098039,,,,,,,,,,,,,13.0157696,77.5656189
2025-10-17 00:00:14.890,,,,,,,,,,14.0,,,,,13.0157696,77.5656189
2025-10-17 00:00:14.990,,35.2941176470588,,,,,,,,,,,,,13.0157696,77.5656189
2025-10-17 00:00:15.040,,,,,,75.0,,,,,,,,,13.0157696,77.5656189
2025-10-17 00:00:15.111,,,,,,,,,,14.1,,,,,13.0157696,77.5656189
2025-10-17 00:00:15.212,,35.2941176470588,,,,,,,,,,,,,13.0157696,77.5656189
2025-10-17 00:00:15.264,,,,,,,,,,13.9,,,,,13.0157696,77.5656189
2025-10-17 00:00:15.349,,,,,,,,,,,,,,,13.0157696,77.5656189
2025-10-17 00:00:15.349,,,,,,,0.0,,,,,,,,13.0157696,77.5656189
2025-10-17 00:00:15.350,,,,,,,,,,,,,,,13.0157696,77.5656189
2025-10-17 00:00:15.353,,,,,,,,,,,,,,,13.0157516666667,77.565675
2025-10-17 00:00:15.354,,,,,,,,,,,,,,,13.0157516666667,77.565675
2025-10-17 00:00:15.354,,,,,,,,,,,,,,,13.0157516666667,77.565675
2025-10-17 00:00:15.354,,,,,,,0.0,,,,,,,,13.0157516666667,77.565675
2025-10-17 00:00:15.360,,35.2941176470588,,,,,,,,,,,,,13.0157516666667,77.565675
2025-10-17 00:00:15.365,,,,,,,,,,,,,,,13.0157516666667,77.565675
2025-10-17 00:00:15.365,,,,,,,,,,,,,,,13.0157516666667,77.565675
2025-10-17 00:00:15.365,,,,,,,0.0,,,,,,,,13.0157516666667,77.565675
2025-10-17 00:00:15.366,,,,,,,,,,,,,,,13.0157516666667,77.565675
2025-10-17 00:00:15.366,,,,,,,0.0,,,,,,,,13.0157516666667,77.565675
2025-10-17 00:00:15.367,,,,,,,,,,,,,,,13.0157516666667,77.565675
2025-10-17 00:00:15.367,,,,,,,,,,,,,,,13.0157516666667,77.565675
2025-10-17 00:00:15.367,,,,,,,,,,,,,,,13.0157516666667,77.565675
2025-10-17 00:00:15.367,,,,,,,0.0,,,,,,,,13.0157516666667,77.565675
2025-10-17 00:00:15.421,,,,,,75.0,,,,,,,,,13.0157516666667,77.565675
2025-10-17 00:00:15.477,,,,,,,,,,14.0,,,,,13.0157516666667,77.565675
2025-10-17 00:00:15.518,,,,,,,,,,,,,,,13.0157516666667,77.565675
2025-10-17 00:00:15.518,,,,,,,,,,,,,,,13.0157516666667,77.565675
2025-10-17 00:00:15.518,,,,,,,0.0,,,,,,,,13.0157516666667,77.565675
2025-10-17 00:00:15.640,,35.2941176470588,,,,,,,,,,,,,13.0157516666667,77.565675
2025-10-17 00:00:15.713,,,,,,,,,,14.0,,,,,13.0157516666667,77.565675
2025-10-17 00:00:15.855,,35.2941176470588,,,,,,,,,,,,,13.0157516666667,77.565675
2025-10-17 00:00:15.905,,,,,,75.0,,,,,,,,,13.0157516666667,77.565675
2025-10-17 00:00:15.956,,,,,,,,,,13.9,,,,,13.0157516666667,77.565675
2025-10-17 00:00:16.057,,34.9019607843137,,,,,,,,,,,,,13.0157516666667,77.565675
2025-10-17 00:00:16.114,,,,,,,,,,14.1,,,,,13.0157516666667,77.565675
2025-10-17 00:00:16.203,,35.2941176470588,,,,,,,,,,,,,13.0157516666667,77.565675
2025-10-17 00:00:16.254,,,,,,75.0,,,,,,,,,13.0157516666667,77.565675
2025-10-17 00:00:16.319,,,,,,,,,,14.0,,,,,13.0157516666667,77.565675
2025-10-17 00:00:16.443,,34.9019607843137,,,,,,,,,,,,,13.0157516666667,77.565675
2025-10-17 00:00:16.518,,,,,,,,,,14.1,,,,,13.0157516666667,77.565675
2025-10-17 00:00:16.589,,,,,,,,,,,,,,,13.015715,77.5657133333333
2025-10-17 00:00:16.590,,,,,,,,,,,,,,,13.015715,77.5657133333333
2025-10-17 00:00:16.590,,,,,,,,,,,,,,,13.015715,77.5657133333333
2025-10-17 00:00:16.590,,,,,,,,,,,,,,,13.015715,77.5657133333333
2025-10-17 00:00:16.590,,,,,,,0.0,,,,,,,,13.015715,77.5657133333333
2025-10-17 00:00:16.590,,,,,,,0.0,,,,,,,,13.015715,77.5657133333333
2025-10-17 00:00:16.591,,,,,,,,,,,,,,,13.015715,77.5657133333333
2025-10-17 00:00:16.595,,,,,,,,,,,,,,,13.015715,77.5657133333333
2025-10-17 00:00:16.595,,,,,,,,,,,,,,,13.015715,77.5657133333333
2025-10-17 00:00:16.595,,,,,,,0.0,,,,,,,,13.015715,77.5657133333333
2025-10-17 00:00:16.596,,,,,,,,,,,,,,,13.015715,77.5657133333333
2025-10-17 00:00:16.596,,,,,,,,,,,,,,,13.015715,77.5657133333333
2025-10-17 00:00:16.596,,,,,,,0.0,,,,,,,,13.015715,77.5657133333333
2025-10-17 00:00:16.600,,,,,,,,,,,,,,,13.015715,77.5657133333333
2025-10-17 00:00:16.600,,,,,,,,,,,,,,,13.015715,77.5657133333333
2025-10-17 00:00:16.600,,,,,,,0.0,,,,,,,,13.015715,77.5657133333333
2025-10-17 00:00:16.603,,,,,,,,,,,,,,,13.015715,77.5657133333333
2025-10-17 00:00:16.603,,,,,,,,,,,,,,,13.015715,77.5657133333333
2025-10-17 00:00:16.603,,,,,,,0.0,,,,,,,,13.015715,77.5657133333333
2025-10-17 00:00:16.604,,,,,,,,,,,,,,,13.015715,77.5657133333333
2025-10-17 00:00:16.604,,,,,,,,,,,,,,,13.015715,77.5657133333333
2025-10-17 00:00:16.604,,,,,,,0.0,,,,,,,,13.015715,77.5657133333333
2025-10-17 00:00:16.633,,34.9019607843137,,,,,,,,,,,,,13.015715,77.5657133333333
2025-10-17 00:00:16.685,,,,,,75.0,,,,,,,,,13.015715,77.5657133333333
2025-10-17 00:00:16.727,,,,,,,,,,14.0,,,,,13.015715,77.5657133333333
2025-10-17 00:00:16.765,,,,,,,,,,,,,,,13.0158698,77.5656633
2025-10-17 00:00:16.836,,34.9019607843137,,,,,,,,,,,,,13.0158698,77.5656633
2025-10-17 00:00:16.895,,,,,,,,,,14.0,,,,,13.0158698,77.5656633
2025-10-17 00:00:16.997,,35.6862745098039,,,,,,,,,,,,,13.0158698,77.5656633
2025-10-17 00:00:17.044,,,,,,75.0,,,,,,,,,13.0158698,77.5656633
2025-10-17 00:00:17.097,,,,,,,,,,14.0,,,,,13.0158698,77.5656633
2025-10-17 00:00:17.192,,35.2941176470588,,,,,,,,,,,,,13.0158698,77.5656633
2025-10-17 00:00:17.329,,,,,,,,,,14.1,,,,,13.0158698,77.5656633
2025-10-17 00:00:17.423,,34.9019607843137,,,,,,,,,,,,,13.0158698,77.5656633
2025-10-17 00:00:17.475,,,,,,75.0,,,,,,,,,13.0158698,77.5656633
2025-10-17 00:00:17.527,,,,,,,,,,14.1,,,,,13.0158698,77.5656633
2025-10-17 00:00:17.583,,,,,,,,,,,,,,,13.0158698,77.5656633
2025-10-17 00:00:17.583,,,,,,,0.0,,,,,,,,13.0158698,77.5656633
2025-10-17 00:00:17.584,,,,,,,,,,,,,,,13.0158698,77.5656633
2025-10-17 00:00:17.625,,34.5098039215686,,,,,,,,,,,,,13.0158698,77.5656633
2025-10-17 00:00:17.666,,,,,,,,,,,,,,,13.0158698,77.5656633
2025-10-17 00:00:17.666,,,,,,,0.0,,,,,,,,13.0158698,77.5656633
2025-10-17 00:00:17.667,,,,,,,,,,,,,,,13.0158698,77.5656633
2025-10-17 00:00:17.682,,,,,,,,,,14.1,,,,,13.0158698,77.5656633
2025-10-17 00:00:17.798,,34.9019607843137,,,,,,,,,,,,,13.0158698,77.5656633
2025-10-17 00:00:17.847,,,,,,75.0,,,,,,,,,13.0158698,77.5656633
2025-10-17 00:00:17.899,,,,,,,,,,14.1,,,,,13.0158698,77.5656633
2025-10-17 00:00:17.999,,34.9019607843137,,,,,,,,,,,,,13.0158698,77.5656633
2025-10-17 00:00:18.070,,,,,,,,,,14.0,,,,,13.0158698,77.5656633
2025-10-17 00:00:18.178,,34.5098039215686,,,,,,,,,,,,,13.0158698,77.5656633
2025-10-17 00:00:18.238,,,,,,75.0,,,,,,,,,13.0158698,77.5656633
2025-10-17 00:00:18.288,,,,,,,,,,14.0,,,,,13.0158698,77.5656633
2025-10-17 00:00:18.423,,34.9019607843137,,,,,,,,,,,,,13.0158698,77.5656633
2025-10-17 00:00:18.511,,,,,,,,,,14.1,,,,,13.0158698,77.5656633
2025-10-17 00:00:18.583,,,,,,,,,,,,,,,13.0158698,77.5656633
2025-10-17 00:00:18.583,,,,,,,0.0,,,,,,,,13.0158698,77.5656633
2025-10-17 00:00:18.584,,,,,,,,,,,,,,,13.0158698,77.5656633
2025-10-17 00:00:18.637,,34.9019607843137,,,,,,,,,,,,,13.0158698,77.5656633
2025-10-17 00:00:18.689,,,,,,75.0,,,,,,,,,13.0158698,77.5656633
2025-10-17 00:00:18.694,,,,,,,,,,,,,,,13.0158698,77.5656633
2025-10-17 00:00:18.694,,,,,,,,,,,,,,,13.0158698,77.5656633
2025-10-17 00:00:18.694,,,,,,,0.0,,,,,,,,13.0158698,77.5656633
2025-10-17 00:00:18.737,,,,,,,,,,14.0,,,,,13.0158698,77.5656633
2025-10-17 00:00:18.840,,34.9019607843137,,,,,,,,,,,,,13.0158698,77.5656633
2025-10-17 00:00:18.900,,,,,,,,,,14.0,,,,,13.0158698,77.5656633
2025-10-17 00:00:18.999,,34.9019607843137,,,,,,,,,,,,,13.0158698,77.5656633
2025-10-17 00:00:19.048,,,,,,75.0,,,,,,,,,13.0158698,77.5656633
2025-10-17 00:00:19.099,,,,,,,,,,14.1,,,,,13.0158698,77.5656633
2025-10-17 00:00:19.196,,34.9019607843137,,,,,,,,,,,,,13.0158698,77.5656633
2025-10-17 00:00:19.246,,,,,,,,,,14.1,,,,,13.0158698,77.5656633
2025-10-17 00:00:19.356,,34.9019607843137,,,,,,,,,,,,,13.0158698,77.5656633
2025-10-17 00:00:19.406,,,,,,75.0,,,,,,,,,13.0158698,77.5656633
2025-10-17 00:00:19.471,,,,,,,,,,14.0,,,,,13.0158698,77.5656633
2025-10-17 00:00:19.580,,34.9019607843137,,,,,,,,,,,,,13.0158698,77.5656633
2025-10-17 00:00:19.595,,,,,,,,,,,,,,,13.0158698,77.5656633
2025-10-17 00:00:19.595,,,,,,,,,,,,,,,13.0158698,77.5656633
2025-10-17 00:00:19.595,,,,,,,0.0,,,,,,,,13.0158698,77.5656633
2025-10-17 00:00:19.639,,,,,,,,,,14.0,,,,,13.0158698,77.5656633
2025-10-17 00:00:19.687,,,,,,,,,,,,,,,13.0158698,77.5656633
2025-10-17 00:00:19.687,,,,,,,0.0,,,,,,,,13.0158698,77.5656633
2025-10-17 00:00:19.688,,,,,,,,,,,,,,,13.0158698,77.5656633
2025-10-17 00:00:19.729,,34.9019607843137,,,,,,,,,,,,,13.0158698,77.5656633
2025-10-17 00:00:19.790,,,,,,75.0,,,,,,,,,13.0158698,77.5656633
2025-10-17 00:00:19.877,,,,,,,,,,14.1,,,,,13.0158698,77.5656633
2025-10-17 00:00:19.982,,34.9019607843137,,,,,,,,,,,,,13.0158698,77.5656633
2025-10-17 00:00:20.075,,,,,,,,,,14.1,,,,,13.0158698,77.5656633
2025-10-17 00:00:20.140,,34.5098039215686,,,,,,,,,,,,,13.0158698,77.5656633
2025-10-17 00:00:20.190,,,,,,75.0,,,,,,,,,13.0158698,77.5656633
2025-10-17 00:00:20.252,,,,,,,,,,14.1,,,,,13.0158698,77.5656633
2025-10-17 00:00:20.352,,34.5098039215686,,,,,,,,,,,,,13.0158698,77.5656633
2025-10-17 00:00:20.404,,,,,,,,,,14.1,,,,,13.0158698,77.5656633
2025-10-17 00:00:20.514,,34.5098039215686,,,,,,,,,,,,,13.0158698,77.5656633
2025-10-17 00:00:20.565,,,,,,75.0,,,,,,,,,13.0158698,77.5656633
2025-10-17 00:00:20.580,,,,,,,,,,,,,,,13.01571,77.565715
2025-10-17 00:00:20.580,,,,,,,0.131562995910645,,,,,,,,13.01571,77.565715
2025-10-17 00:00:20.582,,,,,,,,,,,,,,,13.01571,77.565715
2025-10-17 00:00:20.585,,,,,,,,,,,,,,,13.01571,77.565715
2025-10-17 00:00:20.585,,,,,,,0.131562995910645,,,,,,,,13.01571,77.565715
2025-10-17 00:00:20.586,,,,,,,,,,,,,,,13.01571,77.565715
2025-10-17 00:00:20.598,,,,,,,,,,,,,,,13.01571,77.565715
2025-10-17 00:00:20.598,,,,,,,,,,,,,,,13.01571,77.565715
2025-10-17 00:00:20.598,,,,,,,0.0,,,,,,,,13.01571,77.565715
2025-10-17 00:00:20.614,,,,,,,,,,14.0,,,,,13.01571,77.565715
2025-10-17 00:00:20.714,,34.9019607843137,,,,,,,,,,,,,13.01571,77.565715
2025-10-17 00:00:20.768,,,,,,,,,,14.1,,,,,13.01571,77.565715
2025-10-17 00:00:20.873,,34.9019607843137,,,,,,,,,,,,,13.01571,77.565715
2025-10-17 00:00:20.924,,,,,,75.0,,,,,,,,,13.01571,77.565715
2025-10-17 00:00:20.978,,,,,,,,,,14.1,,,,,13.01571,77.565715
2025-10-17 00:00:21.096,,24.7058823529412,,,,,,,,,,,,,13.01571,77.565715
2025-10-17 00:00:21.161,,,,,,,,,,14.2,,,,,13.01571,77.565715
2025-10-17 00:00:21.301,,22.7450980392157,,,,,,,,,,,,,13.01571,77.565715
2025-10-17 00:00:21.364,,,,,,75.0,,,,,,,,,13.01571,77.565715
2025-10-17 00:00:21.417,,,,,,,,,,14.2,,,,,13.01571,77.565715
2025-10-17 00:00:21.525,,20.7843137254902,,,,,,,,,,,,,13.01571,77.565715
2025-10-17 00:00:21.579,,,,,,,,,,14.1,,,,,13.01571,77.565715
2025-10-17 00:00:21.604,,,,,,,,,,,,,,,13.0157166666667,77.5657166666667
2025-10-17 00:00:21.604,,,,,,,,,,,,,,,13.0157166666667,77.5657166666667
2025-10-17 00:00:21.604,,,,,,,0.0,,,,,,,,13.0157166666667,77.5657166666667
2025-10-17 00:00:21.606,,,,,,,,,,,,,,,13.0157166666667,77.5657166666667
2025-10-17 00:00:21.606,,,,,,,,,,,,,,,13.0157166666667,77.5657166666667
2025-10-17 00:00:21.606,,,,,,,0.0,,,,,,,,13.0157166666667,77.5657166666667
2025-10-17 00:00:21.612,,,,,,,,,,,,,,,13.0157166666667,77.5657166666667
2025-10-17 00:00:21.612,,,,,,,,,,,,,,,13.0157166666667,77.5657166666667
2025-10-17 00:00:21.612,,,,,,,0.0,,,,,,,,13.0157166666667,77.5657166666667
2025-10-17 00:00:21.656,,,,,,,,,,,,,,,13.0157166666667,77.5657166666667
2025-10-17 00:00:21.656,,,,,,,0.0,,,,,,,,13.0157166666667,77.5657166666667
2025-10-17 00:00:21.657,,,,,,,,,,,,,,,13.0157166666667,77.5657166666667
2025-10-17 00:00:21.666,,,,,,,,,,,,,,,13.0157166666667,77.5657166666667
2025-10-17 00:00:21.666,,,,,,,,,,,,,,,13.0157166666667,77.5657166666667
2025-10-17 00:00:21.666,,,,,,,,,,,,,,,13.0157166666667,77.5657166666667
2025-10-17 00:00:21.666,,,,,,,0.0,,,,,,,,13.0157166666667,77.5657166666667
2025-10-17 00:00:21.666,,,,,,,0.0,,,,,,,,13.0157166666667,77.5657166666667
2025-10-17 00:00:21.667,,,,,,,,,,,,,,,13.0157166666667,77.5657166666667
2025-10-17 00:00:21.667,,20.7843137254902,,,,,,,,,,,,,13.0157166666667,77.5657166666667
2025-10-17 00:00:21.725,,,,,,75.0,,,,,,,,,13.0157166666667,77.5657166666667
2025-10-17 00:00:21.742,,,,,,,,,,,,,,,13.0158076,77.5656261
2025-10-17 00:00:21.779,,,,,,,,,,14.1,,,,,13.0158076,77.5656261
2025-10-17 00:00:21.876,,20.7843137254902,,,,,,,,,,,,,13.0158076,77.5656261
2025-10-17 00:00:21.929,,,,,,,,,,14.1,,,,,13.0158076,77.5656261
2025-10-17 00:00:22.032,,20.7843137254902,,,,,,,,,,,,,13.0158076,77.5656261
2025-10-17 00:00:22.086,,,,,,75.0,,,,,,,,,13.0158076,77.5656261
2025-10-17 00:00:22.139,,,,,,,,,,14.1,,,,,13.0158076,77.5656261
2025-10-17 00:00:22.237,,21.1764705882353,,,,,,,,,,,,,13.0158076,77.5656261
2025-10-17 00:00:22.289,,,,,,,,,,14.1,,,,,13.0158076,77.5656261
2025-10-17 00:00:22.405,,21.5686274509804,,,,,,,,,,,,,13.0158076,77.5656261
2025-10-17 00:00:22.457,,,,,,75.0,,,,,,,,,13.0158076,77.5656261
2025-10-17 00:00:22.510,,,,,,,,,,14.1,,,,,13.0158076,77.5656261
2025-10-17 00:00:22.607,,21.1764705882353,,,,,,,,,,,,,13.0158076,77.5656261
2025-10-17 00:00:22.646,,,,,,,,,,,,,,,13.0158076,77.5656261
2025-10-17 00:00:22.646,,,,,,,,,,,,,,,13.0158076,77.5656261
2025-10-17 00:00:22.646,,,,,,,0.0,,,,,,,,13.0158076,77.5656261
2025-10-17 00:00:22.648,,,,,,,,,,,,,,,13.0158076,77.5656261
2025-10-17 00:00:22.648,,,,,,,0.0,,,,,,,,13.0158076,77.5656261
2025-10-17 00:00:22.649,,,,,,,,,,,,,,,13.0158076,77.5656261
2025-10-17 00:00:22.650,,,,,,,,,,,,,,,13.0158076,77.5656261
2025-10-17 00:00:22.650,,,,,,,0.0,,,,,,,,13.0158076,77.5656261
2025-10-17 00:00:22.651,,,,,,,,,,,,,,,13.0158076,77.5656261
2025-10-17 00:00:22.665,,,,,,,,,,14.1,,,,,13.0158076,77.5656261
2025-10-17 00:00:22.763,,,,,,,,,,,,,,,13.0158076,77.5656261
2025-10-17 00:00:22.763,,,,,,,,,,,,,,,13.0158076,77.5656261
2025-10-17 00:00:22.763,,,,,,,0.0,,,,,,,,13.0158076,77.5656261
2025-10-17 00:00:22.783,,21.5686274509804,,,,,,,,,,,,,13.0158076,77.5656261
2025-10-17 00:00:22.834,,,,,,75.0,,,,,,,,,13.0158076,77.5656261
2025-10-17 00:00:22.901,,,,,,,,,,14.1,,,,,13.0158076,77.5656261
2025-10-17 00:00:23.015,,21.5686274509804,,,,,,,,,,,,,13.0158076,77.5656261
2025-10-17 00:00:23.084,,,,,,,,,,14.1,,,,,13.0158076,77.5656261
2025-10-17 00:00:23.153,,21.9607843137255,,,,,,,,,,,,,13.0158076,77.5656261
2025-10-17 00:00:23.205,,,,,,75.0,,,,,,,,,13.0158076,77.5656261
2025-10-17 00:00:23.257,,,,,,,,,,14.1,,,,,13.0158076,77.5656261
2025-10-17 00:00:23.362,,21.5686274509804,,,,,,,,,,,,,13.0158076,77.5656261
2025-10-17 00:00:23.413,,,,,,,,,,14.1,,,,,13.0158076,77.5656261
2025-10-17 00:00:23.512,,21.9607843137255,,,,,,,,,,,,,13.0158076,77.5656261
2025-10-17 00:00:23.564,,,,,,75.0,,,,,,,,,13.0158076,77.5656261
2025-10-17 00:00:23.584,,,,,,,,,,,,,,,13.0158076,77.5656261
2025-10-17 00:00:23.584,,,,,,,,,,,,,,,13.0158076,77.5656261
2025-10-17 00:00:23.584,,,,,,,0.0,,,,,,,,13.0158076,77.5656261
2025-10-17 00:00:23.617,,,,,,,,,,14.1,,,,,13.0158076,77.5656261
2025-10-17 00:00:23.686,,,,,,,,,,,,,,,13.0158076,77.5656261
2025-10-17 00:00:23.686,,,,,,,,,,,,,,,13.0158076,77.5656261
2025-10-17 00:00:23.686,,,,,,,0.0,,,,,,,,13.0158076,77.5656261
2025-10-17 00:00:23.732,,21.9607843137255,,,,,,,,,,,,,13.0158076,77.5656261
2025-10-17 00:00:23.795,,,,,,,,,,14.1,,,,,13.0158076,77.5656261
2025-10-17 00:00:23.937,,21.9607843137255,,,,,,,,,,,,,13.0158076,77.5656261
2025-10-17 00:00:23.998,,,,,,75.0,,,,,,,,,13.0158076,77.5656261
2025-10-17 00:00:24.058,,,,,,,,,,14.1,,,,,13.0158076,77.5656261
2025-10-17 00:00:24.164,,21.9607843137255,,,,,,,,,,,,,13.0158076,77.5656261
2025-10-17 00:00:24.216,,,,,,,,,,14.1,,,,,13.0158076,77.5656261
2025-10-17 00:00:24.308,,22.3529411764706,,,,,,,,,,,,,13.0158076,77.5656261
2025-10-17 00:00:24.353,,,,,,75.0,,,,,,,,,13.0158076,77.5656261
2025-10-17 00:00:24.405,,,,,,,,,,14.0,,,,,13.0158076,77.5656261
2025-10-17 00:00:24.493,,21.9607843137255,,,,,,,,,,,,,13.0158076,77.5656261
2025-10-17 00:00:24.557,,,,,,,,,,14.1,,,,,13.0158076,77.5656261
2025-10-17 00:00:24.558,,,,,,,,,,,,,,,13.0158076,77.5656261
2025-10-17 00:00:24.558,,,,,,,,,,,,,,,13.0158076,77.5656261
2025-10-17 00:00:24.558,,,,,,,,,,,,,,,13.0158076,77.5656261
2025-10-17 00:00:24.558,,,,,,,,,,,,,,,13.0158076,77.5656261
2025-10-17 00:00:24.558,,,,,,,0.0,,,,,,,,13.0158076,77.5656261
2025-10-17 00:00:24.558,,,,,,,0.0,,,,,,,,13.0158076,77.5656261
2025-10-17 00:00:24.568,,,,,,,,,,,,,,,13.0158076,77.5656261
2025-10-17 00:00:24.568,,,,,,,,,,,,,,,13.0158076,77.5656261
2025-10-17 00:00:24.568,,,,,,,0.0,,,,,,,,13.0158076,77.5656261
2025-10-17 00:00:24.618,,,,,,,,,,,,,,,13.0158076,77.5656261
2025-10-17 00:00:24.618,,,,,,,,,,,,,,,13.0158076,77.5656261
2025-10-17 00:00:24.618,,,,,,,0.0,,,,,,,,13.0158076,77.5656261
2025-10-17 00:00:24.658,,21.5686274509804,,,,,,,,,,,,,13.0158076,77.5656261
2025-10-17 00:00:24.703,,,,,,75.0,,,,,,,,,13.0158076,77.5656261
2025-10-17 00:00:24.758,,,,,,,,,,14.0,,,,,13.0158076,77.5656261
2025-10-17 00:00:24.855,,21.5686274509804,,,,,,,,,,,,,13.0158076,77.5656261
2025-10-17 00:00:24.910,,,,,,,,,,14.1,,,,,13.0158076,77.5656261
2025-10-17 00:00:25.011,,21.5686274509804,,,,,,,,,,,,,13.0158076,77.5656261
2025-10-17 00:00:25.193,,21.5686274509804,,,,,,,,,,,,,13.0158076,77.5656261
2025-10-17 00:00:25.283,,,,,,75.0,,,,,,,,,13.0158076,77.5656261
2025-10-17 00:00:25.363,,,,,,,,,,,,,,,13.0158076,77.5656261
2025-10-17 00:00:25.363,,,13.633547372658,,,,,,,,,,,,13.0158076,77.5656261
2025-10-17 00:00:25.439,799.0,,,,,,,,,,,,,,13.0158076,77.5656261
2025-10-17 00:00:25.439,,,,,,,,,,,,,,,13.0158076,77.5656261
2025-10-17 00:00:25.527,,,,,,,,,,,,,,,13.0158076,77.5656261
2025-10-17 00:00:25.527,,,,,,,,,,,,,,,13.0158076,77.5656261
2025-10-17 00:00:25.527,,,,,,,,,,,,,,,13.0158076,77.5656261
2025-10-17 00:00:25.594,,,,,,,,,,,,,,,13.0157416666667,77.565695
2025-10-17 00:00:25.597,,,,,,,,,,,,,,,13.0157416666667,77.565695
2025-10-17 00:00:25.597,,,,,,,,,,,,,,,13.0157416666667,77.565695
2025-10-17 00:00:25.597,,,,,,,0.0,,,,,,,,13.0157416666667,77.565695
2025-10-17 00:00:25.598,,,,,,,,,,,,,,,13.0157416666667,77.565695
2025-10-17 00:00:25.598,,,,,,,,,,,,,,,13.0157416666667,77.565695
2025-10-17 00:00:25.598,,,,,,,0.0,,,,,,,,13.0157416666667,77.565695
2025-10-17 00:00:25.617,,,,,,,,,,,,,,,13.0157416666667,77.565695
2025-10-17 00:00:25.617,,,,,,,,,,,,,40.0,,13.0157416666667,77.565695
2025-10-17 00:00:25.617,,,,,,,0.0,,,,,,,,13.0157416666667,77.565695
2025-10-17 00:00:25.618,,,,,,,,,,,,,,,13.0157416666667,77.565695
2025-10-17 00:00:25.621,,,,,,,,,,,,,,,13.0157416666667,77.565695
2025-10-17 00:00:25.621,,,,,,,,,,,,,,,13.0157416666667,77.565695
2025-10-17 00:00:25.621,,,,,,,0.0,,,,,,,,13.0157416666667,77.565695
2025-10-17 00:00:25.625,,,,,,,,,,,,,,,13.0157416666667,77.565695
2025-10-17 00:00:25.625,,,,,,,,,,,,,,,13.0157416666667,77.565695
2025-10-17 00:00:25.625,,,,,,,0.0,,,,,,,,13.0157416666667,77.565695
2025-10-17 00:00:25.718,,21.9607843137255,,,,,,,,,,,,,13.0157416666667,77.565695
2025-10-17 00:00:25.761,,,,,,,,,,,,,,,13.0157416666667,77.565695
2025-10-17 00:00:25.761,,,,,,,,,,,,,,,13.0157416666667,77.565695
2025-10-17 00:00:25.761,,,,,,,0.0,,,,,,,,13.0157416666667,77.565695
2025-10-17 00:00:25.802,,,,,,,,,,,,,,,13.0157416666667,77.565695
2025-10-17 00:00:25.802,,,13.633547372658,,,,,,,,,,,,13.0157416666667,77.565695
2025-10-17 00:00:25.894,800.0,,,,,,,,,,,,,,13.0157416666667,77.565695
2025-10-17 00:00:25.894,,,,,,,,,,,,,,,13.0157416666667,77.565695
2025-10-17 00:00:25.970,,,,,,,,,,,,,,,13.0157416666667,77.565695
2025-10-17 00:00:25.970,,,,,,,,,,,,,,,13.0157416666667,77.565695
2025-10-17 00:00:25.970,,,,,,,,,,,,,,,13.0157416666667,77.565695
2025-10-17 00:00:25.970,,,,,,,,,,,,,,,13.0157416666667,77.565695
2025-10-17 00:00:26.043,,,,,,,,,,,,,40.0,,13.0157416666667,77.565695
2025-10-17 00:00:26.137,,21.9607843137255,,,,,,,,,,,,,13.0157416666667,77.565695
2025-10-17 00:00:26.183,,,,,,75.0,,,,,,,,,13.0157416666667,77.565695
2025-10-17 00:00:26.231,,,,,,,,,,,,,,,13.0157416666667,77.565695
2025-10-17 00:00:26.231,,,13.633547372658,,,,,,,,,,,,13.0157416666667,77.565695
2025-10-17 00:00:26.284,798.0,,,,,,,,,,,,,,13.0157416666667,77.565695
2025-10-17 00:00:26.284,,,,,,,,,,,,,,,13.0157416666667,77.565695
2025-10-17 00:00:26.334,,,,,,,,,,,,,,,13.0157416666667,77.565695
2025-10-17 00:00:26.334,,,,,,,,,,,,,,,13.0157416666667,77.565695
2025-10-17 00:00:26.334,,,,,,,,,,,,,,,13.0157416666667,77.565695
2025-10-17 00:00:26.334,,,,,,,,,,,,,,,13.0157416666667,77.565695
2025-10-17 00:00:26.389,,,,,,,,,,,,,40.0,,13.0157416666667,77.565695
2025-10-17 00:00:26.527,,21.5686274509804,,,,,,,,,,,,,13.0157416666667,77.565695
2025-10-17 00:00:26.578,,,,,,,,,,,,,,,13.0157416666667,77.565695
2025-10-17 00:00:26.578,,,13.633547372658,,,,,,,,,,,,13.0157416666667,77.565695
2025-10-17 00:00:26.590,,,,,,,,,,,,,,,13.015745,77.5656933333333
2025-10-17 00:00:26.593,,,,,,,,,,,,,,,13.015745,77.5656933333333
2025-10-17 00:00:26.593,,,,,,,,,,,,,,,13.015745,77.5656933333333
2025-10-17 00:00:26.593,,,,,,,0.0,,,,,,,,13.015745,77.5656933333333
2025-10-17 00:00:26.599,,,,,,,,,,,,,,,13.015745,77.5656933333333
2025-10-17 00:00:26.599,,,,,,,,,,,,,,,13.015745,77.5656933333333
2025-10-17 00:00:26.599,,,,,,,0.0,,,,,,,,13.015745,77.5656933333333
2025-10-17 00:00:26.604,,,,,,,,,,,,,,,13.015745,77.5656933333333
2025-10-17 00:00:26.604,,,,,,,,,,,,,,,13.015745,77.5656933333333
2025-10-17 00:00:26.604,,,,,,,0.0,,,,,,,,13.015745,77.5656933333333
2025-10-17 00:00:26.734,,,,,,,,,,,,,,,13.015745,77.5656933333333
2025-10-17 00:00:26.734,,,,,,,,,,,,,,,13.015745,77.5656933333333
2025-10-17 00:00:26.734,,,,,,,0.0,,,,,,,,13.015745,77.5656933333333
2025-10-17 00:00:26.736,,21.9607843137255,,,,,,,,,,,,,13.015745,77.5656933333333
2025-10-17 00:00:26.833,,,,,,75.0,,,,,,,,,13.015745,77.5656933333333
2025-10-17 00:00:26.923,,,,,,,,,,,,,,,13.015745,77.5656933333333
2025-10-17 00:00:26.923,,,13.633547372658,,,,,,,,,,,,13.015745,77.5656933333333
2025-10-17 00:00:26.998,801.0,,,,,,,,,,,,,,13.015745,77.5656933333333
2025-10-17 00:00:26.998,,,,,,,,,,,,,,,13.015745,77.5656933333333
2025-10-17 00:00:27.039,,,,,,,,,,,,,,,13.015745,77.5656933333333
2025-10-17 00:00:27.039,,,,,,,,,,,,,,,13.015745,77.5656933333333
2025-10-17 00:00:27.039,,,,,,,0.0,,,,,,,,13.015745,77.5656933333333
2025-10-17 00:00:27.041,,,,,,,,,,,,,,,13.015745,77.5656933333333
2025-10-17 00:00:27.041,,,,,,,,,,,,,,,13.015745,77.5656933333333
2025-10-17 00:00:27.041,,,,,,,0.0,,,,,,,,13.015745,77.5656933333333
2025-10-17 00:00:27.042,,,,,,,,,,,,,,,13.0158695,77.565649
2025-10-17 00:00:27.043,,,,,,,,,,,,,,,13.0158695,77.565649
2025-10-17 00:00:27.043,,,,,,,,,,,,,,,13.0158695,77.565649
2025-10-17 00:00:27.043,,,,,,,0.0,,,,,,,,13.0158695,77.565649
2025-10-17 00:00:27.071,,,,,,,,,,,,,,,13.0158695,77.565649
2025-10-17 00:00:27.071,,,,,,,,,,,,,,,13.0158695,77.565649
2025-10-17 00:00:27.071,,,,,,,,,,,,,,,13.0158695,77.565649
2025-10-17 00:00:27.071,,,,,,,,,,,,,,,13.0158695,77.565649
2025-10-17 00:00:27.071,,,,,,,,,,,,,,,13.0158695,77.565649
2025-10-17 00:00:27.153,,,,,,,,,,,,,40.0,,13.0158695,77.565649
2025-10-17 00:00:27.226,,,,,0.863438914027149,,,,,,,,,,13.0158695,77.565649
2025-10-17 00:00:27.226,,,,,,,,,,,,,,,13.0158695,77.565649
2025-10-17 00:00:27.226,,,,13.63,,,,,,,,,,,13.0158695,77.565649
2025-10-17 00:00:27.226,,,,,,,,,16.356,,,,,,13.0158695,77.565649
2025-10-17 00:00:27.343,,21.5686274509804,,,,,,,,,,,,,13.0158695,77.565649
2025-10-17 00:00:27.406,,,,,,,,,,,,,,,13.0158695,77.565649
2025-10-17 00:00:27.406,,,13.633547372658,,,,,,,,,,,,13.0158695,77.565649
2025-10-17 00:00:27.459,798.0,,,,,,,,,,,,,,13.0158695,77.565649
2025-10-17 00:00:27.459,,,,,,,,,,,,,,,13.0158695,77.565649
2025-10-17 00:00:27.513,,,,,,,,,,,,,,,13.0158695,77.565649
2025-10-17 00:00:27.513,,,,,,,,,,,,,,,13.0158695,77.565649
2025-10-17 00:00:27.513,,,,,,,,,,,,,,,13.0158695,77.565649
2025-10-17 00:00:27.513,,,,,,,,,,,,,,,13.0158695,77.565649
2025-10-17 00:00:27.513,,,,,,,,,,,,,,,13.0158695,77.565649
2025-10-17 00:00:27.566,,,,,,,,,,,,,40.0,,13.0158695,77.565649
2025-10-17 00:00:27.604,,,,,,,,,,,,,,,13.0158695,77.565649
2025-10-17 00:00:27.604,,,,,,,0.0,,,,,,,,13.0158695,77.565649
2025-10-17 00:00:27.605,,,,,,,,,,,,,,,13.0158695,77.565649
2025-10-17 00:00:27.644,,,,,,,,,,,,,,,13.0158695,77.565649
2025-10-17 00:00:27.644,,,,,,,0.0,,,,,,,,13.0158695,77.565649
2025-10-17 00:00:27.645,,,,,,,,,,,,,,,13.0158695,77.565649
2025-10-17 00:00:27.652,,,,,0.84802036199095,,,,,,,,,,13.0158695,77.565649
2025-10-17 00:00:27.652,,,,,,,,,,,,,,,13.0158695,77.565649
2025-10-17 00:00:27.652,,,,,,,,,,,,,,,13.0158695,77.565649
2025-10-17 00:00:27.652,,,,,,,,,,,,,,,13.0158695,77.565649
2025-10-17 00:00:27.652,,,,,,,,,,,,,,,13.0158695,77.565649
2025-10-17 00:00:27.652,,,,,,,,,,,,,,,13.0158695,77.565649
2025-10-17 00:00:27.652,,,,13.63,,,,,,,,,,,13.0158695,77.565649
2025-10-17 00:00:27.652,,,,,,,,,16.356,,,,,,13.0158695,77.565649
2025-10-17 00:00:27.784,,21.9607843137255,,,,,,,,,,,,,13.0158695,77.565649
2025-10-17 00:00:27.834,,,,,,75.0,,,,,,,,,13.0158695,77.565649
2025-10-17 00:00:27.894,,,,,,,,,,,,,,,13.0158695,77.565649
2025-10-17 00:00:27.894,,,13.633547372658,,,,,,,,,,,,13.0158695,77.565649
2025-10-17 00:00:27.943,799.0,,,,,,,,,,,,,,13.0158695,77.565649
2025-10-17 00:00:27.943,,,,,,,,,,,,,,,13.0158695,77.565649
2025-10-17 00:00:27.995,,,,,,,,,,,,,,,13.0158695,77.565649
2025-10-17 00:00:27.995,,,,,,,,,,,,,,,13.0158695,77.565649
2025-10-17 00:00:27.995,,,,,,,,,,,,,,,13.0158695,77.565649
2025-10-17 00:00:27.995,,,,,,,,,,,,,,,13.0158695,77.565649
2025-10-17 00:00:27.995,,,,,,,,,,,,,,,13.0158695,77.565649
2025-10-17 00:00:28.043,,,,,,,,,,,,,40.0,,13.0158695,77.565649
2025-10-17 00:00:28.111,,,,,0.862171945701358,,,,,,,,,,13.0158695,77.565649
2025-10-17 00:00:28.111,,,,,,,,,,,,,,,13.0158695,77.565649
2025-10-17 00:00:28.111,,,,,,,,,,,,,,,13.0158695,77.565649
2025-10-17 00:00:28.111,,,,,,,,,,,,,,,13.0158695,77.565649
2025-10-17 00:00:28.111,,,,,,,,,,,,,,,13.0158695,77.565649
2025-10-17 00:00:28.111,,,,,,,,,,,,,,,13.0158695,77.565649
2025-10-17 00:00:28.111,,,,13.61,,,,,,,,,,,13.0158695,77.565649
2025-10-17 00:00:28.111,,,,,,,,,16.332,,,,,,13.0158695,77.565649
2025-10-17 00:00:28.257,,21.9607843137255,,,,,,,,,,,,,13.0158695,77.565649
2025-10-17 00:00:28.307,,,,,,,,,,,,,,,13.0158695,77.565649
2025-10-17 00:00:28.307,,,13.633547372658,,,,,,,,,,,,13.0158695,77.565649
2025-10-17 00:00:28.366,799.0,,,,,,,,,,,,,,13.0158695,77.565649
2025-10-17 00:00:28.366,,,,,,,,,,,,,,,13.0158695,77.565649
2025-10-17 00:00:28.417,,,,,,,,,,,,,,,13.0158695,77.565649
2025-10-17 00:00:28.417,,,,,,,,,,,,,,,13.0158695,77.565649
2025-10-17 00:00:28.417,,,,,,,,,,,,,,,13.0158695,77.565649
2025-10-17 00:00:28.417,,,,,,,,,,,,,,,13.0158695,77.565649
2025-10-17 00:00:28.417,,,,,,,,,,,,,,,13.0158695,77.565649
2025-10-17 00:00:28.489,,,,,,,,,,,,,40.0,,13.0158695,77.565649
2025-10-17 00:00:28.538,,,,,0.86027149321267,,,,,,,,,,13.0158695,77.565649
2025-10-17 00:00:28.538,,,,,,,,,,,,,,,13.0158695,77.565649
2025-10-17 00:00:28.538,,,,,,,,,,,,,,,13.0158695,77.565649
2025-10-17 00:00:28.538,,,,,,,,,,,,,,,13.0158695,77.565649
2025-10-17 00:00:28.538,,,,,,,,,,,,,,,13.0158695,77.565649
2025-10-17 00:00:28.538,,,,,,,,,,,,,,,13.0158695,77.565649
2025-10-17 00:00:28.538,,,,13.58,,,,,,,,,,,13.0158695,77.565649
2025-10-17 00:00:28.538,,,,,,,,,16.296,,,,,,13.0158695,77.565649
2025-10-17 00:00:28.587,,,,,,,,,,,,,,,13.0158695,77.565649
2025-10-17 00:00:28.587,,,,,,,0.0,,,,,,,,13.0158695,77.565649
2025-10-17 00:00:28.588,,,,,,,,,,,,,,,13.0158695,77.565649
2025-10-17 00:00:28.594,,,,,,,,,,,,,,,13.0157516666667,77.5656966666667
2025-10-17 00:00:28.594,,,,,,,,,,,,,,,13.0157516666667,77.5656966666667
2025-10-17 00:00:28.594,,,,,,,,,,,,,,,13.0157516666667,77.5656966666667
2025-10-17 00:00:28.594,,,,,,,0.0,,,,,,,,13.0157516666667,77.5656966666667
2025-10-17 00:00:28.601,,,,,,,,,,,,,,,13.0157516666667,77.5656966666667
2025-10-17 00:00:28.601,,,,,,,0.0,,,,,,,,13.0157516666667,77.5656966666667
2025-10-17 00:00:28.602,,,,,,,,,,,,,,,13.0157516666667,77.5656966666667
2025-10-17 00:00:28.603,,,,,,,,,,,,,,,13.0157516666667,77.5656966666667
2025-10-17 00:00:28.603,,,,,,,,,,,,,,,13.0157516666667,77.5656966666667
2025-10-17 00:00:28.603,,,,,,,,,,,,,,,13.0157516666667,77.5656966666667
2025-10-17 00:00:28.603,,,,,,,,,,,,,,,13.0157516666667,77.5656966666667
2025-10-17 00:00:28.603,,,,,,,0.0,,,,,,,,13.0157516666667,77.5656966666667
2025-10-17 00:00:28.603,,,,,,,0.0,,,,,,,,13.0157516666667,77.5656966666667
2025-10-17 00:00:28.606,,,,,,,,,,,,,,,13.0157516666667,77.5656966666667
2025-10-17 00:00:28.606,,,,,,,,,,,,,,,13.0157516666667,77.5656966666667
2025-10-17 00:00:28.606,,,,,,,0.0,,,,,,,,13.0157516666667,77.5656966666667
2025-10-17 00:00:28.637,,21.9607843137255,,,,,,,,,,,,,13.0157516666667,77.5656966666667
2025-10-17 00:00:28.688,,,,,,75.0,,,,,,,,,13.0157516666667,77.5656966666667
2025-10-17 00:00:28.731,,,,,,,,,,,,,,,13.0158695,77.565649
2025-10-17 00:00:28.735,,,,,,,,,,,,,,,13.0158695,77.565649
2025-10-17 00:00:28.735,,,13.633547372658,,,,,,,,,,,,13.0158695,77.565649
2025-10-17 00:00:28.785,799.0,,,,,,,,,,,,,,13.0158695,77.565649
2025-10-17 00:00:28.785,,,,,,,,,,,,,,,13.0158695,77.565649
2025-10-17 00:00:28.835,,,,,,,,,,,,,,,13.0158695,77.565649
2025-10-17 00:00:28.835,,,,,,,,,,,,,,,13.0158695,77.565649
2025-10-17 00:00:28.835,,,,,,,,,,,,,,,13.0158695,77.565649
2025-10-17 00:00:28.835,,,,,,,,,,,,,,,13.0158695,77.565649
2025-10-17 00:00:28.835,,,,,,,,,,,,,,,13.0158695,77.565649
2025-10-17 00:00:28.887,,,,,,,,,,,,,40.0,,13.0158695,77.565649
2025-10-17 00:00:28.937,,,,,0.86027149321267,,,,,,,,,,13.0158695,77.565649
2025-10-17 00:00:28.937,,,,,,,,,,,,,,,13.0158695,77.565649
2025-10-17 00:00:28.937,,,,,,,,,,,,,,,13.0158695,77.565649
2025-10-17 00:00:28.937,,,,,,,,,,,,,,,13.0158695,77.565649
2025-10-17 00:00:28.937,,,,,,,,,,,,,,,13.0158695,77.565649
2025-10-17 00:00:28.937,,,,,,,,,,,,,,,13.0158695,77.565649
2025-10-17 00:00:28.937,,,,13.58,,,,,,,,,,,13.0158695,77.565649
2025-10-17 00:00:28.937,,,,,,,,,16.296,,,,,,13.0158695,77.565649
2025-10-17 00:00:29.046,,21.9607843137255,,,,,,,,,,,,,13.0158695,77.565649
2025-10-17 00:00:29.094,,,,,,,,,,,,,,,13.0158695,77.565649
2025-10-17 00:00:29.094,,,13.633547372658,,,,,,,,,,,,13.0158695,77.565649
2025-10-17 00:00:29.145,799.0,,,,,,,,,,,,,,13.0158695,77.565649
2025-10-17 00:00:29.145,,,,,,,,,,,,,,,13.0158695,77.565649
2025-10-17 00:00:29.207,,,,,,,,,,,,,,,13.0158695,77.565649
2025-10-17 00:00:29.207,,,,,,,,,,,,,,,13.0158695,77.565649
2025-10-17 00:00:29.207,,,,,,,,,,,,,,,13.0158695,77.565649
2025-10-17 00:00:29.207,,,,,,,,,,,,,,,13.0158695,77.565649
2025-10-17 00:00:29.207,,,,,,,,,,,,,,,13.0158695,77.565649
2025-10-17 00:00:29.260,,,,,,,,,,,,,40.0,,13.0158695,77.565649
2025-10-17 00:00:29.333,,,,,0.865339366515837,,,,,,,,,,13.0158695,77.565649
2025-10-17 00:00:29.333,,,,,,,,,,,,,,,13.0158695,77.565649
2025-10-17 00:00:29.333,,,,,,,,,,,,,,,13.0158695,77.565649
2025-10-17 00:00:29.333,,,,,,,,,,,,,,,13.0158695,77.565649
2025-10-17 00:00:29.333,,,,,,,,,,,,,,,13.0158695,77.565649
2025-10-17 00:00:29.333,,,,,,,,,,,,,,,13.0158695,77.565649
2025-10-17 00:00:29.333,,,,13.66,,,,,,,,,,,13.0158695,77.565649
2025-10-17 00:00:29.333,,,,,,,,,16.392,,,,,,13.0158695,77.565649
2025-10-17 00:00:29.467,,21.9607843137255,,,,,,,,,,,,,13.0158695,77.565649
2025-10-17 00:00:29.518,,,,,,75.0,,,,,,,,,13.0158695,77.565649
2025-10-17 00:00:29.569,,,,,,,,,,,,,,,13.0158695,77.565649
2025-10-17 00:00:29.569,,,13.633547372658,,,,,,,,,,,,13.0158695,77.565649
2025-10-17 00:00:29.585,,,,,,,,,,,,,,,13.0158695,77.565649
2025-10-17 00:00:29.585,,,,,,,0.0,,,,,,,,13.0158695,77.565649
2025-10-17 00:00:29.586,,,,,,,,,,,,,,,13.0158695,77.565649
2025-10-17 00:00:29.617,800.0,,,,,,,,,,,,,,13.0158695,77.565649
2025-10-17 00:00:29.617,,,,,,,,,,,,,,,13.0158695,77.565649
2025-10-17 00:00:29.671,,,,,,,,,,,,,,,13.0158695,77.565649
2025-10-17 00:00:29.671,,,,,,,,,,,,,,,13.0158695,77.565649
2025-10-17 00:00:29.671,,,,,,,,,,,,,,,13.0158695,77.565649
2025-10-17 00:00:29.671,,,,,,,,,,,,,,,13.0158695,77.565649
2025-10-17 00:00:29.671,,,,,,,,,,,,,,,13.0158695,77.565649
2025-10-17 00:00:29.700,,,,,,,,,,,,,,,13.0158695,77.565649
2025-10-17 00:00:29.700,,,,,,,,,,,,,,,13.0158695,77.565649
2025-10-17 00:00:29.700,,,,,,,0.0,,,,,,,,13.0158695,77.565649
2025-10-17 00:00:29.724,,,,,,,,,,,,,40.0,,13.0158695,77.565649
2025-10-17 00:00:29.774,,,,,0.867239819004525,,,,,,,,,,13.0158695,77.565649
2025-10-17 00:00:29.774,,,,,,,,,,,,,,,13.0158695,77.565649
2025-10-17 00:00:29.774,,,,,,,,,,,,,,,13.0158695,77.565649
2025-10-17 00:00:29.774,,,,,,,,,,,,,,,13.0158695,77.565649
2025-10-17 00:00:29.774,,,,,,,,,,,,,,,13.0158695,77.565649
2025-10-17 00:00:29.774,,,,,,,,,,,,,,,13.0158695,77.565649
2025-10-17 00:00:29.774,,,,13.69,,,,,,,,,,,13.0158695,77.565649
2025-10-17 00:00:29.774,,,,,,,,,16.428,,,,,,13.0158695,77.565649
2025-10-17 00:00:29.889,,21.9607843137255,,,,,,,,,,,,,13.0158695,77.565649
2025-10-17 00:00:29.941,,,,,,,,,,,,,,,13.0158695,77.565649
2025-10-17 00:00:29.941,,,13.633547372658,,,,,,,,,,,,13.0158695,77.565649
2025-10-17 00:00:29.988,799.0,,,,,,,,,,,,,,13.0158695,77.565649
2025-10-17 00:00:29.988,,,,,,,,,,,,,,,13.0158695,77.565649
2025-10-17 00:00:30.037,,,,,,,,,,,,,,,13.0158695,77.565649
2025-10-17 00:00:30.037,,,,,,,,,,,,,,,13.0158695,77.565649
2025-10-17 00:00:30.037,,,,,,,,,,,,,,,13.0158695,77.565649
2025-10-17 00:00:30.037,,,,,,,,,,,,,,,13.0158695,77.565649
2025-10-17 00:00:30.037,,,,,,,,,,,,,,,13.0158695,77.565649
2025-10-17 00:00:30.087,,,,,,,,,,,,,40.0,,13.0158695,77.565649
2025-10-17 00:00:30.134,,,,,0.863438914027149,,,,,,,,,,13.0158695,77.565649
2025-10-17 00:00:30.134,,,,,,,,,,,,,,,13.0158695,77.565649
2025-10-17 00:00:30.134,,,,,,,,,,,,,,,13.0158695,77.565649
2025-10-17 00:00:30.134,,,,,,,,,,,,,,,13.0158695,77.565649
2025-10-17 00:00:30.134,,,,,,,,,,,,,,,13.0158695,77.565649
2025-10-17 00:00:30.134,,,,,,,,,,,,,,,13.0158695,77.565649
2025-10-17 00:00:30.134,,,,13.63,,,,,,,,,,,13.0158695,77.565649
2025-10-17 00:00:30.134,,,,,,,,,16.356,,,,,,13.0158695,77.565649
2025-10-17 00:00:30.230,,21.9607843137255,,,,,,,,,,,,,13.0158695,77.565649
2025-10-17 00:00:30.290,,,,,,75.0,,,,,,,,,13.0158695,77.565649
2025-10-17 00:00:30.341,,,,,,,,,,,,,,,13.0158695,77.565649
2025-10-17 00:00:30.341,,,13.633547372658,,,,,,,,,,,,13.0158695,77.565649
2025-10-17 00:00:30.393,799.0,,,,,,,,,,,,,,13.0158695,77.565649
2025-10-17 00:00:30.393,,,,,,,,,,,,,,,13.0158695,77.565649
2025-10-17 00:00:30.442,,,,,,,,,,,,,,,13.0158695,77.565649
2025-10-17 00:00:30.442,,,,,,,,,,,,,,,13.0158695,77.565649
2025-10-17 00:00:30.442,,,,,,,,,,,,,,,13.0158695,77.565649
2025-10-17 00:00:30.442,,,,,,,,,,,,,,,13.0158695,77.565649
2025-10-17 00:00:30.442,,,,,,,,,,,,,,,13.0158695,77.565649
2025-10-17 00:00:30.501,,,,,,,,,,,,,40.0,,13.0158695,77.565649
2025-10-17 00:00:30.560,,,,,0.895113122171946,,,,,,,,,,13.0158695,77.565649
2025-10-17 00:00:30.560,,,,,,,,,,,,,,,13.0158695,77.565649
2025-10-17 00:00:30.560,,,,,,,,,,,,,,,13.0158695,77.565649
2025-10-17 00:00:30.560,,,,,,,,,,,,,,,13.0158695,77.565649
2025-10-17 00:00:30.560,,,,,,,,,,,,,,,13.0158695,77.565649
2025-10-17 00:00:30.560,,,,,,,,,,,,,,,13.0158695,77.565649
2025-10-17 00:00:30.560,,,,14.13,,,,,,,,,,,13.0158695,77.565649
2025-10-17 00:00:30.560,,,,,,,,,16.956,,,,,,13.0158695,77.565649
2025-10-17 00:00:30.598,,,,,,,,,,,,,,,13.0158695,77.565649
2025-10-17 00:00:30.598,,,,,,,,,,,,,,,13.0158695,77.565649
2025-10-17 00:00:30.598,,,,,,,0.0,,,,,,,,13.0158695,77.565649
2025-10-17 00:00:30.599,,,,,,,,,,,,,,,13.0158695,77.565649
2025-10-17 00:00:30.599,,,,,,,,,,,,,,,13.0158695,77.565649
2025-10-17 00:00:30.599,,,,,,,0.0,,,,,,,,13.0158695,77.565649
2025-10-17 00:00:30.605,,,,,,,,,,,,,,,13.0158695,77.565649
2025-10-17 00:00:30.605,,,,,,,,,,,,,,,13.0158695,77.565649
2025-10-17 00:00:30.605,,,,,,,0.0,,,,,,,,13.0158695,77.565649
2025-10-17 00:00:30.667,,,,,,,,,,,,,,,13.0158695,77.565649
2025-10-17 00:00:30.667,,,,,,,,,,,,,,,13.0158695,77.565649
2025-10-17 00:00:30.667,,,,,,,0.0,,,,,,,,13.0158695,77.565649
2025-10-17 00:00:30.686,,86.2745098039216,,,,,,,,,,,,,13.0158695,77.565649
2025-10-17 00:00:30.744,,,,,,,,,,,,,,,13.0158695,77.565649
2025-10-17 00:00:30.744,,,13.633547372658,,,,,,,,,,,,13.0158695,77.565649
2025-10-17 00:00:30.794,1091.0,,,,,,,,,,,,,,13.0158695,77.565649
2025-10-17 00:00:30.794,,,,,,,,,,,,,,,13.0158695,77.565649
2025-10-17 00:00:30.854,,,,,,,,,,,,,,,13.0158695,77.565649
2025-10-17 00:00:30.854,,,,,,,,,,,,,,,13.0158695,77.565649
2025-10-17 00:00:30.854,,,,,,,,,,,,,,,13.0158695,77.565649
2025-10-17 00:00:30.854,,,,,,,,,,,,,,,13.0158695,77.565649
2025-10-17 00:00:30.854,,,,,,,,,,,,,,,13.0158695,77.565649
2025-10-17 00:00:30.906,,,,,,,,,,,,,40.0,,13.0158695,77.565649
2025-10-17 00:00:30.957,,,,,6.80904977375566,,,,,,,,,,13.0158695,77.565649
2025-10-17 00:00:30.957,,,,,,,,,,,,,,,13.0158695,77.565649
2025-10-17 00:00:30.957,,,,,,,,,,,,,,,13.0158695,77.565649
2025-10-17 00:00:30.957,,,,,,,,,,,,,,,13.0158695,77.565649
2025-10-17 00:00:30.957,,,,,,,,,,,,,,,13.0158695,77.565649
2025-10-17 00:00:30.957,,,,,,,,,,,,,,,13.0158695,77.565649
2025-10-17 00:00:30.957,,,,27.36,,,,,,,,,,,13.0158695,77.565649
2025-10-17 00:00:30.957,,,,,,,,,32.832,,,,,,13.0158695,77.565649
2025-10-17 00:00:31.068,,29.8039215686275,,,,,,,,,,,,,13.0158695,77.565649
2025-10-17 00:00:31.119,,,,,,75.0,,,,,,,,,13.0158695,77.565649
2025-10-17 00:00:31.169,,,,,,,,,,,,,,,13.0158695,77.565649
2025-10-17 00:00:31.169,,,14.793849276714,,,,,,,,,,,,13.0158695,77.565649
2025-10-17 00:00:31.220,1894.0,,,,,,,,,,,,,,13.0158695,77.565649
2025-10-17 00:00:31.220,,,,,,,,,,,,,,,13.0158695,77.565649
2025-10-17 00:00:31.280,,,,,,,,,,,,,,,13.0158695,77.565649
2025-10-17 00:00:31.280,,,,,,,,,,,,,,,13.0158695,77.565649
2025-10-17 00:00:31.280,,,,,,,,,,,,,,,13.0158695,77.565649
2025-10-17 00:00:31.280,,,,,,,,,,,,,,,13.0158695,77.565649
2025-10-17 00:00:31.280,,,,,,,,,,,,,,,13.0158695,77.565649
2025-10-17 00:00:31.336,,,,,,,,,,,,,40.0,,13.0158695,77.565649
2025-10-17 00:00:31.387,,,,,2.75800904977376,,,,,,,,,,13.0158695,77.565649
2025-10-17 00:00:31.387,,,,,,,,,,,,,,,13.0158695,77.565649
2025-10-17 00:00:31.387,,,,,,,,,,,,,,,13.0158695,77.565649
2025-10-17 00:00:31.387,,,,,,,,,,,,,,,13.0158695,77.565649
2025-10-17 00:00:31.387,,,,,,,,,,,,,,,13.0158695,77.565649
2025-10-17 00:00:31.387,,,,,,,,,,,,,,,13.0158695,77.565649
2025-10-17 00:00:31.387,,,,32.08,,,,,,,,,,,13.0158695,77.565649
2025-10-17 00:00:31.387,,,,,,,,,38.496,,,,,,13.0158695,77.565649
2025-10-17 00:00:31.524,,0.784313725490196,,,,,,,,,,,,,13.0158695,77.565649
2025-10-17 00:00:31.575,,,,,,,,,,,,,,,13.0158695,77.565649
2025-10-17 00:00:31.575,,,13.923622848672,,,,,,,,,,,,13.0158695,77.565649
2025-10-17 00:00:31.587,,,,,,,,,,,,,,,13.01576,77.5656833333333
2025-10-17 00:00:31.588,,,,,,,,,,,,,,,13.01576,77.5656833333333
2025-10-17 00:00:31.588,,,,,,,0.0,,,,,,,,13.01576,77.5656833333333
2025-10-17 00:00:31.589,,,,,,,,,,,,,,,13.01576,77.5656833333333
2025-10-17 00:00:31.609,,,,,,,,,,,,,,,13.01576,77.5656833333333
2025-10-17 00:00:31.609,,,,,,,,,,,,,,,13.01576,77.5656833333333
2025-10-17 00:00:31.609,,,,,,,0.0,,,,,,,,13.01576,77.5656833333333
2025-10-17 00:00:31.634,1541.0,,,,,,,,,,,,,,13.01576,77.5656833333333
2025-10-17 00:00:31.634,,,,,,,,,,,,,,,13.01576,77.5656833333333
2025-10-17 00:00:31.686,,,,,,,,,,,,,,,13.01576,77.5656833333333
2025-10-17 00:00:31.686,,,,,,,,,,,,,,,13.01576,77.5656833333333
2025-10-17 00:00:31.686,,,,,,,,,,,,,,,13.01576,77.5656833333333
2025-10-17 00:00:31.686,,,,,,,,,,,,,,,13.01576,77.5656833333333
2025-10-17 00:00:31.686,,,,,,,,,,,,,,,13.01576,77.5656833333333
2025-10-17 00:00:31.741,,,,,,,,,,,,,40.0,,13.01576,77.5656833333333
2025-10-17 00:00:31.793,,,,,0.0592533936651584,,,,,,,,,,13.01576,77.5656833333333
2025-10-17 00:00:31.793,,,,,,,,,,,,,,,13.01576,77.5656833333333
2025-10-17 00:00:31.793,,,,,,,,,,,,,,,13.01576,77.5656833333333
2025-10-17 00:00:31.793,,,,,,,,,,,,,,,13.01576,77.5656833333333
2025-10-17 00:00:31.793,,,,,,,,,,,,,,,13.01576,77.5656833333333
2025-10-17 00:00:31.793,,,,,,,,,,,,,,,13.01576,77.5656833333333
2025-10-17 00:00:31.793,,,,26.19,,,,,,,,,,,13.01576,77.5656833333333
2025-10-17 00:00:31.793,,,,,,,,,31.428,,,,,,13.01576,77.5656833333333
2025-10-17 00:00:31.919,,0.0,,,,,,,,,,,,,13.01576,77.5656833333333
2025-10-17 00:00:31.978,,,,,,75.0,,,,,,,,,13.01576,77.5656833333333
2025-10-17 00:00:32.031,,,,,,,,,,,,,,,13.01576,77.5656833333333
2025-10-17 00:00:32.031,,,13.488509634651,,,,,,,,,,,,13.01576,77.5656833333333
2025-10-17 00:00:32.091,,,,,,,,,,,,,,,13.01576,77.5656833333333
2025-10-17 00:00:32.091,,,,,,,,,,,,,,,13.01576,77.5656833333333
2025-10-17 00:00:32.091,,,,,,,0.0,,,,,,,,13.01576,77.5656833333333
2025-10-17 00:00:32.100,,,,,,,,,,,,,,,13.01576,77.5656833333333
2025-10-17 00:00:32.100,,,,,,,,,,,,,,,13.01576,77.5656833333333
2025-10-17 00:00:32.100,,,,,,,0.0,,,,,,,,13.01576,77.5656833333333
2025-10-17 00:00:32.102,,,,,,,,,,,,,,,13.0158679,77.5656672
2025-10-17 00:00:32.102,,,,,,,,,,,,,,,13.0158679,77.5656672
2025-10-17 00:00:32.102,,,,,,,0.0,,,,,,,,13.0158679,77.5656672
2025-10-17 00:00:32.103,,,,,,,,,,,,,,,13.0158679,77.5656672
2025-10-17 00:00:32.108,1239.0,,,,,,,,,,,,,,13.0158679,77.5656672
2025-10-17 00:00:32.108,,,,,,,,,,,,,,,13.0158679,77.5656672
2025-10-17 00:00:32.159,,,,,,,,,,,,,,,13.0158679,77.5656672
2025-10-17 00:00:32.159,,,,,,,,,,,,,,,13.0158679,77.5656672
2025-10-17 00:00:32.159,,,,,,,,,,,,,,,13.0158679,77.5656672
2025-10-17 00:00:32.159,,,,,,,,,,,,,,,13.0158679,77.5656672
2025-10-17 00:00:32.159,,,,,,,,,,,,,,,13.0158679,77.5656672
2025-10-17 00:00:32.214,,,,,,,,,,,,,40.0,,13.0158679,77.5656672
2025-10-17 00:00:32.267,,,,,0.0,,,,,,,,,,13.0158679,77.5656672
2025-10-17 00:00:32.267,,,,,,,,,,,,,,,13.0158679,77.5656672
2025-10-17 00:00:32.267,,,,,,,,,,,,,,,13.0158679,77.5656672
2025-10-17 00:00:32.267,,,,,,,,,,,,,,,13.0158679,77.5656672
2025-10-17 00:00:32.267,,,,,,,,,,,,,,,13.0158679,77.5656672
2025-10-17 00:00:32.267,,,,,,,,,,,,,,,13.0158679,77.5656672
2025-10-17 00:00:32.267,,,,19.91,,,,,,,,,,,13.0158679,77.5656672
2025-10-17 00:00:32.267,,,,,,,,,23.892,,,,,,13.0158679,77.5656672
2025-10-17 00:00:32.384,,7.45098039215686,,,,,,,,,,,,,13.0158679,77.5656672
2025-10-17 00:00:32.437,,,,,,,,,,,,,,,13.0158679,77.5656672
2025-10-17 00:00:32.437,,,13.343471896644,,,,,,,,,,,,13.0158679,77.5656672
2025-10-17 00:00:32.486,973.0,,,,,,,,,,,,,,13.0158679,77.5656672
2025-10-17 00:00:32.486,,,,,,,,,,,,,,,13.0158679,77.5656672
2025-10-17 00:00:32.532,,,,,,,,,,,,,,,13.0158679,77.5656672
2025-10-17 00:00:32.532,,,,,,,,,,,,,,,13.0158679,77.5656672
2025-10-17 00:00:32.532,,,,,,,,,,,,,,,13.0158679,77.5656672
2025-10-17 00:00:32.532,,,,,,,,,,,,,,,13.0158679,77.5656672
2025-10-17 00:00:32.532,,,,,,,,,,,,,,,13.0158679,77.5656672
2025-10-17 00:00:32.582,,,,,,,,,,,,,,,13.0158679,77.5656672
2025-10-17 00:00:32.582,,,,,,,0.0,,,,,,,,13.0158679,77.5656672
2025-10-17 00:00:32.583,,,,,,,,,,,,,,,13.0158679,77.5656672
2025-10-17 00:00:32.584,,,,,,,,,,,,,40.0,,13.0158679,77.5656672
2025-10-17 00:00:32.632,,,,,0.350984162895928,,,,,,,,,,13.0158679,77.5656672
2025-10-17 00:00:32.632,,,,,,,,,,,,,,,13.0158679,77.5656672
2025-10-17 00:00:32.632,,,,,,,,,,,,,,,13.0158679,77.5656672
2025-10-17 00:00:32.632,,,,,,,,,,,,,,,13.0158679,77.5656672
2025-10-17 00:00:32.632,,,,,,,,,,,,,,,13.0158679,77.5656672
2025-10-17 00:00:32.632,,,,,,,,,,,,,,,13.0158679,77.5656672
2025-10-17 00:00:32.632,,,,16.33,,,,,,,,,,,13.0158679,77.5656672
2025-10-17 00:00:32.632,,,,,,,,,19.596,,,,,,13.0158679,77.5656672
2025-10-17 00:00:32.684,,,,,,,,,,,,,,,13.0158679,77.5656672
2025-10-17 00:00:32.684,,,,,,,,,,,,,,,13.0158679,77.5656672
2025-10-17 00:00:32.684,,,,,,,0.0,,,,,,,,13.0158679,77.5656672
2025-10-17 00:00:32.737,,20.0,,,,,,,,,,,,,13.0158679,77.5656672
2025-10-17 00:00:32.806,,,,,,75.0,,,,,,,,,13.0158679,77.5656672
2025-10-17 00:00:32.855,,,,,,,,,,,,,,,13.0158679,77.5656672
2025-10-17 00:00:32.855,,,13.343471896644,,,,,,,,,,,,13.0158679,77.5656672
2025-10-17 00:00:32.905,896.0,,,,,,,,,,,,,,13.0158679,77.5656672
2025-10-17 00:00:32.905,,,,,,,,,,,,,,,13.0158679,77.5656672
2025-10-17 00:00:32.956,,,,,,,,,,,,,,,13.0158679,77.5656672
2025-10-17 00:00:32.956,,,,,,,,,,,,,,,13.0158679,77.5656672
2025-10-17 00:00:32.956,,,,,,,,,,,,,,,13.0158679,77.5656672
2025-10-17 00:00:32.956,,,,,,,,,,,,,,,13.0158679,77.5656672
2025-10-17 00:00:32.956,,,,,,,,,,,,,,,13.0158679,77.5656672
2025-10-17 00:00:33.005,,,,,,,,,,,,,40.0,,13.0158679,77.5656672
2025-10-17 00:00:33.078,,,,,0.868269230769231,,,,,,,,,,13.0158679,77.5656672
2025-10-17 00:00:33.078,,,,,,,,,,,,,,,13.0158679,77.5656672
2025-10-17 00:00:33.078,,,,,,,,,,,,,,,13.0158679,77.5656672
2025-10-17 00:00:33.078,,,,,,,,,,,,,,,13.0158679,77.5656672
2025-10-17 00:00:33.078,,,,,,,,,,,,,,,13.0158679,77.5656672
2025-10-17 00:00:33.078,,,,,,,,,,,,,,,13.0158679,77.5656672
2025-10-17 00:00:33.078,,,,15.05,,,,,,,,,,,13.0158679,77.5656672
2025-10-17 00:00:33.078,,,,,,,,,18.06,,,,,,13.0158679,77.5656672
2025-10-17 00:00:33.186,,31.3725490196078,,,,,,,,,,,,,13.0158679,77.5656672
2025-10-17 00:00:33.232,,,,,,,,,,,,,,,13.0158679,77.5656672
2025-10-17 00:00:33.232,,,13.488509634651,,,,,,,,,,,,13.0158679,77.5656672
2025-10-17 00:00:33.276,864.0,,,,,,,,,,,,,,13.0158679,77.5656672
2025-10-17 00:00:33.276,,,,,,,,,,,,,,,13.0158679,77.5656672
2025-10-17 00:00:33.331,,,,,,,,,,,,,,,13.0158679,77.5656672
2025-10-17 00:00:33.331,,,,,,,,,,,,,,,13.0158679,77.5656672
2025-10-17 00:00:33.331,,,,,,,,,,,,,,,13.0158679,77.5656672
2025-10-17 00:00:33.331,,,,,,,,,,,,,,,13.0158679,77.5656672
2025-10-17 00:00:33.331,,,,,,,,,,,,,,,13.0158679,77.5656672
2025-10-17 00:00:33.379,,,,,,,,,,,,,40.0,,13.0158679,77.5656672
2025-10-17 00:00:33.481,,,,,1.31402714932127,,,,,,,,,,13.0158679,77.5656672
2025-10-17 00:00:33.481,,,,,,,,,,,,,,,13.0158679,77.5656672
2025-10-17 00:00:33.481,,,,,,,,,,,,,,,13.0158679,77.5656672
2025-10-17 00:00:33.481,,,,,,,,,,,,,,,13.0158679,77.5656672
2025-10-17 00:00:33.481,,,,,,,,,,,,,,,13.0158679,77.5656672
2025-10-17 00:00:33.481,,,,,,,,,,,,,,,13.0158679,77.5656672
2025-10-17 00:00:33.481,,,,14.52,,,,,,,,,,,13.0158679,77.5656672
2025-10-17 00:00:33.481,,,,,,,,,17.424,,,,,,13.0158679,77.5656672
2025-10-17 00:00:33.579,,,,,,,,,,,,,,,13.0158679,77.5656672
2025-10-17 00:00:33.579,,,,,,,,,,,,,,,13.0158679,77.5656672
2025-10-17 00:00:33.579,,,,,,,0.0,,,,,,,,13.0158679,77.5656672
2025-10-17 00:00:33.627,,34.5098039215686,,,,,,,,,,,,,13.0158679,77.5656672
2025-10-17 00:00:33.660,,,,,,,,,,,,,,,13.0158679,77.5656672
2025-10-17 00:00:33.660,,,,,,,,,,,,,,,13.0158679,77.5656672
2025-10-17 00:00:33.660,,,,,,,0.0,,,,,,,,13.0158679,77.5656672
2025-10-17 00:00:33.668,,,,,,75.0,,,,,,,,,13.0158679,77.5656672
2025-10-17 00:00:33.719,,,,,,,,,,,,,,,13.0158679,77.5656672
2025-10-17 00:00:33.719,,,13.633547372658,,,,,,,,,,,,13.0158679,77.5656672
2025-10-17 00:00:33.782,833.0,,,,,,,,,,,,,,13.0158679,77.5656672
2025-10-17 00:00:33.782,,,,,,,,,,,,,,,13.0158679,77.5656672
2025-10-17 00:00:33.829,,,,,,,,,,,,,,,13.0158679,77.5656672
2025-10-17 00:00:33.829,,,,,,,,,,,,,,,13.0158679,77.5656672
2025-10-17 00:00:33.829,,,,,,,,,,,,,,,13.0158679,77.5656672
2025-10-17 00:00:33.829,,,,,,,,,,,,,,,13.0158679,77.5656672
2025-10-17 00:00:33.829,,,,,,,,,,,,,,,13.0158679,77.5656672
2025-10-17 00:00:33.878,,,,,,,,,,,,,40.0,,13.0158679,77.5656672
2025-10-17 00:00:33.928,,,,,1.39864253393665,,,,,,,,,,13.0158679,77.5656672
2025-10-17 00:00:33.928,,,,,,,,,,,,,,,13.0158679,77.5656672
2025-10-17 00:00:33.928,,,,,,,,,,,,,,,13.0158679,77.5656672
2025-10-17 00:00:33.928,,,,,,,,,,,,,,,13.0158679,77.5656672
2025-10-17 00:00:33.928,,,,,,,,,,,,,,,13.0158679,77.5656672
2025-10-17 00:00:33.928,,,,,,,,,,,,,,,13.0158679,77.5656672
2025-10-17 00:00:33.928,,,,14.05,,,,,,,,,,,13.0158679,77.5656672
2025-10-17 00:00:33.928,,,,,,,,,16.86,,,,,,13.0158679,77.5656672
2025-10-17 00:00:34.079,,36.078431372549,,,,,,,,,,,,,13.0158679,77.5656672
2025-10-17 00:00:34.162,,,,,,75.0,,,,,,,,,13.0158679,77.5656672
2025-10-17 00:00:34.249,,,,,,,,,,,,,,,13.0158679,77.5656672
2025-10-17 00:00:34.249,,,13.633547372658,,,,,,,,,,,,13.0158679,77.5656672
2025-10-17 00:00:34.322,825.0,,,,,,,,,,,,,,13.0158679,77.5656672
2025-10-17 00:00:34.322,,,,,,,,,,,,,,,13.0158679,77.5656672
2025-10-17 00:00:34.408,,,,,,,,,,,,,,,13.0158679,77.5656672
2025-10-17 00:00:34.408,,,,,,,,,,,,,,,13.0158679,77.5656672
2025-10-17 00:00:34.408,,,,,,,,,,,,,,,13.0158679,77.5656672
2025-10-17 00:00:34.408,,,,,,,,,,,,,,,13.0158679,77.5656672
2025-10-17 00:00:34.408,,,,,,,,,,,,,,,13.0158679,77.5656672
2025-10-17 00:00:34.483,,,,,,,,,,,,,40.0,,13.0158679,77.5656672
2025-10-17 00:00:34.566,,,,,1.47678733031674,,,,,,,,,,13.0158679,77.5656672
2025-10-17 00:00:34.566,,,,,,,,,,,,,,,13.0158679,77.5656672
2025-10-17 00:00:34.566,,,,,,,,,,,,,,,13.0158679,77.5656672
2025-10-17 00:00:34.566,,,,,,,,,,,,,,,13.0158679,77.5656672
2025-10-17 00:00:34.566,,,,,,,,,,,,,,,13.0158679,77.5656672
2025-10-17 00:00:34.566,,,,,,,,,,,,,,,13.0158679,77.5656672
2025-10-17 00:00:34.566,,,,14.19,,,,,,,,,,,13.0158679,77.5656672
2025-10-17 00:00:34.566,,,,,,,,,17.028,,,,,,13.0158679,77.5656672
2025-10-17 00:00:34.603,,,,,,,,,,,,,,,13.0158679,77.5656672
2025-10-17 00:00:34.603,,,,,,,,,,,,,,,13.0158679,77.5656672
2025-10-17 00:00:34.603,,,,,,,0.0,,,,,,,,13.0158679,77.5656672
2025-10-17 00:00:34.604,,,,,,,,,,,,,,,13.0158679,77.5656672
2025-10-17 00:00:34.604,,,,,,,,,,,,,,,13.0158679,77.5656672
2025-10-17 00:00:34.604,,,,,,,0.0,,,,,,,,13.0158679,77.5656672
2025-10-17 00:00:34.634,,,,,,,,,,,,,,,13.0158679,77.5656672
2025-10-17 00:00:34.634,,,,,,,0.0,,,,,,,,13.0158679,77.5656672
2025-10-17 00:00:34.635,,,,,,,,,,,,,,,13.0158679,77.5656672
2025-10-17 00:00:34.647,,,,,,,,,,,,,,,13.0158679,77.5656672
2025-10-17 00:00:34.696,,,,,,,,,,,,,,,13.0158679,77.5656672
2025-10-17 00:00:34.696,,,,,,,,,,,,,,,13.0158679,77.5656672
2025-10-17 00:00:34.696,,,,,,,0.0,,,,,,,,13.0158679,77.5656672
2025-10-17 00:00:34.729,,,,,,,,,,,,,,,13.0158679,77.5656672
2025-10-17 00:00:34.837,,36.078431372549,,,,,,,,,,,,,13.0158679,77.5656672
2025-10-17 00:00:34.888,,,,,,,,,,,,,,,13.0158679,77.5656672
2025-10-17 00:00:34.888,,,13.778585110665,,,,,,,,,,,,13.0158679,77.5656672
2025-10-17 00:00:34.940,824.0,,,,,,,,,,,,,,13.0158679,77.5656672
2025-10-17 00:00:34.940,,,,,,,,,,,,,,,13.0158679,77.5656672
2025-10-17 00:00:34.993,,,,,,,,,,,,,,,13.0158679,77.5656672
2025-10-17 00:00:34.993,,,,,,,,,,,,,,,13.0158679,77.5656672
2025-10-17 00:00:34.993,,,,,,,,,,,,,,,13.0158679,77.5656672
2025-10-17 00:00:34.993,,,,,,,,,,,,,,,13.0158679,77.5656672
2025-10-17 00:00:34.993,,,,,,,,,,,,,,,13.0158679,77.5656672
2025-10-17 00:00:35.059,,,,,,,,,,,,,40.0,,13.0158679,77.5656672
2025-10-17 00:00:35.143,,,,,1.46221719457014,,,,,,,,,,13.0158679,77.5656672
2025-10-17 00:00:35.143,,,,,,,,,,,,,,,13.0158679,77.5656672
2025-10-17 00:00:35.143,,,,,,,,,,,,,,,13.0158679,77.5656672
2025-10-17 00:00:35.143,,,,,,,,,,,,,,,13.0158679,77.5656672
2025-10-17 00:00:35.143,,,,,,,,,,,,,,,13.0158679,77.5656672
2025-10-17 00:00:35.143,,,,,,,,,,,,,,,13.0158679,77.5656672
2025-10-17 00:00:35.143,,,,14.05,,,,,,,,,,,13.0158679,77.5656672
2025-10-17 00:00:35.143,,,,,,,,,16.86,,,,,,13.0158679,77.5656672
2025-10-17 00:00:35.299,,35.6862745098039,,,,,,,,,,,,,13.0158679,77.5656672
2025-10-17 00:00:35.381,,,,,,75.0,,,,,,,,,13.0158679,77.5656672
2025-10-17 00:00:35.464,,,,,,,,,,,,,,,13.0158679,77.5656672
2025-10-17 00:00:35.464,,,13.778585110665,,,,,,,,,,,,13.0158679,77.5656672
2025-10-17 00:00:35.545,826.0,,,,,,,,,,,,,,13.0158679,77.5656672
2025-10-17 00:00:35.545,,,,,,,,,,,,,,,13.0158679,77.5656672
2025-10-17 00:00:35.577,,,,,,,,,,,,,,,13.0157683333333,77.5656783333333
2025-10-17 00:00:35.577,,,,,,,0.453985011577606,,,,,,,,13.0157683333333,77.5656783333333
2025-10-17 00:00:35.578,,,,,,,,,,,,,,,13.0157683333333,77.5656783333333
2025-10-17 00:00:35.579,,,,,,,,,,,,,,,13.0157683333333,77.5656783333333
2025-10-17 00:00:35.579,,,,,,,,,,,,,,,13.0157683333333,77.5656783333333
2025-10-17 00:00:35.579,,,,,,,0.453985011577606,,,,,,,,13.0157683333333,77.5656783333333
2025-10-17 00:00:35.596,,,,,,,,,,,,,,,13.0157683333333,77.5656783333333
2025-10-17 00:00:35.596,,,,,,,,,,,,,,,13.0157683333333,77.5656783333333
2025-10-17 00:00:35.596,,,,,,,0.0,,,,,,,,13.0157683333333,77.5656783333333
2025-10-17 00:00:35.614,,,,,,,,,,,,,,,13.0157683333333,77.5656783333333
2025-10-17 00:00:35.614,,,,,,,,,,,,,,,13.0157683333333,77.5656783333333
2025-10-17 00:00:35.614,,,,,,,,,,,,,,,13.0157683333333,77.5656783333333
2025-10-17 00:00:35.614,,,,,,,,,,,,,,,13.0157683333333,77.5656783333333
2025-10-17 00:00:35.614,,,,,,,,,,,,,,,13.0157683333333,77.5656783333333
2025-10-17 00:00:35.710,,,,,,,,,,,,,40.0,,13.0157683333333,77.5656783333333
2025-10-17 00:00:35.793,,,,,1.46073529411765,,,,,,,,,,13.0157683333333,77.5656783333333
2025-10-17 00:00:35.793,,,,,,,,,,,,,,,13.0157683333333,77.5656783333333
2025-10-17 00:00:35.793,,,,,,,,,,,,,,,13.0157683333333,77.5656783333333
2025-10-17 00:00:35.793,,,,,,,,,,,,,,,13.0157683333333,77.5656783333333
2025-10-17 00:00:35.793,,,,,,,,,,,,,,,13.0157683333333,77.5656783333333
2025-10-17 00:00:35.793,,,,,,,,,,,,,,,13.0157683333333,77.5656783333333
2025-10-17 00:00:35.793,,,,14.19,,,,,,,,,,,13.0157683333333,77.5656783333333
2025-10-17 00:00:35.793,,,,,,,,,17.028,,,,,,13.0157683333333,77.5656783333333
2025-10-17 00:00:35.869,,,,,,,,,,,,,,,13.0157683333333,77.5656783333333
2025-10-17 00:00:35.943,,,,,,,,,,,,,,,13.0157683333333,77.5656783333333
2025-10-17 00:00:36.020,,,,,,,,,,,13.05339642063,,,,13.0157683333333,77.5656783333333
2025-10-17 00:00:36.134,,35.6862745098039,,,,,,,,,,,,,13.0157683333333,77.5656783333333
2025-10-17 00:00:36.184,,,,,,,,,,,,,,,13.0157683333333,77.5656783333333
2025-10-17 00:00:36.184,,,13.778585110665,,,,,,,,,,,,13.0157683333333,77.5656783333333
2025-10-17 00:00:36.236,828.0,,,,,,,,,,,,,,13.0157683333333,77.5656783333333
2025-10-17 00:00:36.236,,,,,,,,,,,,,,,13.0157683333333,77.5656783333333
2025-10-17 00:00:36.325,,36.078431372549,,,,,,,,,,,,,13.0157683333333,77.5656783333333
2025-10-17 00:00:36.409,,,,,,75.0,,,,,,,,,13.0157683333333,77.5656783333333
2025-10-17 00:00:36.482,,,,,,,,,,,,,,,13.0157683333333,77.5656783333333
2025-10-17 00:00:36.482,,,13.778585110665,,,,,,,,,,,,13.0157683333333,77.5656783333333
2025-10-17 00:00:36.554,824.0,,,,,,,,,,,,,,13.0157683333333,77.5656783333333
2025-10-17 00:00:36.554,,,,,,,,,,,,,,,13.0157683333333,77.5656783333333
2025-10-17 00:00:36.590,,,,,,,,,,,,,,,13.015765,77.56568
2025-10-17 00:00:36.590,,,,,,,0.0,,,,,,,,13.015765,77.56568
2025-10-17 00:00:36.591,,,,,,,,,,,,,,,13.015765,77.56568
2025-10-17 00:00:36.591,,,,,,,,,,,,,,,13.015765,77.56568
2025-10-17 00:00:36.591,,,,,,,0.0,,,,,,,,13.015765,77.56568
2025-10-17 00:00:36.592,,,,,,,,,,,,,,,13.015765,77.56568
2025-10-17 00:00:36.604,,,,,,,,,,,,,,,13.015765,77.56568
2025-10-17 00:00:36.604,,,,,,,,,,,,,,,13.015765,77.56568
2025-10-17 00:00:36.604,,,,,,,0.0,,,,,,,,13.015765,77.56568
2025-10-17 00:00:36.622,,,,,,,,,,,,,,,13.015765,77.56568
2025-10-17 00:00:36.622,,,,,,,,,,,,,,,13.015765,77.56568
2025-10-17 00:00:36.622,,,,,,,,,,,,,,,13.015765,77.56568
2025-10-17 00:00:36.622,,,,,,,,,,,,,,,13.015765,77.56568
2025-10-17 00:00:36.622,,,,,,,,,,,,,,,13.015765,77.56568
2025-10-17 00:00:36.699,,,,,,,,,,,,,40.0,,13.015765,77.56568
2025-10-17 00:00:36.782,,,,,1.46533936651584,,,,,,,,,,13.015765,77.56568
2025-10-17 00:00:36.782,,,,,,,,,,,,,,,13.015765,77.56568
2025-10-17 00:00:36.782,,,,,,,,,,,,,,,13.015765,77.56568
2025-10-17 00:00:36.782,,,,,,,,,,,,,,,13.015765,77.56568
2025-10-17 00:00:36.782,,,,,,,,,,,,,,,13.015765,77.56568
2025-10-17 00:00:36.782,,,,,,,,,,,,,,,13.015765,77.56568
2025-10-17 00:00:36.782,,,,14.08,,,,,,,,,,,13.015765,77.56568
2025-10-17 00:00:36.782,,,,,,,,,16.896,,,,,,13.015765,77.56568
2025-10-17 00:00:36.874,,,,,,,,,,,,,,,13.015765,77.56568
2025-10-17 00:00:36.961,,,,,,,,,,,,,,,13.015765,77.56568
2025-10-17 00:00:37.033,,,,,,,,,,,13.05339642063,,,,13.015765,77.56568
2025-10-17 00:00:37.078,,35.6862745098039,,,,,,,,,,,,,13.015765,77.56568
2025-10-17 00:00:37.123,,,,,,,,,,,,,,,13.015765,77.56568
2025-10-17 00:00:37.123,,,13.778585110665,,,,,,,,,,,,13.015765,77.56568
2025-10-17 00:00:37.170,826.0,,,,,,,,,,,,,,13.015765,77.56568
2025-10-17 00:00:37.170,,,,,,,,,,,,,,,13.015765,77.56568
2025-10-17 00:00:37.248,,,,,,,,,,,,,,,13.015765,77.56568
2025-10-17 00:00:37.248,,,,,,,,,,,,,,,13.015765,77.56568
2025-10-17 00:00:37.248,,,,,,,,,,,,,,,13.015765,77.56568
2025-10-17 00:00:37.248,,,,,,,,,,,,,,,13.015765,77.56568
2025-10-17 00:00:37.248,,,,,,,,,,,,,,,13.015765,77.56568
2025-10-17 00:00:37.336,,,,,,,,,,,,,40.0,,13.015765,77.56568
2025-10-17 00:00:37.433,,,,,1.45455882352941,,,,,,,,,,13.015765,77.56568
2025-10-17 00:00:37.433,,,,,,,,,,,,,,,13.015765,77.56568
2025-10-17 00:00:37.433,,,,,,,,,,,,,,,13.015765,77.56568
2025-10-17 00:00:37.433,,,,,,,,,,,,,,,13.015765,77.56568
2025-10-17 00:00:37.433,,,,,,,,,,,,,,,13.015765,77.56568
2025-10-17 00:00:37.433,,,,,,,,,,,,,,,13.015765,77.56568
2025-10-17 00:00:37.433,,,,14.13,,,,,,,,,,,13.015765,77.56568
2025-10-17 00:00:37.433,,,,,,,,,16.956,,,,,,13.015765,77.56568
2025-10-17 00:00:37.459,,,,,,,,,,,,,,,13.015765,77.56568
2025-10-17 00:00:37.459,,,,,,,,,,,,,,,13.015765,77.56568
2025-10-17 00:00:37.459,,,,,,,0.0,,,,,,,,13.015765,77.56568
2025-10-17 00:00:37.460,,,,,,,,,,,,,,,13.0158602,77.5656731
2025-10-17 00:00:37.461,,,,,,,,,,,,,,,13.0158602,77.5656731
2025-10-17 00:00:37.461,,,,,,,,,,,,,,,13.0158602,77.5656731
2025-10-17 00:00:37.461,,,,,,,0.0,,,,,,,,13.0158602,77.5656731
2025-10-17 00:00:37.462,,,,,,,,,,,,,,,13.0158602,77.5656731
2025-10-17 00:00:37.462,,,,,,,,,,,,,,,13.0158602,77.5656731
2025-10-17 00:00:37.462,,,,,,,0.0,,,,,,,,13.0158602,77.5656731
2025-10-17 00:00:37.510,,,,,,,,,,,,,,,13.0158602,77.5656731
2025-10-17 00:00:37.583,,,,,,,,,,,,,,,13.0158602,77.5656731
2025-10-17 00:00:37.609,,,,,,,,,,,,,,,13.0157683333333,77.5656766666667
2025-10-17 00:00:37.610,,,,,,,,,,,,,,,13.0157683333333,77.5656766666667
2025-10-17 00:00:37.610,,,,,,,,,,,,,,,13.0157683333333,77.5656766666667
2025-10-17 00:00:37.610,,,,,,,0.0,,,,,,,,13.0157683333333,77.5656766666667
2025-10-17 00:00:37.611,,,,,,,,,,,,,,,13.0157683333333,77.5656766666667
2025-10-17 00:00:37.611,,,,,,,,,,,,,,,13.0157683333333,77.5656766666667
2025-10-17 00:00:37.611,,,,,,,0.0,,,,,,,,13.0157683333333,77.5656766666667
2025-10-17 00:00:37.614,,,,,,,,,,,,,,,13.0157683333333,77.5656766666667
2025-10-17 00:00:37.614,,,,,,,,,,,,,,,13.0157683333333,77.5656766666667
2025-10-17 00:00:37.614,,,,,,,0.0,,,,,,,,13.0157683333333,77.5656766666667
2025-10-17 00:00:37.618,,,,,,,,,,,,,,,13.0157683333333,77.5656766666667
2025-10-17 00:00:37.618,,,,,,,,,,,,,,,13.0157683333333,77.5656766666667
2025-10-17 00:00:37.618,,,,,,,0.0,,,,,,,,13.0157683333333,77.5656766666667
2025-10-17 00:00:37.663,,,,,,,,,,,13.05339642063,,,,13.0157683333333,77.5656766666667
2025-10-17 00:00:37.814,,36.078431372549,,,,,,,,,,,,,13.0157683333333,77.5656766666667
2025-10-17 00:00:37.835,,,,,,,,,,,,,,,13.0158602,77.5656731
2025-10-17 00:00:37.875,,,,,,,,,,,,,,,13.0158602,77.5656731
2025-10-17 00:00:37.875,,,,,,,,,,,,,,,13.0158602,77.5656731
2025-10-17 00:00:37.875,,,,,,,,,,,,,,,13.0158602,77.5656731
2025-10-17 00:00:37.875,,,,,,,,,,,,,,,13.0158602,77.5656731
2025-10-17 00:00:37.875,,,,,,,,,,,,,,,13.0158602,77.5656731
2025-10-17 00:00:37.928,,,,,,,,,,,,,40.0,,13.0158602,77.5656731
2025-10-17 00:00:37.968,,,,,1.46846153846154,,,,,,,,,,13.0158602,77.5656731
2025-10-17 00:00:37.968,,,,,,,,,,,,,,,13.0158602,77.5656731
2025-10-17 00:00:37.968,,,,,,,,,,,,,,,13.0158602,77.5656731
2025-10-17 00:00:37.968,,,,,,,,,,,,,,,13.0158602,77.5656731
2025-10-17 00:00:37.968,,,,,,,,,,,,,,,13.0158602,77.5656731
2025-10-17 00:00:37.968,,,,,,,,,,,,,,,13.0158602,77.5656731
2025-10-17 00:00:37.968,,,,14.11,,,,,,,,,,,13.0158602,77.5656731
2025-10-17 00:00:37.968,,,,,,,,,16.932,,,,,,13.0158602,77.5656731
2025-10-17 00:00:38.039,,,,,,,,,,,,,,,13.0158602,77.5656731
2025-10-17 00:00:38.113,,,,,,,,,,,,,,,13.0158602,77.5656731
2025-10-17 00:00:38.200,,,,,,,,,,,13.05339642063,,,,13.0158602,77.5656731
2025-10-17 00:00:38.262,,35.2941176470588,,,,,,,,,,,,,13.0158602,77.5656731
2025-10-17 00:00:38.312,,,,,,,,,,,,,,,13.0158602,77.5656731
2025-10-17 00:00:38.312,,,,,,,,,,,,,,,13.0158602,77.5656731
2025-10-17 00:00:38.312,,,,,,,,,,,,,,,13.0158602,77.5656731
2025-10-17 00:00:38.312,,,,,,,,,,,,,,,13.0158602,77.5656731
2025-10-17 00:00:38.312,,,,,,,,,,,,,,,13.0158602,77.5656731
2025-10-17 00:00:38.360,,,,,,,,,,,,,40.0,,13.0158602,77.5656731
2025-10-17 00:00:38.421,,,,,1.43042986425339,,,,,,,,,,13.0158602,77.5656731
2025-10-17 00:00:38.421,,,,,,,,,,,,,,,13.0158602,77.5656731
2025-10-17 00:00:38.421,,,,,,,,,,,,,,,13.0158602,77.5656731
2025-10-17 00:00:38.421,,,,,,,,,,,,,,,13.0158602,77.5656731
2025-10-17 00:00:38.421,,,,,,,,,,,,,,,13.0158602,77.5656731
2025-10-17 00:00:38.421,,,,,,,,,,,,,,,13.0158602,77.5656731
2025-10-17 00:00:38.421,,,,14.05,,,,,,,,,,,13.0158602,77.5656731
2025-10-17 00:00:38.421,,,,,,,,,16.86,,,,,,13.0158602,77.5656731
2025-10-17 00:00:38.476,,,,,,,,,,,,,,,13.0158602,77.5656731
2025-10-17 00:00:38.525,,,,,,,,,,,,,,,13.0158602,77.5656731
2025-10-17 00:00:38.582,,,,,,,,,,,13.05339642063,,,,13.0158602,77.5656731
2025-10-17 00:00:38.591,,,,,,,,,,,,,,,13.0158602,77.5656731
2025-10-17 00:00:38.591,,,,,,,0.0,,,,,,,,13.0158602,77.5656731
2025-10-17 00:00:38.592,,,,,,,,,,,,,,,13.0158602,77.5656731
2025-10-17 00:00:38.632,,35.6862745098039,,,,,,,,,,,,,13.0158602,77.5656731
2025-10-17 00:00:38.649,,,,,,,,,,,,,,,13.0158602,77.5656731
2025-10-17 00:00:38.649,,,,,,,,,,,,,,,13.0158602,77.5656731
2025-10-17 00:00:38.649,,,,,,,0.0,,,,,,,,13.0158602,77.5656731
2025-10-17 00:00:38.692,,,,,,,,,,,,,,,13.0158602,77.5656731
2025-10-17 00:00:38.692,,,,,,,,,,,,,,,13.0158602,77.5656731
2025-10-17 00:00:38.692,,,,,,,,,,,,,,,13.0158602,77.5656731
2025-10-17 00:00:38.692,,,,,,,,,,,,,,,13.0158602,77.5656731
2025-10-17 00:00:38.692,,,,,,,,,,,,,,,13.0158602,77.5656731
2025-10-17 00:00:38.744,,,,,,,,,,,,,40.0,,13.0158602,77.5656731
2025-10-17 00:00:38.792,,,,,1.4525,,,,,,,,,,13.0158602,77.5656731
2025-10-17 00:00:38.792,,,,,,,,,,,,,,,13.0158602,77.5656731
2025-10-17 00:00:38.792,,,,,,,,,,,,,,,13.0158602,77.5656731
2025-10-17 00:00:38.792,,,,,,,,,,,,,,,13.0158602,77.5656731
2025-10-17 00:00:38.792,,,,,,,,,,,,,,,13.0158602,77.5656731
2025-10-17 00:00:38.792,,,,,,,,,,,,,,,13.0158602,77.5656731
2025-10-17 00:00:38.792,,,,14.11,,,,,,,,,,,13.0158602,77.5656731
2025-10-17 00:00:38.792,,,,,,,,,16.932,,,,,,13.0158602,77.5656731
2025-10-17 00:00:38.848,,,,,,,,,,,,,,,13.0158602,77.5656731
2025-10-17 00:00:38.897,,,,,,,,,,,,,,,13.0158602,77.5656731
2025-10-17 00:00:38.953,,,,,,,,,,,13.05339642063,,,,13.0158602,77.5656731
2025-10-17 00:00:38.996,,35.2941176470588,,,,,,,,,,,,,13.0158602,77.5656731
2025-10-17 00:00:39.040,,,,,,,,,,,,,,,13.0158602,77.5656731
2025-10-17 00:00:39.040,,,,,,,,,,,,,,,13.0158602,77.5656731
2025-10-17 00:00:39.040,,,,,,,,,,,,,,,13.0158602,77.5656731
2025-10-17 00:00:39.040,,,,,,,,,,,,,,,13.0158602,77.5656731
2025-10-17 00:00:39.040,,,,,,,,,,,,,,,13.0158602,77.5656731
2025-10-17 00:00:39.085,,,,,,,,,,,,,40.0,,13.0158602,77.5656731
2025-10-17 00:00:39.131,,,,,1.43857466063348,,,,,,,,,,13.0158602,77.5656731
2025-10-17 00:00:39.131,,,,,,,,,,,,,,,13.0158602,77.5656731
2025-10-17 00:00:39.131,,,,,,,,,,,,,,,13.0158602,77.5656731
2025-10-17 00:00:39.131,,,,,,,,,,,,,,,13.0158602,77.5656731
2025-10-17 00:00:39.131,,,,,,,,,,,,,,,13.0158602,77.5656731
2025-10-17 00:00:39.131,,,,,,,,,,,,,,,13.0158602,77.5656731
2025-10-17 00:00:39.131,,,,14.13,,,,,,,,,,,13.0158602,77.5656731
2025-10-17 00:00:39.131,,,,,,,,,16.956,,,,,,13.0158602,77.5656731
2025-10-17 00:00:39.192,,,,,,,,,,,,,,,13.0158602,77.5656731
2025-10-17 00:00:39.249,,,,,,,,,,,,,,,13.0158602,77.5656731
2025-10-17 00:00:39.293,,,,,,,,,,,13.05339642063,,,,13.0158602,77.5656731
2025-10-17 00:00:39.379,,35.2941176470588,,,,,,,,,,,,,13.0158602,77.5656731
2025-10-17 00:00:39.438,,,,,,,,,,,,,,,13.0158602,77.5656731
2025-10-17 00:00:39.438,,,,,,,,,,,,,,,13.0158602,77.5656731
2025-10-17 00:00:39.438,,,,,,,,,,,,,,,13.0158602,77.5656731
2025-10-17 00:00:39.438,,,,,,,,,,,,,,,13.0158602,77.5656731
2025-10-17 00:00:39.438,,,,,,,,,,,,,,,13.0158602,77.5656731
2025-10-17 00:00:39.489,,,,,,,,,,,,,40.0,,13.0158602,77.5656731
2025-10-17 00:00:39.557,,,,,1.44162895927602,,,,,,,,,,13.0158602,77.5656731
2025-10-17 00:00:39.557,,,,,,,,,,,,,,,13.0158602,77.5656731
2025-10-17 00:00:39.557,,,,,,,,,,,,,,,13.0158602,77.5656731
2025-10-17 00:00:39.557,,,,,,,,,,,,,,,13.0158602,77.5656731
2025-10-17 00:00:39.557,,,,,,,,,,,,,,,13.0158602,77.5656731
2025-10-17 00:00:39.557,,,,,,,,,,,,,,,13.0158602,77.5656731
2025-10-17 00:00:39.557,,,,14.16,,,,,,,,,,,13.0158602,77.5656731
2025-10-17 00:00:39.557,,,,,,,,,16.992,,,,,,13.0158602,77.5656731
2025-10-17 00:00:39.589,,,,,,,,,,,,,,,13.0158602,77.5656731
2025-10-17 00:00:39.589,,,,,,,,,,,,,,,13.0158602,77.5656731
2025-10-17 00:00:39.589,,,,,,,,,,,,,,,13.0158602,77.5656731
2025-10-17 00:00:39.589,,,,,,,,,,,,,,,13.0158602,77.5656731
2025-10-17 00:00:39.589,,,,,,,0.0,,,,,,,,13.0158602,77.5656731
2025-10-17 00:00:39.589,,,,,,,0.0,,,,,,,,13.0158602,77.5656731
2025-10-17 00:00:39.600,,,,,,,,,,,,,,,13.0158602,77.5656731
2025-10-17 00:00:39.600,,,,,,,,,,,,,,,13.0158602,77.5656731
2025-10-17 00:00:39.600,,,,,,,0.0,,,,,,,,13.0158602,77.5656731
2025-10-17 00:00:39.604,,,,,,,,,,,,,,,13.0158602,77.5656731
2025-10-17 00:00:39.667,,,,,,,,,,,,,,,13.0158602,77.5656731
2025-10-17 00:00:39.667,,,,,,,,,,,,,,,13.0158602,77.5656731
2025-10-17 00:00:39.667,,,,,,,0.0,,,,,,,,13.0158602,77.5656731
2025-10-17 00:00:39.672,,,,,,,,,,,,,,,13.0158602,77.5656731
2025-10-17 00:00:39.745,,,,,,,,,,,13.05339642063,,,,13.0158602,77.5656731
2025-10-17 00:00:39.795,,34.9019607843137,,,,,,,,,,,,,13.0158602,77.5656731
2025-10-17 00:00:39.844,,,,,,,,,,,,,,,13.0158602,77.5656731
2025-10-17 00:00:39.844,,,,,,,,,,,,,,,13.0158602,77.5656731
2025-10-17 00:00:39.844,,,,,,,,,,,,,,,13.0158602,77.5656731
2025-10-17 00:00:39.844,,,,,,,,,,,,,,,13.0158602,77.5656731
2025-10-17 00:00:39.844,,,,,,,,,,,,,,,13.0158602,77.5656731
2025-10-17 00:00:39.895,,,,,,,,,,,,,40.0,,13.0158602,77.5656731
2025-10-17 00:00:39.946,,,,,1.42057692307692,,,,,,,,,,13.0158602,77.5656731
2025-10-17 00:00:39.946,,,,,,,,,,,,,,,13.0158602,77.5656731
2025-10-17 00:00:39.946,,,,,,,,,,,,,,,13.0158602,77.5656731
2025-10-17 00:00:39.946,,,,,,,,,,,,,,,13.0158602,77.5656731
2025-10-17 00:00:39.946,,,,,,,,,,,,,,,13.0158602,77.5656731
2025-10-17 00:00:39.946,,,,,,,,,,,,,,,13.0158602,77.5656731
2025-10-17 00:00:39.946,,,,14.11,,,,,,,,,,,13.0158602,77.5656731
2025-10-17 00:00:39.946,,,,,,,,,16.932,,,,,,13.0158602,77.5656731
2025-10-17 00:00:39.994,,,,,,,,,,,,,,,13.0158602,77.5656731
2025-10-17 00:00:40.051,,,,,,,,,,,,,,,13.0158602,77.5656731
2025-10-17 00:00:40.108,,,,,,,,,,,13.05339642063,,,,13.0158602,77.5656731
2025-10-17 00:00:40.147,,35.2941176470588,,,,,,,,,,,,,13.0158602,77.5656731
2025-10-17 00:00:40.195,,,,,,,,,,,,,,,13.0158602,77.5656731
2025-10-17 00:00:40.195,,,,,,,,,,,,,,,13.0158602,77.5656731
2025-10-17 00:00:40.195,,,,,,,,,,,,,,,13.0158602,77.5656731
2025-10-17 00:00:40.195,,,,,,,,,,,,,,,13.0158602,77.5656731
2025-10-17 00:00:40.195,,,,,,,,,,,,,,,13.0158602,77.5656731
2025-10-17 00:00:40.245,,,,,,,,,,,,,40.0,,13.0158602,77.5656731
2025-10-17 00:00:40.294,,,,,1.38257918552036,,,,,,,,,,13.0158602,77.5656731
2025-10-17 00:00:40.294,,,,,,,,,,,,,,,13.0158602,77.5656731
2025-10-17 00:00:40.294,,,,,,,,,,,,,,,13.0158602,77.5656731
2025-10-17 00:00:40.294,,,,,,,,,,,,,,,13.0158602,77.5656731
2025-10-17 00:00:40.294,,,,,,,,,,,,,,,13.0158602,77.5656731
2025-10-17 00:00:40.294,,,,,,,,,,,,,,,13.0158602,77.5656731
2025-10-17 00:00:40.294,,,,13.58,,,,,,,,,,,13.0158602,77.5656731
2025-10-17 00:00:40.294,,,,,,,,,16.296,,,,,,13.0158602,77.5656731
2025-10-17 00:00:40.353,,,,,,,,,,,,,,,13.0158602,77.5656731
2025-10-17 00:00:40.404,,,,,,,,,,,,,,,13.0158602,77.5656731
2025-10-17 00:00:40.453,,,,,,,,,,,13.05339642063,,,,13.0158602,77.5656731
2025-10-17 00:00:40.502,,36.078431372549,,,,,,,,,,,,,13.0158602,77.5656731
2025-10-17 00:00:40.564,,,,,,,,,,,,,,,13.0158602,77.5656731
2025-10-17 00:00:40.564,,,,,,,,,,,,,,,13.0158602,77.5656731
2025-10-17 00:00:40.564,,,,,,,,,,,,,,,13.0158602,77.5656731
2025-10-17 00:00:40.564,,,,,,,,,,,,,,,13.0158602,77.5656731
2025-10-17 00:00:40.564,,,,,,,,,,,,,,,13.0158602,77.5656731
2025-10-17 00:00:40.599,,,,,,,,,,,,,,,13.0157733333333,77.5656733333333
2025-10-17 00:00:40.604,,,,,,,,,,,,,,,13.0157733333333,77.5656733333333
2025-10-17 00:00:40.604,,,,,,,0.0,,,,,,,,13.0157733333333,77.5656733333333
2025-10-17 00:00:40.605,,,,,,,,,,,,,,,13.0157733333333,77.5656733333333
2025-10-17 00:00:40.617,,,,,,,,,,,,,40.0,,13.0157733333333,77.5656733333333
2025-10-17 00:00:40.634,,,,,,,,,,,,,,,13.0157733333333,77.5656733333333
2025-10-17 00:00:40.634,,,,,,,0.0,,,,,,,,13.0157733333333,77.5656733333333
2025-10-17 00:00:40.635,,,,,,,,,,,,,,,13.0157733333333,77.5656733333333
2025-10-17 00:00:40.698,,,,,1.35502262443439,,,,,,,,,,13.0157733333333,77.5656733333333
2025-10-17 00:00:40.698,,,,,,,,,,,,,,,13.0157733333333,77.5656733333333
2025-10-17 00:00:40.698,,,,,,,,,,,,,,,13.0157733333333,77.5656733333333
2025-10-17 00:00:40.698,,,,,,,,,,,,,,,13.0157733333333,77.5656733333333
2025-10-17 00:00:40.698,,,,,,,,,,,,,,,13.0157733333333,77.5656733333333
2025-10-17 00:00:40.698,,,,,,,,,,,,,,,13.0157733333333,77.5656733333333
2025-10-17 00:00:40.698,,,,13.02,,,,,,,,,,,13.0157733333333,77.5656733333333
2025-10-17 00:00:40.698,,,,,,,,,15.624,,,,,,13.0157733333333,77.5656733333333
2025-10-17 00:00:40.765,,,,,,,,,,,,,,,13.0157733333333,77.5656733333333
2025-10-17 00:00:40.815,,,,,,,,,,,,,,,13.0157733333333,77.5656733333333
2025-10-17 00:00:40.867,,,,,,,,,,,13.05339642063,,,,13.0157733333333,77.5656733333333
2025-10-17 00:00:40.918,,36.4705882352941,,,,,,,,,,,,,13.0157733333333,77.5656733333333
2025-10-17 00:00:40.969,,,,,,,,,,,,,,,13.0157733333333,77.5656733333333
2025-10-17 00:00:40.969,,,,,,,,,,,,,,,13.0157733333333,77.5656733333333
2025-10-17 00:00:40.969,,,,,,,,,,,,,,,13.0157733333333,77.5656733333333
2025-10-17 00:00:40.969,,,,,,,,,,,,,,,13.0157733333333,77.5656733333333
2025-10-17 00:00:40.969,,,,,,,,,,,,,,,13.0157733333333,77.5656733333333
2025-10-17 00:00:41.035,,,,,,,,,,,,,40.0,,13.0157733333333,77.5656733333333
2025-10-17 00:00:41.084,,,,,1.30031674208145,,,,,,,,,,13.0157733333333,77.5656733333333
2025-10-17 00:00:41.084,,,,,,,,,,,,,,,13.0157733333333,77.5656733333333
2025-10-17 00:00:41.084,,,,,,,,,,,,,,,13.0157733333333,77.5656733333333
2025-10-17 00:00:41.084,,,,,,,,,,,,,,,13.0157733333333,77.5656733333333
2025-10-17 00:00:41.084,,,,,,,,,,,,,,,13.0157733333333,77.5656733333333
2025-10-17 00:00:41.084,,,,,,,,,,,,,,,13.0157733333333,77.5656733333333
2025-10-17 00:00:41.084,,,,12.36,,,,,,,,,,,13.0157733333333,77.5656733333333
2025-10-17 00:00:41.084,,,,,,,,,14.832,,,,,,13.0157733333333,77.5656733333333
2025-10-17 00:00:41.141,,,,,,,,,,,,,,,13.0157733333333,77.5656733333333
2025-10-17 00:00:41.192,,,,,,,,,,,,,,,13.0157733333333,77.5656733333333
2025-10-17 00:00:41.242,,,,,,,,,,,13.05339642063,,,,13.0157733333333,77.5656733333333
2025-10-17 00:00:41.303,,38.0392156862745,,,,,,,,,,,,,13.0157733333333,77.5656733333333
2025-10-17 00:00:41.353,,,,,,,,,,,,,,,13.0157733333333,77.5656733333333
2025-10-17 00:00:41.353,,,,,,,,,,,,,,,13.0157733333333,77.5656733333333
2025-10-17 00:00:41.353,,,,,,,,,,,,,,,13.0157733333333,77.5656733333333
2025-10-17 00:00:41.353,,,,,,,,,,,,,,,13.0157733333333,77.5656733333333
2025-10-17 00:00:41.353,,,,,,,,,,,,,,,13.0157733333333,77.5656733333333
2025-10-17 00:00:41.405,,,,,,,,,,,,,40.0,,13.0157733333333,77.5656733333333
2025-10-17 00:00:41.454,,,,,1.33759049773756,,,,,,,,,,13.0157733333333,77.5656733333333
2025-10-17 00:00:41.454,,,,,,,,,,,,,,,13.0157733333333,77.5656733333333
2025-10-17 00:00:41.454,,,,,,,,,,,,,,,13.0157733333333,77.5656733333333
2025-10-17 00:00:41.454,,,,,,,,,,,,,,,13.0157733333333,77.5656733333333
2025-10-17 00:00:41.454,,,,,,,,,,,,,,,13.0157733333333,77.5656733333333
2025-10-17 00:00:41.454,,,,,,,,,,,,,,,13.0157733333333,77.5656733333333
2025-10-17 00:00:41.454,,,,12.19,,,,,,,,,,,13.0157733333333,77.5656733333333
2025-10-17 00:00:41.454,,,,,,,,,14.628,,,,,,13.0157733333333,77.5656733333333
2025-10-17 00:00:41.512,,,,,,,,,,,,,,,13.0157733333333,77.5656733333333
2025-10-17 00:00:41.570,,,,,,,,,,,,,,,13.0157733333333,77.5656733333333
2025-10-17 00:00:41.595,,,,,,,,,,,,,,,13.0157733333333,77.5656716666667
2025-10-17 00:00:41.595,,,,,,,0.485486000776291,,,,,,,,13.0157733333333,77.5656716666667
2025-10-17 00:00:41.596,,,,,,,,,,,,,,,13.0157733333333,77.5656716666667
2025-10-17 00:00:41.596,,,,,,,,,,,,,,,13.0157733333333,77.5656716666667
2025-10-17 00:00:41.596,,,,,,,0.485486000776291,,,,,,,,13.0157733333333,77.5656716666667
2025-10-17 00:00:41.614,,,,,,,,,,,13.05339642063,,,,13.0157733333333,77.5656716666667
2025-10-17 00:00:41.615,,,,,,,,,,,,,,,13.0157733333333,77.5656716666667
2025-10-17 00:00:41.615,,,,,,,,,,,,,,,13.0157733333333,77.5656716666667
2025-10-17 00:00:41.615,,,,,,,0.0,,,,,,,,13.0157733333333,77.5656716666667
2025-10-17 00:00:41.616,,,,,,,,,,,,,,,13.0157733333333,77.5656716666667
2025-10-17 00:00:41.616,,,,,,,,,,,,,,,13.0157733333333,77.5656716666667
2025-10-17 00:00:41.616,,,,,,,0.485486000776291,,,,,,,,13.0157733333333,77.5656716666667
2025-10-17 00:00:41.661,,38.8235294117647,,,,,,,,,,,,,13.0157733333333,77.5656716666667
2025-10-17 00:00:41.714,,,,,,,,,,,,,,,13.0157733333333,77.5656716666667
2025-10-17 00:00:41.714,,,,,,,,,,,,,,,13.0157733333333,77.5656716666667
2025-10-17 00:00:41.714,,,,,,,,,,,,,,,13.0157733333333,77.5656716666667
2025-10-17 00:00:41.714,,,,,,,,,,,,,,,13.0157733333333,77.5656716666667
2025-10-17 00:00:41.714,,,,,,,,,,,,,,,13.0157733333333,77.5656716666667
2025-10-17 00:00:41.733,,,,,,,,,,,,,,,13.0157733333333,77.5656716666667
2025-10-17 00:00:41.733,,,,,,,,,,,,,,,13.0157733333333,77.5656716666667
2025-10-17 00:00:41.733,,,,,,,0.0,,,,,,,,13.0157733333333,77.5656716666667
2025-10-17 00:00:41.760,,,,,,,,,,,,,40.0,,13.0157733333333,77.5656716666667
2025-10-17 00:00:41.811,,,,,1.3091742081448,,,,,,,,,,13.0157733333333,77.5656716666667
2025-10-17 00:00:41.811,,,,,,,,,,,,,,,13.0157733333333,77.5656716666667
2025-10-17 00:00:41.811,,,,,,,,,,,,,,,13.0157733333333,77.5656716666667
2025-10-17 00:00:41.811,,,,,,,,,,,,,,,13.0157733333333,77.5656716666667
2025-10-17 00:00:41.811,,,,,,,,,,,,,,,13.0157733333333,77.5656716666667
2025-10-17 00:00:41.811,,,,,,,,,,,,,,,13.0157733333333,77.5656716666667
2025-10-17 00:00:41.811,,,,11.69,,,,,,,,,,,13.0157733333333,77.5656716666667
2025-10-17 00:00:41.811,,,,,,,,,14.028,,,,,,13.0157733333333,77.5656716666667
2025-10-17 00:00:41.865,,,,,,,,,,,,,,,13.0157733333333,77.5656716666667
2025-10-17 00:00:41.914,,,,,,,,,,,,,,,13.0157733333333,77.5656716666667
2025-10-17 00:00:41.961,,,,,,,,,,,13.05339642063,,,,13.0157733333333,77.5656716666667
2025-10-17 00:00:42.033,,38.8235294117647,,,,,,,,,,,,,13.0157733333333,77.5656716666667
2025-10-17 00:00:42.083,,,,,,,,,,,,,,,13.0157733333333,77.5656716666667
2025-10-17 00:00:42.083,,,,,,,,,,,,,,,13.0157733333333,77.5656716666667
2025-10-17 00:00:42.083,,,,,,,,,,,,,,,13.0157733333333,77.5656716666667
2025-10-17 00:00:42.083,,,,,,,,,,,,,,,13.0157733333333,77.5656716666667
2025-10-17 00:00:42.083,,,,,,,,,,,,,,,13.0157733333333,77.5656716666667
2025-10-17 00:00:42.132,,,,,,,,,,,,,40.0,,13.0157733333333,77.5656716666667
2025-10-17 00:00:42.186,,,,,1.32485294117647,,,,,,,,,,13.0157733333333,77.5656716666667
2025-10-17 00:00:42.186,,,,,,,,,,,,,,,13.0157733333333,77.5656716666667
2025-10-17 00:00:42.186,,,,,,,,,,,,,,,13.0157733333333,77.5656716666667
2025-10-17 00:00:42.186,,,,,,,,,,,,,,,13.0157733333333,77.5656716666667
2025-10-17 00:00:42.186,,,,,,,,,,,,,,,13.0157733333333,77.5656716666667
2025-10-17 00:00:42.186,,,,,,,,,,,,,,,13.0157733333333,77.5656716666667
2025-10-17 00:00:42.186,,,,11.83,,,,,,,,,,,13.0157733333333,77.5656716666667
2025-10-17 00:00:42.186,,,,,,,,,14.196,,,,,,13.0157733333333,77.5656716666667
2025-10-17 00:00:42.249,,,,,,,,,,,,,,,13.0157733333333,77.5656716666667
2025-10-17 00:00:42.298,,,,,,,,,,,,,,,13.0157733333333,77.5656716666667
2025-10-17 00:00:42.348,,,,,,,,,,,13.05339642063,,,,13.0157733333333,77.5656716666667
2025-10-17 00:00:42.397,,39.6078431372549,,,,,,,,,,,,,13.0157733333333,77.5656716666667
2025-10-17 00:00:42.448,,,,,,,,,,,,,,,13.0157733333333,77.5656716666667
2025-10-17 00:00:42.448,,,,,,,,,,,,,,,13.0157733333333,77.5656716666667
2025-10-17 00:00:42.448,,,,,,,,,,,,,,,13.0157733333333,77.5656716666667
2025-10-17 00:00:42.448,,,,,,,,,,,,,,,13.0157733333333,77.5656716666667
2025-10-17 00:00:42.448,,,,,,,,,,,,,,,13.0157733333333,77.5656716666667
2025-10-17 00:00:42.506,,,,,,,,,,,13.05339642063,,,,13.0157733333333,77.5656716666667
2025-10-17 00:00:42.525,,,,,,,,,,,,,,,13.0157733333333,77.5656716666667
2025-10-17 00:00:42.525,,,,,,,0.0,,,,,,,,13.0157733333333,77.5656716666667
2025-10-17 00:00:42.526,,,,,,,,,,,,,,,13.0157733333333,77.5656716666667
2025-10-17 00:00:42.547,,,,,,,,,,,,,,,13.0158602,77.5656731
2025-10-17 00:00:42.550,,,,,,,,,,,,,,,13.0158602,77.5656731
2025-10-17 00:00:42.550,,,,,,,,,,,,,,,13.0158602,77.5656731
2025-10-17 00:00:42.550,,,,,,,0.0,,,,,,,,13.0158602,77.5656731
2025-10-17 00:00:42.569,,,,,,,,,,,,,,,13.0158602,77.5656731
2025-10-17 00:00:42.569,,,,,,,,,,,,,,,13.0158602,77.5656731
2025-10-17 00:00:42.569,,,,,,,,,,,,,,,13.0158602,77.5656731
2025-10-17 00:00:42.569,,,,,,,,,,,,,,,13.0158602,77.5656731
2025-10-17 00:00:42.569,,,,,,,,,,,,,,,13.0158602,77.5656731
2025-10-17 00:00:42.619,,,,,,,,,,,,,,,13.0158602,77.5656731
2025-10-17 00:00:42.619,,,,,,,,,,,,,,,13.0158602,77.5656731
2025-10-17 00:00:42.619,,,,,,,0.0,,,,,,,,13.0158602,77.5656731
2025-10-17 00:00:42.627,,39.6078431372549,,,,,,,,,,,,,13.0158602,77.5656731
2025-10-17 00:00:42.687,,,,,,,,,,,,,,,13.0158602,77.5656731
2025-10-17 00:00:42.687,,,,,,,,,,,,,,,13.0158602,77.5656731
2025-10-17 00:00:42.687,,,,,,,0.0,,,,,,,,13.0158602,77.5656731
2025-10-17 00:00:42.698,,,,,1.31619909502262,,,,,,,,,,13.0158602,77.5656731
2025-10-17 00:00:42.698,,,,,,,,,,,,,,,13.0158602,77.5656731
2025-10-17 00:00:42.698,,,,,,,,,,,,,,,13.0158602,77.5656731
2025-10-17 00:00:42.698,,,,,,,,,,,,,,,13.0158602,77.5656731
2025-10-17 00:00:42.698,,,,,,,,,,,,,,,13.0158602,77.5656731
2025-10-17 00:00:42.698,,,,,,,,,,,,,,,13.0158602,77.5656731
2025-10-17 00:00:42.698,,,,11.52,,,,,,,,,,,13.0158602,77.5656731
2025-10-17 00:00:42.698,,,,,,,,,13.824,,,,,,13.0158602,77.5656731
2025-10-17 00:00:42.769,,,,,,,,,,,,,,,13.0158602,77.5656731
2025-10-17 00:00:42.769,,,13.488509634651,,,,,,,,,,,,13.0158602,77.5656731
2025-10-17 00:00:42.819,,,,,,,,,,,13.05339642063,,,,13.0158602,77.5656731
2025-10-17 00:00:42.879,,,,,,,,,,,,,,,13.0158602,77.5656731
2025-10-17 00:00:42.879,,,,,,,,,,,,,,,13.0158602,77.5656731
2025-10-17 00:00:42.879,,,,,,,,,,,,,,,13.0158602,77.5656731
2025-10-17 00:00:42.879,,,,,,,,,,,,,,,13.0158602,77.5656731
2025-10-17 00:00:42.879,,,,,,,,,,,,,,,13.0158602,77.5656731
2025-10-17 00:00:42.933,,39.6078431372549,,,,,,,,,,,,,13.0158602,77.5656731
2025-10-17 00:00:42.984,,,,,1.31048642533937,,,,,,,,,,13.0158602,77.5656731
2025-10-17 00:00:42.984,,,,,,,,,,,,,,,13.0158602,77.5656731
2025-10-17 00:00:42.984,,,,,,,,,,,,,,,13.0158602,77.5656731
2025-10-17 00:00:42.984,,,,,,,,,,,,,,,13.0158602,77.5656731
2025-10-17 00:00:42.984,,,,,,,,,,,,,,,13.0158602,77.5656731
2025-10-17 00:00:42.984,,,,,,,,,,,,,,,13.0158602,77.5656731
2025-10-17 00:00:42.984,,,,11.47,,,,,,,,,,,13.0158602,77.5656731
2025-10-17 00:00:42.984,,,,,,,,,13.764,,,,,,13.0158602,77.5656731
2025-10-17 00:00:43.043,,,,,,,,,,,,,,,13.0158602,77.5656731
2025-10-17 00:00:43.043,,,13.488509634651,,,,,,,,,,,,13.0158602,77.5656731
2025-10-17 00:00:43.094,,,,,,,,,,,13.05339642063,,,,13.0158602,77.5656731
2025-10-17 00:00:43.146,,,,,,,,,,,,,,,13.0158602,77.5656731
2025-10-17 00:00:43.146,,,,,,,,,,,,,,,13.0158602,77.5656731
2025-10-17 00:00:43.146,,,,,,,,,,,,,,,13.0158602,77.5656731
2025-10-17 00:00:43.146,,,,,,,,,,,,,,,13.0158602,77.5656731
2025-10-17 00:00:43.146,,,,,,,,,,,,,,,13.0158602,77.5656731
2025-10-17 00:00:43.205,,39.6078431372549,,,,,,,,,,,,,13.0158602,77.5656731
2025-10-17 00:00:43.257,,,,,1.3002036199095,,,,,,,,,,13.0158602,77.5656731
2025-10-17 00:00:43.257,,,,,,,,,,,,,,,13.0158602,77.5656731
2025-10-17 00:00:43.257,,,,,,,,,,,,,,,13.0158602,77.5656731
2025-10-17 00:00:43.257,,,,,,,,,,,,,,,13.0158602,77.5656731
2025-10-17 00:00:43.257,,,,,,,,,,,,,,,13.0158602,77.5656731
2025-10-17 00:00:43.257,,,,,,,,,,,,,,,13.0158602,77.5656731
2025-10-17 00:00:43.257,,,,11.38,,,,,,,,,,,13.0158602,77.5656731
2025-10-17 00:00:43.257,,,,,,,,,13.656,,,,,,13.0158602,77.5656731
2025-10-17 00:00:43.338,,,,,,,,,,,,,,,13.0158602,77.5656731
2025-10-17 00:00:43.338,,,13.488509634651,,,,,,,,,,,,13.0158602,77.5656731
2025-10-17 00:00:43.391,,,,,,,,,,,13.05339642063,,,,13.0158602,77.5656731
2025-10-17 00:00:43.442,,,,,,,,,,,,,,,13.0158602,77.5656731
2025-10-17 00:00:43.442,,,,,,,,,,,,,,,13.0158602,77.5656731
2025-10-17 00:00:43.442,,,,,,,,,,,,,,,13.0158602,77.5656731
2025-10-17 00:00:43.442,,,,,,,,,,,,,,,13.0158602,77.5656731
2025-10-17 00:00:43.442,,,,,,,,,,,,,,,13.0158602,77.5656731
2025-10-17 00:00:43.510,,26.6666666666667,,,,,,,,,,,,,13.0158602,77.5656731
2025-10-17 00:00:43.562,,,,,0.916153846153846,,,,,,,,,,13.0158602,77.5656731
2025-10-17 00:00:43.562,,,,,,,,,,,,,,,13.0158602,77.5656731
2025-10-17 00:00:43.562,,,,,,,,,,,,,,,13.0158602,77.5656731
2025-10-17 00:00:43.562,,,,,,,,,,,,,,,13.0158602,77.5656731
2025-10-17 00:00:43.562,,,,,,,,,,,,,,,13.0158602,77.5656731
2025-10-17 00:00:43.562,,,,,,,,,,,,,,,13.0158602,77.5656731
2025-10-17 00:00:43.562,,,,11.91,,,,,,,,,,,13.0158602,77.5656731
2025-10-17 00:00:43.562,,,,,,,,,14.292,,,,,,13.0158602,77.5656731
2025-10-17 00:00:43.607,,,,,,,,,,,,,,,13.0158602,77.5656731
2025-10-17 00:00:43.607,,,,,,,,,,,,,,,13.0158602,77.5656731
2025-10-17 00:00:43.607,,,,,,,0.0,,,,,,,,13.0158602,77.5656731
2025-10-17 00:00:43.613,,,,,,,,,,,,,,,13.0158602,77.5656731
2025-10-17 00:00:43.613,,,13.488509634651,,,,,,,,,,,,13.0158602,77.5656731
2025-10-17 00:00:43.661,,,,,,,,,,,13.05339642063,,,,13.0158602,77.5656731
2025-10-17 00:00:43.700,,,,,,,,,,,,,,,13.0158602,77.5656731
2025-10-17 00:00:43.700,,,,,,,,,,,,,,,13.0158602,77.5656731
2025-10-17 00:00:43.700,,,,,,,0.0,,,,,,,,13.0158602,77.5656731
2025-10-17 00:00:43.720,,,,,,,,,,,,,,,13.0158602,77.5656731
2025-10-17 00:00:43.720,,,,,,,,,,,,,,,13.0158602,77.5656731
2025-10-17 00:00:43.720,,,,,,,,,,,,,,,13.0158602,77.5656731
2025-10-17 00:00:43.720,,,,,,,,,,,,,,,13.0158602,77.5656731
2025-10-17 00:00:43.720,,,,,,,,,,,,,,,13.0158602,77.5656731
2025-10-17 00:00:43.764,,22.7450980392157,,,,,,,,,,,,,13.0158602,77.5656731
2025-10-17 00:00:43.811,,,,,0.81947963800905,,,,,,,,,,13.0158602,77.5656731
2025-10-17 00:00:43.811,,,,,,,,,,,,,,,13.0158602,77.5656731
2025-10-17 00:00:43.811,,,,,,,,,,,,,,,13.0158602,77.5656731
2025-10-17 00:00:43.811,,,,,,,,,,,,,,,13.0158602,77.5656731
2025-10-17 00:00:43.811,,,,,,,,,,,,,,,13.0158602,77.5656731
2025-10-17 00:00:43.811,,,,,,,,,,,,,,,13.0158602,77.5656731
2025-10-17 00:00:43.811,,,,12.49,,,,,,,,,,,13.0158602,77.5656731
2025-10-17 00:00:43.811,,,,,,,,,14.988,,,,,,13.0158602,77.5656731
2025-10-17 00:00:43.859,,,,,,,,,,,,,,,13.0158602,77.5656731
2025-10-17 00:00:43.859,,,13.488509634651,,,,,,,,,,,,13.0158602,77.5656731
2025-10-17 00:00:43.907,,,,,,,,,,,13.05339642063,,,,13.0158602,77.5656731
2025-10-17 00:00:43.993,,,,,,,,,,,,,,,13.0158602,77.5656731
2025-10-17 00:00:43.993,,,,,,,,,,,,,,,13.0158602,77.5656731
2025-10-17 00:00:43.993,,,,,,,,,,,,,,,13.0158602,77.5656731
2025-10-17 00:00:43.993,,,,,,,,,,,,,,,13.0158602,77.5656731
2025-10-17 00:00:43.993,,,,,,,,,,,,,,,13.0158602,77.5656731
2025-10-17 00:00:44.043,,21.9607843137255,,,,,,,,,,,,,13.0158602,77.5656731
2025-10-17 00:00:44.095,,,,,0.777285067873303,,,,,,,,,,13.0158602,77.5656731
2025-10-17 00:00:44.095,,,,,,,,,,,,,,,13.0158602,77.5656731
2025-10-17 00:00:44.095,,,,,,,,,,,,,,,13.0158602,77.5656731
2025-10-17 00:00:44.095,,,,,,,,,,,,,,,13.0158602,77.5656731
2025-10-17 00:00:44.095,,,,,,,,,,,,,,,13.0158602,77.5656731
2025-10-17 00:00:44.095,,,,,,,,,,,,,,,13.0158602,77.5656731
2025-10-17 00:00:44.095,,,,12.27,,,,,,,,,,,13.0158602,77.5656731
2025-10-17 00:00:44.095,,,,,,,,,14.724,,,,,,13.0158602,77.5656731
2025-10-17 00:00:44.149,,,,,,,,,,,,,,,13.0158602,77.5656731
2025-10-17 00:00:44.149,,,13.488509634651,,,,,,,,,,,,13.0158602,77.5656731
2025-10-17 00:00:44.200,,,,,,,,,,,13.05339642063,,,,13.0158602,77.5656731
2025-10-17 00:00:44.250,,,,,,,,,,,,,,,13.0158602,77.5656731
2025-10-17 00:00:44.250,,,,,,,,,,,,,,,13.0158602,77.5656731
2025-10-17 00:00:44.250,,,,,,,,,,,,,,,13.0158602,77.5656731
2025-10-17 00:00:44.250,,,,,,,,,,,,,,,13.0158602,77.5656731
2025-10-17 00:00:44.250,,,,,,,,,,,,,,,13.0158602,77.5656731
2025-10-17 00:00:44.306,,22.7450980392157,,,,,,,,,,,,,13.0158602,77.5656731
2025-10-17 00:00:44.357,,,,,0.786674208144796,,,,,,,,,,13.0158602,77.5656731
2025-10-17 00:00:44.357,,,,,,,,,,,,,,,13.0158602,77.5656731
2025-10-17 00:00:44.357,,,,,,,,,,,,,,,13.0158602,77.5656731
2025-10-17 00:00:44.357,,,,,,,,,,,,,,,13.0158602,77.5656731
2025-10-17 00:00:44.357,,,,,,,,,,,,,,,13.0158602,77.5656731
2025-10-17 00:00:44.357,,,,,,,,,,,,,,,13.0158602,77.5656731
2025-10-17 00:00:44.357,,,,11.99,,,,,,,,,,,13.0158602,77.5656731
2025-10-17 00:00:44.357,,,,,,,,,14.388,,,,,,13.0158602,77.5656731
2025-10-17 00:00:44.443,,,,,,,,,,,,,,,13.0158602,77.5656731
2025-10-17 00:00:44.443,,,,,,,,,,,,,,,13.0158602,77.5656731
2025-10-17 00:00:44.443,,,,,,,,,,,,,,,13.0158602,77.5656731
2025-10-17 00:00:44.443,,,,,,,,,,,,,,,13.0158602,77.5656731
2025-10-17 00:00:44.443,,,,,,,,,,,,,,,13.0158602,77.5656731
2025-10-17 00:00:44.527,,23.5294117647059,,,,,,,,,,,,,13.0158602,77.5656731
2025-10-17 00:00:44.593,,,,,,,,,,,,,,,13.0158602,77.5656731
2025-10-17 00:00:44.593,,,,,,,0.0,,,,,,,,13.0158602,77.5656731
2025-10-17 00:00:44.594,,,,,,,,,,,,,,,13.0158602,77.5656731
2025-10-17 00:00:44.595,,,,,,,,,,,,,,,13.0158602,77.5656731
2025-10-17 00:00:44.595,,,,,,,,,,,,,,,13.0158602,77.5656731
2025-10-17 00:00:44.595,,,,,,,0.0,,,,,,,,13.0158602,77.5656731
2025-10-17 00:00:44.596,,,,,,,,,,,,,,,13.0158602,77.5656731
2025-10-17 00:00:44.596,,,,,,,0.0,,,,,,,,13.0158602,77.5656731
2025-10-17 00:00:44.597,,,,,,,,,,,,,,,13.0158602,77.5656731
2025-10-17 00:00:44.609,,,,,0.804977375565611,,,,,,,,,,13.0158602,77.5656731
2025-10-17 00:00:44.609,,,,,,,,,,,,,,,13.0158602,77.5656731
2025-10-17 00:00:44.609,,,,,,,,,,,,,,,13.0158602,77.5656731
2025-10-17 00:00:44.609,,,,,,,,,,,,,,,13.0158602,77.5656731
2025-10-17 00:00:44.609,,,,,,,,,,,,,,,13.0158602,77.5656731
2025-10-17 00:00:44.609,,,,,,,,,,,,,,,13.0158602,77.5656731
2025-10-17 00:00:44.609,,,,11.86,,,,,,,,,,,13.0158602,77.5656731
2025-10-17 00:00:44.609,,,,,,,,,14.232,,,,,,13.0158602,77.5656731
2025-10-17 00:00:44.684,,,,,,,,,,,,,,,13.0158602,77.5656731
2025-10-17 00:00:44.684,,,13.488509634651,,,,,,,,,,,,13.0158602,77.5656731
2025-10-17 00:00:44.708,,,,,,,,,,,,,,,13.0158602,77.5656731
2025-10-17 00:00:44.708,,,,,,,0.0,,,,,,,,13.0158602,77.5656731
2025-10-17 00:00:44.709,,,,,,,,,,,,,,,13.0158602,77.5656731
2025-10-17 00:00:44.793,804.0,,,,,,,,,,,,,,13.0158602,77.5656731
2025-10-17 00:00:44.793,,,,,,,,,,,,,,,13.0158602,77.5656731
2025-10-17 00:00:44.845,,,,,,,,,,,,,,,13.0158602,77.5656731
2025-10-17 00:00:44.845,,,,,,,,,,,,,,,13.0158602,77.5656731
2025-10-17 00:00:44.845,,,,,,,,,,,,,,,13.0158602,77.5656731
2025-10-17 00:00:44.845,,,,,,,,,,,,,,,13.0158602,77.5656731
2025-10-17 00:00:44.845,,,,,,,,,,,,,,,13.0158602,77.5656731
2025-10-17 00:00:44.907,,23.5294117647059,,,,,,,,,,,,,13.0158602,77.5656731
2025-10-17 00:00:44.957,,,,,0.791402714932127,,,,,,,,,,13.0158602,77.5656731
2025-10-17 00:00:44.957,,,,,,,,,,,,,,,13.0158602,77.5656731
2025-10-17 00:00:44.957,,,,,,,,,,,,,,,13.0158602,77.5656731
2025-10-17 00:00:44.957,,,,,,,,,,,,,,,13.0158602,77.5656731
2025-10-17 00:00:44.957,,,,,,,,,,,,,,,13.0158602,77.5656731
2025-10-17 00:00:44.957,,,,,,,,,,,,,,,13.0158602,77.5656731
2025-10-17 00:00:44.957,,,,11.66,,,,,,,,,,,13.0158602,77.5656731
2025-10-17 00:00:44.957,,,,,,,,,13.992,,,,,,13.0158602,77.5656731
2025-10-17 00:00:45.025,,,,,,,,,,,,,,,13.0158602,77.5656731
2025-10-17 00:00:45.025,,,13.488509634651,,,,,,,,,,,,13.0158602,77.5656731
2025-10-17 00:00:45.086,802.0,,,,,,,,,,,,,,13.0158602,77.5656731
2025-10-17 00:00:45.086,,,,,,,,,,,,,,,13.0158602,77.5656731
2025-10-17 00:00:45.139,,,,,,,,,,,,,,,13.0158602,77.5656731
2025-10-17 00:00:45.139,,,,,,,,,,,,,,,13.0158602,77.5656731
2025-10-17 00:00:45.139,,,,,,,,,,,,,,,13.0158602,77.5656731
2025-10-17 00:00:45.139,,,,,,,,,,,,,,,13.0158602,77.5656731
2025-10-17 00:00:45.139,,,,,,,,,,,,,,,13.0158602,77.5656731
2025-10-17 00:00:45.202,,23.5294117647059,,,,,,,,,,,,,13.0158602,77.5656731
2025-10-17 00:00:45.252,,,,,0.779864253393665,,,,,,,,,,13.0158602,77.5656731
2025-10-17 00:00:45.252,,,,,,,,,,,,,,,13.0158602,77.5656731
2025-10-17 00:00:45.252,,,,,,,,,,,,,,,13.0158602,77.5656731
2025-10-17 00:00:45.252,,,,,,,,,,,,,,,13.0158602,77.5656731
2025-10-17 00:00:45.252,,,,,,,,,,,,,,,13.0158602,77.5656731
2025-10-17 00:00:45.252,,,,,,,,,,,,,,,13.0158602,77.5656731
2025-10-17 00:00:45.252,,,,11.49,,,,,,,,,,,13.0158602,77.5656731
2025-10-17 00:00:45.252,,,,,,,,,13.788,,,,,,13.0158602,77.5656731
2025-10-17 00:00:45.318,,,,,,,,,,,,,,,13.0158602,77.5656731
2025-10-17 00:00:45.318,,,13.488509634651,,,,,,,,,,,,13.0158602,77.5656731
2025-10-17 00:00:45.370,796.0,,,,,,,,,,,,,,13.0158602,77.5656731
2025-10-17 00:00:45.370,,,,,,,,,,,,,,,13.0158602,77.5656731
2025-10-17 00:00:45.423,,,,,,,,,,,,,,,13.0158602,77.5656731
2025-10-17 00:00:45.423,,,,,,,,,,,,,,,13.0158602,77.5656731
2025-10-17 00:00:45.423,,,,,,,,,,,,,,,13.0158602,77.5656731
2025-10-17 00:00:45.423,,,,,,,,,,,,,,,13.0158602,77.5656731
2025-10-17 00:00:45.423,,,,,,,,,,,,,,,13.0158602,77.5656731
2025-10-17 00:00:45.475,,24.3137254901961,,,,,,,,,,,,,13.0158602,77.5656731
2025-10-17 00:00:45.531,,,,,0.796742081447964,,,,,,,,,,13.0158602,77.5656731
2025-10-17 00:00:45.531,,,,,,,,,,,,,,,13.0158602,77.5656731
2025-10-17 00:00:45.531,,,,,,,,,,,,,,,13.0158602,77.5656731
2025-10-17 00:00:45.531,,,,,,,,,,,,,,,13.0158602,77.5656731
2025-10-17 00:00:45.531,,,,,,,,,,,,,,,13.0158602,77.5656731
2025-10-17 00:00:45.531,,,,,,,,,,,,,,,13.0158602,77.5656731
2025-10-17 00:00:45.531,,,,11.36,,,,,,,,,,,13.0158602,77.5656731
2025-10-17 00:00:45.531,,,,,,,,,13.632,,,,,,13.0158602,77.5656731
2025-10-17 00:00:45.588,,,,,,,,,,,,,,,13.0158602,77.5656731
2025-10-17 00:00:45.588,,,13.488509634651,,,,,,,,,,,,13.0158602,77.5656731
2025-10-17 00:00:45.609,,,,,,,,,,,,,,,13.0158602,77.5656731
2025-10-17 00:00:45.609,,,,,,,,,,,,,,,13.0158602,77.5656731
2025-10-17 00:00:45.609,,,,,,,0.0,,,,,,,,13.0158602,77.5656731
2025-10-17 00:00:45.613,,,,,,,,,,,,,,,13.0158602,77.5656731
2025-10-17 00:00:45.613,,,,,,,,,,,,,,,13.0158602,77.5656731
2025-10-17 00:00:45.613,,,,,,,0.0,,,,,,,,13.0158602,77.5656731
2025-10-17 00:00:45.637,801.0,,,,,,,,,,,,,,13.0158602,77.5656731
2025-10-17 00:00:45.637,,,,,,,,,,,,,,,13.0158602,77.5656731
2025-10-17 00:00:45.687,,,,,,,,,,,,,,,13.0158602,77.5656731
2025-10-17 00:00:45.687,,,,,,,,,,,,,,,13.0158602,77.5656731
2025-10-17 00:00:45.687,,,,,,,,,,,,,,,13.0158602,77.5656731
2025-10-17 00:00:45.687,,,,,,,,,,,,,,,13.0158602,77.5656731
2025-10-17 00:00:45.687,,,,,,,,,,,,,,,13.0158602,77.5656731
2025-10-17 00:00:45.743,,24.3137254901961,,,,,,,,,,,,,13.0158602,77.5656731
2025-10-17 00:00:45.805,,,,,0.802352941176471,,,,,,,,,,13.0158602,77.5656731
2025-10-17 00:00:45.805,,,,,,,,,,,,,,,13.0158602,77.5656731
2025-10-17 00:00:45.805,,,,,,,,,,,,,,,13.0158602,77.5656731
2025-10-17 00:00:45.805,,,,,,,,,,,,,,,13.0158602,77.5656731
2025-10-17 00:00:45.805,,,,,,,,,,,,,,,13.0158602,77.5656731
2025-10-17 00:00:45.805,,,,,,,,,,,,,,,13.0158602,77.5656731
2025-10-17 00:00:45.805,,,,11.44,,,,,,,,,,,13.0158602,77.5656731
2025-10-17 00:00:45.805,,,,,,,,,13.728,,,,,,13.0158602,77.5656731
2025-10-17 00:00:45.860,,,,,,,,,,,,,,,13.0158602,77.5656731
2025-10-17 00:00:45.860,,,13.488509634651,,,,,,,,,,,,13.0158602,77.5656731
2025-10-17 00:00:45.913,799.0,,,,,,,,,,,,,,13.0158602,77.5656731
2025-10-17 00:00:45.913,,,,,,,,,,,,,,,13.0158602,77.5656731
2025-10-17 00:00:45.963,,,,,,,,,,,,,,,13.0158602,77.5656731
2025-10-17 00:00:45.963,,,,,,,,,,,,,,,13.0158602,77.5656731
2025-10-17 00:00:45.963,,,,,,,,,,,,,,,13.0158602,77.5656731
2025-10-17 00:00:45.963,,,,,,,,,,,,,,,13.0158602,77.5656731
2025-10-17 00:00:45.963,,,,,,,,,,,,,,,13.0158602,77.5656731
2025-10-17 00:00:46.018,,24.3137254901961,,,,,,,,,,,,,13.0158602,77.5656731
2025-10-17 00:00:46.067,,,,,0.802352941176471,,,,,,,,,,13.0158602,77.5656731
2025-10-17 00:00:46.067,,,,,,,,,,,,,,,13.0158602,77.5656731
2025-10-17 00:00:46.067,,,,,,,,,,,,,,,13.0158602,77.5656731
2025-10-17 00:00:46.067,,,,,,,,,,,,,,,13.0158602,77.5656731
2025-10-17 00:00:46.067,,,,,,,,,,,,,,,13.0158602,77.5656731
2025-10-17 00:00:46.067,,,,,,,,,,,,,,,13.0158602,77.5656731
2025-10-17 00:00:46.067,,,,11.44,,,,,,,,,,,13.0158602,77.5656731
2025-10-17 00:00:46.067,,,,,,,,,13.728,,,,,,13.0158602,77.5656731
2025-10-17 00:00:46.123,,,,,,,,,,,,,,,13.0158602,77.5656731
2025-10-17 00:00:46.123,,,13.488509634651,,,,,,,,,,,,13.0158602,77.5656731
2025-10-17 00:00:46.173,799.0,,,,,,,,,,,,,,13.0158602,77.5656731
2025-10-17 00:00:46.173,,,,,,,,,,,,,,,13.0158602,77.5656731
2025-10-17 00:00:46.225,,,,,,,,,,,,,,,13.0158602,77.5656731
2025-10-17 00:00:46.225,,,,,,,,,,,,,,,13.0158602,77.5656731
2025-10-17 00:00:46.225,,,,,,,,,,,,,,,13.0158602,77.5656731
2025-10-17 00:00:46.225,,,,,,,,,,,,,,,13.0158602,77.5656731
2025-10-17 00:00:46.225,,,,,,,,,,,,,,,13.0158602,77.5656731
2025-10-17 00:00:46.280,,24.7058823529412,,,,,,,,,,,,,13.0158602,77.5656731
2025-10-17 00:00:46.330,,,,,0.811018099547511,,,,,,,,,,13.0158602,77.5656731
2025-10-17 00:00:46.330,,,,,,,,,,,,,,,13.0158602,77.5656731
2025-10-17 00:00:46.330,,,,,,,,,,,,,,,13.0158602,77.5656731
2025-10-17 00:00:46.330,,,,,,,,,,,,,,,13.0158602,77.5656731
2025-10-17 00:00:46.330,,,,,,,,,,,,,,,13.0158602,77.5656731
2025-10-17 00:00:46.330,,,,,,,,,,,,,,,13.0158602,77.5656731
2025-10-17 00:00:46.330,,,,11.38,,,,,,,,,,,13.0158602,77.5656731
2025-10-17 00:00:46.330,,,,,,,,,13.656,,,,,,13.0158602,77.5656731
2025-10-17 00:00:46.388,,,,,,,,,,,,,,,13.0158602,77.5656731
2025-10-17 00:00:46.388,,,13.488509634651,,,,,,,,,,,,13.0158602,77.5656731
2025-10-17 00:00:46.442,800.0,,,,,,,,,,,,,,13.0158602,77.5656731
2025-10-17 00:00:46.442,,,,,,,,,,,,,,,13.0158602,77.5656731
2025-10-17 00:00:46.493,,,,,,,,,,,,,,,13.0158602,77.5656731
2025-10-17 00:00:46.493,,,,,,,,,,,,,,,13.0158602,77.5656731
2025-10-17 00:00:46.493,,,,,,,,,,,,,,,13.0158602,77.5656731
2025-10-17 00:00:46.493,,,,,,,,,,,,,,,13.0158602,77.5656731
2025-10-17 00:00:46.493,,,,,,,,,,,,,,,13.0158602,77.5656731
2025-10-17 00:00:46.549,,24.3137254901961,,,,,,,,,,,,,13.0158602,77.5656731
2025-10-17 00:00:46.593,,,,,,,,,,,,,,,13.015775,77.5656683333333
2025-10-17 00:00:46.593,,,,,,,0.0,,,,,,,,13.015775,77.5656683333333
2025-10-17 00:00:46.595,,,,,,,,,,,,,,,13.015775,77.5656683333333
2025-10-17 00:00:46.599,,,,,,,,,,,,,,,13.015775,77.5656683333333
2025-10-17 00:00:46.599,,,,,,,,,,,,,,,13.015775,77.5656683333333
2025-10-17 00:00:46.599,,,,,0.800248868778281,,,,,,,,,,13.015775,77.5656683333333
2025-10-17 00:00:46.599,,,,,,,,,,,,,,,13.015775,77.5656683333333
2025-10-17 00:00:46.599,,,,,,,,,,,,,,,13.015775,77.5656683333333
2025-10-17 00:00:46.599,,,,,,,,,,,,,,,13.015775,77.5656683333333
2025-10-17 00:00:46.599,,,,,,,,,,,,,,,13.015775,77.5656683333333
2025-10-17 00:00:46.599,,,,,,,,,,,,,,,13.015775,77.5656683333333
2025-10-17 00:00:46.599,,,,11.41,,,,,,,,,,,13.015775,77.5656683333333
2025-10-17 00:00:46.599,,,,,,,,,13.692,,,,,,13.015775,77.5656683333333
2025-10-17 00:00:46.599,,,,,,,0.0,,,,,,,,13.015775,77.5656683333333
2025-10-17 00:00:46.639,,,,,,,,,,,,,,,13.015775,77.5656683333333
2025-10-17 00:00:46.639,,,,,,,,,,,,,,,13.015775,77.5656683333333
2025-10-17 00:00:46.639,,,,,,,0.0,,,,,,,,13.015775,77.5656683333333
2025-10-17 00:00:46.644,,,,,,,,,,,,,,,13.015775,77.5656683333333
2025-10-17 00:00:46.644,,,,,,,,,,,,,,,13.015775,77.5656683333333
2025-10-17 00:00:46.644,,,,,,,0.0,,,,,,,,13.015775,77.5656683333333
2025-10-17 00:00:46.653,,,,,,,,,,,,,,,13.015775,77.5656683333333
2025-10-17 00:00:46.653,,,13.343471896644,,,,,,,,,,,,13.015775,77.5656683333333
2025-10-17 00:00:46.702,801.0,,,,,,,,,,,,,,13.015775,77.5656683333333
2025-10-17 00:00:46.702,,,,,,,,,,,,,,,13.015775,77.5656683333333
2025-10-17 00:00:46.722,,,,,,,,,,,,,,,13.015775,77.5656683333333
2025-10-17 00:00:46.722,,,,,,,0.0,,,,,,,,13.015775,77.5656683333333
2025-10-17 00:00:46.723,,,,,,,,,,,,,,,13.015775,77.5656683333333
2025-10-17 00:00:46.754,,,,,,,,,,,,,,,13.015775,77.5656683333333
2025-10-17 00:00:46.754,,,,,,,,,,,,,,,13.015775,77.5656683333333
2025-10-17 00:00:46.754,,,,,,,,,,,,,,,13.015775,77.5656683333333
2025-10-17 00:00:46.754,,,,,,,,,,,,,,,13.015775,77.5656683333333
2025-10-17 00:00:46.754,,,,,,,,,,,,,,,13.015775,77.5656683333333
2025-10-17 00:00:46.801,,24.3137254901961,,,,,,,,,,,,,13.015775,77.5656683333333
2025-10-17 00:00:46.852,,,,,0.800248868778281,,,,,,,,,,13.015775,77.5656683333333
2025-10-17 00:00:46.852,,,,,,,,,,,,,,,13.015775,77.5656683333333
2025-10-17 00:00:46.852,,,,,,,,,,,,,,,13.015775,77.5656683333333
2025-10-17 00:00:46.852,,,,,,,,,,,,,,,13.015775,77.5656683333333
2025-10-17 00:00:46.852,,,,,,,,,,,,,,,13.015775,77.5656683333333
2025-10-17 00:00:46.852,,,,,,,,,,,,,,,13.015775,77.5656683333333
2025-10-17 00:00:46.852,,,,11.41,,,,,,,,,,,13.015775,77.5656683333333
2025-10-17 00:00:46.852,,,,,,,,,13.692,,,,,,13.015775,77.5656683333333
2025-10-17 00:00:46.910,,,,,,,,,,,,,,,13.015775,77.5656683333333
2025-10-17 00:00:46.910,,,13.343471896644,,,,,,,,,,,,13.015775,77.5656683333333
2025-10-17 00:00:46.963,801.0,,,,,,,,,,,,,,13.015775,77.5656683333333
2025-10-17 00:00:46.963,,,,,,,,,,,,,,,13.015775,77.5656683333333
2025-10-17 00:00:47.015,,,,,,,,,,,,,,,13.015775,77.5656683333333
2025-10-17 00:00:47.015,,,,,,,,,,,,,,,13.015775,77.5656683333333
2025-10-17 00:00:47.015,,,,,,,,,,,,,,,13.015775,77.5656683333333
2025-10-17 00:00:47.015,,,,,,,,,,,,,,,13.015775,77.5656683333333
2025-10-17 00:00:47.015,,,,,,,,,,,,,,,13.015775,77.5656683333333
2025-10-17 00:00:47.068,,24.3137254901961,,,,,,,,,,,,,13.015775,77.5656683333333
2025-10-17 00:00:47.130,,,,,0.798144796380091,,,,,,,,,,13.015775,77.5656683333333
2025-10-17 00:00:47.130,,,,,,,,,,,,,,,13.015775,77.5656683333333
2025-10-17 00:00:47.130,,,,,,,,,,,,,,,13.015775,77.5656683333333
2025-10-17 00:00:47.130,,,,,,,,,,,,,,,13.015775,77.5656683333333
2025-10-17 00:00:47.130,,,,,,,,,,,,,,,13.015775,77.5656683333333
2025-10-17 00:00:47.130,,,,,,,,,,,,,,,13.015775,77.5656683333333
2025-10-17 00:00:47.130,,,,11.38,,,,,,,,,,,13.015775,77.5656683333333
2025-10-17 00:00:47.130,,,,,,,,,13.656,,,,,,13.015775,77.5656683333333
2025-10-17 00:00:47.187,,,,,,,,,,,,,,,13.015775,77.5656683333333
2025-10-17 00:00:47.187,,,13.488509634651,,,,,,,,,,,,13.015775,77.5656683333333
2025-10-17 00:00:47.240,801.0,,,,,,,,,,,,,,13.015775,77.5656683333333
2025-10-17 00:00:47.240,,,,,,,,,,,,,,,13.015775,77.5656683333333
2025-10-17 00:00:47.292,,,,,,,,,,,,,,,13.015775,77.5656683333333
2025-10-17 00:00:47.292,,,,,,,,,,,,,,,13.015775,77.5656683333333
2025-10-17 00:00:47.292,,,,,,,,,,,,,,,13.015775,77.5656683333333
2025-10-17 00:00:47.292,,,,,,,,,,,,,,,13.015775,77.5656683333333
2025-10-17 00:00:47.292,,,,,,,,,,,,,,,13.015775,77.5656683333333
2025-10-17 00:00:47.345,,24.3137254901961,,,,,,,,,,,,,13.015775,77.5656683333333
2025-10-17 00:00:47.394,,,,,0.796742081447964,,,,,,,,,,13.015775,77.5656683333333
2025-10-17 00:00:47.394,,,,,,,,,,,,,,,13.015775,77.5656683333333
2025-10-17 00:00:47.394,,,,,,,,,,,,,,,13.015775,77.5656683333333
2025-10-17 00:00:47.394,,,,,,,,,,,,,,,13.015775,77.5656683333333
2025-10-17 00:00:47.394,,,,,,,,,,,,,,,13.015775,77.5656683333333
2025-10-17 00:00:47.394,,,,,,,,,,,,,,,13.015775,77.5656683333333
2025-10-17 00:00:47.394,,,,11.36,,,,,,,,,,,13.015775,77.5656683333333
2025-10-17 00:00:47.394,,,,,,,,,13.632,,,,,,13.015775,77.5656683333333
2025-10-17 00:00:47.450,,,,,,,,,,,,,,,13.015775,77.5656683333333
2025-10-17 00:00:47.450,,,13.343471896644,,,,,,,,,,,,13.015775,77.5656683333333
2025-10-17 00:00:47.514,800.0,,,,,,,,,,,,,,13.015775,77.5656683333333
2025-10-17 00:00:47.514,,,,,,,,,,,,,,,13.015775,77.5656683333333
2025-10-17 00:00:47.567,,,,,,,,,,,,,,,13.015775,77.5656683333333
2025-10-17 00:00:47.567,,,,,,,,,,,,,,,13.015775,77.5656683333333
2025-10-17 00:00:47.567,,,,,,,,,,,,,,,13.015775,77.5656683333333
2025-10-17 00:00:47.567,,,,,,,,,,,,,,,13.015775,77.5656683333333
2025-10-17 00:00:47.567,,,,,,,,,,,,,,,13.015775,77.5656683333333
2025-10-17 00:00:47.607,,,,,,,,,,,,,,,13.015775,77.5656683333333
2025-10-17 00:00:47.607,,,,,,,,,,,,,,,13.015775,77.5656683333333
2025-10-17 00:00:47.607,,,,,,,0.0,,,,,,,,13.015775,77.5656683333333
2025-10-17 00:00:47.611,,,,,,,,,,,,,,,13.0157733333333,77.5656633333333
2025-10-17 00:00:47.613,,,,,,,,,,,,,,,13.0157733333333,77.5656633333333
2025-10-17 00:00:47.613,,,,,,,0.0,,,,,,,,13.0157733333333,77.5656633333333
2025-10-17 00:00:47.614,,,,,,,,,,,,,,,13.0157733333333,77.5656633333333
2025-10-17 00:00:47.631,,24.3137254901961,,,,,,,,,,,,,13.0157733333333,77.5656633333333
2025-10-17 00:00:47.651,,,,,,,,,,,,,,,13.0157733333333,77.5656633333333
2025-10-17 00:00:47.651,,,,,,,,,,,,,,,13.0157733333333,77.5656633333333
2025-10-17 00:00:47.651,,,,,,,0.0,,,,,,,,13.0157733333333,77.5656633333333
2025-10-17 00:00:47.652,,,,,,,,,,,,,,,13.0157733333333,77.5656633333333
2025-10-17 00:00:47.652,,,,,,,,,,,,,,,13.0157733333333,77.5656633333333
2025-10-17 00:00:47.652,,,,,,,0.0,,,,,,,,13.0157733333333,77.5656633333333
2025-10-17 00:00:47.678,,,,,0.796742081447964,,,,,,,,,,13.0157733333333,77.5656633333333
2025-10-17 00:00:47.678,,,,,,,,,,,,,,,13.0157733333333,77.5656633333333
2025-10-17 00:00:47.678,,,,,,,,,,,,,,,13.0157733333333,77.5656633333333
2025-10-17 00:00:47.678,,,,,,,,,,,,,,,13.0157733333333,77.5656633333333
2025-10-17 00:00:47.678,,,,,,,,,,,,,,,13.0157733333333,77.5656633333333
2025-10-17 00:00:47.678,,,,,,,,,,,,,,,13.0157733333333,77.5656633333333
2025-10-17 00:00:47.678,,,,11.36,,,,,,,,,,,13.0157733333333,77.5656633333333
2025-10-17 00:00:47.678,,,,,,,,,13.632,,,,,,13.0157733333333,77.5656633333333
2025-10-17 00:00:47.731,,,,,,,,,,,,,,,13.0157733333333,77.5656633333333
2025-10-17 00:00:47.731,,,13.343471896644,,,,,,,,,,,,13.0157733333333,77.5656633333333
2025-10-17 00:00:47.783,800.0,,,,,,,,,,,,,,13.0157733333333,77.5656633333333
2025-10-17 00:00:47.783,,,,,,,,,,,,,,,13.0157733333333,77.5656633333333
2025-10-17 00:00:47.842,,,,,,,,,,,,,,,13.0157733333333,77.5656633333333
2025-10-17 00:00:47.842,,,,,,,,,,,,,,,13.0157733333333,77.5656633333333
2025-10-17 00:00:47.842,,,,,,,,,,,,,,,13.0157733333333,77.5656633333333
2025-10-17 00:00:47.842,,,,,,,,,,,,,,,13.0157733333333,77.5656633333333
2025-10-17 00:00:47.842,,,,,,,,,,,,,,,13.0157733333333,77.5656633333333
2025-10-17 00:00:47.858,,,,,,,,,,,,,,,13.0157733333333,77.5656633333333
2025-10-17 00:00:47.858,,,,,,,,,,,,,,,13.0157733333333,77.5656633333333
2025-10-17 00:00:47.858,,,,,,,0.0,,,,,,,,13.0157733333333,77.5656633333333
2025-10-17 00:00:47.860,,,,,,,,,,,,,,,13.0158893,77.5656529
2025-10-17 00:00:47.862,,,,,,,,,,,,,,,13.0158893,77.5656529
2025-10-17 00:00:47.862,,,,,,,,,,,,,,,13.0158893,77.5656529
2025-10-17 00:00:47.862,,,,,,,,,,,,,,,13.0158893,77.5656529
2025-10-17 00:00:47.862,,,,,,,,,,,,,,,13.0158893,77.5656529
2025-10-17 00:00:47.862,,,,,,,0.0,,,,,,,,13.0158893,77.5656529
2025-10-17 00:00:47.862,,,,,,,0.0,,,,,,,,13.0158893,77.5656529
2025-10-17 00:00:47.890,,24.3137254901961,,,,,,,,,,,,,13.0158893,77.5656529
2025-10-17 00:00:47.963,,,,,0.792533936651584,,,,,,,,,,13.0158893,77.5656529
2025-10-17 00:00:47.963,,,,,,,,,,,,,,,13.0158893,77.5656529
2025-10-17 00:00:47.963,,,,,,,,,,,,,,,13.0158893,77.5656529
2025-10-17 00:00:47.963,,,,,,,,,,,,,,,13.0158893,77.5656529
2025-10-17 00:00:47.963,,,,,,,,,,,,,,,13.0158893,77.5656529
2025-10-17 00:00:47.963,,,,,,,,,,,,,,,13.0158893,77.5656529
2025-10-17 00:00:47.963,,,,11.3,,,,,,,,,,,13.0158893,77.5656529
2025-10-17 00:00:47.963,,,,,,,,,13.56,,,,,,13.0158893,77.5656529
2025-10-17 00:00:48.045,,,,,,,,,,,,,,,13.0158893,77.5656529
2025-10-17 00:00:48.045,,,13.343471896644,,,,,,,,,,,,13.0158893,77.5656529
2025-10-17 00:00:48.100,803.0,,,,,,,,,,,,,,13.0158893,77.5656529
2025-10-17 00:00:48.100,,,,,,,,,,,,,,,13.0158893,77.5656529
2025-10-17 00:00:48.151,,,,,,,,,,,,,,,13.0158893,77.5656529
2025-10-17 00:00:48.151,,,,,,,,,,,,,,,13.0158893,77.5656529
2025-10-17 00:00:48.151,,,,,,,,,,,,,,,13.0158893,77.5656529
2025-10-17 00:00:48.151,,,,,,,,,,,,,,,13.0158893,77.5656529
2025-10-17 00:00:48.151,,,,,,,,,,,,,,,13.0158893,77.5656529
2025-10-17 00:00:48.200,,23.921568627451,,,,,,,,,,,,,13.0158893,77.5656529
2025-10-17 00:00:48.256,,,,,0.787341628959276,,,,,,,,,,13.0158893,77.5656529
2025-10-17 00:00:48.256,,,,,,,,,,,,,,,13.0158893,77.5656529
2025-10-17 00:00:48.256,,,,,,,,,,,,,,,13.0158893,77.5656529
2025-10-17 00:00:48.256,,,,,,,,,,,,,,,13.0158893,77.5656529
2025-10-17 00:00:48.256,,,,,,,,,,,,,,,13.0158893,77.5656529
2025-10-17 00:00:48.256,,,,,,,,,,,,,,,13.0158893,77.5656529
2025-10-17 00:00:48.256,,,,11.41,,,,,,,,,,,13.0158893,77.5656529
2025-10-17 00:00:48.256,,,,,,,,,13.692,,,,,,13.0158893,77.5656529
2025-10-17 00:00:48.313,,,,,,,,,,,,,,,13.0158893,77.5656529
2025-10-17 00:00:48.313,,,13.343471896644,,,,,,,,,,,,13.0158893,77.5656529
2025-10-17 00:00:48.367,801.0,,,,,,,,,,,,,,13.0158893,77.5656529
2025-10-17 00:00:48.367,,,,,,,,,,,,,,,13.0158893,77.5656529
2025-10-17 00:00:48.416,,,,,,,,,,,,,,,13.0158893,77.5656529
2025-10-17 00:00:48.416,,,,,,,,,,,,,,,13.0158893,77.5656529
2025-10-17 00:00:48.416,,,,,,,,,,,,,,,13.0158893,77.5656529
2025-10-17 00:00:48.416,,,,,,,,,,,,,,,13.0158893,77.5656529
2025-10-17 00:00:48.416,,,,,,,,,,,,,,,13.0158893,77.5656529
2025-10-17 00:00:48.476,,24.3137254901961,,,,,,,,,,,,,13.0158893,77.5656529
2025-10-17 00:00:48.525,,,,,0.800248868778281,,,,,,,,,,13.0158893,77.5656529
2025-10-17 00:00:48.525,,,,,,,,,,,,,,,13.0158893,77.5656529
2025-10-17 00:00:48.525,,,,,,,,,,,,,,,13.0158893,77.5656529
2025-10-17 00:00:48.525,,,,,,,,,,,,,,,13.0158893,77.5656529
2025-10-17 00:00:48.525,,,,,,,,,,,,,,,13.0158893,77.5656529
2025-10-17 00:00:48.525,,,,,,,,,,,,,,,13.0158893,77.5656529
2025-10-17 00:00:48.525,,,,11.41,,,,,,,,,,,13.0158893,77.5656529
2025-10-17 00:00:48.525,,,,,,,,,13.692,,,,,,13.0158893,77.5656529
2025-10-17 00:00:48.582,,,,,,,,,,,,,,,13.0158893,77.5656529
2025-10-17 00:00:48.582,,,13.343471896644,,,,,,,,,,,,13.0158893,77.5656529
2025-10-17 00:00:48.584,,,,,,,,,,,,,,,13.0158893,77.5656529
2025-10-17 00:00:48.584,,,,,,,,,,,,,,,13.0158893,77.5656529
2025-10-17 00:00:48.584,,,,,,,0.0,,,,,,,,13.0158893,77.5656529
2025-10-17 00:00:48.586,,,,,,,,,,,,,,,13.0158893,77.5656529
2025-10-17 00:00:48.586,,,,,,,,,,,,,,,13.0158893,77.5656529
2025-10-17 00:00:48.586,,,,,,,0.0,,,,,,,,13.0158893,77.5656529
2025-10-17 00:00:48.590,,,,,,,,,,,,,,,13.0158893,77.5656529
2025-10-17 00:00:48.590,,,,,,,,,,,,,,,13.0158893,77.5656529
2025-10-17 00:00:48.590,,,,,,,0.0,,,,,,,,13.0158893,77.5656529
2025-10-17 00:00:48.634,801.0,,,,,,,,,,,,,,13.0158893,77.5656529
2025-10-17 00:00:48.634,,,,,,,,,,,,,,,13.0158893,77.5656529
2025-10-17 00:00:48.687,,,,,,,,,,,,,,,13.0158893,77.5656529
2025-10-17 00:00:48.687,,,,,,,,,,,,,,,13.0158893,77.5656529
2025-10-17 00:00:48.687,,,,,,,,,,,,,,,13.0158893,77.5656529
2025-10-17 00:00:48.687,,,,,,,,,,,,,,,13.0158893,77.5656529
2025-10-17 00:00:48.687,,,,,,,,,,,,,,,13.0158893,77.5656529
2025-10-17 00:00:48.718,,,,,,,,,,,,,,,13.0158893,77.5656529
2025-10-17 00:00:48.718,,,,,,,0.0,,,,,,,,13.0158893,77.5656529
2025-10-17 00:00:48.719,,,,,,,,,,,,,,,13.0158893,77.5656529
2025-10-17 00:00:48.744,,24.3137254901961,,,,,,,,,,,,,13.0158893,77.5656529
2025-10-17 00:00:48.794,,,,,0.796742081447964,,,,,,,,,,13.0158893,77.5656529
2025-10-17 00:00:48.794,,,,,,,,,,,,,,,13.0158893,77.5656529
2025-10-17 00:00:48.794,,,,,,,,,,,,,,,13.0158893,77.5656529
2025-10-17 00:00:48.794,,,,,,,,,,,,,,,13.0158893,77.5656529
2025-10-17 00:00:48.794,,,,,,,,,,,,,,,13.0158893,77.5656529
2025-10-17 00:00:48.794,,,,,,,,,,,,,,,13.0158893,77.5656529
2025-10-17 00:00:48.794,,,,11.36,,,,,,,,,,,13.0158893,77.5656529
2025-10-17 00:00:48.794,,,,,,,,,13.632,,,,,,13.0158893,77.5656529
2025-10-17 00:00:48.861,,,,,,,,,,,,,,,13.0158893,77.5656529
2025-10-17 00:00:48.861,,,13.343471896644,,,,,,,,,,,,13.0158893,77.5656529
2025-10-17 00:00:48.914,800.0,,,,,,,,,,,,,,13.0158893,77.5656529
2025-10-17 00:00:48.914,,,,,,,,,,,,,,,13.0158893,77.5656529
2025-10-17 00:00:48.993,,24.3137254901961,,,,,,,,,,,,,13.0158893,77.5656529
2025-10-17 00:00:49.080,,,,,0.798144796380091,,,,,,,,,,13.0158893,77.5656529
2025-10-17 00:00:49.080,,,,,,,,,,,,,,,13.0158893,77.5656529
2025-10-17 00:00:49.080,,,,,,,,,,,,,,,13.0158893,77.5656529
2025-10-17 00:00:49.080,,,,,,,,,,,,,,,13.0158893,77.5656529
2025-10-17 00:00:49.080,,,,,,,,,,,,,,,13.0158893,77.5656529
2025-10-17 00:00:49.080,,,,,,,,,,,,,,,13.0158893,77.5656529
2025-10-17 00:00:49.080,,,,11.38,,,,,,,,,,,13.0158893,77.5656529
2025-10-17 00:00:49.080,,,,,,,,,13.656,,,,,,13.0158893,77.5656529
2025-10-17 00:00:49.167,,,,,,,,,,,,,,,13.0158893,77.5656529
2025-10-17 00:00:49.167,,,,,,,,,,,,,,,13.0158893,77.5656529
2025-10-17 00:00:49.167,,,,,,,,,,,,,,,13.0158893,77.5656529
2025-10-17 00:00:49.167,,,,,,,,,,,,,,,13.0158893,77.5656529
2025-10-17 00:00:49.167,,,,,,,,,,,,,,,13.0158893,77.5656529
2025-10-17 00:00:49.238,,,,,,,,,,,,,,,13.0158893,77.5656529
2025-10-17 00:00:49.238,,,13.343471896644,,,,,,,,,,,,13.0158893,77.5656529
2025-10-17 00:00:49.310,800.0,,,,,,,,,,,,,,13.0158893,77.5656529
2025-10-17 00:00:49.310,,,,,,,,,,,,,,,13.0158893,77.5656529
2025-10-17 00:00:49.364,,24.3137254901961,,,,,,,,,,,,,13.0158893,77.5656529
2025-10-17 00:00:49.415,,,,,0.790429864253394,,,,,,,,,,13.0158893,77.5656529
2025-10-17 00:00:49.415,,,,,,,,,,,,,,,13.0158893,77.5656529
2025-10-17 00:00:49.415,,,,,,,,,,,,,,,13.0158893,77.5656529
2025-10-17 00:00:49.415,,,,,,,,,,,,,,,13.0158893,77.5656529
2025-10-17 00:00:49.415,,,,,,,,,,,,,,,13.0158893,77.5656529
2025-10-17 00:00:49.415,,,,,,,,,,,,,,,13.0158893,77.5656529
2025-10-17 00:00:49.415,,,,11.27,,,,,,,,,,,13.0158893,77.5656529
2025-10-17 00:00:49.415,,,,,,,,,13.524,,,,,,13.0158893,77.5656529
2025-10-17 00:00:49.473,,,,,,,,,,,,,,,13.0158893,77.5656529
2025-10-17 00:00:49.473,,,,,,,,,,,,,,,13.0158893,77.5656529
2025-10-17 00:00:49.473,,,,,,,,,,,,,,,13.0158893,77.5656529
2025-10-17 00:00:49.473,,,,,,,,,,,,,,,13.0158893,77.5656529
2025-10-17 00:00:49.473,,,,,,,,,,,,,,,13.0158893,77.5656529
2025-10-17 00:00:49.526,,,,,,,,,,,,,,,13.0158893,77.5656529
2025-10-17 00:00:49.526,,,13.343471896644,,,,,,,,,,,,13.0158893,77.5656529
2025-10-17 00:00:49.576,800.0,,,,,,,,,,,,,,13.0158893,77.5656529
2025-10-17 00:00:49.576,,,,,,,,,,,,,,,13.0158893,77.5656529
2025-10-17 00:00:49.586,,,,,,,,,,,,,,,13.0158893,77.5656529
2025-10-17 00:00:49.586,,,,,,,0.0,,,,,,,,13.0158893,77.5656529
2025-10-17 00:00:49.587,,,,,,,,,,,,,,,13.0158893,77.5656529
2025-10-17 00:00:49.629,,24.3137254901961,,,,,,,,,,,,,13.0158893,77.5656529
2025-10-17 00:00:49.680,,,,,0.796742081447964,,,,,,,,,,13.0158893,77.5656529
2025-10-17 00:00:49.680,,,,,,,,,,,,,,,13.0158893,77.5656529
2025-10-17 00:00:49.680,,,,,,,,,,,,,,,13.0158893,77.5656529
2025-10-17 00:00:49.680,,,,,,,,,,,,,,,13.0158893,77.5656529
2025-10-17 00:00:49.680,,,,,,,,,,,,,,,13.0158893,77.5656529
2025-10-17 00:00:49.680,,,,,,,,,,,,,,,13.0158893,77.5656529
2025-10-17 00:00:49.680,,,,11.36,,,,,,,,,,,13.0158893,77.5656529
2025-10-17 00:00:49.680,,,,,,,,,13.632,,,,,,13.0158893,77.5656529
2025-10-17 00:00:49.722,,,,,,,,,,,,,,,13.0158893,77.5656529
2025-10-17 00:00:49.722,,,,,,,,,,,,,,,13.0158893,77.5656529
2025-10-17 00:00:49.722,,,,,,,0.0,,,,,,,,13.0158893,77.5656529
2025-10-17 00:00:49.762,,,,,,,,,,,,,,,13.0158893,77.5656529
2025-10-17 00:00:49.762,,,,,,,,,,,,,,,13.0158893,77.5656529
2025-10-17 00:00:49.762,,,,,,,,,,,,,,,13.0158893,77.5656529
2025-10-17 00:00:49.762,,,,,,,,,,,,,,,13.0158893,77.5656529
2025-10-17 00:00:49.762,,,,,,,,,,,,,,,13.0158893,77.5656529
2025-10-17 00:00:49.843,,24.3137254901961,,,,,,,,,,,,,13.0158893,77.5656529
2025-10-17 00:00:49.920,,,,,0.794638009049774,,,,,,,,,,13.0158893,77.5656529
2025-10-17 00:00:49.920,,,,,,,,,,,,,,,13.0158893,77.5656529
2025-10-17 00:00:49.920,,,,,,,,,,,,,,,13.0158893,77.5656529
2025-10-17 00:00:49.920,,,,,,,,,,,,,,,13.0158893,77.5656529
2025-10-17 00:00:49.920,,,,,,,,,,,,,,,13.0158893,77.5656529
2025-10-17 00:00:49.920,,,,,,,,,,,,,,,13.0158893,77.5656529
2025-10-17 00:00:49.920,,,,11.33,,,,,,,,,,,13.0158893,77.5656529
2025-10-17 00:00:49.920,,,,,,,,,13.596,,,,,,13.0158893,77.5656529
2025-10-17 00:00:50.000,,,,,,,,,,,,,,,13.0158893,77.5656529
2025-10-17 00:00:50.000,,,13.343471896644,,,,,,,,,,,,13.0158893,77.5656529
2025-10-17 00:00:50.083,800.0,,,,,,,,,,,,,,13.0158893,77.5656529
2025-10-17 00:00:50.083,,,,,,,,,,,,,,,13.0158893,77.5656529
2025-10-17 00:00:50.134,,,,,,,,,,,,,,,13.0158893,77.5656529
2025-10-17 00:00:50.134,,,,,,,,,,,,,,,13.0158893,77.5656529
2025-10-17 00:00:50.134,,,,,,,,,,,,,,,13.0158893,77.5656529
2025-10-17 00:00:50.134,,,,,,,,,,,,,,,13.0158893,77.5656529
2025-10-17 00:00:50.134,,,,,,,,,,,,,,,13.0158893,77.5656529
2025-10-17 00:00:50.190,,23.921568627451,,,,,,,,,,,,,13.0158893,77.5656529
2025-10-17 00:00:50.239,,,,,0.787341628959276,,,,,,,,,,13.0158893,77.5656529
2025-10-17 00:00:50.239,,,,,,,,,,,,,,,13.0158893,77.5656529
2025-10-17 00:00:50.239,,,,,,,,,,,,,,,13.0158893,77.5656529
2025-10-17 00:00:50.239,,,,,,,,,,,,,,,13.0158893,77.5656529
2025-10-17 00:00:50.239,,,,,,,,,,,,,,,13.0158893,77.5656529
2025-10-17 00:00:50.239,,,,,,,,,,,,,,,13.0158893,77.5656529
2025-10-17 00:00:50.239,,,,11.41,,,,,,,,,,,13.0158893,77.5656529
2025-10-17 00:00:50.239,,,,,,,,,13.692,,,,,,13.0158893,77.5656529
2025-10-17 00:00:50.311,,,,,,,,,,,,,,,13.0158893,77.5656529
2025-10-17 00:00:50.311,,,13.343471896644,,,,,,,,,,,,13.0158893,77.5656529
2025-10-17 00:00:50.440,801.0,,,,,,,,,,,,,,13.0158893,77.5656529
2025-10-17 00:00:50.440,,,,,,,,,,,,,,,13.0158893,77.5656529
2025-10-17 00:00:50.495,,,,,,,,,,,,,,,13.0158893,77.5656529
2025-10-17 00:00:50.495,,,,,,,,,,,,,,,13.0158893,77.5656529
2025-10-17 00:00:50.495,,,,,,,,,,,,,,,13.0158893,77.5656529
2025-10-17 00:00:50.495,,,,,,,,,,,,,,,13.0158893,77.5656529
2025-10-17 00:00:50.495,,,,,,,,,,,,,,,13.0158893,77.5656529
2025-10-17 00:00:50.544,,24.3137254901961,,,,,,,,,,,,,13.0158893,77.5656529
2025-10-17 00:00:50.567,,,,,,,,,,,,,,,13.0158893,77.5656529
2025-10-17 00:00:50.567,,,,,,,,,,,,,,,13.0158893,77.5656529
2025-10-17 00:00:50.567,,,,,,,0.0,,,,,,,,13.0158893,77.5656529
2025-10-17 00:00:50.581,,,,,,,,,,,,,,,13.0158893,77.5656529
2025-10-17 00:00:50.581,,,,,,,,,,,,,,,13.0158893,77.5656529
2025-10-17 00:00:50.581,,,,,,,0.0,,,,,,,,13.0158893,77.5656529
2025-10-17 00:00:50.588,,,,,0.788325791855204,,,,,,,,,,13.0158893,77.5656529
2025-10-17 00:00:50.588,,,,,,,,,,,,,,,13.0158893,77.5656529
2025-10-17 00:00:50.588,,,,,,,,,,,,,,,13.0158893,77.5656529
2025-10-17 00:00:50.588,,,,,,,,,,,,,,,13.0158893,77.5656529
2025-10-17 00:00:50.588,,,,,,,,,,,,,,,13.0158893,77.5656529
2025-10-17 00:00:50.588,,,,,,,,,,,,,,,13.0158893,77.5656529
2025-10-17 00:00:50.588,,,,11.24,,,,,,,,,,,13.0158893,77.5656529
2025-10-17 00:00:50.588,,,,,,,,,13.488,,,,,,13.0158893,77.5656529
2025-10-17 00:00:50.670,,,,,,,,,,,,,,,13.0158893,77.5656529
2025-10-17 00:00:50.670,,,13.343471896644,,,,,,,,,,,,13.0158893,77.5656529
2025-10-17 00:00:50.715,799.0,,,,,,,,,,,,,,13.0158893,77.5656529
2025-10-17 00:00:50.715,,,,,,,,,,,,,,,13.0158893,77.5656529
2025-10-17 00:00:50.770,,,,,,,,,,,,,,,13.0158893,77.5656529
2025-10-17 00:00:50.770,,,,,,,,,,,,,,,13.0158893,77.5656529
2025-10-17 00:00:50.770,,,,,,,,,,,,,,,13.0158893,77.5656529
2025-10-17 00:00:50.770,,,,,,,,,,,,,,,13.0158893,77.5656529
2025-10-17 00:00:50.770,,,,,,,,,,,,,,,13.0158893,77.5656529
2025-10-17 00:00:50.844,,,,,,,,,,,,,,,13.0158893,77.5656529
2025-10-17 00:00:50.844,,,13.343471896644,,,,,,,,,,,,13.0158893,77.5656529
2025-10-17 00:00:50.922,,24.3137254901961,,,,,,,,,,,,,13.0158893,77.5656529
2025-10-17 00:00:51.013,,,,,0.798144796380091,,,,,,,,,,13.0158893,77.5656529
2025-10-17 00:00:51.013,,,,,,,,,,,,,,,13.0158893,77.5656529
2025-10-17 00:00:51.013,,,,,,,,,,,,,,,13.0158893,77.5656529
2025-10-17 00:00:51.013,,,,,,,,,,,,,,,13.0158893,77.5656529
2025-10-17 00:00:51.013,,,,,,,,,,,,,,,13.0158893,77.5656529
2025-10-17 00:00:51.013,,,,,,,,,,,,,,,13.0158893,77.5656529
2025-10-17 00:00:51.013,,,,11.38,,,,,,,,,,,13.0158893,77.5656529
2025-10-17 00:00:51.013,,,,,,,,,13.656,,,,,,13.0158893,77.5656529
2025-10-17 00:00:51.097,,,,,,,,,,,,,,,13.0158893,77.5656529
2025-10-17 00:00:51.097,,,,,,,,,,,,,,,13.0158893,77.5656529
2025-10-17 00:00:51.097,,,,,,,,,,,,,,,13.0158893,77.5656529
2025-10-17 00:00:51.097,,,,,,,,,,,,,,,13.0158893,77.5656529
2025-10-17 00:00:51.097,,,,,,,,,,,,,,,13.0158893,77.5656529
2025-10-17 00:00:51.177,802.0,,,,,,,,,,,,,,13.0158893,77.5656529
2025-10-17 00:00:51.177,,,,,,,,,,,,,,,13.0158893,77.5656529
2025-10-17 00:00:51.222,,,,,,,,,,,,,,,13.0158893,77.5656529
2025-10-17 00:00:51.222,,,13.343471896644,,,,,,,,,,,,13.0158893,77.5656529
2025-10-17 00:00:51.281,,24.3137254901961,,,,,,,,,,,,,13.0158893,77.5656529
2025-10-17 00:00:51.329,,,,,0.796742081447964,,,,,,,,,,13.0158893,77.5656529
2025-10-17 00:00:51.329,,,,,,,,,,,,,,,13.0158893,77.5656529
2025-10-17 00:00:51.329,,,,,,,,,,,,,,,13.0158893,77.5656529
2025-10-17 00:00:51.329,,,,,,,,,,,,,,,13.0158893,77.5656529
2025-10-17 00:00:51.329,,,,,,,,,,,,,,,13.0158893,77.5656529
2025-10-17 00:00:51.329,,,,,,,,,,,,,,,13.0158893,77.5656529
2025-10-17 00:00:51.329,,,,11.36,,,,,,,,,,,13.0158893,77.5656529
2025-10-17 00:00:51.329,,,,,,,,,13.632,,,,,,13.0158893,77.5656529
2025-10-17 00:00:51.384,,,,,,,,,,,,,,,13.0158893,77.5656529
2025-10-17 00:00:51.384,,,,,,,,,,,,,,,13.0158893,77.5656529
2025-10-17 00:00:51.384,,,,,,,,,,,,,,,13.0158893,77.5656529
2025-10-17 00:00:51.384,,,,,,,,,,,,,,,13.0158893,77.5656529
2025-10-17 00:00:51.384,,,,,,,,,,,,,,,13.0158893,77.5656529
2025-10-17 00:00:51.432,800.0,,,,,,,,,,,,,,13.0158893,77.5656529
2025-10-17 00:00:51.432,,,,,,,,,,,,,,,13.0158893,77.5656529
2025-10-17 00:00:51.478,,,,,,,,,,,,,,,13.0158893,77.5656529
2025-10-17 00:00:51.478,,,13.343471896644,,,,,,,,,,,,13.0158893,77.5656529
2025-10-17 00:00:51.525,,24.3137254901961,,,,,,,,,,,,,13.0158893,77.5656529
2025-10-17 00:00:51.574,,,,,0.800248868778281,,,,,,,,,,13.0158893,77.5656529
2025-10-17 00:00:51.574,,,,,,,,,,,,,,,13.0158893,77.5656529
2025-10-17 00:00:51.574,,,,,,,,,,,,,,,13.0158893,77.5656529
2025-10-17 00:00:51.574,,,,,,,,,,,,,,,13.0158893,77.5656529
2025-10-17 00:00:51.574,,,,,,,,,,,,,,,13.0158893,77.5656529
2025-10-17 00:00:51.574,,,,,,,,,,,,,,,13.0158893,77.5656529
2025-10-17 00:00:51.574,,,,11.41,,,,,,,,,,,13.0158893,77.5656529
2025-10-17 00:00:51.574,,,,,,,,,13.692,,,,,,13.0158893,77.5656529
2025-10-17 00:00:51.604,,,,,,,,,,,,,,,13.0157733333333,77.5656633333333
2025-10-17 00:00:51.604,,,,,,,,,,,,,,,13.0157733333333,77.5656633333333
2025-10-17 00:00:51.604,,,,,,,,,,,,,,,13.0157733333333,77.5656633333333
2025-10-17 00:00:51.604,,,,,,,0.0,,,,,,,,13.0157733333333,77.5656633333333
2025-10-17 00:00:51.614,,,,,,,,,,,,,,,13.0157733333333,77.5656633333333
2025-10-17 00:00:51.614,,,,,,,,,,,,,,,13.0157733333333,77.5656633333333
2025-10-17 00:00:51.614,,,,,,,0.0,,,,,,,,13.0157733333333,77.5656633333333
2025-10-17 00:00:51.625,,,,,,,,,,,,,,,13.0157733333333,77.5656633333333
2025-10-17 00:00:51.625,,,,,,,,,,,,,,,13.0157733333333,77.5656633333333
2025-10-17 00:00:51.625,,,,,,,,,,,,,,,13.0157733333333,77.5656633333333
2025-10-17 00:00:51.625,,,,,,,,,,,,,,,13.0157733333333,77.5656633333333
2025-10-17 00:00:51.625,,,,,,,,,,,,,,,13.0157733333333,77.5656633333333
2025-10-17 00:00:51.708,,24.3137254901961,,,,,,,,,,,,,13.0157733333333,77.5656633333333
2025-10-17 00:00:51.786,,,,,0.794638009049774,,,,,,,,,,13.0157733333333,77.5656633333333
2025-10-17 00:00:51.786,,,,,,,,,,,,,,,13.0157733333333,77.5656633333333
2025-10-17 00:00:51.786,,,,,,,,,,,,,,,13.0157733333333,77.5656633333333
2025-10-17 00:00:51.786,,,,,,,,,,,,,,,13.0157733333333,77.5656633333333
2025-10-17 00:00:51.786,,,,,,,,,,,,,,,13.0157733333333,77.5656633333333
2025-10-17 00:00:51.786,,,,,,,,,,,,,,,13.0157733333333,77.5656633333333
2025-10-17 00:00:51.786,,,,11.33,,,,,,,,,,,13.0157733333333,77.5656633333333
2025-10-17 00:00:51.786,,,,,,,,,13.596,,,,,,13.0157733333333,77.5656633333333
2025-10-17 00:00:51.870,,,,,,,,,,,,,,,13.0157733333333,77.5656633333333
2025-10-17 00:00:51.870,,,,,,,,,,,,,,,13.0157733333333,77.5656633333333
2025-10-17 00:00:51.870,,,,,,,,,,,,,,,13.0157733333333,77.5656633333333
2025-10-17 00:00:51.870,,,,,,,,,,,,,,,13.0157733333333,77.5656633333333
2025-10-17 00:00:51.870,,,,,,,,,,,,,,,13.0157733333333,77.5656633333333
2025-10-17 00:00:51.931,798.0,,,,,,,,,,,,,,13.0157733333333,77.5656633333333
2025-10-17 00:00:51.931,,,,,,,,,,,,,,,13.0157733333333,77.5656633333333
2025-10-17 00:00:51.976,,24.7058823529412,,,,,,,,,,,,,13.0157733333333,77.5656633333333
2025-10-17 00:00:52.020,,,,,0.809592760180995,,,,,,,,,,13.0157733333333,77.5656633333333
2025-10-17 00:00:52.020,,,,,,,,,,,,,,,13.0157733333333,77.5656633333333
2025-10-17 00:00:52.020,,,,,,,,,,,,,,,13.0157733333333,77.5656633333333
2025-10-17 00:00:52.020,,,,,,,,,,,,,,,13.0157733333333,77.5656633333333
2025-10-17 00:00:52.020,,,,,,,,,,,,,,,13.0157733333333,77.5656633333333
2025-10-17 00:00:52.020,,,,,,,,,,,,,,,13.0157733333333,77.5656633333333
2025-10-17 00:00:52.020,,,,11.36,,,,,,,,,,,13.0157733333333,77.5656633333333
2025-10-17 00:00:52.020,,,,,,,,,13.632,,,,,,13.0157733333333,77.5656633333333
2025-10-17 00:00:52.078,,,,,,,,,,,,,,,13.0157733333333,77.5656633333333
2025-10-17 00:00:52.078,,,,,,,,,,,,,,,13.0157733333333,77.5656633333333
2025-10-17 00:00:52.078,,,,,,,,,,,,,,,13.0157733333333,77.5656633333333
2025-10-17 00:00:52.078,,,,,,,,,,,,,,,13.0157733333333,77.5656633333333
2025-10-17 00:00:52.078,,,,,,,,,,,,,,,13.0157733333333,77.5656633333333
2025-10-17 00:00:52.123,800.0,,,,,,,,,,,,,,13.0157733333333,77.5656633333333
2025-10-17 00:00:52.123,,,,,,,,,,,,,,,13.0157733333333,77.5656633333333
2025-10-17 00:00:52.167,,24.3137254901961,,,,,,,,,,,,,13.0157733333333,77.5656633333333
2025-10-17 00:00:52.212,,,,,0.792533936651584,,,,,,,,,,13.0157733333333,77.5656633333333
2025-10-17 00:00:52.212,,,,,,,,,,,,,,,13.0157733333333,77.5656633333333
2025-10-17 00:00:52.212,,,,,,,,,,,,,,,13.0157733333333,77.5656633333333
2025-10-17 00:00:52.212,,,,,,,,,,,,,,,13.0157733333333,77.5656633333333
2025-10-17 00:00:52.212,,,,,,,,,,,,,,,13.0157733333333,77.5656633333333
2025-10-17 00:00:52.212,,,,,,,,,,,,,,,13.0157733333333,77.5656633333333
2025-10-17 00:00:52.212,,,,11.3,,,,,,,,,,,13.0157733333333,77.5656633333333
2025-10-17 00:00:52.212,,,,,,,,,13.56,,,,,,13.0157733333333,77.5656633333333
2025-10-17 00:00:52.269,,,,,,,,,,,,,,,13.0157733333333,77.5656633333333
2025-10-17 00:00:52.269,,,,,,,,,,,,,,,13.0157733333333,77.5656633333333
2025-10-17 00:00:52.269,,,,,,,,,,,,,,,13.0157733333333,77.5656633333333
2025-10-17 00:00:52.269,,,,,,,,,,,,,,,13.0157733333333,77.5656633333333
2025-10-17 00:00:52.269,,,,,,,,,,,,,,,13.0157733333333,77.5656633333333
2025-10-17 00:00:52.314,804.0,,,,,,,,,,,,,,13.0157733333333,77.5656633333333
2025-10-17 00:00:52.314,,,,,,,,,,,,,,,13.0157733333333,77.5656633333333
2025-10-17 00:00:52.358,,23.921568627451,,,,,,,,,,,,,13.0157733333333,77.5656633333333
2025-10-17 00:00:52.402,,,,,0.787341628959276,,,,,,,,,,13.0157733333333,77.5656633333333
2025-10-17 00:00:52.402,,,,,,,,,,,,,,,13.0157733333333,77.5656633333333
2025-10-17 00:00:52.402,,,,,,,,,,,,,,,13.0157733333333,77.5656633333333
2025-10-17 00:00:52.402,,,,,,,,,,,,,,,13.0157733333333,77.5656633333333
2025-10-17 00:00:52.402,,,,,,,,,,,,,,,13.0157733333333,77.5656633333333
2025-10-17 00:00:52.402,,,,,,,,,,,,,,,13.0157733333333,77.5656633333333
2025-10-17 00:00:52.402,,,,11.41,,,,,,,,,,,13.0157733333333,77.5656633333333
2025-10-17 00:00:52.402,,,,,,,,,13.692,,,,,,13.0157733333333,77.5656633333333
2025-10-17 00:00:52.449,,,,,,,,,,,,,,,13.0157733333333,77.5656633333333
2025-10-17 00:00:52.449,,,,,,,,,,,,,,,13.0157733333333,77.5656633333333
2025-10-17 00:00:52.449,,,,,,,,,,,,,,,13.0157733333333,77.5656633333333
2025-10-17 00:00:52.449,,,,,,,,,,,,,,,13.0157733333333,77.5656633333333
2025-10-17 00:00:52.449,,,,,,,,,,,,,,,13.0157733333333,77.5656633333333
2025-10-17 00:00:52.494,799.0,,,,,,,,,,,,,,13.0157733333333,77.5656633333333
2025-10-17 00:00:52.494,,,,,,,,,,,,,,,13.0157733333333,77.5656633333333
2025-10-17 00:00:52.540,,24.3137254901961,,,,,,,,,,,,,13.0157733333333,77.5656633333333
2025-10-17 00:00:52.571,,,,,,,,,,,,,,,13.0157733333333,77.5656633333333
2025-10-17 00:00:52.571,,,,,,,,,,,,,,,13.0157733333333,77.5656633333333
2025-10-17 00:00:52.571,,,,,,,0.0,,,,,,,,13.0157733333333,77.5656633333333
2025-10-17 00:00:52.585,,,,,,,,,,,,,,,13.0157733333333,77.5656633333333
2025-10-17 00:00:52.585,,,,,,,,,,,,,,,13.0157733333333,77.5656633333333
2025-10-17 00:00:52.585,,,,,,,0.0,,,,,,,,13.0157733333333,77.5656633333333
2025-10-17 00:00:52.595,,,,,0.798144796380091,,,,,,,,,,13.0157733333333,77.5656633333333
2025-10-17 00:00:52.595,,,,,,,,,,,,,,,13.0157733333333,77.5656633333333
2025-10-17 00:00:52.595,,,,,,,,,,,,,,,13.0157733333333,77.5656633333333
2025-10-17 00:00:52.595,,,,,,,,,,,,,,,13.0157733333333,77.5656633333333
2025-10-17 00:00:52.595,,,,,,,,,,,,,,,13.0157733333333,77.5656633333333
2025-10-17 00:00:52.595,,,,,,,,,,,,,,,13.0157733333333,77.5656633333333
2025-10-17 00:00:52.595,,,,11.38,,,,,,,,,,,13.0157733333333,77.5656633333333
2025-10-17 00:00:52.595,,,,,,,,,13.656,,,,,,13.0157733333333,77.5656633333333
2025-10-17 00:00:52.642,,,,,,,,,,,,,,,13.0157733333333,77.5656633333333
2025-10-17 00:00:52.642,,,,,,,,,,,,,,,13.0157733333333,77.5656633333333
2025-10-17 00:00:52.642,,,,,,,,,,,,,,,13.0157733333333,77.5656633333333
2025-10-17 00:00:52.642,,,,,,,,,,,,,,,13.0157733333333,77.5656633333333
2025-10-17 00:00:52.642,,,,,,,,,,,,,,,13.0157733333333,77.5656633333333
2025-10-17 00:00:52.697,800.0,,,,,,,,,,,,,,13.0157733333333,77.5656633333333
2025-10-17 00:00:52.697,,,,,,,,,,,,,,,13.0157733333333,77.5656633333333
2025-10-17 00:00:52.865,,,,,,,,,,,,,,,13.0158817,77.5656577
2025-10-17 00:00:53.122,,,,,,,,,,,,,,,13.0158817,77.5656577
2025-10-17 00:00:53.122,,,,,,,,,,,,,,,13.0158817,77.5656577
2025-10-17 00:00:53.122,,,,,,,0.0,,,,,,,,13.0158817,77.5656577
2025-10-17 00:00:53.128,,,,,,,,,,,,,,,13.0158817,77.5656577
2025-10-17 00:00:53.128,,,,,,,,,,,,,,,13.0158817,77.5656577
2025-10-17 00:00:53.128,,,,,,,0.0,,,,,,,,13.0158817,77.5656577
2025-10-17 00:00:53.224,,24.3137254901961,,,,,,,,,,,,,13.0158817,77.5656577
2025-10-17 00:00:53.292,,24.3137254901961,,,,,,,,,,,,,13.0158817,77.5656577
2025-10-17 00:00:53.383,,,,,0.792533936651584,,,,,,,,,,13.0158817,77.5656577
2025-10-17 00:00:53.383,,,,,,,,,,,,,,,13.0158817,77.5656577
2025-10-17 00:00:53.383,,,,,,,,,,,,,,,13.0158817,77.5656577
2025-10-17 00:00:53.383,,,,,,,,,,,,,,,13.0158817,77.5656577
2025-10-17 00:00:53.383,,,,,,,,,,,,,,,13.0158817,77.5656577
2025-10-17 00:00:53.383,,,,,,,,,,,,,,,13.0158817,77.5656577
2025-10-17 00:00:53.383,,,,11.3,,,,,,,,,,,13.0158817,77.5656577
2025-10-17 00:00:53.383,,,,,,,,,13.56,,,,,,13.0158817,77.5656577
2025-10-17 00:00:53.447,,,,,,,,,,,,,,,13.0158817,77.5656577
2025-10-17 00:00:53.447,,,,,,,,,,,,,,,13.0158817,77.5656577
2025-10-17 00:00:53.447,,,,,,,,,,,,,,,13.0158817,77.5656577
2025-10-17 00:00:53.447,,,,,,,,,,,,,,,13.0158817,77.5656577
2025-10-17 00:00:53.447,,,,,,,,,,,,,,,13.0158817,77.5656577
2025-10-17 00:00:53.530,,,,,,,,,,,,,,,13.0158817,77.5656577
2025-10-17 00:00:53.530,,,13.343471896644,,,,,,,,,,,,13.0158817,77.5656577
2025-10-17 00:00:53.614,,,,,,,,,,,13.05339642063,,,,13.0158817,77.5656577
2025-10-17 00:00:53.687,,,,,,,,,,,,,,,13.0158817,77.5656577
2025-10-17 00:00:53.762,,,,,,,,,,,,,,,13.0158817,77.5656577
2025-10-17 00:00:53.813,,24.3137254901961,,,,,,,,,,,,,13.0158817,77.5656577
2025-10-17 00:00:53.863,,,,,0.792533936651584,,,,,,,,,,13.0158817,77.5656577
2025-10-17 00:00:53.863,,,,,,,,,,,,,,,13.0158817,77.5656577
2025-10-17 00:00:53.863,,,,,,,,,,,,,,,13.0158817,77.5656577
2025-10-17 00:00:53.863,,,,,,,,,,,,,,,13.0158817,77.5656577
2025-10-17 00:00:53.863,,,,,,,,,,,,,,,13.0158817,77.5656577
2025-10-17 00:00:53.863,,,,,,,,,,,,,,,13.0158817,77.5656577
2025-10-17 00:00:53.863,,,,11.3,,,,,,,,,,,13.0158817,77.5656577
2025-10-17 00:00:53.863,,,,,,,,,13.56,,,,,,13.0158817,77.5656577
2025-10-17 00:00:53.928,,,,,,,,,,,,,,,13.0158817,77.5656577
2025-10-17 00:00:53.928,,,,,,,,,,,,,,,13.0158817,77.5656577
2025-10-17 00:00:53.928,,,,,,,,,,,,,,,13.0158817,77.5656577
2025-10-17 00:00:53.928,,,,,,,,,,,,,,,13.0158817,77.5656577
2025-10-17 00:00:53.928,,,,,,,,,,,,,,,13.0158817,77.5656577
2025-10-17 00:00:53.978,,,,,,,,,,,,,,,13.0158817,77.5656577
2025-10-17 00:00:53.978,,,13.343471896644,,,,,,,,,,,,13.0158817,77.5656577
2025-10-17 00:00:54.031,,,,,,,,,,,13.05339642063,,,,13.0158817,77.5656577
2025-10-17 00:00:54.081,,,,,,,,,,,,,,,13.0158817,77.5656577
2025-10-17 00:00:54.128,,,,,,,,,,,,,,,13.0158817,77.5656577
2025-10-17 00:00:54.178,,24.3137254901961,,,,,,,,,,,,,13.0158817,77.5656577
2025-10-17 00:00:54.227,,,,,0.796742081447964,,,,,,,,,,13.0158817,77.5656577
2025-10-17 00:00:54.227,,,,,,,,,,,,,,,13.0158817,77.5656577
2025-10-17 00:00:54.227,,,,,,,,,,,,,,,13.0158817,77.5656577
2025-10-17 00:00:54.227,,,,,,,,,,,,,,,13.0158817,77.5656577
2025-10-17 00:00:54.227,,,,,,,,,,,,,,,13.0158817,77.5656577
2025-10-17 00:00:54.227,,,,,,,,,,,,,,,13.0158817,77.5656577
2025-10-17 00:00:54.227,,,,11.36,,,,,,,,,,,13.0158817,77.5656577
2025-10-17 00:00:54.227,,,,,,,,,13.632,,,,,,13.0158817,77.5656577
2025-10-17 00:00:54.277,,,,,,,,,,,,,,,13.0158817,77.5656577
2025-10-17 00:00:54.277,,,,,,,,,,,,,,,13.0158817,77.5656577
2025-10-17 00:00:54.277,,,,,,,,,,,,,,,13.0158817,77.5656577
2025-10-17 00:00:54.277,,,,,,,,,,,,,,,13.0158817,77.5656577
2025-10-17 00:00:54.277,,,,,,,,,,,,,,,13.0158817,77.5656577
2025-10-17 00:00:54.328,,,,,,,,,,,,,,,13.0158817,77.5656577
2025-10-17 00:00:54.328,,,13.343471896644,,,,,,,,,,,,13.0158817,77.5656577
2025-10-17 00:00:54.380,,,,,,,,,,,13.05339642063,,,,13.0158817,77.5656577
2025-10-17 00:00:54.442,,,,,,,,,,,,,,,13.0158817,77.5656577
2025-10-17 00:00:54.494,,,,,,,,,,,,,,,13.0158817,77.5656577
2025-10-17 00:00:54.542,,24.3137254901961,,,,,,,,,,,,,13.0158817,77.5656577
2025-10-17 00:00:54.591,,,,,0.796742081447964,,,,,,,,,,13.0158817,77.5656577
2025-10-17 00:00:54.591,,,,,,,,,,,,,,,13.0158817,77.5656577
2025-10-17 00:00:54.591,,,,,,,,,,,,,,,13.0158817,77.5656577
2025-10-17 00:00:54.591,,,,,,,,,,,,,,,13.0158817,77.5656577
2025-10-17 00:00:54.591,,,,,,,,,,,,,,,13.0158817,77.5656577
2025-10-17 00:00:54.591,,,,,,,,,,,,,,,13.0158817,77.5656577
2025-10-17 00:00:54.591,,,,11.36,,,,,,,,,,,13.0158817,77.5656577
2025-10-17 00:00:54.591,,,,,,,,,13.632,,,,,,13.0158817,77.5656577
2025-10-17 00:00:54.647,,,,,,,,,,,,,,,13.0158817,77.5656577
2025-10-17 00:00:54.647,,,,,,,,,,,,,,,13.0158817,77.5656577
2025-10-17 00:00:54.647,,,,,,,,,,,,,,,13.0158817,77.5656577
2025-10-17 00:00:54.647,,,,,,,,,,,,,,,13.0158817,77.5656577
2025-10-17 00:00:54.647,,,,,,,,,,,,,,,13.0158817,77.5656577
2025-10-17 00:00:54.723,,,,,,,,,,,,,,,13.0158817,77.5656577
2025-10-17 00:00:54.723,,,13.343471896644,,,,,,,,,,,,13.0158817,77.5656577
2025-10-17 00:00:54.773,,,,,,,,,,,13.05339642063,,,,13.0158817,77.5656577
2025-10-17 00:00:54.856,,,,,,,,,,,,,,,13.0158817,77.5656577
2025-10-17 00:00:54.903,,,,,,,,,,,,,,,13.0158817,77.5656577
2025-10-17 00:00:54.945,,24.3137254901961,,,,,,,,,,,,,13.0158817,77.5656577
2025-10-17 00:00:55.019,,,,,0.792533936651584,,,,,,,,,,13.0158817,77.5656577
2025-10-17 00:00:55.019,,,,,,,,,,,,,,,13.0158817,77.5656577
2025-10-17 00:00:55.019,,,,,,,,,,,,,,,13.0158817,77.5656577
2025-10-17 00:00:55.019,,,,,,,,,,,,,,,13.0158817,77.5656577
2025-10-17 00:00:55.019,,,,,,,,,,,,,,,13.0158817,77.5656577
2025-10-17 00:00:55.019,,,,,,,,,,,,,,,13.0158817,77.5656577
2025-10-17 00:00:55.019,,,,11.3,,,,,,,,,,,13.0158817,77.5656577
2025-10-17 00:00:55.019,,,,,,,,,13.56,,,,,,13.0158817,77.5656577
2025-10-17 00:00:55.061,,,,,,,,,,,,,,,13.0158817,77.5656577
2025-10-17 00:00:55.061,,,,,,,,,,,,,,,13.0158817,77.5656577
2025-10-17 00:00:55.061,,,,,,,,,,,,,,,13.0158817,77.5656577
2025-10-17 00:00:55.061,,,,,,,,,,,,,,,13.0158817,77.5656577
2025-10-17 00:00:55.061,,,,,,,,,,,,,,,13.0158817,77.5656577
2025-10-17 00:00:55.130,,,,,,,,,,,,,,,13.0158817,77.5656577
2025-10-17 00:00:55.130,,,13.488509634651,,,,,,,,,,,,13.0158817,77.5656577
2025-10-17 00:00:55.179,,,,,,,,,,,13.05339642063,,,,13.0158817,77.5656577
2025-10-17 00:00:55.235,,,,,,,,,,,,,,,13.0158817,77.5656577
2025-10-17 00:00:55.246,,,,,,,,,,,,,,,13.0158817,77.5656577
2025-10-17 00:00:55.246,,,,,,,,,,,,,,,13.0158817,77.5656577
2025-10-17 00:00:55.246,,,,,,,,,,,,,,,13.0158817,77.5656577
2025-10-17 00:00:55.246,,,,,,,,,,,,,,,13.0158817,77.5656577
2025-10-17 00:00:55.246,,,,,,,0.0,,,,,,,,13.0158817,77.5656577
2025-10-17 00:00:55.246,,,,,,,0.0,,,,,,,,13.0158817,77.5656577
2025-10-17 00:00:55.256,,,,,,,,,,,,,,,13.0158817,77.5656577
2025-10-17 00:00:55.256,,,,,,,,,,,,,,,13.0158817,77.5656577
2025-10-17 00:00:55.256,,,,,,,0.0,,,,,,,,13.0158817,77.5656577
2025-10-17 00:00:55.280,,,,,,,,,,,,,,,13.0158817,77.5656577
2025-10-17 00:00:55.309,,,,,,,,,,,,,,,13.0158817,77.5656577
2025-10-17 00:00:55.309,,,,,,,,,,,,,,,13.0158817,77.5656577
2025-10-17 00:00:55.309,,,,,,,0.0,,,,,,,,13.0158817,77.5656577
2025-10-17 00:00:55.326,,28.6274509803922,,,,,,,,,,,,,13.0158817,77.5656577
2025-10-17 00:00:55.378,,,,,0.886900452488688,,,,,,,,,,13.0158817,77.5656577
2025-10-17 00:00:55.378,,,,,,,,,,,,,,,13.0158817,77.5656577
2025-10-17 00:00:55.378,,,,,,,,,,,,,,,13.0158817,77.5656577
2025-10-17 00:00:55.378,,,,,,,,,,,,,,,13.0158817,77.5656577
2025-10-17 00:00:55.378,,,,,,,,,,,,,,,13.0158817,77.5656577
2025-10-17 00:00:55.378,,,,,,,,,,,,,,,13.0158817,77.5656577
2025-10-17 00:00:55.378,,,,10.74,,,,,,,,,,,13.0158817,77.5656577
2025-10-17 00:00:55.378,,,,,,,,,12.888,,,,,,13.0158817,77.5656577
2025-10-17 00:00:55.431,,,,,,,,,,,,,,,13.0158817,77.5656577
2025-10-17 00:00:55.431,,,,,,,,,,,,,,,13.0158817,77.5656577
2025-10-17 00:00:55.431,,,,,,,,,,,,,,,13.0158817,77.5656577
2025-10-17 00:00:55.431,,,,,,,,,,,,,,,13.0158817,77.5656577
2025-10-17 00:00:55.431,,,,,,,,,,,,,,,13.0158817,77.5656577
2025-10-17 00:00:55.482,,,,,,,,,,,,,,,13.0158817,77.5656577
2025-10-17 00:00:55.482,,,13.343471896644,,,,,,,,,,,,13.0158817,77.5656577
2025-10-17 00:00:55.535,,,,,,,,,,,13.05339642063,,,,13.0158817,77.5656577
2025-10-17 00:00:55.587,,,,,,,,,,,,,,,13.0158817,77.5656577
2025-10-17 00:00:55.638,,,,,,,,,,,,,,,13.0158817,77.5656577
2025-10-17 00:00:55.689,,40.3921568627451,,,,,,,,,,,,,13.0158817,77.5656577
2025-10-17 00:00:55.740,,,,,1.23856334841629,,,,,,,,,,13.0158817,77.5656577
2025-10-17 00:00:55.740,,,,,,,,,,,,,,,13.0158817,77.5656577
2025-10-17 00:00:55.740,,,,,,,,,,,,,,,13.0158817,77.5656577
2025-10-17 00:00:55.740,,,,,,,,,,,,,,,13.0158817,77.5656577
2025-10-17 00:00:55.740,,,,,,,,,,,,,,,13.0158817,77.5656577
2025-10-17 00:00:55.740,,,,,,,,,,,,,,,13.0158817,77.5656577
2025-10-17 00:00:55.740,,,,10.63,,,,,,,,,,,13.0158817,77.5656577
2025-10-17 00:00:55.740,,,,,,,,,12.756,,,,,,13.0158817,77.5656577
2025-10-17 00:00:55.753,,,,,,,,,,,,,,,13.0158817,77.5656577
2025-10-17 00:00:55.753,,,,,,,,,,,,,,,13.0158817,77.5656577
2025-10-17 00:00:55.753,,,,,,,0.0,,,,,,,,13.0158817,77.5656577
2025-10-17 00:00:55.793,,,,,,,,,,,,,,,13.0158817,77.5656577
2025-10-17 00:00:55.793,,,,,,,,,,,,,,,13.0158817,77.5656577
2025-10-17 00:00:55.793,,,,,,,,,,,,,,,13.0158817,77.5656577
2025-10-17 00:00:55.793,,,,,,,,,,,,,,,13.0158817,77.5656577
2025-10-17 00:00:55.793,,,,,,,,,,,,,,,13.0158817,77.5656577
2025-10-17 00:00:55.844,,,,,,,,,,,,,,,13.0158817,77.5656577
2025-10-17 00:00:55.844,,,13.343471896644,,,,,,,,,,,,13.0158817,77.5656577
2025-10-17 00:00:55.851,,,,,,,,,,,,,,,13.0158817,77.5656577
2025-10-17 00:00:55.851,,,,,,,,,,,,,,,13.0158817,77.5656577
2025-10-17 00:00:55.851,,,,,,,0.0,,,,,,,,13.0158817,77.5656577
2025-10-17 00:00:55.927,,,,,,,,,,,13.05339642063,,,,13.0158817,77.5656577
2025-10-17 00:00:55.964,,,,,,,,,,,,,,,13.0158817,77.5656577
2025-10-17 00:00:56.024,,,,,,,,,,,,,,,13.0158817,77.5656577
2025-10-17 00:00:56.072,,43.5294117647059,,,,,,,,,,,,,13.0158817,77.5656577
2025-10-17 00:00:56.118,,,,,1.39503393665158,,,,,,,,,,13.0158817,77.5656577
2025-10-17 00:00:56.118,,,,,,,,,,,,,,,13.0158817,77.5656577
2025-10-17 00:00:56.118,,,,,,,,,,,,,,,13.0158817,77.5656577
2025-10-17 00:00:56.118,,,,,,,,,,,,,,,13.0158817,77.5656577
2025-10-17 00:00:56.118,,,,,,,,,,,,,,,13.0158817,77.5656577
2025-10-17 00:00:56.118,,,,,,,,,,,,,,,13.0158817,77.5656577
2025-10-17 00:00:56.118,,,,11.11,,,,,,,,,,,13.0158817,77.5656577
2025-10-17 00:00:56.118,,,,,,,,,13.332,,,,,,13.0158817,77.5656577
2025-10-17 00:00:56.165,,,,,,,,,,,,,,,13.0158817,77.5656577
2025-10-17 00:00:56.165,,,,,,,,,,,,,,,13.0158817,77.5656577
2025-10-17 00:00:56.165,,,,,,,,,,,,,,,13.0158817,77.5656577
2025-10-17 00:00:56.165,,,,,,,,,,,,,,,13.0158817,77.5656577
2025-10-17 00:00:56.165,,,,,,,,,,,,,,,13.0158817,77.5656577
2025-10-17 00:00:56.215,,,,,,,,,,,,,,,13.0158817,77.5656577
2025-10-17 00:00:56.215,,,13.343471896644,,,,,,,,,,,,13.0158817,77.5656577
2025-10-17 00:00:56.267,,,,,,,,,,,13.05339642063,,,,13.0158817,77.5656577
2025-10-17 00:00:56.317,,,,,,,,,,,,,,,13.0158817,77.5656577
2025-10-17 00:00:56.382,,,,,,,,,,,,,,,13.0158817,77.5656577
2025-10-17 00:00:56.431,,41.5686274509804,,,,,,,,,,,,,13.0158817,77.5656577
2025-10-17 00:00:56.483,,,,,1.34178733031674,,,,,,,,,,13.0158817,77.5656577
2025-10-17 00:00:56.483,,,,,,,,,,,,,,,13.0158817,77.5656577
2025-10-17 00:00:56.483,,,,,,,,,,,,,,,13.0158817,77.5656577
2025-10-17 00:00:56.483,,,,,,,,,,,,,,,13.0158817,77.5656577
2025-10-17 00:00:56.483,,,,,,,,,,,,,,,13.0158817,77.5656577
2025-10-17 00:00:56.483,,,,,,,,,,,,,,,13.0158817,77.5656577
2025-10-17 00:00:56.483,,,,11.19,,,,,,,,,,,13.0158817,77.5656577
2025-10-17 00:00:56.483,,,,,,,,,13.428,,,,,,13.0158817,77.5656577
2025-10-17 00:00:56.548,,,,,,,,,,,,,,,13.0158817,77.5656577
2025-10-17 00:00:56.548,,,,,,,,,,,,,,,13.0158817,77.5656577
2025-10-17 00:00:56.548,,,,,,,,,,,,,,,13.0158817,77.5656577
2025-10-17 00:00:56.548,,,,,,,,,,,,,,,13.0158817,77.5656577
2025-10-17 00:00:56.548,,,,,,,,,,,,,,,13.0158817,77.5656577
2025-10-17 00:00:56.596,,,,,,,,,,,,,,,13.0157683333333,77.5656633333333
2025-10-17 00:00:56.602,,,,,,,,,,,,,,,13.0157683333333,77.5656633333333
2025-10-17 00:00:56.602,,,,,,,,,,,,,,,13.0157683333333,77.5656633333333
2025-10-17 00:00:56.602,,,,,,,0.0,,,,,,,,13.0157683333333,77.5656633333333
2025-10-17 00:00:56.610,,,,,,,,,,,,,,,13.0157683333333,77.5656633333333
2025-10-17 00:00:56.610,,,13.343471896644,,,,,,,,,,,,13.0157683333333,77.5656633333333
2025-10-17 00:00:56.613,,,,,,,,,,,,,,,13.0157683333333,77.5656633333333
2025-10-17 00:00:56.613,,,,,,,,,,,,,,,13.0157683333333,77.5656633333333
2025-10-17 00:00:56.613,,,,,,,0.0,,,,,,,,13.0157683333333,77.5656633333333
2025-10-17 00:00:56.615,,,,,,,,,,,,,,,13.0157683333333,77.5656633333333
2025-10-17 00:00:56.615,,,,,,,,,,,,,,,13.0157683333333,77.5656633333333
2025-10-17 00:00:56.615,,,,,,,0.0,,,,,,,,13.0157683333333,77.5656633333333
2025-10-17 00:00:56.659,,,,,,,,,,,13.05339642063,,,,13.0157683333333,77.5656633333333
2025-10-17 00:00:56.709,,,,,,,,,,,,,,,13.0157683333333,77.5656633333333
2025-10-17 00:00:56.739,,,,,,,,,,,,,,,13.0157683333333,77.5656633333333
2025-10-17 00:00:56.739,,,,,,,,,,,,,,,13.0157683333333,77.5656633333333
2025-10-17 00:00:56.739,,,,,,,0.0,,,,,,,,13.0157683333333,77.5656633333333
2025-10-17 00:00:56.756,,,,,,,,,,,,,,,13.0157683333333,77.5656633333333
2025-10-17 00:00:56.803,,41.5686274509804,,,,,,,,,,,,,13.0157683333333,77.5656633333333
2025-10-17 00:00:56.855,,,,,1.33219457013575,,,,,,,,,,13.0157683333333,77.5656633333333
2025-10-17 00:00:56.855,,,,,,,,,,,,,,,13.0157683333333,77.5656633333333
2025-10-17 00:00:56.855,,,,,,,,,,,,,,,13.0157683333333,77.5656633333333
2025-10-17 00:00:56.855,,,,,,,,,,,,,,,13.0157683333333,77.5656633333333
2025-10-17 00:00:56.855,,,,,,,,,,,,,,,13.0157683333333,77.5656633333333
2025-10-17 00:00:56.855,,,,,,,,,,,,,,,13.0157683333333,77.5656633333333
2025-10-17 00:00:56.855,,,,11.11,,,,,,,,,,,13.0157683333333,77.5656633333333
2025-10-17 00:00:56.855,,,,,,,,,13.332,,,,,,13.0157683333333,77.5656633333333
2025-10-17 00:00:56.906,,,,,,,,,,,,,,,13.0157683333333,77.5656633333333
2025-10-17 00:00:56.906,,,,,,,,,,,,,,,13.0157683333333,77.5656633333333
2025-10-17 00:00:56.906,,,,,,,,,,,,,,,13.0157683333333,77.5656633333333
2025-10-17 00:00:56.906,,,,,,,,,,,,,,,13.0157683333333,77.5656633333333
2025-10-17 00:00:56.906,,,,,,,,,,,,,,,13.0157683333333,77.5656633333333
2025-10-17 00:00:56.956,,,,,,,,,,,,,,,13.0157683333333,77.5656633333333
2025-10-17 00:00:56.956,,,13.488509634651,,,,,,,,,,,,13.0157683333333,77.5656633333333
2025-10-17 00:00:57.008,,,,,,,,,,,13.05339642063,,,,13.0157683333333,77.5656633333333
2025-10-17 00:00:57.058,,,,,,,,,,,,,,,13.0157683333333,77.5656633333333
2025-10-17 00:00:57.107,,,,,,,,,,,,,,,13.0157683333333,77.5656633333333
2025-10-17 00:00:57.158,,41.5686274509804,,,,,,,,,,,,,13.0157683333333,77.5656633333333
2025-10-17 00:00:57.207,,,,,1.334592760181,,,,,,,,,,13.0157683333333,77.5656633333333
2025-10-17 00:00:57.207,,,,,,,,,,,,,,,13.0157683333333,77.5656633333333
2025-10-17 00:00:57.207,,,,,,,,,,,,,,,13.0157683333333,77.5656633333333
2025-10-17 00:00:57.207,,,,,,,,,,,,,,,13.0157683333333,77.5656633333333
2025-10-17 00:00:57.207,,,,,,,,,,,,,,,13.0157683333333,77.5656633333333
2025-10-17 00:00:57.207,,,,,,,,,,,,,,,13.0157683333333,77.5656633333333
2025-10-17 00:00:57.207,,,,11.13,,,,,,,,,,,13.0157683333333,77.5656633333333
2025-10-17 00:00:57.207,,,,,,,,,13.356,,,,,,13.0157683333333,77.5656633333333
2025-10-17 00:00:57.261,,,,,,,,,,,,,,,13.0157683333333,77.5656633333333
2025-10-17 00:00:57.261,,,,,,,,,,,,,,,13.0157683333333,77.5656633333333
2025-10-17 00:00:57.261,,,,,,,,,,,,,,,13.0157683333333,77.5656633333333
2025-10-17 00:00:57.261,,,,,,,,,,,,,,,13.0157683333333,77.5656633333333
2025-10-17 00:00:57.261,,,,,,,,,,,,,,,13.0157683333333,77.5656633333333
2025-10-17 00:00:57.315,,,,,,,,,,,,,,,13.0157683333333,77.5656633333333
2025-10-17 00:00:57.315,,,13.343471896644,,,,,,,,,,,,13.0157683333333,77.5656633333333
2025-10-17 00:00:57.366,,,,,,,,,,,13.05339642063,,,,13.0157683333333,77.5656633333333
2025-10-17 00:00:57.425,,,,,,,,,,,,,,,13.0157683333333,77.5656633333333
2025-10-17 00:00:57.473,,,,,,,,,,,,,,,13.0157683333333,77.5656633333333
2025-10-17 00:00:57.523,,41.5686274509804,,,,,,,,,,,,,13.0157683333333,77.5656633333333
2025-10-17 00:00:57.571,,,,,1.34538461538462,,,,,,,,,,13.0157683333333,77.5656633333333
2025-10-17 00:00:57.571,,,,,,,,,,,,,,,13.0157683333333,77.5656633333333
2025-10-17 00:00:57.571,,,,,,,,,,,,,,,13.0157683333333,77.5656633333333
2025-10-17 00:00:57.571,,,,,,,,,,,,,,,13.0157683333333,77.5656633333333
2025-10-17 00:00:57.571,,,,,,,,,,,,,,,13.0157683333333,77.5656633333333
2025-10-17 00:00:57.571,,,,,,,,,,,,,,,13.0157683333333,77.5656633333333
2025-10-17 00:00:57.571,,,,11.22,,,,,,,,,,,13.0157683333333,77.5656633333333
2025-10-17 00:00:57.571,,,,,,,,,13.464,,,,,,13.0157683333333,77.5656633333333
2025-10-17 00:00:57.574,,,,,,,,,,,,,,,13.0157683333333,77.5656633333333
2025-10-17 00:00:57.574,,,,,,,,,,,,,,,13.0157683333333,77.5656633333333
2025-10-17 00:00:57.574,,,,,,,0.0,,,,,,,,13.0157683333333,77.5656633333333
2025-10-17 00:00:57.581,,,,,,,,,,,,,,,13.0157683333333,77.5656766666667
2025-10-17 00:00:57.582,,,,,,,,,,,,,,,13.0157683333333,77.5656766666667
2025-10-17 00:00:57.582,,,,,,,,,,,,,,,13.0157683333333,77.5656766666667
2025-10-17 00:00:57.582,,,,,,,0.0,,,,,,,,13.0157683333333,77.5656766666667
2025-10-17 00:00:57.590,,,,,,,,,,,,,,,13.0157683333333,77.5656766666667
2025-10-17 00:00:57.590,,,,,,,,,,,,,,,13.0157683333333,77.5656766666667
2025-10-17 00:00:57.590,,,,,,,0.0,,,,,,,,13.0157683333333,77.5656766666667
2025-10-17 00:00:57.594,,,,,,,,,,,,,,,13.0157683333333,77.5656766666667
2025-10-17 00:00:57.594,,,,,,,,,,,,,,,13.0157683333333,77.5656766666667
2025-10-17 00:00:57.594,,,,,,,0.0,,,,,,,,13.0157683333333,77.5656766666667
2025-10-17 00:00:57.622,,,,,,,,,,,,,,,13.0157683333333,77.5656766666667
2025-10-17 00:00:57.622,,,,,,,,,,,,,,,13.0157683333333,77.5656766666667
2025-10-17 00:00:57.622,,,,,,,,,,,,,,,13.0157683333333,77.5656766666667
2025-10-17 00:00:57.622,,,,,,,,,,,,,,,13.0157683333333,77.5656766666667
2025-10-17 00:00:57.622,,,,,,,,,,,,,,,13.0157683333333,77.5656766666667
2025-10-17 00:00:57.671,,,,,,,,,,,,,,,13.0157683333333,77.5656766666667
2025-10-17 00:00:57.671,,,13.488509634651,,,,,,,,,,,,13.0157683333333,77.5656766666667
2025-10-17 00:00:57.734,,,,,,,,,,,13.05339642063,,,,13.0157683333333,77.5656766666667
2025-10-17 00:00:57.785,,,,,,,,,,,,,,,13.0157683333333,77.5656766666667
2025-10-17 00:00:57.836,,,,,,,,,,,,,,,13.0157683333333,77.5656766666667
2025-10-17 00:00:57.887,,41.1764705882353,,,,,,,,,,,,,13.0157683333333,77.5656766666667
2025-10-17 00:00:57.937,,,,,1.33269230769231,,,,,,,,,,13.0157683333333,77.5656766666667
2025-10-17 00:00:57.937,,,,,,,,,,,,,,,13.0157683333333,77.5656766666667
2025-10-17 00:00:57.937,,,,,,,,,,,,,,,13.0157683333333,77.5656766666667
2025-10-17 00:00:57.937,,,,,,,,,,,,,,,13.0157683333333,77.5656766666667
2025-10-17 00:00:57.937,,,,,,,,,,,,,,,13.0157683333333,77.5656766666667
2025-10-17 00:00:57.937,,,,,,,,,,,,,,,13.0157683333333,77.5656766666667
2025-10-17 00:00:57.937,,,,11.22,,,,,,,,,,,13.0157683333333,77.5656766666667
2025-10-17 00:00:57.937,,,,,,,,,13.464,,,,,,13.0157683333333,77.5656766666667
2025-10-17 00:00:57.991,,,,,,,,,,,,,,,13.0157683333333,77.5656766666667
2025-10-17 00:00:57.991,,,,,,,,,,,,,,,13.0157683333333,77.5656766666667
2025-10-17 00:00:57.991,,,,,,,,,,,,,,,13.0157683333333,77.5656766666667
2025-10-17 00:00:57.991,,,,,,,,,,,,,,,13.0157683333333,77.5656766666667
2025-10-17 00:00:57.991,,,,,,,,,,,,,,,13.0157683333333,77.5656766666667
2025-10-17 00:00:58.042,,,,,,,,,,,,,,,13.0157683333333,77.5656766666667
2025-10-17 00:00:58.042,,,13.488509634651,,,,,,,,,,,,13.0157683333333,77.5656766666667
2025-10-17 00:00:58.092,,,,,,,,,,,13.05339642063,,,,13.0157683333333,77.5656766666667
2025-10-17 00:00:58.144,,,,,,,,,,,,,,,13.0157683333333,77.5656766666667
2025-10-17 00:00:58.194,,,,,,,,,,,,,,,13.0157683333333,77.5656766666667
2025-10-17 00:00:58.241,,41.1764705882353,,,,,,,,,,,,,13.0157683333333,77.5656766666667
2025-10-17 00:00:58.258,,,,,,,,,,,,,,,13.0157683333333,77.5656766666667
2025-10-17 00:00:58.258,,,,,,,,,,,,,,,13.0157683333333,77.5656766666667
2025-10-17 00:00:58.258,,,,,,,0.0,,,,,,,,13.0157683333333,77.5656766666667
2025-10-17 00:00:58.263,,,,,,,,,,,,,,,13.0158617,77.5656665
2025-10-17 00:00:58.266,,,,,,,,,,,,,,,13.0158617,77.5656665
2025-10-17 00:00:58.266,,,,,,,,,,,,,,,13.0158617,77.5656665
2025-10-17 00:00:58.266,,,,,,,0.0,,,,,,,,13.0158617,77.5656665
2025-10-17 00:00:58.267,,,,,,,,,,,,,,,13.0158617,77.5656665
2025-10-17 00:00:58.267,,,,,,,,,,,,,,,13.0158617,77.5656665
2025-10-17 00:00:58.267,,,,,,,0.0,,,,,,,,13.0158617,77.5656665
2025-10-17 00:00:58.290,,,,,1.32556561085973,,,,,,,,,,13.0158617,77.5656665
2025-10-17 00:00:58.290,,,,,,,,,,,,,,,13.0158617,77.5656665
2025-10-17 00:00:58.290,,,,,,,,,,,,,,,13.0158617,77.5656665
2025-10-17 00:00:58.290,,,,,,,,,,,,,,,13.0158617,77.5656665
2025-10-17 00:00:58.290,,,,,,,,,,,,,,,13.0158617,77.5656665
2025-10-17 00:00:58.290,,,,,,,,,,,,,,,13.0158617,77.5656665
2025-10-17 00:00:58.290,,,,11.16,,,,,,,,,,,13.0158617,77.5656665
2025-10-17 00:00:58.290,,,,,,,,,13.392,,,,,,13.0158617,77.5656665
2025-10-17 00:00:58.341,,,,,,,,,,,,,,,13.0158617,77.5656665
2025-10-17 00:00:58.341,,,,,,,,,,,,,,,13.0158617,77.5656665
2025-10-17 00:00:58.341,,,,,,,,,,,,,,,13.0158617,77.5656665
2025-10-17 00:00:58.341,,,,,,,,,,,,,,,13.0158617,77.5656665
2025-10-17 00:00:58.341,,,,,,,,,,,,,,,13.0158617,77.5656665
2025-10-17 00:00:58.393,,,,,,,,,,,,,,,13.0158617,77.5656665
2025-10-17 00:00:58.393,,,13.488509634651,,,,,,,,,,,,13.0158617,77.5656665
2025-10-17 00:00:58.443,,,,,,,,,,,13.05339642063,,,,13.0158617,77.5656665
2025-10-17 00:00:58.500,,,,,,,,,,,,,,,13.0158617,77.5656665
2025-10-17 00:00:58.561,,,,,,,,,,,,,,,13.0158617,77.5656665
2025-10-17 00:00:58.564,,,,,,,,,,,,,,,13.0158617,77.5656665
2025-10-17 00:00:58.564,,,,,,,,,,,,,,,13.0158617,77.5656665
2025-10-17 00:00:58.564,,,,,,,0.242743000388145,,,,,,,,13.0158617,77.5656665
2025-10-17 00:00:58.612,,41.1764705882353,,,,,,,,,,,,,13.0158617,77.5656665
2025-10-17 00:00:58.659,,,,,1.32912895927602,,,,,,,,,,13.0158617,77.5656665
2025-10-17 00:00:58.659,,,,,,,,,,,,,,,13.0158617,77.5656665
2025-10-17 00:00:58.659,,,,,,,,,,,,,,,13.0158617,77.5656665
2025-10-17 00:00:58.659,,,,,,,,,,,,,,,13.0158617,77.5656665
2025-10-17 00:00:58.659,,,,,,,,,,,,,,,13.0158617,77.5656665
2025-10-17 00:00:58.659,,,,,,,,,,,,,,,13.0158617,77.5656665
2025-10-17 00:00:58.659,,,,11.19,,,,,,,,,,,13.0158617,77.5656665
2025-10-17 00:00:58.659,,,,,,,,,13.428,,,,,,13.0158617,77.5656665
2025-10-17 00:00:58.712,,,,,,,,,,,,,,,13.0158617,77.5656665
2025-10-17 00:00:58.712,,,,,,,,,,,,,,,13.0158617,77.5656665
2025-10-17 00:00:58.712,,,,,,,,,,,,,,,13.0158617,77.5656665
2025-10-17 00:00:58.712,,,,,,,,,,,,,,,13.0158617,77.5656665
2025-10-17 00:00:58.712,,,,,,,,,,,,,,,13.0158617,77.5656665
2025-10-17 00:00:58.766,,,,,,,,,,,,,,,13.0158617,77.5656665
2025-10-17 00:00:58.766,,,13.488509634651,,,,,,,,,,,,13.0158617,77.5656665
2025-10-17 00:00:58.767,,,,,,,,,,,,,,,13.0158617,77.5656665
2025-10-17 00:00:58.767,,,,,,,,,,,,,,,13.0158617,77.5656665
2025-10-17 00:00:58.767,,,,,,,0.0,,,,,,,,13.0158617,77.5656665
2025-10-17 00:00:58.822,,,,,,,,,,,13.05339642063,,,,13.0158617,77.5656665
2025-10-17 00:00:58.869,,,,,,,,,,,,,,,13.0158617,77.5656665
2025-10-17 00:00:58.929,,,,,,,,,,,,,,,13.0158617,77.5656665
2025-10-17 00:00:58.982,,40.7843137254902,,,,,,,,,,,,,13.0158617,77.5656665
2025-10-17 00:00:59.056,,,,,1.33294117647059,,,,,,,,,,13.0158617,77.5656665
2025-10-17 00:00:59.056,,,,,,,,,,,,,,,13.0158617,77.5656665
2025-10-17 00:00:59.056,,,,,,,,,,,,,,,13.0158617,77.5656665
2025-10-17 00:00:59.056,,,,,,,,,,,,,,,13.0158617,77.5656665
2025-10-17 00:00:59.056,,,,,,,,,,,,,,,13.0158617,77.5656665
2025-10-17 00:00:59.056,,,,,,,,,,,,,,,13.0158617,77.5656665
2025-10-17 00:00:59.056,,,,11.33,,,,,,,,,,,13.0158617,77.5656665
2025-10-17 00:00:59.056,,,,,,,,,13.596,,,,,,13.0158617,77.5656665
2025-10-17 00:00:59.108,,,,,,,,,,,,,,,13.0158617,77.5656665
2025-10-17 00:00:59.108,,,,,,,,,,,,,,,13.0158617,77.5656665
2025-10-17 00:00:59.108,,,,,,,,,,,,,,,13.0158617,77.5656665
2025-10-17 00:00:59.108,,,,,,,,,,,,,,,13.0158617,77.5656665
2025-10-17 00:00:59.108,,,,,,,,,,,,,,,13.0158617,77.5656665
2025-10-17 00:00:59.156,,,,,,,,,,,,,,,13.0158617,77.5656665
2025-10-17 00:00:59.156,,,13.488509634651,,,,,,,,,,,,13.0158617,77.5656665
2025-10-17 00:00:59.216,,,,,,,,,,,13.05339642063,,,,13.0158617,77.5656665
2025-10-17 00:00:59.266,,,,,,,,,,,,,,,13.0158617,77.5656665
2025-10-17 00:00:59.312,,,,,,,,,,,,,,,13.0158617,77.5656665
2025-10-17 00:00:59.358,,41.1764705882353,,,,,,,,,,,,,13.0158617,77.5656665
2025-10-17 00:00:59.408,,,,,1.32912895927602,,,,,,,,,,13.0158617,77.5656665
2025-10-17 00:00:59.408,,,,,,,,,,,,,,,13.0158617,77.5656665
2025-10-17 00:00:59.408,,,,,,,,,,,,,,,13.0158617,77.5656665
2025-10-17 00:00:59.408,,,,,,,,,,,,,,,13.0158617,77.5656665
2025-10-17 00:00:59.408,,,,,,,,,,,,,,,13.0158617,77.5656665
2025-10-17 00:00:59.408,,,,,,,,,,,,,,,13.0158617,77.5656665
2025-10-17 00:00:59.408,,,,11.19,,,,,,,,,,,13.0158617,77.5656665
2025-10-17 00:00:59.408,,,,,,,,,13.428,,,,,,13.0158617,77.5656665
2025-10-17 00:00:59.458,,,,,,,,,,,,,,,13.0158617,77.5656665
2025-10-17 00:00:59.458,,,,,,,,,,,,,,,13.0158617,77.5656665
2025-10-17 00:00:59.458,,,,,,,,,,,,,,,13.0158617,77.5656665
2025-10-17 00:00:59.458,,,,,,,,,,,,,,,13.0158617,77.5656665
2025-10-17 00:00:59.458,,,,,,,,,,,,,,,13.0158617,77.5656665
2025-10-17 00:00:59.509,,,,,,,,,,,,,,,13.0158617,77.5656665
2025-10-17 00:00:59.509,,,13.488509634651,,,,,,,,,,,,13.0158617,77.5656665
2025-10-17 00:00:59.566,,,,,,,,,,,13.05339642063,,,,13.0158617,77.5656665
2025-10-17 00:00:59.585,,,,,,,,,,,,,,,13.0158617,77.5656665
2025-10-17 00:00:59.585,,,,,,,,,,,,,,,13.0158617,77.5656665
2025-10-17 00:00:59.585,,,,,,,0.211241997778416,,,,,,,,13.0158617,77.5656665
2025-10-17 00:00:59.586,,,,,,,,,,,,,,,13.0158617,77.5656665
2025-10-17 00:00:59.586,,,,,,,,,,,,,,,13.0158617,77.5656665
2025-10-17 00:00:59.586,,,,,,,0.211241997778416,,,,,,,,13.0158617,77.5656665
2025-10-17 00:00:59.601,,,,,,,,,,,,,,,13.0158617,77.5656665
2025-10-17 00:00:59.601,,,,,,,,,,,,,,,13.0158617,77.5656665
2025-10-17 00:00:59.601,,,,,,,0.211241997778416,,,,,,,,13.0158617,77.5656665
2025-10-17 00:00:59.614,,,,,,,,,,,,,,,13.0158617,77.5656665
2025-10-17 00:00:59.663,,,,,,,,,,,,,,,13.0158617,77.5656665
2025-10-17 00:00:59.712,,,,,,,,,,,,,,,13.0158617,77.5656665
2025-10-17 00:00:59.712,,,,,,,,,,,,,,,13.0158617,77.5656665
2025-10-17 00:00:59.712,,,,,,,0.0,,,,,,,,13.0158617,77.5656665
2025-10-17 00:00:59.713,,41.1764705882353,,,,,,,,,,,,,13.0158617,77.5656665
2025-10-17 00:00:59.761,,,,,1.33269230769231,,,,,,,,,,13.0158617,77.5656665
2025-10-17 00:00:59.761,,,,,,,,,,,,,,,13.0158617,77.5656665
2025-10-17 00:00:59.761,,,,,,,,,,,,,,,13.0158617,77.5656665
2025-10-17 00:00:59.761,,,,,,,,,,,,,,,13.0158617,77.5656665
2025-10-17 00:00:59.761,,,,,,,,,,,,,,,13.0158617,77.5656665
2025-10-17 00:00:59.761,,,,,,,,,,,,,,,13.0158617,77.5656665
2025-10-17 00:00:59.761,,,,11.22,,,,,,,,,,,13.0158617,77.5656665
2025-10-17 00:00:59.761,,,,,,,,,13.464,,,,,,13.0158617,77.5656665
2025-10-17 00:00:59.812,,,,,,,,,,,,,,,13.0158617,77.5656665
2025-10-17 00:00:59.812,,,,,,,,,,,,,,,13.0158617,77.5656665
2025-10-17 00:00:59.812,,,,,,,,,,,,,,,13.0158617,77.5656665
2025-10-17 00:00:59.812,,,,,,,,,,,,,,,13.0158617,77.5656665
2025-10-17 00:00:59.812,,,,,,,,,,,,,,,13.0158617,77.5656665
2025-10-17 00:00:59.865,,,,,,,,,,,,,,,13.0158617,77.5656665
2025-10-17 00:00:59.865,,,13.488509634651,,,,,,,,,,,,13.0158617,77.5656665
2025-10-17 00:00:59.923,,,,,,,,,,,13.05339642063,,,,13.0158617,77.5656665
2025-10-17 00:00:59.975,,,,,,,,,,,,,,,13.0158617,77.5656665
2025-10-17 00:01:00.024,,,,,,,,,,,,,,,13.0158617,77.5656665
2025-10-17 00:01:00.075,,40.7843137254902,,,,,,,,,,,,,13.0158617,77.5656665
2025-10-17 00:01:00.139,,,,,1.32588235294118,,,,,,,,,,13.0158617,77.5656665
2025-10-17 00:01:00.139,,,,,,,,,,,,,,,13.0158617,77.5656665
2025-10-17 00:01:00.139,,,,,,,,,,,,,,,13.0158617,77.5656665
2025-10-17 00:01:00.139,,,,,,,,,,,,,,,13.0158617,77.5656665
2025-10-17 00:01:00.139,,,,,,,,,,,,,,,13.0158617,77.5656665
2025-10-17 00:01:00.139,,,,,,,,,,,,,,,13.0158617,77.5656665
2025-10-17 00:01:00.139,,,,11.27,,,,,,,,,,,13.0158617,77.5656665
2025-10-17 00:01:00.139,,,,,,,,,13.524,,,,,,13.0158617,77.5656665
2025-10-17 00:01:00.192,,,,,,,,,,,,,,,13.0158617,77.5656665
2025-10-17 00:01:00.192,,,,,,,,,,,,,,,13.0158617,77.5656665
2025-10-17 00:01:00.192,,,,,,,,,,,,,,,13.0158617,77.5656665
2025-10-17 00:01:00.192,,,,,,,,,,,,,,,13.0158617,77.5656665
2025-10-17 00:01:00.192,,,,,,,,,,,,,,,13.0158617,77.5656665
2025-10-17 00:01:00.244,,,,,,,,,,,,,,,13.0158617,77.5656665
2025-10-17 00:01:00.244,,,13.488509634651,,,,,,,,,,,,13.0158617,77.5656665
2025-10-17 00:01:00.296,,,,,,,,,,,13.05339642063,,,,13.0158617,77.5656665
2025-10-17 00:01:00.346,,,,,,,,,,,,,,,13.0158617,77.5656665
2025-10-17 00:01:00.398,,,,,,,,,,,,,,,13.0158617,77.5656665
2025-10-17 00:01:00.446,,40.7843137254902,,,,,,,,,,,,,13.0158617,77.5656665
2025-10-17 00:01:00.494,,,,,1.32588235294118,,,,,,,,,,13.0158617,77.5656665
2025-10-17 00:01:00.494,,,,,,,,,,,,,,,13.0158617,77.5656665
2025-10-17 00:01:00.494,,,,,,,,,,,,,,,13.0158617,77.5656665
2025-10-17 00:01:00.494,,,,,,,,,,,,,,,13.0158617,77.5656665
2025-10-17 00:01:00.494,,,,,,,,,,,,,,,13.0158617,77.5656665
2025-10-17 00:01:00.494,,,,,,,,,,,,,,,13.0158617,77.5656665
2025-10-17 00:01:00.494,,,,11.27,,,,,,,,,,,13.0158617,77.5656665
2025-10-17 00:01:00.494,,,,,,,,,13.524,,,,,,13.0158617,77.5656665
2025-10-17 00:01:00.550,,,,,,,,,,,,,,,13.0158617,77.5656665
2025-10-17 00:01:00.550,,,,,,,,,,,,,,,13.0158617,77.5656665
2025-10-17 00:01:00.550,,,,,,,,,,,,,,,13.0158617,77.5656665
2025-10-17 00:01:00.550,,,,,,,,,,,,,,,13.0158617,77.5656665
2025-10-17 00:01:00.550,,,,,,,,,,,,,,,13.0158617,77.5656665
2025-10-17 00:01:00.599,,,,,,,,,,,,,,,13.0158617,77.5656665
2025-10-17 00:01:00.599,,,13.488509634651,,,,,,,,,,,,13.0158617,77.5656665
2025-10-17 00:01:00.604,,,,,,,,,,,,,,,13.0158617,77.5656665
2025-10-17 00:01:00.604,,,,,,,,,,,,,,,13.0158617,77.5656665
2025-10-17 00:01:00.604,,,,,,,0.148240005970001,,,,,,,,13.0158617,77.5656665
2025-10-17 00:01:00.612,,,,,,,,,,,,,,,13.0158617,77.5656665
2025-10-17 00:01:00.612,,,,,,,,,,,,,,,13.0158617,77.5656665
2025-10-17 00:01:00.612,,,,,,,0.0,,,,,,,,13.0158617,77.5656665
2025-10-17 00:01:00.614,,,,,,,,,,,,,,,13.0158617,77.5656665
2025-10-17 00:01:00.614,,,,,,,,,,,,,,,13.0158617,77.5656665
2025-10-17 00:01:00.614,,,,,,,0.148240005970001,,,,,,,,13.0158617,77.5656665
2025-10-17 00:01:00.649,,,,,,,,,,,13.05339642063,,,,13.0158617,77.5656665
2025-10-17 00:01:00.699,,,,,,,,,,,,,,,13.0158617,77.5656665
2025-10-17 00:01:00.744,,,,,,,,,,,,,,,13.0158617,77.5656665
2025-10-17 00:01:00.744,,,,,,,,,,,,,,,13.0158617,77.5656665
2025-10-17 00:01:00.744,,,,,,,0.0,,,,,,,,13.0158617,77.5656665
2025-10-17 00:01:00.746,,,,,,,,,,,,,,,13.0158617,77.5656665
2025-10-17 00:01:00.791,,40.7843137254902,,,,,,,,,,,,,13.0158617,77.5656665
2025-10-17 00:01:00.836,,,,,1.32,,,,,,,,,,13.0158617,77.5656665
2025-10-17 00:01:00.836,,,,,,,,,,,,,,,13.0158617,77.5656665
2025-10-17 00:01:00.836,,,,,,,,,,,,,,,13.0158617,77.5656665
2025-10-17 00:01:00.836,,,,,,,,,,,,,,,13.0158617,77.5656665
2025-10-17 00:01:00.836,,,,,,,,,,,,,,,13.0158617,77.5656665
2025-10-17 00:01:00.836,,,,,,,,,,,,,,,13.0158617,77.5656665
2025-10-17 00:01:00.836,,,,11.22,,,,,,,,,,,13.0158617,77.5656665
2025-10-17 00:01:00.836,,,,,,,,,13.464,,,,,,13.0158617,77.5656665
2025-10-17 00:01:00.884,,,,,,,,,,,,,,,13.0158617,77.5656665
2025-10-17 00:01:00.884,,,,,,,,,,,,,,,13.0158617,77.5656665
2025-10-17 00:01:00.884,,,,,,,,,,,,,,,13.0158617,77.5656665
2025-10-17 00:01:00.884,,,,,,,,,,,,,,,13.0158617,77.5656665
2025-10-17 00:01:00.884,,,,,,,,,,,,,,,13.0158617,77.5656665
2025-10-17 00:01:00.931,,,,,,,,,,,,,,,13.0158617,77.5656665
2025-10-17 00:01:00.931,,,13.488509634651,,,,,,,,,,,,13.0158617,77.5656665
2025-10-17 00:01:00.977,,,,,,,,,,,13.05339642063,,,,13.0158617,77.5656665
2025-10-17 00:01:01.044,,,,,,,,,,,,,,,13.0158617,77.5656665
2025-10-17 00:01:01.093,,,,,,,,,,,,,,,13.0158617,77.5656665
2025-10-17 00:01:01.144,,41.1764705882353,,,,,,,,,,,,,13.0158617,77.5656665
2025-10-17 00:01:01.196,,,,,1.33269230769231,,,,,,,,,,13.0158617,77.5656665
2025-10-17 00:01:01.196,,,,,,,,,,,,,,,13.0158617,77.5656665
2025-10-17 00:01:01.196,,,,,,,,,,,,,,,13.0158617,77.5656665
2025-10-17 00:01:01.196,,,,,,,,,,,,,,,13.0158617,77.5656665
2025-10-17 00:01:01.196,,,,,,,,,,,,,,,13.0158617,77.5656665
2025-10-17 00:01:01.196,,,,,,,,,,,,,,,13.0158617,77.5656665
2025-10-17 00:01:01.196,,,,11.22,,,,,,,,,,,13.0158617,77.5656665
2025-10-17 00:01:01.196,,,,,,,,,13.464,,,,,,13.0158617,77.5656665
2025-10-17 00:01:01.250,,,,,,,,,,,,,,,13.0158617,77.5656665
2025-10-17 00:01:01.250,,,,,,,,,,,,,,,13.0158617,77.5656665
2025-10-17 00:01:01.250,,,,,,,,,,,,,,,13.0158617,77.5656665
2025-10-17 00:01:01.250,,,,,,,,,,,,,,,13.0158617,77.5656665
2025-10-17 00:01:01.250,,,,,,,,,,,,,,,13.0158617,77.5656665
2025-10-17 00:01:01.303,,,,,,,,,,,,,,,13.0158617,77.5656665
2025-10-17 00:01:01.303,,,13.488509634651,,,,,,,,,,,,13.0158617,77.5656665
2025-10-17 00:01:01.352,,,,,,,,,,,13.05339642063,,,,13.0158617,77.5656665
2025-10-17 00:01:01.401,,,,,,,,,,,,,,,13.0158617,77.5656665
2025-10-17 00:01:01.451,,,,,,,,,,,,,,,13.0158617,77.5656665
2025-10-17 00:01:01.530,,40.0,,,,,,,,,,,,,13.0158617,77.5656665
2025-10-17 00:01:01.577,,,,,1.31653846153846,,,,,,,,,,13.0158617,77.5656665
2025-10-17 00:01:01.577,,,,,,,,,,,,,,,13.0158617,77.5656665
2025-10-17 00:01:01.577,,,,,,,,,,,,,,,13.0158617,77.5656665
2025-10-17 00:01:01.577,,,,,,,,,,,,,,,13.0158617,77.5656665
2025-10-17 00:01:01.577,,,,,,,,,,,,,,,13.0158617,77.5656665
2025-10-17 00:01:01.577,,,,,,,,,,,,,,,13.0158617,77.5656665
2025-10-17 00:01:01.577,,,,11.41,,,,,,,,,,,13.0158617,77.5656665
2025-10-17 00:01:01.577,,,,,,,,,13.692,,,,,,13.0158617,77.5656665
2025-10-17 00:01:01.598,,,,,,,,,,,,,,,13.015785,77.5656816666667
2025-10-17 00:01:01.598,,,,,,,0.263125991821289,,,,,,,,13.015785,77.5656816666667
2025-10-17 00:01:01.599,,,,,,,,,,,,,,,13.015785,77.5656816666667
2025-10-17 00:01:01.601,,,,,,,,,,,,,,,13.015785,77.5656816666667
2025-10-17 00:01:01.601,,,,,,,,,,,,,,,13.015785,77.5656816666667
2025-10-17 00:01:01.601,,,,,,,0.263125991821289,,,,,,,,13.015785,77.5656816666667
2025-10-17 00:01:01.614,,,,,,,,,,,,,,,13.015785,77.5656816666667
2025-10-17 00:01:01.615,,,,,,,,,,,,,,,13.015785,77.5656816666667
2025-10-17 00:01:01.615,,,,,,,0.0,,,,,,,,13.015785,77.5656816666667
2025-10-17 00:01:01.616,,,,,,,,,,,,,,,13.015785,77.5656816666667
2025-10-17 00:01:01.616,,,,,,,,,,,,,,,13.015785,77.5656816666667
2025-10-17 00:01:01.616,,,,,,,0.263125991821289,,,,,,,,13.015785,77.5656816666667
2025-10-17 00:01:01.655,,,,,,,,,,,,,,,13.015785,77.5656816666667
2025-10-17 00:01:01.655,,,,,,,,,,,,,,,13.015785,77.5656816666667
2025-10-17 00:01:01.655,,,,,,,,,,,,,,,13.015785,77.5656816666667
2025-10-17 00:01:01.655,,,,,,,,,,,,,,,13.015785,77.5656816666667
2025-10-17 00:01:01.655,,,,,,,,,,,,,,,13.015785,77.5656816666667
2025-10-17 00:01:01.703,,,,,,,,,,,,,,,13.015785,77.5656816666667
2025-10-17 00:01:01.703,,,13.488509634651,,,,,,,,,,,,13.015785,77.5656816666667
2025-10-17 00:01:01.732,,,,,,,,,,,,,,,13.015785,77.5656816666667
2025-10-17 00:01:01.732,,,,,,,,,,,,,,,13.015785,77.5656816666667
2025-10-17 00:01:01.732,,,,,,,0.0,,,,,,,,13.015785,77.5656816666667
2025-10-17 00:01:01.748,,,,,,,,,,,13.05339642063,,,,13.015785,77.5656816666667
2025-10-17 00:01:01.808,,,,,,,,,,,,,,,13.015785,77.5656816666667
2025-10-17 00:01:01.857,,,,,,,,,,,,,,,13.015785,77.5656816666667
2025-10-17 00:01:01.921,,40.3921568627451,,,,,,,,,,,,,13.015785,77.5656816666667
2025-10-17 00:01:01.963,,,,,1.32012443438914,,,,,,,,,,13.015785,77.5656816666667
2025-10-17 00:01:01.963,,,,,,,,,,,,,,,13.015785,77.5656816666667
2025-10-17 00:01:01.963,,,,,,,,,,,,,,,13.015785,77.5656816666667
2025-10-17 00:01:01.963,,,,,,,,,,,,,,,13.015785,77.5656816666667
2025-10-17 00:01:01.963,,,,,,,,,,,,,,,13.015785,77.5656816666667
2025-10-17 00:01:01.963,,,,,,,,,,,,,,,13.015785,77.5656816666667
2025-10-17 00:01:01.963,,,,11.33,,,,,,,,,,,13.015785,77.5656816666667
2025-10-17 00:01:01.963,,,,,,,,,13.596,,,,,,13.015785,77.5656816666667
2025-10-17 00:01:02.043,,,,,,,,,,,,,,,13.015785,77.5656816666667
2025-10-17 00:01:02.043,,,,,,,,,,,,,,,13.015785,77.5656816666667
2025-10-17 00:01:02.043,,,,,,,,,,,,,,,13.015785,77.5656816666667
2025-10-17 00:01:02.043,,,,,,,,,,,,,,,13.015785,77.5656816666667
2025-10-17 00:01:02.043,,,,,,,,,,,,,,,13.015785,77.5656816666667
2025-10-17 00:01:02.104,,,,,,,,,,,,,,,13.015785,77.5656816666667
2025-10-17 00:01:02.104,,,13.488509634651,,,,,,,,,,,,13.015785,77.5656816666667
2025-10-17 00:01:02.166,,,,,,,,,,,13.05339642063,,,,13.015785,77.5656816666667
2025-10-17 00:01:02.215,,,,,,,,,,,,,,,13.015785,77.5656816666667
2025-10-17 00:01:02.266,,,,,,,,,,,,,,,13.015785,77.5656816666667
2025-10-17 00:01:02.318,,40.3921568627451,,,,,,,,,,,,,13.015785,77.5656816666667
2025-10-17 00:01:02.367,,,,,1.3131334841629,,,,,,,,,,13.015785,77.5656816666667
2025-10-17 00:01:02.367,,,,,,,,,,,,,,,13.015785,77.5656816666667
2025-10-17 00:01:02.367,,,,,,,,,,,,,,,13.015785,77.5656816666667
2025-10-17 00:01:02.367,,,,,,,,,,,,,,,13.015785,77.5656816666667
2025-10-17 00:01:02.367,,,,,,,,,,,,,,,13.015785,77.5656816666667
2025-10-17 00:01:02.367,,,,,,,,,,,,,,,13.015785,77.5656816666667
2025-10-17 00:01:02.367,,,,11.27,,,,,,,,,,,13.015785,77.5656816666667
2025-10-17 00:01:02.367,,,,,,,,,13.524,,,,,,13.015785,77.5656816666667
2025-10-17 00:01:02.422,,,,,,,,,,,,,,,13.015785,77.5656816666667
2025-10-17 00:01:02.422,,,,,,,,,,,,,,,13.015785,77.5656816666667
2025-10-17 00:01:02.422,,,,,,,,,,,,,,,13.015785,77.5656816666667
2025-10-17 00:01:02.422,,,,,,,,,,,,,,,13.015785,77.5656816666667
2025-10-17 00:01:02.422,,,,,,,,,,,,,,,13.015785,77.5656816666667
2025-10-17 00:01:02.472,,,,,,,,,,,,,,,13.015785,77.5656816666667
2025-10-17 00:01:02.472,,,13.488509634651,,,,,,,,,,,,13.015785,77.5656816666667
2025-10-17 00:01:02.522,,,,,,,,,,,13.05339642063,,,,13.015785,77.5656816666667
2025-10-17 00:01:02.569,,,,,,,,,,,,,,,13.015785,77.5656816666667
2025-10-17 00:01:02.587,,,,,,,,,,,,,,,13.01579,77.56568
2025-10-17 00:01:02.587,,,,,,,0.544782024621964,,,,,,,,13.01579,77.56568
2025-10-17 00:01:02.588,,,,,,,,,,,,,,,13.01579,77.56568
2025-10-17 00:01:02.592,,,,,,,,,,,,,,,13.01579,77.56568
2025-10-17 00:01:02.592,,,,,,,,,,,,,,,13.01579,77.56568
2025-10-17 00:01:02.592,,,,,,,0.544782024621964,,,,,,,,13.01579,77.56568
2025-10-17 00:01:02.593,,,,,,,,,,,,,,,13.01579,77.56568
2025-10-17 00:01:02.593,,,,,,,,,,,,,,,13.01579,77.56568
2025-10-17 00:01:02.593,,,,,,,0.544782024621964,,,,,,,,13.01579,77.56568
2025-10-17 00:01:02.606,,,,,,,,,,,,,,,13.01579,77.56568
2025-10-17 00:01:02.606,,,,,,,,,,,,,,,13.01579,77.56568
2025-10-17 00:01:02.606,,,,,,,0.0,,,,,,,,13.01579,77.56568
2025-10-17 00:01:02.609,,,,,,,,,,,,,,,13.01579,77.56568
2025-10-17 00:01:02.609,,,,,,,,,,,,,,,13.01579,77.56568
2025-10-17 00:01:02.609,,,,,,,0.544782024621964,,,,,,,,13.01579,77.56568
2025-10-17 00:01:02.610,,,,,,,,,,,,,,,13.01579,77.56568
2025-10-17 00:01:02.610,,,,,,,,,,,,,,,13.01579,77.56568
2025-10-17 00:01:02.610,,,,,,,0.544782024621964,,,,,,,,13.01579,77.56568
2025-10-17 00:01:02.617,,,,,,,,,,,,,,,13.01579,77.56568
2025-10-17 00:01:02.667,,40.3921568627451,,,,,,,,,,,,,13.01579,77.56568
2025-10-17 00:01:02.790,,,,,1.30963800904977,,,,,,,,,,13.01579,77.56568
2025-10-17 00:01:02.790,,,,,,,,,,,,,,,13.01579,77.56568
2025-10-17 00:01:02.790,,,,,,,,,,,,,,,13.01579,77.56568
2025-10-17 00:01:02.790,,,,,,,,,,,,,,,13.01579,77.56568
2025-10-17 00:01:02.790,,,,,,,,,,,,,,,13.01579,77.56568
2025-10-17 00:01:02.790,,,,,,,,,,,,,,,13.01579,77.56568
2025-10-17 00:01:02.790,,,,11.24,,,,,,,,,,,13.01579,77.56568
2025-10-17 00:01:02.790,,,,,,,,,13.488,,,,,,13.01579,77.56568
2025-10-17 00:01:02.829,,,,,,,,,,,,,,,13.01579,77.56568
2025-10-17 00:01:02.829,,,,,,,,,,,,,,,13.01579,77.56568
2025-10-17 00:01:02.829,,,,,,,0.0,,,,,,,,13.01579,77.56568
2025-10-17 00:01:02.843,,,,,,,,,,,,,,,13.01579,77.56568
2025-10-17 00:01:02.843,,,,,,,,,,,,,,,13.01579,77.56568
2025-10-17 00:01:02.843,,,,,,,,,,,,,,,13.01579,77.56568
2025-10-17 00:01:02.843,,,,,,,,,,,,,,,13.01579,77.56568
2025-10-17 00:01:02.843,,,,,,,,,,,,,,,13.01579,77.56568
2025-10-17 00:01:02.930,,,,,,,,,,,,,,,13.01579,77.56568
2025-10-17 00:01:02.930,,,13.488509634651,,,,,,,,,,,,13.01579,77.56568
2025-10-17 00:01:02.982,,,,,,,,,,,13.05339642063,,,,13.01579,77.56568
2025-10-17 00:01:03.033,,,,,,,,,,,,,,,13.01579,77.56568
2025-10-17 00:01:03.084,,,,,,,,,,,,,,,13.01579,77.56568
2025-10-17 00:01:03.145,,35.6862745098039,,,,,,,,,,,,,13.01579,77.56568
2025-10-17 00:01:03.197,,,,,1.4175,,,,,,,,,,13.01579,77.56568
2025-10-17 00:01:03.197,,,,,,,,,,,,,,,13.01579,77.56568
2025-10-17 00:01:03.197,,,,,,,,,,,,,,,13.01579,77.56568
2025-10-17 00:01:03.197,,,,,,,,,,,,,,,13.01579,77.56568
2025-10-17 00:01:03.197,,,,,,,,,,,,,,,13.01579,77.56568
2025-10-17 00:01:03.197,,,,,,,,,,,,,,,13.01579,77.56568
2025-10-17 00:01:03.197,,,,13.77,,,,,,,,,,,13.01579,77.56568
2025-10-17 00:01:03.197,,,,,,,,,16.524,,,,,,13.01579,77.56568
2025-10-17 00:01:03.260,,,,,,,,,,,,,,,13.01579,77.56568
2025-10-17 00:01:03.260,,,,,,,,,,,,,,,13.01579,77.56568
2025-10-17 00:01:03.260,,,,,,,,,,,,,,,13.01579,77.56568
2025-10-17 00:01:03.260,,,,,,,,,,,,,,,13.01579,77.56568
2025-10-17 00:01:03.260,,,,,,,,,,,,,,,13.01579,77.56568
2025-10-17 00:01:03.310,,,,,,,,,,,,,,,13.01579,77.56568
2025-10-17 00:01:03.310,,,13.488509634651,,,,,,,,,,,,13.01579,77.56568
2025-10-17 00:01:03.314,,,,,,,,,,,,,,,13.01579,77.56568
2025-10-17 00:01:03.314,,,,,,,,,,,,,,,13.01579,77.56568
2025-10-17 00:01:03.314,,,,,,,0.0,,,,,,,,13.01579,77.56568
2025-10-17 00:01:03.317,,,,,,,,,,,,,,,13.01579,77.56568
2025-10-17 00:01:03.317,,,,,,,,,,,,,,,13.01579,77.56568
2025-10-17 00:01:03.317,,,,,,,0.0,,,,,,,,13.01579,77.56568
2025-10-17 00:01:03.320,,,,,,,,,,,,,,,13.0158704,77.5656616
2025-10-17 00:01:03.320,,,,,,,,,,,,,,,13.0158704,77.5656616
2025-10-17 00:01:03.320,,,,,,,,,,,,,,,13.0158704,77.5656616
2025-10-17 00:01:03.320,,,,,,,0.0,,,,,,,,13.0158704,77.5656616
2025-10-17 00:01:03.358,,,,,,,,,,,13.05339642063,,,,13.0158704,77.5656616
2025-10-17 00:01:03.408,,,,,,,,,,,,,,,13.0158704,77.5656616
2025-10-17 00:01:03.459,,,,,,,,,,,,,,,13.0158704,77.5656616
2025-10-17 00:01:03.521,,35.2941176470588,,,,,,,,,,,,,13.0158704,77.5656616
2025-10-17 00:01:03.572,,,,,1.42432126696833,,,,,,,,,,13.0158704,77.5656616
2025-10-17 00:01:03.572,,,,,,,,,,,,,,,13.0158704,77.5656616
2025-10-17 00:01:03.572,,,,,,,,,,,,,,,13.0158704,77.5656616
2025-10-17 00:01:03.572,,,,,,,,,,,,,,,13.0158704,77.5656616
2025-10-17 00:01:03.572,,,,,,,,,,,,,,,13.0158704,77.5656616
2025-10-17 00:01:03.572,,,,,,,,,,,,,,,13.0158704,77.5656616
2025-10-17 00:01:03.572,,,,13.99,,,,,,,,,,,13.0158704,77.5656616
2025-10-17 00:01:03.572,,,,,,,,,16.788,,,,,,13.0158704,77.5656616
2025-10-17 00:01:03.625,,,,,,,,,,,,,,,13.0158704,77.5656616
2025-10-17 00:01:03.625,,,,,,,,,,,,,,,13.0158704,77.5656616
2025-10-17 00:01:03.625,,,,,,,,,,,,,,,13.0158704,77.5656616
2025-10-17 00:01:03.625,,,,,,,,,,,,,,,13.0158704,77.5656616
2025-10-17 00:01:03.625,,,,,,,,,,,,,,,13.0158704,77.5656616
2025-10-17 00:01:03.643,,,,,,,,,,,,,,,13.0158704,77.5656616
2025-10-17 00:01:03.643,,,,,,,,,,,,,,,13.0158704,77.5656616
2025-10-17 00:01:03.643,,,,,,,0.296480011940002,,,,,,,,13.0158704,77.5656616
2025-10-17 00:01:03.677,,,,,,,,,,,,,,,13.0158704,77.5656616
2025-10-17 00:01:03.677,,,13.633547372658,,,,,,,,,,,,13.0158704,77.5656616
2025-10-17 00:01:03.737,,,,,,,,,,,13.05339642063,,,,13.0158704,77.5656616
2025-10-17 00:01:03.764,,,,,,,,,,,,,,,13.0158704,77.5656616
2025-10-17 00:01:03.764,,,,,,,,,,,,,,,13.0158704,77.5656616
2025-10-17 00:01:03.764,,,,,,,0.0,,,,,,,,13.0158704,77.5656616
2025-10-17 00:01:03.785,,,,,,,,,,,,,,,13.0158704,77.5656616
2025-10-17 00:01:03.858,,,,,,,,,,,,,,,13.0158704,77.5656616
2025-10-17 00:01:03.909,,34.9019607843137,,,,,,,,,,,,,13.0158704,77.5656616
2025-10-17 00:01:03.959,,,,,1.42057692307692,,,,,,,,,,13.0158704,77.5656616
2025-10-17 00:01:03.959,,,,,,,,,,,,,,,13.0158704,77.5656616
2025-10-17 00:01:03.959,,,,,,,,,,,,,,,13.0158704,77.5656616
2025-10-17 00:01:03.959,,,,,,,,,,,,,,,13.0158704,77.5656616
2025-10-17 00:01:03.959,,,,,,,,,,,,,,,13.0158704,77.5656616
2025-10-17 00:01:03.959,,,,,,,,,,,,,,,13.0158704,77.5656616
2025-10-17 00:01:03.959,,,,14.11,,,,,,,,,,,13.0158704,77.5656616
2025-10-17 00:01:03.959,,,,,,,,,16.932,,,,,,13.0158704,77.5656616
2025-10-17 00:01:04.012,,,,,,,,,,,,,,,13.0158704,77.5656616
2025-10-17 00:01:04.012,,,,,,,,,,,,,,,13.0158704,77.5656616
2025-10-17 00:01:04.012,,,,,,,,,,,,,,,13.0158704,77.5656616
2025-10-17 00:01:04.012,,,,,,,,,,,,,,,13.0158704,77.5656616
2025-10-17 00:01:04.012,,,,,,,,,,,,,,,13.0158704,77.5656616
2025-10-17 00:01:04.062,,,,,,,,,,,,,,,13.0158704,77.5656616
2025-10-17 00:01:04.062,,,13.633547372658,,,,,,,,,,,,13.0158704,77.5656616
2025-10-17 00:01:04.111,,,,,,,,,,,13.05339642063,,,,13.0158704,77.5656616
2025-10-17 00:01:04.171,,,,,,,,,,,,,,,13.0158704,77.5656616
2025-10-17 00:01:04.221,,,,,,,,,,,,,,,13.0158704,77.5656616
2025-10-17 00:01:04.271,,34.9019607843137,,,,,,,,,,,,,13.0158704,77.5656616
2025-10-17 00:01:04.322,,,,,1.42057692307692,,,,,,,,,,13.0158704,77.5656616
2025-10-17 00:01:04.322,,,,,,,,,,,,,,,13.0158704,77.5656616
2025-10-17 00:01:04.322,,,,,,,,,,,,,,,13.0158704,77.5656616
2025-10-17 00:01:04.322,,,,,,,,,,,,,,,13.0158704,77.5656616
2025-10-17 00:01:04.322,,,,,,,,,,,,,,,13.0158704,77.5656616
2025-10-17 00:01:04.322,,,,,,,,,,,,,,,13.0158704,77.5656616
2025-10-17 00:01:04.322,,,,14.11,,,,,,,,,,,13.0158704,77.5656616
2025-10-17 00:01:04.322,,,,,,,,,16.932,,,,,,13.0158704,77.5656616
2025-10-17 00:01:04.399,,,,,,,,,,,,,,,13.0158704,77.5656616
2025-10-17 00:01:04.399,,,,,,,,,,,,,,,13.0158704,77.5656616
2025-10-17 00:01:04.399,,,,,,,,,,,,,,,13.0158704,77.5656616
2025-10-17 00:01:04.399,,,,,,,,,,,,,,,13.0158704,77.5656616
2025-10-17 00:01:04.399,,,,,,,,,,,,,,,13.0158704,77.5656616
2025-10-17 00:01:04.452,,,,,,,,,,,,,,,13.0158704,77.5656616
2025-10-17 00:01:04.452,,,13.633547372658,,,,,,,,,,,,13.0158704,77.5656616
2025-10-17 00:01:04.526,,,,,,,,,,,13.05339642063,,,,13.0158704,77.5656616
2025-10-17 00:01:04.584,,,,,,,,,,,,,,,13.0158704,77.5656616
2025-10-17 00:01:04.601,,,,,,,,,,,,,,,13.0158704,77.5656616
2025-10-17 00:01:04.601,,,,,,,,,,,,,,,13.0158704,77.5656616
2025-10-17 00:01:04.601,,,,,,,0.190859006345272,,,,,,,,13.0158704,77.5656616
2025-10-17 00:01:04.632,,,,,,,,,,,,,,,13.0158704,77.5656616
2025-10-17 00:01:04.637,,,,,,,,,,,,,,,13.0158704,77.5656616
2025-10-17 00:01:04.637,,,,,,,,,,,,,,,13.0158704,77.5656616
2025-10-17 00:01:04.637,,,,,,,0.0,,,,,,,,13.0158704,77.5656616
2025-10-17 00:01:04.679,,35.2941176470588,,,,,,,,,,,,,13.0158704,77.5656616
2025-10-17 00:01:04.760,,,,,1.4222850678733,,,,,,,,,,13.0158704,77.5656616
2025-10-17 00:01:04.760,,,,,,,,,,,,,,,13.0158704,77.5656616
2025-10-17 00:01:04.760,,,,,,,,,,,,,,,13.0158704,77.5656616
2025-10-17 00:01:04.760,,,,,,,,,,,,,,,13.0158704,77.5656616
2025-10-17 00:01:04.760,,,,,,,,,,,,,,,13.0158704,77.5656616
2025-10-17 00:01:04.760,,,,,,,,,,,,,,,13.0158704,77.5656616
2025-10-17 00:01:04.760,,,,13.97,,,,,,,,,,,13.0158704,77.5656616
2025-10-17 00:01:04.760,,,,,,,,,16.764,,,,,,13.0158704,77.5656616
2025-10-17 00:01:04.813,,,,,,,,,,,,,,,13.0158704,77.5656616
2025-10-17 00:01:04.813,,,,,,,,,,,,,,,13.0158704,77.5656616
2025-10-17 00:01:04.813,,,,,,,,,,,,,,,13.0158704,77.5656616
2025-10-17 00:01:04.813,,,,,,,,,,,,,,,13.0158704,77.5656616
2025-10-17 00:01:04.813,,,,,,,,,,,,,,,13.0158704,77.5656616
2025-10-17 00:01:04.875,,,,,,,,,,,,,,,13.0158704,77.5656616
2025-10-17 00:01:04.875,,,13.778585110665,,,,,,,,,,,,13.0158704,77.5656616
2025-10-17 00:01:04.924,,,,,,,,,,,13.05339642063,,,,13.0158704,77.5656616
2025-10-17 00:01:04.977,,,,,,,,,,,,,,,13.0158704,77.5656616
2025-10-17 00:01:05.026,,,,,,,,,,,,,,,13.0158704,77.5656616
2025-10-17 00:01:05.087,,34.9019607843137,,,,,,,,,,,,,13.0158704,77.5656616
2025-10-17 00:01:05.137,,,,,1.42259049773756,,,,,,,,,,13.0158704,77.5656616
2025-10-17 00:01:05.137,,,,,,,,,,,,,,,13.0158704,77.5656616
2025-10-17 00:01:05.137,,,,,,,,,,,,,,,13.0158704,77.5656616
2025-10-17 00:01:05.137,,,,,,,,,,,,,,,13.0158704,77.5656616
2025-10-17 00:01:05.137,,,,,,,,,,,,,,,13.0158704,77.5656616
2025-10-17 00:01:05.137,,,,,,,,,,,,,,,13.0158704,77.5656616
2025-10-17 00:01:05.137,,,,14.13,,,,,,,,,,,13.0158704,77.5656616
2025-10-17 00:01:05.137,,,,,,,,,16.956,,,,,,13.0158704,77.5656616
2025-10-17 00:01:05.188,,,,,,,,,,,,,,,13.0158704,77.5656616
2025-10-17 00:01:05.188,,,,,,,,,,,,,,,13.0158704,77.5656616
2025-10-17 00:01:05.188,,,,,,,,,,,,,,,13.0158704,77.5656616
2025-10-17 00:01:05.188,,,,,,,,,,,,,,,13.0158704,77.5656616
2025-10-17 00:01:05.188,,,,,,,,,,,,,,,13.0158704,77.5656616
2025-10-17 00:01:05.239,,,,,,,,,,,,,,,13.0158704,77.5656616
2025-10-17 00:01:05.239,,,13.778585110665,,,,,,,,,,,,13.0158704,77.5656616
2025-10-17 00:01:05.289,,,,,,,,,,,13.05339642063,,,,13.0158704,77.5656616
2025-10-17 00:01:05.340,,,,,,,,,,,,,,,13.0158704,77.5656616
2025-10-17 00:01:05.386,,,,,,,,,,,,,,,13.0158704,77.5656616
2025-10-17 00:01:05.428,,34.9019607843137,,,,,,,,,,,,,13.0158704,77.5656616
2025-10-17 00:01:05.472,,,,,1.42259049773756,,,,,,,,,,13.0158704,77.5656616
2025-10-17 00:01:05.472,,,,,,,,,,,,,,,13.0158704,77.5656616
2025-10-17 00:01:05.472,,,,,,,,,,,,,,,13.0158704,77.5656616
2025-10-17 00:01:05.472,,,,,,,,,,,,,,,13.0158704,77.5656616
2025-10-17 00:01:05.472,,,,,,,,,,,,,,,13.0158704,77.5656616
2025-10-17 00:01:05.472,,,,,,,,,,,,,,,13.0158704,77.5656616
2025-10-17 00:01:05.472,,,,14.13,,,,,,,,,,,13.0158704,77.5656616
2025-10-17 00:01:05.472,,,,,,,,,16.956,,,,,,13.0158704,77.5656616
2025-10-17 00:01:05.520,,,,,,,,,,,,,,,13.0158704,77.5656616
2025-10-17 00:01:05.520,,,,,,,,,,,,,,,13.0158704,77.5656616
2025-10-17 00:01:05.520,,,,,,,,,,,,,,,13.0158704,77.5656616
2025-10-17 00:01:05.520,,,,,,,,,,,,,,,13.0158704,77.5656616
2025-10-17 00:01:05.520,,,,,,,,,,,,,,,13.0158704,77.5656616
2025-10-17 00:01:09.572,,,,,,,,,,,,,,,13.0157933333333,77.5656816666667
2025-10-17 00:01:09.572,,,,,,,,,,,,,,,13.0157933333333,77.5656816666667
2025-10-17 00:01:09.572,,,,,,,0.0,,,,,,,,13.0157933333333,77.5656816666667
2025-10-17 00:01:14.075,,,,,,,,,,,,,,,13.0157933333333,77.565675
2025-10-17 00:01:14.075,,,,,,,0.0759730003774166,,,,,,,,13.0157933333333,77.565675
2025-10-17 00:01:15.330,,,,,,,,,,,,,,,13.015795,77.565675
2025-10-17 00:01:15.330,,,,,,,0.0315009992569685,,,,,,,,13.015795,77.565675
2025-10-17 00:01:15.331,,,,,,,,,,,,,,,13.015795,77.565675
2025-10-17 00:01:16.599,,,,,,,,,,,,,,,13.015795,77.5656716666667
2025-10-17 00:01:16.599,,,,,,,0.0,,,,,,,,13.015795,77.5656716666667
2025-10-17 00:01:18.357,,,,,,,,,,,,,,,13.0158,77.5656733333333
2025-10-17 00:01:23.356,,,,,,,,,,,,,,,13.0157933333333,77.5656683333333
2025-10-17 00:01:24.470,,,,,,,,,,,,,,,13.0157455,77.5656115
2025-10-17 00:01:32.543,,,,,,,,,,,,,,,13.01581,77.5656616666667
2025-10-17 00:01:32.543,,,,,,,0.153799004852772,,,,,,,,13.01581,77.5656616666667
2025-10-17 00:01:32.544,,,,,,,,,,,,,,,13.01581,77.5656616666667
2025-10-17 00:01:33.814,,,,,,,,,,,,,,,13.01581,77.5656583333333
2025-10-17 00:01:33.814,,,,,,,0.0,,,,,,,,13.01581,77.5656583333333
2025-10-17 00:01:36.324,,,,,,,,,,,,,,,13.0158133333333,77.5656583333333
2025-10-17 00:01:37.587,,,,,,,,,,,,,,,13.0158133333333,77.5656583333333
2025-10-17 00:01:37.587,,,,,,,0.0166770000010729,,,,,,,,13.0158133333333,77.5656583333333
2025-10-17 00:01:38.849,,,,,,,,,,,,,,,13.0158133333333,77.5656566666667
2025-10-17 00:01:38.849,,,,,,,0.0,,,,,,,,13.0158133333333,77.5656566666667
2025-10-17 00:01:40.610,,,,,,,,,,,,,,,13.015825,77.5656666666667
2025-10-17 00:01:41.860,,,,,,,,,,,,,,,13.0158266666667,77.5656666666667
2025-10-17 00:01:41.860,,,,,,,0.025942000374198,,,,,,,,13.0158266666667,77.5656666666667
2025-10-17 00:01:43.123,,,,,,,,,,,,,,,13.0158266666667,77.5656683333333
2025-10-17 00:01:43.123,,,,,,,0.0592959970235825,,,,,,,,13.0158266666667,77.5656683333333
2025-10-17 00:01:43.124,,,,,,,,,,,,,,,13.0158266666667,77.5656683333333
2025-10-17 00:01:44.886,,,,,,,,,,,,,,,13.0158233333333,77.5656716666667
2025-10-17 00:01:44.886,,,,,,,,,,,,,,,13.0158233333333,77.5656716666667
2025-10-17 00:01:44.886,,,,,,,0.170476001501083,,,,,,,,13.0158233333333,77.5656716666667
2025-10-17 00:01:45.757,,,,,,,,,,,,,,,13.0158315,77.5656888
2025-10-17 00:01:50.427,,,,,,,,,,,,,,,13.0158366666667,77.5656816666667
2025-10-17 00:01:50.427,,,,,,,,,,,,,,,13.0158366666667,77.5656816666667
2025-10-17 00:01:50.427,,,,,,,0.0796790018677711,,,,,,,,13.0158366666667,77.5656816666667
2025-10-17 00:01:52.175,,,,,,,,,,,,,,,13.0158333333333,77.5656833333333
2025-10-17 00:01:52.175,,,,,,,,,,,,,,,13.0158333333333,77.5656833333333
2025-10-17 00:01:52.175,,,,,,,0.0500310000032187,,,,,,,,13.0158333333333,77.5656833333333
2025-10-17 00:01:53.430,,,,,,,,,,,,,,,13.0158233333333,77.5656766666667
2025-10-17 00:01:53.430,,,,,,,0.0370600014925003,,,,,,,,13.0158233333333,77.5656766666667
2025-10-17 00:01:53.431,,,,,,,,,,,,,,,13.0158233333333,77.5656766666667
2025-10-17 00:01:54.672,,,,,,,,,,,,,,,13.0158183333333,77.5656733333333
2025-10-17 00:01:54.672,,,,,,,0.0685609973967075,,,,,,,,13.0158183333333,77.5656733333333
2025-10-17 00:01:54.673,,,,,,,,,,,,,,,13.0158183333333,77.5656733333333
2025-10-17 00:01:55.917,,,,,,,,,,,,,,,13.01582,77.5656633333333
2025-10-17 00:01:55.917,,,,,,,,,,,,,,,13.01582,77.5656633333333
2025-10-17 00:01:55.917,,,,,,,0.0,,,,,,,,13.01582,77.5656633333333
2025-10-17 00:01:57.163,,,,,,,,,,,,,,,13.0158133333333,77.5656583333333
2025-10-17 00:01:58.919,,,,,,,,,,,,,,,13.01581,77.5656616666667
2025-10-17 00:02:00.683,,,,,,,,,,,,,,,13.0158,77.56565
2025-10-17 00:02:02.434,,,,,,,,,,,,,,,13.015805,77.5656516666667
2025-10-17 00:02:04.873,,,,,,,,,,,,,,,13.0157866666667,77.565635
2025-10-17 00:02:06.081,,,,,,,,,,,,,,,13.0157866666667,77.5656466666667
2025-10-17 00:02:06.839,,,,,,,,,,,,,,,13.0157771,77.5656033
2025-10-17 00:02:15.685,,,,,,,,,,,,,,,13.0157866666667,77.5656466666667
2025-10-17 00:02:20.807,,,,,,,,,,,,,,,13.0157771,77.5656033
2025-10-17 00:02:25.070,,,,,,,,,,,,,,,13.0157933333333,77.5656583333333
2025-10-17 00:02:25.070,,,,,,,0.42433699965477,,,,,,,,13.0157933333333,77.5656583333333
2025-10-17 00:02:25.071,,,,,,,,,,,,,,,13.0157933333333,77.5656583333333
2025-10-17 00:02:26.362,,,,,,,,,,,,,,,13.0157916666667,77.5656583333333
2025-10-17 00:02:26.362,,,,,,,0.0833849966526032,,,,,,,,13.0157916666667,77.5656583333333
2025-10-17 00:02:26.363,,,,,,,,,,,,,,,13.0157916666667,77.5656583333333
2025-10-17 00:02:27.638,,,,,,,,,,,,,,,13.0157916666667,77.5656616666667
2025-10-17 00:02:27.638,,,,,,,0.0426190003752708,,,,,,,,13.0157916666667,77.5656616666667
2025-10-17 00:02:27.639,,,,,,,,,,,,,,,13.0157916666667,77.5656616666667
2025-10-17 00:02:28.897,,,,,,,,,,,,,,,13.0157933333333,77.5656683333333
2025-10-17 00:02:28.897,,,,,,,0.0852380007505417,,,,,,,,13.0157933333333,77.5656683333333
2025-10-17 00:02:29.487,,,,,,,,,,,,,,,13.015818,77.5656947
2025-10-17 00:02:33.801,,,,,,,,,,,,,,,13.0157916666667,77.5656716666667
2025-10-17 00:02:33.801,,,,,,,0.0,,,,,,,,13.0157916666667,77.5656716666667
2025-10-17 00:02:33.802,,,,,,,,,,,,,,,13.0157916666667,77.5656716666667
2025-10-17 00:02:35.563,,,,,,,,,,,,,,,13.0158066666667,77.5656633333333
2025-10-17 00:02:39.084,,,,,,,,,,,,,,,13.015805,77.5656633333333
2025-10-17 00:02:40.843,,,,,,,,,,,,,,,13.015795,77.565665
2025-10-17 00:02:43.577,,,,,,,,,,,,,,,13.0157916666667,77.5656616666667
2025-10-17 00:02:46.326,,,,,,,,,,,,,,,13.0157733333333,77.56566
2025-10-17 00:02:49.623,,,,,,,,,,,,,,,13.0157433333333,77.5656466666667
2025-10-17 00:02:50.649,,,,,,,,,,,,,,,13.0158713,77.5656574
2025-10-17 00:02:56.408,,,,,,,,,,,,,,,13.01574,77.5656466666667
2025-10-17 00:02:58.188,,,,,,,,,,,,,,,13.0157433333333,77.5656433333333
2025-10-17 00:03:00.443,,,,,,,,,,,,,,,13.0157483333333,77.565645
2025-10-17 00:03:03.959,,20.7843137254902,,,,,,,,,,,,,13.0157483333333,77.565645
2025-10-17 00:03:04.053,,,,,,78.0,,,,,,,,,13.0157483333333,77.565645
2025-10-17 00:03:04.095,,21.1764705882353,,,,,,,,,,,,,13.0157483333333,77.565645
2025-10-17 00:03:04.138,,20.7843137254902,,,,,,,,,,,,,13.0157483333333,77.565645
2025-10-17 00:03:04.181,,,,,,78.0,,,,,,,,,13.0157483333333,77.565645
2025-10-17 00:03:04.225,,21.1764705882353,,,,,,,,,,,,,13.0157483333333,77.565645
2025-10-17 00:03:04.267,,21.5686274509804,,,,,,,,,,,,,13.0157483333333,77.565645
2025-10-17 00:03:04.330,,,,,,78.0,,,,,,,,,13.0157483333333,77.565645
2025-10-17 00:03:04.373,,21.1764705882353,,,,,,,,,,,,,13.0157483333333,77.565645
2025-10-17 00:03:04.426,,21.5686274509804,,,,,,,,,,,,,13.0157483333333,77.565645
2025-10-17 00:03:04.469,,,,,,78.0,,,,,,,,,13.0157483333333,77.565645
2025-10-17 00:03:04.522,,21.5686274509804,,,,,,,,,,,,,13.0157483333333,77.565645
2025-10-17 00:03:04.564,,21.5686274509804,,,,,,,,,,,,,13.0157483333333,77.565645
2025-10-17 00:03:04.651,,,,,,78.0,,,,,,,,,13.0157483333333,77.565645
2025-10-17 00:03:04.693,,21.5686274509804,,,,,,,,,,,,,13.0157483333333,77.565645
2025-10-17 00:03:04.735,,21.5686274509804,,,,,,,,,,,,,13.0157483333333,77.565645
2025-10-17 00:03:04.777,,,,,,78.0,,,,,,,,,13.0157483333333,77.565645
2025-10-17 00:03:04.820,,21.5686274509804,,,,,,,,,,,,,13.0157483333333,77.565645
2025-10-17 00:03:04.893,,21.5686274509804,,,,,,,,,,,,,13.0157483333333,77.565645
2025-10-17 00:03:04.935,,,,,,78.0,,,,,,,,,13.0157483333333,77.565645
2025-10-17 00:03:04.978,,21.5686274509804,,,,,,,,,,,,,13.0157483333333,77.565645
2025-10-17 00:03:05.034,,21.5686274509804,,,,,,,,,,,,,13.0157483333333,77.565645
2025-10-17 00:03:05.097,,,,,,78.0,,,,,,,,,13.0157483333333,77.565645
2025-10-17 00:03:05.139,,21.5686274509804,,,,,,,,,,,,,13.0157483333333,77.565645
2025-10-17 00:03:05.181,,21.5686274509804,,,,,,,,,,,,,13.0157483333333,77.565645
2025-10-17 00:03:05.233,,,,,,78.0,,,,,,,,,13.0157483333333,77.565645
2025-10-17 00:03:05.330,,21.1764705882353,,,,,,,,,,,,,13.0157483333333,77.565645
2025-10-17 00:03:05.372,,21.1764705882353,,,,,,,,,,,,,13.0157483333333,77.565645
2025-10-17 00:03:05.437,,,,,,78.0,,,,,,,,,13.0157483333333,77.565645
2025-10-17 00:03:05.481,,21.9607843137255,,,,,,,,,,,,,13.0157483333333,77.565645
2025-10-17 00:03:05.541,,21.5686274509804,,,,,,,,,,,,,13.0157483333333,77.565645
2025-10-17 00:03:05.586,,,,,,78.0,,,,,,,,,13.0157483333333,77.565645
2025-10-17 00:03:05.640,,21.9607843137255,,,,,,,,,,,,,13.0157483333333,77.565645
2025-10-17 00:03:05.683,,21.5686274509804,,,,,,,,,,,,,13.0157483333333,77.565645
2025-10-17 00:03:05.736,,,,,,78.0,,,,,,,,,13.0157483333333,77.565645
2025-10-17 00:03:05.781,,21.5686274509804,,,,,,,,,,,,,13.0157483333333,77.565645
2025-10-17 00:03:05.846,,21.5686274509804,,,,,,,,,,,,,13.0157483333333,77.565645
2025-10-17 00:03:05.889,,,,,,78.0,,,,,,,,,13.0157483333333,77.565645
2025-10-17 00:03:05.942,,21.5686274509804,,,,,,,,,,,,,13.0157483333333,77.565645
2025-10-17 00:03:05.985,,21.1764705882353,,,,,,,,,,,,,13.0157483333333,77.565645
2025-10-17 00:03:06.037,,,,,,78.0,,,,,,,,,13.0157483333333,77.565645
2025-10-17 00:03:06.081,,21.1764705882353,,,,,,,,,,,,,13.0157483333333,77.565645
2025-10-17 00:03:06.134,,21.1764705882353,,,,,,,,,,,,,13.0157483333333,77.565645
2025-10-17 00:03:06.209,,,,,,78.0,,,,,,,,,13.0157483333333,77.565645
2025-10-17 00:03:06.254,,21.1764705882353,,,,,,,,,,,,,13.0157483333333,77.565645
2025-10-17 00:03:06.329,,21.1764705882353,,,,,,,,,,,,,13.0157483333333,77.565645
2025-10-17 00:03:06.373,,,,,,78.0,,,,,,,,,13.0157483333333,77.565645
2025-10-17 00:03:06.428,,21.1764705882353,,,,,,,,,,,,,13.0157483333333,77.565645
2025-10-17 00:03:06.489,,21.5686274509804,,,,,,,,,,,,,13.0157483333333,77.565645
2025-10-17 00:03:06.533,,,,,,78.0,,,,,,,,,13.0157483333333,77.565645
2025-10-17 00:03:06.576,,21.1764705882353,,,,,,,,,,,,,13.0157483333333,77.565645
2025-10-17 00:03:06.633,,21.1764705882353,,,,,,,,,,,,,13.0157483333333,77.565645
2025-10-17 00:03:06.677,,,,,,78.0,,,,,,,,,13.0157483333333,77.565645
2025-10-17 00:03:06.732,,21.1764705882353,,,,,,,,,,,,,13.0157483333333,77.565645
2025-10-17 00:03:06.777,,21.5686274509804,,,,,,,,,,,,,13.0157483333333,77.565645
2025-10-17 00:03:06.835,,,,,,78.0,,,,,,,,,13.0157483333333,77.565645
2025-10-17 00:03:06.886,,21.5686274509804,,,,,,,,,,,,,13.0157483333333,77.565645
2025-10-17 00:03:06.988,,21.1764705882353,,,,,,,,,,,,,13.0157483333333,77.565645
2025-10-17 00:03:07.037,,,,,,78.0,,,,,,,,,13.0157483333333,77.565645
2025-10-17 00:03:07.085,,21.1764705882353,,,,,,,,,,,,,13.0157483333333,77.565645
2025-10-17 00:03:07.136,,21.1764705882353,,,,,,,,,,,,,13.0157483333333,77.565645
2025-10-17 00:03:07.199,,,,,,78.0,,,,,,,,,13.0157483333333,77.565645
2025-10-17 00:03:07.251,,21.5686274509804,,,,,,,,,,,,,13.0157483333333,77.565645
2025-10-17 00:03:07.310,,21.1764705882353,,,,,,,,,,,,,13.0157483333333,77.565645
2025-10-17 00:03:07.358,,,,,,78.0,,,,,,,,,13.0157483333333,77.565645
2025-10-17 00:03:07.417,,21.5686274509804,,,,,,,,,,,,,13.0157483333333,77.565645
2025-10-17 00:03:07.466,,21.5686274509804,,,,,,,,,,,,,13.0157483333333,77.565645
2025-10-17 00:03:07.546,,,,,,78.0,,,,,,,,,13.0157483333333,77.565645
2025-10-17 00:03:07.606,,21.1764705882353,,,,,,,,,,,,,13.0157483333333,77.565645
2025-10-17 00:03:07.655,,21.1764705882353,,,,,,,,,,,,,13.0157483333333,77.565645
2025-10-17 00:03:07.741,,,,,,78.0,,,,,,,,,13.0157483333333,77.565645
2025-10-17 00:03:07.793,,21.1764705882353,,,,,,,,,,,,,13.0157483333333,77.565645
2025-10-17 00:03:07.842,,21.1764705882353,,,,,,,,,,,,,13.0157483333333,77.565645
2025-10-17 00:03:07.899,,,,,,78.0,,,,,,,,,13.0157483333333,77.565645
2025-10-17 00:03:07.947,,21.1764705882353,,,,,,,,,,,,,13.0157483333333,77.565645
2025-10-17 00:03:08.029,,21.5686274509804,,,,,,,,,,,,,13.0157483333333,77.565645
2025-10-17 00:03:08.078,,,,,,78.0,,,,,,,,,13.0157483333333,77.565645
2025-10-17 00:03:08.128,,21.5686274509804,,,,,,,,,,,,,13.0157483333333,77.565645
2025-10-17 00:03:08.177,,21.5686274509804,,,,,,,,,,,,,13.0157483333333,77.565645
2025-10-17 00:03:08.224,,,,,,78.0,,,,,,,,,13.0157483333333,77.565645
2025-10-17 00:03:08.275,,21.1764705882353,,,,,,,,,,,,,13.0157483333333,77.565645
2025-10-17 00:03:08.333,,21.1764705882353,,,,,,,,,,,,,13.0157483333333,77.565645
2025-10-17 00:03:08.381,,,,,,78.0,,,,,,,,,13.0157483333333,77.565645
2025-10-17 00:03:08.431,,21.1764705882353,,,,,,,,,,,,,13.0157483333333,77.565645
2025-10-17 00:03:08.481,,21.1764705882353,,,,,,,,,,,,,13.0157483333333,77.565645
2025-10-17 00:03:08.533,,,,,,78.0,,,,,,,,,13.0157483333333,77.565645
2025-10-17 00:03:08.583,,21.1764705882353,,,,,,,,,,,,,13.0157483333333,77.565645
2025-10-17 00:03:08.633,,21.1764705882353,,,,,,,,,,,,,13.0157483333333,77.565645
2025-10-17 00:03:08.746,,,,,,78.0,,,,,,,,,13.0157483333333,77.565645
2025-10-17 00:03:08.794,,21.1764705882353,,,,,,,,,,,,,13.0157483333333,77.565645
2025-10-17 00:03:08.843,,21.1764705882353,,,,,,,,,,,,,13.0157483333333,77.565645
2025-10-17 00:03:08.925,,,,,,78.0,,,,,,,,,13.0157483333333,77.565645
2025-10-17 00:03:08.977,,21.5686274509804,,,,,,,,,,,,,13.0157483333333,77.565645
2025-10-17 00:03:09.034,,21.5686274509804,,,,,,,,,,,,,13.0157483333333,77.565645
2025-10-17 00:03:09.083,,,,,,78.0,,,,,,,,,13.0157483333333,77.565645
2025-10-17 00:03:09.142,,21.1764705882353,,,,,,,,,,,,,13.0157483333333,77.565645
2025-10-17 00:03:09.187,,21.5686274509804,,,,,,,,,,,,,13.0157483333333,77.565645
2025-10-17 00:03:09.237,,,,,,78.0,,,,,,,,,13.0157483333333,77.565645
2025-10-17 00:03:09.283,,21.5686274509804,,,,,,,,,,,,,13.0157483333333,77.565645
2025-10-17 00:03:09.330,,21.1764705882353,,,,,,,,,,,,,13.0157483333333,77.565645
2025-10-17 00:03:09.379,,,,,,78.0,,,,,,,,,13.0157483333333,77.565645
2025-10-17 00:03:09.430,,21.1764705882353,,,,,,,,,,,,,13.0157483333333,77.565645
2025-10-17 00:03:09.481,,21.5686274509804,,,,,,,,,,,,,13.0157483333333,77.565645
2025-10-17 00:03:09.540,,,,,,78.0,,,,,,,,,13.0157483333333,77.565645
2025-10-17 00:03:09.588,,21.1764705882353,,,,,,,,,,,,,13.0157483333333,77.565645
2025-10-17 00:03:09.634,,21.5686274509804,,,,,,,,,,,,,13.0157483333333,77.565645
2025-10-17 00:03:09.683,,,,,,78.0,,,,,,,,,13.0157483333333,77.565645
2025-10-17 00:03:09.734,,21.1764705882353,,,,,,,,,,,,,13.0157483333333,77.565645
2025-10-17 00:03:09.782,,21.1764705882353,,,,,,,,,,,,,13.0157483333333,77.565645
2025-10-17 00:03:09.831,,,,,,78.0,,,,,,,,,13.0157483333333,77.565645
2025-10-17 00:03:09.881,,21.5686274509804,,,,,,,,,,,,,13.0157483333333,77.565645
2025-10-17 00:03:09.928,,21.1764705882353,,,,,,,,,,,,,13.0157483333333,77.565645
2025-10-17 00:03:09.978,,,,,,78.0,,,,,,,,,13.0157483333333,77.565645
2025-10-17 00:03:10.036,,21.1764705882353,,,,,,,,,,,,,13.0157483333333,77.565645
2025-10-17 00:03:10.086,,21.5686274509804,,,,,,,,,,,,,13.0157483333333,77.565645
2025-10-17 00:03:10.210,,,,,,78.0,,,,,,,,,13.0157483333333,77.565645
2025-10-17 00:03:10.261,,21.1764705882353,,,,,,,,,,,,,13.0157483333333,77.565645
2025-10-17 00:03:10.311,,20.7843137254902,,,,,,,,,,,,,13.0157483333333,77.565645
2025-10-17 00:03:10.371,,,,,,78.0,,,,,,,,,13.0157483333333,77.565645
2025-10-17 00:03:10.412,,21.1764705882353,,,,,,,,,,,,,13.0157483333333,77.565645
2025-10-17 00:03:10.462,,21.1764705882353,,,,,,,,,,,,,13.0157483333333,77.565645
2025-10-17 00:03:10.511,,,,,,78.0,,,,,,,,,13.0157483333333,77.565645
2025-10-17 00:03:10.561,,21.1764705882353,,,,,,,,,,,,,13.0157483333333,77.565645
2025-10-17 00:03:10.630,,21.1764705882353,,,,,,,,,,,,,13.0157483333333,77.565645
2025-10-17 00:03:10.685,,,,,,78.0,,,,,,,,,13.0157483333333,77.565645
2025-10-17 00:03:10.733,,21.1764705882353,,,,,,,,,,,,,13.0157483333333,77.565645
2025-10-17 00:03:10.799,,20.7843137254902,,,,,,,,,,,,,13.0157483333333,77.565645
2025-10-17 00:03:10.846,,,,,,78.0,,,,,,,,,13.0157483333333,77.565645
2025-10-17 00:03:10.895,,21.1764705882353,,,,,,,,,,,,,13.0157483333333,77.565645
2025-10-17 00:03:10.940,,21.1764705882353,,,,,,,,,,,,,13.0157483333333,77.565645
2025-10-17 00:03:11.009,,,,,,78.0,,,,,,,,,13.0157483333333,77.565645
2025-10-17 00:03:11.057,,21.1764705882353,,,,,,,,,,,,,13.0157483333333,77.565645
2025-10-17 00:03:11.117,,21.1764705882353,,,,,,,,,,,,,13.0157483333333,77.565645
2025-10-17 00:03:11.165,,,,,,78.0,,,,,,,,,13.0157483333333,77.565645
2025-10-17 00:03:11.235,,21.1764705882353,,,,,,,,,,,,,13.0157483333333,77.565645
2025-10-17 00:03:11.284,,21.1764705882353,,,,,,,,,,,,,13.0157483333333,77.565645
2025-10-17 00:03:11.331,,,,,,78.0,,,,,,,,,13.0157483333333,77.565645
2025-10-17 00:03:11.379,,21.1764705882353,,,,,,,,,,,,,13.0157483333333,77.565645
2025-10-17 00:03:11.437,,21.1764705882353,,,,,,,,,,,,,13.0157483333333,77.565645
2025-10-17 00:03:11.488,,,,,,78.0,,,,,,,,,13.0157483333333,77.565645
2025-10-17 00:03:11.538,,21.1764705882353,,,,,,,,,,,,,13.0157483333333,77.565645
2025-10-17 00:03:11.589,,21.1764705882353,,,,,,,,,,,,,13.0157483333333,77.565645
2025-10-17 00:03:11.638,,,,,,78.0,,,,,,,,,13.0157483333333,77.565645
2025-10-17 00:03:11.687,,21.1764705882353,,,,,,,,,,,,,13.0157483333333,77.565645
2025-10-17 00:03:11.736,,21.1764705882353,,,,,,,,,,,,,13.0157483333333,77.565645
2025-10-17 00:03:11.838,,,,,,78.0,,,,,,,,,13.0157483333333,77.565645
2025-10-17 00:03:11.853,,,,,,,,,,,,,,,13.0157977,77.5656174
2025-10-17 00:03:11.913,,21.5686274509804,,,,,,,,,,,,,13.0157977,77.5656174
2025-10-17 00:03:11.961,,21.5686274509804,,,,,,,,,,,,,13.0157977,77.5656174
2025-10-17 00:03:12.040,,,,,,78.0,,,,,,,,,13.0157977,77.5656174
2025-10-17 00:03:12.089,,21.5686274509804,,,,,,,,,,,,,13.0157977,77.5656174
2025-10-17 00:03:12.135,,21.5686274509804,,,,,,,,,,,,,13.0157977,77.5656174
2025-10-17 00:03:12.205,,,,,,78.0,,,,,,,,,13.0157977,77.5656174
2025-10-17 00:03:12.254,,21.1764705882353,,,,,,,,,,,,,13.0157977,77.5656174
2025-10-17 00:03:12.309,,21.1764705882353,,,,,,,,,,,,,13.0157977,77.5656174
2025-10-17 00:03:12.355,,,,,,78.0,,,,,,,,,13.0157977,77.5656174
2025-10-17 00:03:12.403,,21.5686274509804,,,,,,,,,,,,,13.0157977,77.5656174
2025-10-17 00:03:12.454,,21.1764705882353,,,,,,,,,,,,,13.0157977,77.5656174
2025-10-17 00:03:12.503,,,,,,78.0,,,,,,,,,13.0157977,77.5656174
2025-10-17 00:03:12.549,,21.1764705882353,,,,,,,,,,,,,13.0157977,77.5656174
2025-10-17 00:03:12.593,,21.5686274509804,,,,,,,,,,,,,13.0157977,77.5656174
2025-10-17 00:03:12.638,,,,,,78.0,,,,,,,,,13.0157977,77.5656174
2025-10-17 00:03:12.683,,21.5686274509804,,,,,,,,,,,,,13.0157977,77.5656174
2025-10-17 00:03:12.741,,21.5686274509804,,,,,,,,,,,,,13.0157977,77.5656174
2025-10-17 00:03:12.789,,,,,,78.0,,,,,,,,,13.0157977,77.5656174
2025-10-17 00:03:12.845,,21.1764705882353,,,,,,,,,,,,,13.0157977,77.5656174
2025-10-17 00:03:12.891,,21.5686274509804,,,,,,,,,,,,,13.0157977,77.5656174
2025-10-17 00:03:12.939,,,,,,78.0,,,,,,,,,13.0157977,77.5656174
2025-10-17 00:03:12.985,,21.1764705882353,,,,,,,,,,,,,13.0157977,77.5656174
2025-10-17 00:03:13.044,,21.1764705882353,,,,,,,,,,,,,13.0157977,77.5656174
2025-10-17 00:03:13.094,,,,,,78.0,,,,,,,,,13.0157977,77.5656174
2025-10-17 00:03:13.151,,20.7843137254902,,,,,,,,,,,,,13.0157977,77.5656174
2025-10-17 00:03:13.287,,21.1764705882353,,,,,,,,,,,,,13.0157977,77.5656174
2025-10-17 00:03:13.328,,,,,,78.0,,,,,,,,,13.0157977,77.5656174
2025-10-17 00:03:13.373,,21.1764705882353,,,,,,,,,,,,,13.0157977,77.5656174
2025-10-17 00:03:13.435,,21.1764705882353,,,,,,,,,,,,,13.0157977,77.5656174
2025-10-17 00:03:13.504,,,,,,78.0,,,,,,,,,13.0157977,77.5656174
2025-10-17 00:03:13.550,,21.5686274509804,,,,,,,,,,,,,13.0157977,77.5656174
2025-10-17 00:03:13.597,,21.1764705882353,,,,,,,,,,,,,13.0157977,77.5656174
2025-10-17 00:03:13.642,,,,,,78.0,,,,,,,,,13.0157977,77.5656174
2025-10-17 00:03:13.690,,21.1764705882353,,,,,,,,,,,,,13.0157977,77.5656174
2025-10-17 00:03:13.738,,21.1764705882353,,,,,,,,,,,,,13.0157977,77.5656174
2025-10-17 00:03:13.784,,,,,,78.0,,,,,,,,,13.0157977,77.5656174
2025-10-17 00:03:13.842,,21.1764705882353,,,,,,,,,,,,,13.0157977,77.5656174
2025-10-17 00:03:13.890,,21.1764705882353,,,,,,,,,,,,,13.0157977,77.5656174
2025-10-17 00:03:13.938,,,,,,78.0,,,,,,,,,13.0157977,77.5656174
2025-10-17 00:03:13.983,,21.1764705882353,,,,,,,,,,,,,13.0157977,77.5656174
2025-10-17 00:03:14.031,,21.1764705882353,,,,,,,,,,,,,13.0157977,77.5656174
2025-10-17 00:03:14.088,,,,,,78.0,,,,,,,,,13.0157977,77.5656174
2025-10-17 00:03:14.137,,21.1764705882353,,,,,,,,,,,,,13.0157977,77.5656174
2025-10-17 00:03:14.183,,21.1764705882353,,,,,,,,,,,,,13.0157977,77.5656174
2025-10-17 00:03:14.230,,,,,,78.0,,,,,,,,,13.0157977,77.5656174
2025-10-17 00:03:14.286,,21.1764705882353,,,,,,,,,,,,,13.0157977,77.5656174
2025-10-17 00:03:14.343,,21.1764705882353,,,,,,,,,,,,,13.0157977,77.5656174
2025-10-17 00:03:14.391,,,,,,78.0,,,,,,,,,13.0157977,77.5656174
2025-10-17 00:03:14.440,,21.1764705882353,,,,,,,,,,,,,13.0157977,77.5656174
2025-10-17 00:03:14.488,,21.1764705882353,,,,,,,,,,,,,13.0157977,77.5656174
2025-10-17 00:03:16.343,,36.8627450980392,,,,,,,,,,,,,13.0157977,77.5656174
2025-10-17 00:03:16.451,,,,,,78.0,,,,,,,,,13.0157977,77.5656174
2025-10-17 00:03:16.503,,36.078431372549,,,,,,,,,,,,,13.0157977,77.5656174
2025-10-17 00:03:16.565,,35.2941176470588,,,,,,,,,,,,,13.0157977,77.5656174
2025-10-17 00:03:16.617,,,,,,78.0,,,,,,,,,13.0157977,77.5656174
2025-10-17 00:03:16.680,,34.9019607843137,,,,,,,,,,,,,13.0157977,77.5656174
2025-10-17 00:03:16.728,,34.9019607843137,,,,,,,,,,,,,13.0157977,77.5656174
2025-10-17 00:03:16.791,,,,,,78.0,,,,,,,,,13.0157977,77.5656174
2025-10-17 00:03:16.840,,34.5098039215686,,,,,,,,,,,,,13.0157977,77.5656174
2025-10-17 00:03:16.889,,34.9019607843137,,,,,,,,,,,,,13.0157977,77.5656174
2025-10-17 00:03:16.954,,,,,,78.0,,,,,,,,,13.0157977,77.5656174
2025-10-17 00:03:17.007,,34.9019607843137,,,,,,,,,,,,,13.0157977,77.5656174
2025-10-17 00:03:17.058,,35.2941176470588,,,,,,,,,,,,,13.0157977,77.5656174
2025-10-17 00:03:17.106,,,,,,78.0,,,,,,,,,13.0157977,77.5656174
2025-10-17 00:03:17.167,,35.2941176470588,,,,,,,,,,,,,13.0157977,77.5656174
2025-10-17 00:03:17.220,,35.2941176470588,,,,,,,,,,,,,13.0157977,77.5656174
2025-10-17 00:03:17.292,,,,,,78.0,,,,,,,,,13.0157977,77.5656174
2025-10-17 00:03:17.377,,35.2941176470588,,,,,,,,,,,,,13.0157977,77.5656174
2025-10-17 00:03:17.428,,34.9019607843137,,,,,,,,,,,,,13.0157977,77.5656174
2025-10-17 00:03:17.479,,,,,,78.0,,,,,,,,,13.0157977,77.5656174
2025-10-17 00:03:17.528,,35.2941176470588,,,,,,,,,,,,,13.0157977,77.5656174
2025-10-17 00:03:17.588,,34.9019607843137,,,,,,,,,,,,,13.0157977,77.5656174
2025-10-17 00:03:19.606,,,,,,,,,,,,,,,13.015795,77.5656233333333
2025-10-17 00:03:21.852,,,,,,,,,,,,,,,13.0158,77.565625
2025-10-17 00:03:24.853,,,,,,,,,,,,,,,13.0157983333333,77.5656233333333
2025-10-17 00:03:26.619,,,,,,,,,,,,,,,13.0158083333333,77.565625
2025-10-17 00:03:28.214,,,,,,,,,,,,,,,13.0158083333333,77.565625
2025-10-17 00:03:28.214,,,,,,,,,,,,,,,13.0158083333333,77.565625
2025-10-17 00:03:28.315,,21.1764705882353,,,,,,,,,,,,,13.0158083333333,77.565625
2025-10-17 00:03:28.413,,,,,0.834434389140272,,,,,,,,,,13.0158083333333,77.565625
2025-10-17 00:03:28.413,,,,,,,,,,,,,,,13.0158083333333,77.565625
2025-10-17 00:03:28.413,,,,13.66,,,,,,,,,,,13.0158083333333,77.565625
2025-10-17 00:03:28.413,,,,,,,,,16.392,,,,,,13.0158083333333,77.565625
2025-10-17 00:03:28.466,,,,,,,,,,,,,,,13.0158083333333,77.565625
2025-10-17 00:03:28.466,,,,,,,,,,,,,,,13.0158083333333,77.565625
2025-10-17 00:03:28.466,,,,,,,,,,,,,,,13.0158083333333,77.565625
2025-10-17 00:03:28.466,,,,,,,,,,,,,,,13.0158083333333,77.565625
2025-10-17 00:03:28.516,,21.5686274509804,,,,,,,,,,,,,13.0158083333333,77.565625
2025-10-17 00:03:28.580,,,,,0.849886877828054,,,,,,,,,,13.0158083333333,77.565625
2025-10-17 00:03:28.580,,,,,,,,,,,,,,,13.0158083333333,77.565625
2025-10-17 00:03:28.580,,,,,,,,,,,,,,,13.0158083333333,77.565625
2025-10-17 00:03:28.580,,,,,,,,,,,,,,,13.0158083333333,77.565625
2025-10-17 00:03:28.580,,,,,,,,,,,,,,,13.0158083333333,77.565625
2025-10-17 00:03:28.580,,,,,,,,,,,,,,,13.0158083333333,77.565625
2025-10-17 00:03:28.580,,,,13.66,,,,,,,,,,,13.0158083333333,77.565625
2025-10-17 00:03:28.580,,,,,,,,,16.392,,,,,,13.0158083333333,77.565625
2025-10-17 00:03:28.651,,,,,,,,,,,,,,,13.0158083333333,77.565625
2025-10-17 00:03:28.651,,,,,,,,,,,,,,,13.0158083333333,77.565625
2025-10-17 00:03:28.651,,,,,,,,,,,,,,,13.0158083333333,77.565625
2025-10-17 00:03:28.651,,,,,,,,,,,,,,,13.0158083333333,77.565625
2025-10-17 00:03:28.651,,,,,,,,,,,,,,,13.0158083333333,77.565625
2025-10-17 00:03:28.716,,21.1764705882353,,,,,,,,,,,,,13.0158083333333,77.565625
2025-10-17 00:03:28.777,,,,,0.832601809954751,,,,,,,,,,13.0158083333333,77.565625
2025-10-17 00:03:28.777,,,,,,,,,,,,,,,13.0158083333333,77.565625
2025-10-17 00:03:28.777,,,,,,,,,,,,,,,13.0158083333333,77.565625
2025-10-17 00:03:28.777,,,,,,,,,,,,,,,13.0158083333333,77.565625
2025-10-17 00:03:28.777,,,,,,,,,,,,,,,13.0158083333333,77.565625
2025-10-17 00:03:28.777,,,,,,,,,,,,,,,13.0158083333333,77.565625
2025-10-17 00:03:28.777,,,,13.63,,,,,,,,,,,13.0158083333333,77.565625
2025-10-17 00:03:28.777,,,,,,,,,16.356,,,,,,13.0158083333333,77.565625
2025-10-17 00:03:28.823,,,,,,,,,,,,,,,13.0158083333333,77.565625
2025-10-17 00:03:28.823,,,,,,,,,,,,,,,13.0158083333333,77.565625
2025-10-17 00:03:28.823,,,,,,,,,,,,,,,13.0158083333333,77.565625
2025-10-17 00:03:28.823,,,,,,,,,,,,,,,13.0158083333333,77.565625
2025-10-17 00:03:28.823,,,,,,,,,,,,,,,13.0158083333333,77.565625
2025-10-17 00:03:28.864,,,,,,,,,,,,,,,13.01582,77.56562
2025-10-17 00:03:28.883,,21.5686274509804,,,,,,,,,,,,,13.01582,77.56562
2025-10-17 00:03:28.932,,,,,0.84802036199095,,,,,,,,,,13.01582,77.56562
2025-10-17 00:03:28.932,,,,,,,,,,,,,,,13.01582,77.56562
2025-10-17 00:03:28.932,,,,,,,,,,,,,,,13.01582,77.56562
2025-10-17 00:03:28.932,,,,,,,,,,,,,,,13.01582,77.56562
2025-10-17 00:03:28.932,,,,,,,,,,,,,,,13.01582,77.56562
2025-10-17 00:03:28.932,,,,,,,,,,,,,,,13.01582,77.56562
2025-10-17 00:03:28.932,,,,13.63,,,,,,,,,,,13.01582,77.56562
2025-10-17 00:03:28.932,,,,,,,,,16.356,,,,,,13.01582,77.56562
2025-10-17 00:03:29.069,,,,,,,,,,,,,,,13.01582,77.56562
2025-10-17 00:03:29.069,,,,,,,,,,,,,,,13.01582,77.56562
2025-10-17 00:03:29.069,,,,,,,,,,,,,,,13.01582,77.56562
2025-10-17 00:03:29.069,,,,,,,,,,,,,,,13.01582,77.56562
2025-10-17 00:03:29.069,,,,,,,,,,,,,,,13.01582,77.56562
2025-10-17 00:03:29.117,,20.7843137254902,,,,,,,,,,,,,13.01582,77.56562
2025-10-17 00:03:29.182,,,,,0.829174208144797,,,,,,,,,,13.01582,77.56562
2025-10-17 00:03:29.182,,,,,,,,,,,,,,,13.01582,77.56562
2025-10-17 00:03:29.182,,,,,,,,,,,,,,,13.01582,77.56562
2025-10-17 00:03:29.182,,,,,,,,,,,,,,,13.01582,77.56562
2025-10-17 00:03:29.182,,,,,,,,,,,,,,,13.01582,77.56562
2025-10-17 00:03:29.182,,,,,,,,,,,,,,,13.01582,77.56562
2025-10-17 00:03:29.182,,,,13.83,,,,,,,,,,,13.01582,77.56562
2025-10-17 00:03:29.182,,,,,,,,,16.596,,,,,,13.01582,77.56562
2025-10-17 00:03:29.235,,,,,,,,,,,,,,,13.01582,77.56562
2025-10-17 00:03:29.235,,,,,,,,,,,,,,,13.01582,77.56562
2025-10-17 00:03:29.235,,,,,,,,,,,,,,,13.01582,77.56562
2025-10-17 00:03:29.235,,,,,,,,,,,,,,,13.01582,77.56562
2025-10-17 00:03:29.235,,,,,,,,,,,,,,,13.01582,77.56562
2025-10-17 00:03:29.286,,21.1764705882353,,,,,,,,,,,,,13.01582,77.56562
2025-10-17 00:03:29.336,,,,,0.841153846153846,,,,,,,,,,13.01582,77.56562
2025-10-17 00:03:29.336,,,,,,,,,,,,,,,13.01582,77.56562
2025-10-17 00:03:29.336,,,,,,,,,,,,,,,13.01582,77.56562
2025-10-17 00:03:29.336,,,,,,,,,,,,,,,13.01582,77.56562
2025-10-17 00:03:29.336,,,,,,,,,,,,,,,13.01582,77.56562
2025-10-17 00:03:29.336,,,,,,,,,,,,,,,13.01582,77.56562
2025-10-17 00:03:29.336,,,,13.77,,,,,,,,,,,13.01582,77.56562
2025-10-17 00:03:29.336,,,,,,,,,16.524,,,,,,13.01582,77.56562
2025-10-17 00:03:29.389,,,,,,,,,,,,,,,13.01582,77.56562
2025-10-17 00:03:29.389,,,,,,,,,,,,,,,13.01582,77.56562
2025-10-17 00:03:29.389,,,,,,,,,,,,,,,13.01582,77.56562
2025-10-17 00:03:29.389,,,,,,,,,,,,,,,13.01582,77.56562
2025-10-17 00:03:29.389,,,,,,,,,,,,,,,13.01582,77.56562
2025-10-17 00:03:29.439,,21.1764705882353,,,,,,,,,,,,,13.01582,77.56562
2025-10-17 00:03:29.488,,,,,0.839321266968326,,,,,,,,,,13.01582,77.56562
2025-10-17 00:03:29.488,,,,,,,,,,,,,,,13.01582,77.56562
2025-10-17 00:03:29.488,,,,,,,,,,,,,,,13.01582,77.56562
2025-10-17 00:03:29.488,,,,,,,,,,,,,,,13.01582,77.56562
2025-10-17 00:03:29.488,,,,,,,,,,,,,,,13.01582,77.56562
2025-10-17 00:03:29.488,,,,,,,,,,,,,,,13.01582,77.56562
2025-10-17 00:03:29.488,,,,13.74,,,,,,,,,,,13.01582,77.56562
2025-10-17 00:03:29.488,,,,,,,,,16.488,,,,,,13.01582,77.56562
2025-10-17 00:03:29.541,,,,,,,,,,,,,,,13.01582,77.56562
2025-10-17 00:03:29.541,,,,,,,,,,,,,,,13.01582,77.56562
2025-10-17 00:03:29.541,,,,,,,,,,,,,,,13.01582,77.56562
2025-10-17 00:03:29.541,,,,,,,,,,,,,,,13.01582,77.56562
2025-10-17 00:03:29.541,,,,,,,,,,,,,,,13.01582,77.56562
2025-10-17 00:03:29.615,,21.5686274509804,,,,,,,,,,,,,13.01582,77.56562
2025-10-17 00:03:29.664,,,,,0.853619909502263,,,,,,,,,,13.01582,77.56562
2025-10-17 00:03:29.664,,,,,,,,,,,,,,,13.01582,77.56562
2025-10-17 00:03:29.664,,,,,,,,,,,,,,,13.01582,77.56562
2025-10-17 00:03:29.664,,,,,,,,,,,,,,,13.01582,77.56562
2025-10-17 00:03:29.664,,,,,,,,,,,,,,,13.01582,77.56562
2025-10-17 00:03:29.664,,,,,,,,,,,,,,,13.01582,77.56562
2025-10-17 00:03:29.664,,,,13.72,,,,,,,,,,,13.01582,77.56562
2025-10-17 00:03:29.664,,,,,,,,,16.464,,,,,,13.01582,77.56562
2025-10-17 00:03:29.712,,,,,,,,,,,,,,,13.01582,77.56562
2025-10-17 00:03:29.712,,,,,,,,,,,,,,,13.01582,77.56562
2025-10-17 00:03:29.712,,,,,,,,,,,,,,,13.01582,77.56562
2025-10-17 00:03:29.712,,,,,,,,,,,,,,,13.01582,77.56562
2025-10-17 00:03:29.712,,,,,,,,,,,,,,,13.01582,77.56562
2025-10-17 00:03:29.767,,21.5686274509804,,,,,,,,,,,,,13.01582,77.56562
2025-10-17 00:03:29.815,,,,,0.849886877828054,,,,,,,,,,13.01582,77.56562
2025-10-17 00:03:29.815,,,,,,,,,,,,,,,13.01582,77.56562
2025-10-17 00:03:29.815,,,,,,,,,,,,,,,13.01582,77.56562
2025-10-17 00:03:29.815,,,,,,,,,,,,,,,13.01582,77.56562
2025-10-17 00:03:29.815,,,,,,,,,,,,,,,13.01582,77.56562
2025-10-17 00:03:29.815,,,,,,,,,,,,,,,13.01582,77.56562
2025-10-17 00:03:29.815,,,,13.66,,,,,,,,,,,13.01582,77.56562
2025-10-17 00:03:29.815,,,,,,,,,16.392,,,,,,13.01582,77.56562
2025-10-17 00:03:29.872,,,,,,,,,,,,,,,13.01582,77.56562
2025-10-17 00:03:29.872,,,,,,,,,,,,,,,13.01582,77.56562
2025-10-17 00:03:29.872,,,,,,,,,,,,,,,13.01582,77.56562
2025-10-17 00:03:29.872,,,,,,,,,,,,,,,13.01582,77.56562
2025-10-17 00:03:29.872,,,,,,,,,,,,,,,13.01582,77.56562
2025-10-17 00:03:29.946,,21.1764705882353,,,,,,,,,,,,,13.01582,77.56562
2025-10-17 00:03:29.995,,,,,0.841153846153846,,,,,,,,,,13.01582,77.56562
2025-10-17 00:03:29.995,,,,,,,,,,,,,,,13.01582,77.56562
2025-10-17 00:03:29.995,,,,,,,,,,,,,,,13.01582,77.56562
2025-10-17 00:03:29.995,,,,,,,,,,,,,,,13.01582,77.56562
2025-10-17 00:03:29.995,,,,,,,,,,,,,,,13.01582,77.56562
2025-10-17 00:03:29.995,,,,,,,,,,,,,,,13.01582,77.56562
2025-10-17 00:03:29.995,,,,13.77,,,,,,,,,,,13.01582,77.56562
2025-10-17 00:03:29.995,,,,,,,,,16.524,,,,,,13.01582,77.56562
2025-10-17 00:03:30.048,,,,,,,,,,,,,,,13.01582,77.56562
2025-10-17 00:03:30.048,,,,,,,,,,,,,,,13.01582,77.56562
2025-10-17 00:03:30.048,,,,,,,,,,,,,,,13.01582,77.56562
2025-10-17 00:03:30.048,,,,,,,,,,,,,,,13.01582,77.56562
2025-10-17 00:03:30.048,,,,,,,,,,,,,,,13.01582,77.56562
2025-10-17 00:03:30.110,,21.1764705882353,,,,,,,,,,,,,13.01582,77.56562
2025-10-17 00:03:30.161,,,,,0.838099547511312,,,,,,,,,,13.01582,77.56562
2025-10-17 00:03:30.161,,,,,,,,,,,,,,,13.01582,77.56562
2025-10-17 00:03:30.161,,,,,,,,,,,,,,,13.01582,77.56562
2025-10-17 00:03:30.161,,,,,,,,,,,,,,,13.01582,77.56562
2025-10-17 00:03:30.161,,,,,,,,,,,,,,,13.01582,77.56562
2025-10-17 00:03:30.161,,,,,,,,,,,,,,,13.01582,77.56562
2025-10-17 00:03:30.161,,,,13.72,,,,,,,,,,,13.01582,77.56562
2025-10-17 00:03:30.161,,,,,,,,,16.464,,,,,,13.01582,77.56562
2025-10-17 00:03:30.234,,,,,,,,,,,,,,,13.01582,77.5656216666667
2025-10-17 00:03:30.234,,,,,,,,,,,,,,,13.01582,77.5656216666667
2025-10-17 00:03:30.234,,,,,,,,,,,,,,,13.01582,77.5656216666667
2025-10-17 00:03:30.234,,,,,,,,,,,,,,,13.01582,77.5656216666667
2025-10-17 00:03:30.234,,,,,,,,,,,,,,,13.01582,77.5656216666667
2025-10-17 00:03:30.283,,21.5686274509804,,,,,,,,,,,,,13.01582,77.5656216666667
2025-10-17 00:03:30.342,,,,,0.856730769230769,,,,,,,,,,13.01582,77.5656216666667
2025-10-17 00:03:30.342,,,,,,,,,,,,,,,13.01582,77.5656216666667
2025-10-17 00:03:30.342,,,,,,,,,,,,,,,13.01582,77.5656216666667
2025-10-17 00:03:30.342,,,,,,,,,,,,,,,13.01582,77.5656216666667
2025-10-17 00:03:30.342,,,,,,,,,,,,,,,13.01582,77.5656216666667
2025-10-17 00:03:30.342,,,,,,,,,,,,,,,13.01582,77.5656216666667
2025-10-17 00:03:30.342,,,,13.77,,,,,,,,,,,13.01582,77.5656216666667
2025-10-17 00:03:30.342,,,,,,,,,16.524,,,,,,13.01582,77.5656216666667
2025-10-17 00:03:30.393,,,,,,,,,,,,,,,13.01582,77.5656216666667
2025-10-17 00:03:30.393,,,,,,,,,,,,,,,13.01582,77.5656216666667
2025-10-17 00:03:30.393,,,,,,,,,,,,,,,13.01582,77.5656216666667
2025-10-17 00:03:30.393,,,,,,,,,,,,,,,13.01582,77.5656216666667
2025-10-17 00:03:30.393,,,,,,,,,,,,,,,13.01582,77.5656216666667
2025-10-17 00:03:30.442,,21.5686274509804,,,,,,,,,,,,,13.01582,77.5656216666667
2025-10-17 00:03:30.514,,,,,0.851753393665158,,,,,,,,,,13.01582,77.5656216666667
2025-10-17 00:03:30.514,,,,,,,,,,,,,,,13.01582,77.5656216666667
2025-10-17 00:03:30.514,,,,,,,,,,,,,,,13.01582,77.5656216666667
2025-10-17 00:03:30.514,,,,,,,,,,,,,,,13.01582,77.5656216666667
2025-10-17 00:03:30.514,,,,,,,,,,,,,,,13.01582,77.5656216666667
2025-10-17 00:03:30.514,,,,,,,,,,,,,,,13.01582,77.5656216666667
2025-10-17 00:03:30.514,,,,13.69,,,,,,,,,,,13.01582,77.5656216666667
2025-10-17 00:03:30.514,,,,,,,,,16.428,,,,,,13.01582,77.5656216666667
2025-10-17 00:03:30.569,,,,,,,,,,,,,,,13.01582,77.5656216666667
2025-10-17 00:03:30.569,,,,,,,,,,,,,,,13.01582,77.5656216666667
2025-10-17 00:03:30.569,,,,,,,,,,,,,,,13.01582,77.5656216666667
2025-10-17 00:03:30.569,,,,,,,,,,,,,,,13.01582,77.5656216666667
2025-10-17 00:03:30.569,,,,,,,,,,,,,,,13.01582,77.5656216666667
2025-10-17 00:03:30.619,,21.1764705882353,,,,,,,,,,,,,13.01582,77.5656216666667
2025-10-17 00:03:30.666,,,,,0.831380090497737,,,,,,,,,,13.01582,77.5656216666667
2025-10-17 00:03:30.666,,,,,,,,,,,,,,,13.01582,77.5656216666667
2025-10-17 00:03:30.666,,,,,,,,,,,,,,,13.01582,77.5656216666667
2025-10-17 00:03:30.666,,,,,,,,,,,,,,,13.01582,77.5656216666667
2025-10-17 00:03:30.666,,,,,,,,,,,,,,,13.01582,77.5656216666667
2025-10-17 00:03:30.666,,,,,,,,,,,,,,,13.01582,77.5656216666667
2025-10-17 00:03:30.666,,,,13.61,,,,,,,,,,,13.01582,77.5656216666667
2025-10-17 00:03:30.666,,,,,,,,,16.332,,,,,,13.01582,77.5656216666667
2025-10-17 00:03:30.718,,,,,,,,,,,,,,,13.01582,77.5656216666667
2025-10-17 00:03:30.718,,,,,,,,,,,,,,,13.01582,77.5656216666667
2025-10-17 00:03:30.718,,,,,,,,,,,,,,,13.01582,77.5656216666667
2025-10-17 00:03:30.718,,,,,,,,,,,,,,,13.01582,77.5656216666667
2025-10-17 00:03:30.718,,,,,,,,,,,,,,,13.01582,77.5656216666667
2025-10-17 00:03:30.771,,21.1764705882353,,,,,,,,,,,,,13.01582,77.5656216666667
2025-10-17 00:03:30.821,,,,,0.834434389140272,,,,,,,,,,13.01582,77.5656216666667
2025-10-17 00:03:30.821,,,,,,,,,,,,,,,13.01582,77.5656216666667
2025-10-17 00:03:30.821,,,,,,,,,,,,,,,13.01582,77.5656216666667
2025-10-17 00:03:30.821,,,,,,,,,,,,,,,13.01582,77.5656216666667
2025-10-17 00:03:30.821,,,,,,,,,,,,,,,13.01582,77.5656216666667
2025-10-17 00:03:30.821,,,,,,,,,,,,,,,13.01582,77.5656216666667
2025-10-17 00:03:30.821,,,,13.66,,,,,,,,,,,13.01582,77.5656216666667
2025-10-17 00:03:30.821,,,,,,,,,16.392,,,,,,13.01582,77.5656216666667
2025-10-17 00:03:30.874,,,,,,,,,,,,,,,13.01582,77.5656216666667
2025-10-17 00:03:30.874,,,,,,,,,,,,,,,13.01582,77.5656216666667
2025-10-17 00:03:30.874,,,,,,,,,,,,,,,13.01582,77.5656216666667
2025-10-17 00:03:30.874,,,,,,,,,,,,,,,13.01582,77.5656216666667
2025-10-17 00:03:30.874,,,,,,,,,,,,,,,13.01582,77.5656216666667
2025-10-17 00:03:30.925,,21.5686274509804,,,,,,,,,,,,,13.01582,77.5656216666667
2025-10-17 00:03:30.975,,,,,0.846776018099548,,,,,,,,,,13.01582,77.5656216666667
2025-10-17 00:03:30.975,,,,,,,,,,,,,,,13.01582,77.5656216666667
2025-10-17 00:03:30.975,,,,,,,,,,,,,,,13.01582,77.5656216666667
2025-10-17 00:03:30.975,,,,,,,,,,,,,,,13.01582,77.5656216666667
2025-10-17 00:03:30.975,,,,,,,,,,,,,,,13.01582,77.5656216666667
2025-10-17 00:03:30.975,,,,,,,,,,,,,,,13.01582,77.5656216666667
2025-10-17 00:03:30.975,,,,13.61,,,,,,,,,,,13.01582,77.5656216666667
2025-10-17 00:03:30.975,,,,,,,,,16.332,,,,,,13.01582,77.5656216666667
2025-10-17 00:03:31.027,,,,,,,,,,,,,,,13.01582,77.5656216666667
2025-10-17 00:03:31.027,,,,,,,,,,,,,,,13.01582,77.5656216666667
2025-10-17 00:03:31.027,,,,,,,,,,,,,,,13.01582,77.5656216666667
2025-10-17 00:03:31.027,,,,,,,,,,,,,,,13.01582,77.5656216666667
2025-10-17 00:03:31.027,,,,,,,,,,,,,,,13.01582,77.5656216666667
2025-10-17 00:03:31.078,,21.5686274509804,,,,,,,,,,,,,13.01582,77.5656216666667
2025-10-17 00:03:31.128,,,,,0.851753393665158,,,,,,,,,,13.01582,77.5656216666667
2025-10-17 00:03:31.128,,,,,,,,,,,,,,,13.01582,77.5656216666667
2025-10-17 00:03:31.128,,,,,,,,,,,,,,,13.01582,77.5656216666667
2025-10-17 00:03:31.128,,,,,,,,,,,,,,,13.01582,77.5656216666667
2025-10-17 00:03:31.128,,,,,,,,,,,,,,,13.01582,77.5656216666667
2025-10-17 00:03:31.128,,,,,,,,,,,,,,,13.01582,77.5656216666667
2025-10-17 00:03:31.128,,,,13.69,,,,,,,,,,,13.01582,77.5656216666667
2025-10-17 00:03:31.128,,,,,,,,,16.428,,,,,,13.01582,77.5656216666667
2025-10-17 00:03:31.181,,,,,,,,,,,,,,,13.01582,77.5656216666667
2025-10-17 00:03:31.181,,,,,,,,,,,,,,,13.01582,77.5656216666667
2025-10-17 00:03:31.181,,,,,,,,,,,,,,,13.01582,77.5656216666667
2025-10-17 00:03:31.181,,,,,,,,,,,,,,,13.01582,77.5656216666667
2025-10-17 00:03:31.181,,,,,,,,,,,,,,,13.01582,77.5656216666667
2025-10-17 00:03:31.232,,21.5686274509804,,,,,,,,,,,,,13.01582,77.5656216666667
2025-10-17 00:03:31.279,,,,,0.849886877828054,,,,,,,,,,13.01582,77.5656216666667
2025-10-17 00:03:31.279,,,,,,,,,,,,,,,13.01582,77.5656216666667
2025-10-17 00:03:31.279,,,,,,,,,,,,,,,13.01582,77.5656216666667
2025-10-17 00:03:31.279,,,,,,,,,,,,,,,13.01582,77.5656216666667
2025-10-17 00:03:31.279,,,,,,,,,,,,,,,13.01582,77.5656216666667
2025-10-17 00:03:31.279,,,,,,,,,,,,,,,13.01582,77.5656216666667
2025-10-17 00:03:31.279,,,,13.66,,,,,,,,,,,13.01582,77.5656216666667
2025-10-17 00:03:31.279,,,,,,,,,16.392,,,,,,13.01582,77.5656216666667
2025-10-17 00:03:31.331,,,,,,,,,,,,,,,13.01582,77.5656216666667
2025-10-17 00:03:31.331,,,,,,,,,,,,,,,13.01582,77.5656216666667
2025-10-17 00:03:31.331,,,,,,,,,,,,,,,13.01582,77.5656216666667
2025-10-17 00:03:31.331,,,,,,,,,,,,,,,13.01582,77.5656216666667
2025-10-17 00:03:31.331,,,,,,,,,,,,,,,13.01582,77.5656216666667
2025-10-17 00:03:31.393,,21.1764705882353,,,,,,,,,,,,,13.01582,77.5656216666667
2025-10-17 00:03:31.445,,,,,0.838099547511312,,,,,,,,,,13.01582,77.5656216666667
2025-10-17 00:03:31.445,,,,,,,,,,,,,,,13.01582,77.5656216666667
2025-10-17 00:03:31.445,,,,,,,,,,,,,,,13.01582,77.5656216666667
2025-10-17 00:03:31.445,,,,,,,,,,,,,,,13.01582,77.5656216666667
2025-10-17 00:03:31.445,,,,,,,,,,,,,,,13.01582,77.5656216666667
2025-10-17 00:03:31.445,,,,,,,,,,,,,,,13.01582,77.5656216666667
2025-10-17 00:03:31.445,,,,13.72,,,,,,,,,,,13.01582,77.5656216666667
2025-10-17 00:03:31.445,,,,,,,,,16.464,,,,,,13.01582,77.5656216666667
2025-10-17 00:03:31.520,,,,,,,,,,,,,,,13.01582,77.5656216666667
2025-10-17 00:03:31.520,,,,,,,,,,,,,,,13.01582,77.5656216666667
2025-10-17 00:03:31.520,,,,,,,,,,,,,,,13.01582,77.5656216666667
2025-10-17 00:03:31.520,,,,,,,,,,,,,,,13.01582,77.5656216666667
2025-10-17 00:03:31.520,,,,,,,,,,,,,,,13.01582,77.5656216666667
2025-10-17 00:03:31.582,,21.5686274509804,,,,,,,,,,,,,13.01582,77.5656216666667
2025-10-17 00:03:31.631,,,,,0.853619909502263,,,,,,,,,,13.01582,77.5656216666667
2025-10-17 00:03:31.631,,,,,,,,,,,,,,,13.01582,77.5656216666667
2025-10-17 00:03:31.631,,,,,,,,,,,,,,,13.01582,77.5656216666667
2025-10-17 00:03:31.631,,,,,,,,,,,,,,,13.01582,77.5656216666667
2025-10-17 00:03:31.631,,,,,,,,,,,,,,,13.01582,77.5656216666667
2025-10-17 00:03:31.631,,,,,,,,,,,,,,,13.01582,77.5656216666667
2025-10-17 00:03:31.631,,,,13.72,,,,,,,,,,,13.01582,77.5656216666667
2025-10-17 00:03:31.631,,,,,,,,,16.464,,,,,,13.01582,77.5656216666667
2025-10-17 00:03:31.716,,,,,,,,,,,,,,,13.01582,77.5656216666667
2025-10-17 00:03:31.716,,,,,,,,,,,,,,,13.01582,77.5656216666667
2025-10-17 00:03:31.716,,,,,,,,,,,,,,,13.01582,77.5656216666667
2025-10-17 00:03:31.716,,,,,,,,,,,,,,,13.01582,77.5656216666667
2025-10-17 00:03:31.716,,,,,,,,,,,,,,,13.01582,77.5656216666667
2025-10-17 00:03:31.766,,21.5686274509804,,,,,,,,,,,,,13.01582,77.5656216666667
2025-10-17 00:03:31.828,,,,,0.849886877828054,,,,,,,,,,13.01582,77.5656216666667
2025-10-17 00:03:31.828,,,,,,,,,,,,,,,13.01582,77.5656216666667
2025-10-17 00:03:31.828,,,,,,,,,,,,,,,13.01582,77.5656216666667
2025-10-17 00:03:31.828,,,,,,,,,,,,,,,13.01582,77.5656216666667
2025-10-17 00:03:31.828,,,,,,,,,,,,,,,13.01582,77.5656216666667
2025-10-17 00:03:31.828,,,,,,,,,,,,,,,13.01582,77.5656216666667
2025-10-17 00:03:31.828,,,,13.66,,,,,,,,,,,13.01582,77.5656216666667
2025-10-17 00:03:31.828,,,,,,,,,16.392,,,,,,13.01582,77.5656216666667
2025-10-17 00:03:31.880,,,,,,,,,,,,,,,13.01582,77.5656216666667
2025-10-17 00:03:31.880,,,,,,,,,,,,,,,13.01582,77.5656216666667
2025-10-17 00:03:31.880,,,,,,,,,,,,,,,13.01582,77.5656216666667
2025-10-17 00:03:31.880,,,,,,,,,,,,,,,13.01582,77.5656216666667
2025-10-17 00:03:31.880,,,,,,,,,,,,,,,13.01582,77.5656216666667
2025-10-17 00:03:31.952,,21.5686274509804,,,,,,,,,,,,,13.01582,77.5656216666667
2025-10-17 00:03:31.968,,,,,,,,,,,,,,,13.01582,77.5656183333333
2025-10-17 00:03:32.010,,,,,0.853619909502263,,,,,,,,,,13.01582,77.5656183333333
2025-10-17 00:03:32.010,,,,,,,,,,,,,,,13.01582,77.5656183333333
2025-10-17 00:03:32.010,,,,,,,,,,,,,,,13.01582,77.5656183333333
2025-10-17 00:03:32.010,,,,,,,,,,,,,,,13.01582,77.5656183333333
2025-10-17 00:03:32.010,,,,,,,,,,,,,,,13.01582,77.5656183333333
2025-10-17 00:03:32.010,,,,,,,,,,,,,,,13.01582,77.5656183333333
2025-10-17 00:03:32.010,,,,13.72,,,,,,,,,,,13.01582,77.5656183333333
2025-10-17 00:03:32.010,,,,,,,,,16.464,,,,,,13.01582,77.5656183333333
2025-10-17 00:03:32.064,,,,,,,,,,,,,,,13.01582,77.5656183333333
2025-10-17 00:03:32.064,,,,,,,,,,,,,,,13.01582,77.5656183333333
2025-10-17 00:03:32.064,,,,,,,,,,,,,,,13.01582,77.5656183333333
2025-10-17 00:03:32.064,,,,,,,,,,,,,,,13.01582,77.5656183333333
2025-10-17 00:03:32.064,,,,,,,,,,,,,,,13.01582,77.5656183333333
2025-10-17 00:03:32.165,,21.5686274509804,,,,,,,,,,,,,13.01582,77.5656183333333
2025-10-17 00:03:32.223,,,,,0.846776018099548,,,,,,,,,,13.01582,77.5656183333333
2025-10-17 00:03:32.223,,,,,,,,,,,,,,,13.01582,77.5656183333333
2025-10-17 00:03:32.223,,,,,,,,,,,,,,,13.01582,77.5656183333333
2025-10-17 00:03:32.223,,,,,,,,,,,,,,,13.01582,77.5656183333333
2025-10-17 00:03:32.223,,,,,,,,,,,,,,,13.01582,77.5656183333333
2025-10-17 00:03:32.223,,,,,,,,,,,,,,,13.01582,77.5656183333333
2025-10-17 00:03:32.223,,,,13.61,,,,,,,,,,,13.01582,77.5656183333333
2025-10-17 00:03:32.223,,,,,,,,,16.332,,,,,,13.01582,77.5656183333333
2025-10-17 00:03:32.277,,,,,,,,,,,,,,,13.01582,77.5656183333333
2025-10-17 00:03:32.277,,,,,,,,,,,,,,,13.01582,77.5656183333333
2025-10-17 00:03:32.277,,,,,,,,,,,,,,,13.01582,77.5656183333333
2025-10-17 00:03:32.277,,,,,,,,,,,,,,,13.01582,77.5656183333333
2025-10-17 00:03:32.277,,,,,,,,,,,,,,,13.01582,77.5656183333333
2025-10-17 00:03:32.329,,21.1764705882353,,,,,,,,,,,,,13.01582,77.5656183333333
2025-10-17 00:03:32.377,,,,,0.832601809954751,,,,,,,,,,13.01582,77.5656183333333
2025-10-17 00:03:32.377,,,,,,,,,,,,,,,13.01582,77.5656183333333
2025-10-17 00:03:32.377,,,,,,,,,,,,,,,13.01582,77.5656183333333
2025-10-17 00:03:32.377,,,,,,,,,,,,,,,13.01582,77.5656183333333
2025-10-17 00:03:32.377,,,,,,,,,,,,,,,13.01582,77.5656183333333
2025-10-17 00:03:32.377,,,,,,,,,,,,,,,13.01582,77.5656183333333
2025-10-17 00:03:32.377,,,,13.63,,,,,,,,,,,13.01582,77.5656183333333
2025-10-17 00:03:32.377,,,,,,,,,16.356,,,,,,13.01582,77.5656183333333
2025-10-17 00:03:32.429,,,,,,,,,,,,,,,13.01582,77.5656183333333
2025-10-17 00:03:32.429,,,,,,,,,,,,,,,13.01582,77.5656183333333
2025-10-17 00:03:32.429,,,,,,,,,,,,,,,13.01582,77.5656183333333
2025-10-17 00:03:32.429,,,,,,,,,,,,,,,13.01582,77.5656183333333
2025-10-17 00:03:32.429,,,,,,,,,,,,,,,13.01582,77.5656183333333
2025-10-17 00:03:32.479,,21.1764705882353,,,,,,,,,,,,,13.01582,77.5656183333333
2025-10-17 00:03:32.529,,,,,0.834434389140272,,,,,,,,,,13.01582,77.5656183333333
2025-10-17 00:03:32.529,,,,,,,,,,,,,,,13.01582,77.5656183333333
2025-10-17 00:03:32.529,,,,,,,,,,,,,,,13.01582,77.5656183333333
2025-10-17 00:03:32.529,,,,,,,,,,,,,,,13.01582,77.5656183333333
2025-10-17 00:03:32.529,,,,,,,,,,,,,,,13.01582,77.5656183333333
2025-10-17 00:03:32.529,,,,,,,,,,,,,,,13.01582,77.5656183333333
2025-10-17 00:03:32.529,,,,13.66,,,,,,,,,,,13.01582,77.5656183333333
2025-10-17 00:03:32.529,,,,,,,,,16.392,,,,,,13.01582,77.5656183333333
2025-10-17 00:03:32.594,,,,,,,,,,,,,,,13.01582,77.5656183333333
2025-10-17 00:03:32.594,,,,,,,,,,,,,,,13.01582,77.5656183333333
2025-10-17 00:03:32.594,,,,,,,,,,,,,,,13.01582,77.5656183333333
2025-10-17 00:03:32.594,,,,,,,,,,,,,,,13.01582,77.5656183333333
2025-10-17 00:03:32.594,,,,,,,,,,,,,,,13.01582,77.5656183333333
2025-10-17 00:03:32.647,,21.1764705882353,,,,,,,,,,,,,13.01582,77.5656183333333
2025-10-17 00:03:32.711,,,,,0.841153846153846,,,,,,,,,,13.01582,77.5656183333333
2025-10-17 00:03:32.711,,,,,,,,,,,,,,,13.01582,77.5656183333333
2025-10-17 00:03:32.711,,,,,,,,,,,,,,,13.01582,77.5656183333333
2025-10-17 00:03:32.711,,,,,,,,,,,,,,,13.01582,77.5656183333333
2025-10-17 00:03:32.711,,,,,,,,,,,,,,,13.01582,77.5656183333333
2025-10-17 00:03:32.711,,,,,,,,,,,,,,,13.01582,77.5656183333333
2025-10-17 00:03:32.711,,,,13.77,,,,,,,,,,,13.01582,77.5656183333333
2025-10-17 00:03:32.711,,,,,,,,,16.524,,,,,,13.01582,77.5656183333333
2025-10-17 00:03:32.798,,,,,,,,,,,,,,,13.01582,77.5656183333333
2025-10-17 00:03:32.798,,,,,,,,,,,,,,,13.01582,77.5656183333333
2025-10-17 00:03:32.798,,,,,,,,,,,,,,,13.01582,77.5656183333333
2025-10-17 00:03:32.798,,,,,,,,,,,,,,,13.01582,77.5656183333333
2025-10-17 00:03:32.798,,,,,,,,,,,,,,,13.01582,77.5656183333333
2025-10-17 00:03:32.850,,21.5686274509804,,,,,,,,,,,,,13.01582,77.5656183333333
2025-10-17 00:03:32.896,,,,,,,,,,,,,,,13.0157847,77.5656106
2025-10-17 00:03:32.907,,,,,0.849886877828054,,,,,,,,,,13.0157847,77.5656106
2025-10-17 00:03:32.907,,,,,,,,,,,,,,,13.0157847,77.5656106
2025-10-17 00:03:32.907,,,,,,,,,,,,,,,13.0157847,77.5656106
2025-10-17 00:03:32.907,,,,,,,,,,,,,,,13.0157847,77.5656106
2025-10-17 00:03:32.907,,,,,,,,,,,,,,,13.0157847,77.5656106
2025-10-17 00:03:32.907,,,,,,,,,,,,,,,13.0157847,77.5656106
2025-10-17 00:03:32.907,,,,13.66,,,,,,,,,,,13.0157847,77.5656106
2025-10-17 00:03:32.907,,,,,,,,,16.392,,,,,,13.0157847,77.5656106
2025-10-17 00:03:32.969,,,,,,,,,,,,,,,13.0157847,77.5656106
2025-10-17 00:03:32.969,,,,,,,,,,,,,,,13.0157847,77.5656106
2025-10-17 00:03:32.969,,,,,,,,,,,,,,,13.0157847,77.5656106
2025-10-17 00:03:32.969,,,,,,,,,,,,,,,13.0157847,77.5656106
2025-10-17 00:03:32.969,,,,,,,,,,,,,,,13.0157847,77.5656106
2025-10-17 00:03:33.019,,21.5686274509804,,,,,,,,,,,,,13.0157847,77.5656106
2025-10-17 00:03:33.088,,,,,0.846776018099548,,,,,,,,,,13.0157847,77.5656106
2025-10-17 00:03:33.088,,,,,,,,,,,,,,,13.0157847,77.5656106
2025-10-17 00:03:33.088,,,,,,,,,,,,,,,13.0157847,77.5656106
2025-10-17 00:03:33.088,,,,,,,,,,,,,,,13.0157847,77.5656106
2025-10-17 00:03:33.088,,,,,,,,,,,,,,,13.0157847,77.5656106
2025-10-17 00:03:33.088,,,,,,,,,,,,,,,13.0157847,77.5656106
2025-10-17 00:03:33.088,,,,13.61,,,,,,,,,,,13.0157847,77.5656106
2025-10-17 00:03:33.088,,,,,,,,,16.332,,,,,,13.0157847,77.5656106
2025-10-17 00:03:33.133,,,,,,,,,,,,,,,13.0157847,77.5656106
2025-10-17 00:03:33.133,,,,,,,,,,,,,,,13.0157847,77.5656106
2025-10-17 00:03:33.133,,,,,,,,,,,,,,,13.0157847,77.5656106
2025-10-17 00:03:33.133,,,,,,,,,,,,,,,13.0157847,77.5656106
2025-10-17 00:03:33.133,,,,,,,,,,,,,,,13.0157847,77.5656106
2025-10-17 00:03:33.189,,21.5686274509804,,,,,,,,,,,,,13.0157847,77.5656106
2025-10-17 00:03:33.237,,,,,0.846776018099548,,,,,,,,,,13.0157847,77.5656106
2025-10-17 00:03:33.237,,,,,,,,,,,,,,,13.0157847,77.5656106
2025-10-17 00:03:33.237,,,,,,,,,,,,,,,13.0157847,77.5656106
2025-10-17 00:03:33.237,,,,,,,,,,,,,,,13.0157847,77.5656106
2025-10-17 00:03:33.237,,,,,,,,,,,,,,,13.0157847,77.5656106
2025-10-17 00:03:33.237,,,,,,,,,,,,,,,13.0157847,77.5656106
2025-10-17 00:03:33.237,,,,13.61,,,,,,,,,,,13.0157847,77.5656106
2025-10-17 00:03:33.237,,,,,,,,,16.332,,,,,,13.0157847,77.5656106
2025-10-17 00:03:33.283,,,,,,,,,,,,,,,13.0157847,77.5656106
2025-10-17 00:03:33.283,,,,,,,,,,,,,,,13.0157847,77.5656106
2025-10-17 00:03:33.283,,,,,,,,,,,,,,,13.0157847,77.5656106
2025-10-17 00:03:33.283,,,,,,,,,,,,,,,13.0157847,77.5656106
2025-10-17 00:03:33.283,,,,,,,,,,,,,,,13.0157847,77.5656106
2025-10-17 00:03:33.333,,21.5686274509804,,,,,,,,,,,,,13.0157847,77.5656106
2025-10-17 00:03:33.392,,,,,0.846776018099548,,,,,,,,,,13.0157847,77.5656106
2025-10-17 00:03:33.392,,,,,,,,,,,,,,,13.0157847,77.5656106
2025-10-17 00:03:33.392,,,,,,,,,,,,,,,13.0157847,77.5656106
2025-10-17 00:03:33.392,,,,,,,,,,,,,,,13.0157847,77.5656106
2025-10-17 00:03:33.392,,,,,,,,,,,,,,,13.0157847,77.5656106
2025-10-17 00:03:33.392,,,,,,,,,,,,,,,13.0157847,77.5656106
2025-10-17 00:03:33.392,,,,13.61,,,,,,,,,,,13.0157847,77.5656106
2025-10-17 00:03:33.392,,,,,,,,,16.332,,,,,,13.0157847,77.5656106
2025-10-17 00:03:33.441,,,,,,,,,,,,,,,13.0157847,77.5656106
2025-10-17 00:03:33.441,,,,,,,,,,,,,,,13.0157847,77.5656106
2025-10-17 00:03:33.441,,,,,,,,,,,,,,,13.0157847,77.5656106
2025-10-17 00:03:33.441,,,,,,,,,,,,,,,13.0157847,77.5656106
2025-10-17 00:03:33.441,,,,,,,,,,,,,,,13.0157847,77.5656106
2025-10-17 00:03:33.500,,21.5686274509804,,,,,,,,,,,,,13.0157847,77.5656106
2025-10-17 00:03:33.547,,,,,0.849886877828054,,,,,,,,,,13.0157847,77.5656106
2025-10-17 00:03:33.547,,,,,,,,,,,,,,,13.0157847,77.5656106
2025-10-17 00:03:33.547,,,,,,,,,,,,,,,13.0157847,77.5656106
2025-10-17 00:03:33.547,,,,,,,,,,,,,,,13.0157847,77.5656106
2025-10-17 00:03:33.547,,,,,,,,,,,,,,,13.0157847,77.5656106
2025-10-17 00:03:33.547,,,,,,,,,,,,,,,13.0157847,77.5656106
2025-10-17 00:03:33.547,,,,13.66,,,,,,,,,,,13.0157847,77.5656106
2025-10-17 00:03:33.547,,,,,,,,,16.392,,,,,,13.0157847,77.5656106
2025-10-17 00:03:33.604,,,,,,,,,,,,,,,13.0157847,77.5656106
2025-10-17 00:03:33.604,,,,,,,,,,,,,,,13.0157847,77.5656106
2025-10-17 00:03:33.604,,,,,,,,,,,,,,,13.0157847,77.5656106
2025-10-17 00:03:33.604,,,,,,,,,,,,,,,13.0157847,77.5656106
2025-10-17 00:03:33.604,,,,,,,,,,,,,,,13.0157847,77.5656106
2025-10-17 00:03:33.651,,21.1764705882353,,,,,,,,,,,,,13.0157847,77.5656106
2025-10-17 00:03:33.697,,,,,0.832601809954751,,,,,,,,,,13.0157847,77.5656106
2025-10-17 00:03:33.697,,,,,,,,,,,,,,,13.0157847,77.5656106
2025-10-17 00:03:33.697,,,,,,,,,,,,,,,13.0157847,77.5656106
2025-10-17 00:03:33.697,,,,,,,,,,,,,,,13.0157847,77.5656106
2025-10-17 00:03:33.697,,,,,,,,,,,,,,,13.0157847,77.5656106
2025-10-17 00:03:33.697,,,,,,,,,,,,,,,13.0157847,77.5656106
2025-10-17 00:03:33.697,,,,13.63,,,,,,,,,,,13.0157847,77.5656106
2025-10-17 00:03:33.697,,,,,,,,,16.356,,,,,,13.0157847,77.5656106
2025-10-17 00:03:33.746,,,,,,,,,,,,,,,13.0157847,77.5656106
2025-10-17 00:03:33.746,,,,,,,,,,,,,,,13.0157847,77.5656106
2025-10-17 00:03:33.746,,,,,,,,,,,,,,,13.0157847,77.5656106
2025-10-17 00:03:33.746,,,,,,,,,,,,,,,13.0157847,77.5656106
2025-10-17 00:03:33.746,,,,,,,,,,,,,,,13.0157847,77.5656106
2025-10-17 00:03:33.805,,21.1764705882353,,,,,,,,,,,,,13.0157847,77.5656106
2025-10-17 00:03:33.851,,,,,0.836266968325792,,,,,,,,,,13.0157847,77.5656106
2025-10-17 00:03:33.851,,,,,,,,,,,,,,,13.0157847,77.5656106
2025-10-17 00:03:33.851,,,,,,,,,,,,,,,13.0157847,77.5656106
2025-10-17 00:03:33.851,,,,,,,,,,,,,,,13.0157847,77.5656106
2025-10-17 00:03:33.851,,,,,,,,,,,,,,,13.0157847,77.5656106
2025-10-17 00:03:33.851,,,,,,,,,,,,,,,13.0157847,77.5656106
2025-10-17 00:03:33.851,,,,13.69,,,,,,,,,,,13.0157847,77.5656106
2025-10-17 00:03:33.851,,,,,,,,,16.428,,,,,,13.0157847,77.5656106
2025-10-17 00:03:33.908,,,,,,,,,,,,,,,13.0157847,77.5656106
2025-10-17 00:03:33.908,,,,,,,,,,,,,,,13.0157847,77.5656106
2025-10-17 00:03:33.908,,,,,,,,,,,,,,,13.0157847,77.5656106
2025-10-17 00:03:33.908,,,,,,,,,,,,,,,13.0157847,77.5656106
2025-10-17 00:03:33.908,,,,,,,,,,,,,,,13.0157847,77.5656106
2025-10-17 00:03:33.959,,21.5686274509804,,,,,,,,,,,,,13.0157847,77.5656106
2025-10-17 00:03:34.005,,,,,0.854864253393665,,,,,,,,,,13.0157847,77.5656106
2025-10-17 00:03:34.005,,,,,,,,,,,,,,,13.0157847,77.5656106
2025-10-17 00:03:34.005,,,,,,,,,,,,,,,13.0157847,77.5656106
2025-10-17 00:03:34.005,,,,,,,,,,,,,,,13.0157847,77.5656106
2025-10-17 00:03:34.005,,,,,,,,,,,,,,,13.0157847,77.5656106
2025-10-17 00:03:34.005,,,,,,,,,,,,,,,13.0157847,77.5656106
2025-10-17 00:03:34.005,,,,13.74,,,,,,,,,,,13.0157847,77.5656106
2025-10-17 00:03:34.005,,,,,,,,,16.488,,,,,,13.0157847,77.5656106
2025-10-17 00:03:34.054,,,,,,,,,,,,,,,13.0157847,77.5656106
2025-10-17 00:03:34.054,,,,,,,,,,,,,,,13.0157847,77.5656106
2025-10-17 00:03:34.054,,,,,,,,,,,,,,,13.0157847,77.5656106
2025-10-17 00:03:34.054,,,,,,,,,,,,,,,13.0157847,77.5656106
2025-10-17 00:03:34.054,,,,,,,,,,,,,,,13.0157847,77.5656106
2025-10-17 00:03:34.099,,21.5686274509804,,,,,,,,,,,,,13.0157847,77.5656106
2025-10-17 00:03:34.156,,,,,0.851753393665158,,,,,,,,,,13.0157847,77.5656106
2025-10-17 00:03:34.156,,,,,,,,,,,,,,,13.0157847,77.5656106
2025-10-17 00:03:34.156,,,,,,,,,,,,,,,13.0157847,77.5656106
2025-10-17 00:03:34.156,,,,,,,,,,,,,,,13.0157847,77.5656106
2025-10-17 00:03:34.156,,,,,,,,,,,,,,,13.0157847,77.5656106
2025-10-17 00:03:34.156,,,,,,,,,,,,,,,13.0157847,77.5656106
2025-10-17 00:03:34.156,,,,13.69,,,,,,,,,,,13.0157847,77.5656106
2025-10-17 00:03:34.156,,,,,,,,,16.428,,,,,,13.0157847,77.5656106
2025-10-17 00:03:34.206,,,,,,,,,,,,,,,13.0157847,77.5656106
2025-10-17 00:03:34.206,,,,,,,,,,,,,,,13.0157847,77.5656106
2025-10-17 00:03:34.206,,,,,,,,,,,,,,,13.0157847,77.5656106
2025-10-17 00:03:34.206,,,,,,,,,,,,,,,13.0157847,77.5656106
2025-10-17 00:03:34.206,,,,,,,,,,,,,,,13.0157847,77.5656106
2025-10-17 00:03:34.258,,21.1764705882353,,,,,,,,,,,,,13.0157847,77.5656106
2025-10-17 00:03:34.307,,,,,0.841153846153846,,,,,,,,,,13.0157847,77.5656106
2025-10-17 00:03:34.307,,,,,,,,,,,,,,,13.0157847,77.5656106
2025-10-17 00:03:34.307,,,,,,,,,,,,,,,13.0157847,77.5656106
2025-10-17 00:03:34.307,,,,,,,,,,,,,,,13.0157847,77.5656106
2025-10-17 00:03:34.307,,,,,,,,,,,,,,,13.0157847,77.5656106
2025-10-17 00:03:34.307,,,,,,,,,,,,,,,13.0157847,77.5656106
2025-10-17 00:03:34.307,,,,13.77,,,,,,,,,,,13.0157847,77.5656106
2025-10-17 00:03:34.307,,,,,,,,,16.524,,,,,,13.0157847,77.5656106
2025-10-17 00:03:34.355,,,,,,,,,,,,,,,13.0157847,77.5656106
2025-10-17 00:03:34.355,,,,,,,,,,,,,,,13.0157847,77.5656106
2025-10-17 00:03:34.355,,,,,,,,,,,,,,,13.0157847,77.5656106
2025-10-17 00:03:34.355,,,,,,,,,,,,,,,13.0157847,77.5656106
2025-10-17 00:03:34.355,,,,,,,,,,,,,,,13.0157847,77.5656106
2025-10-17 00:03:34.426,,21.1764705882353,,,,,,,,,,,,,13.0157847,77.5656106
2025-10-17 00:03:34.475,,,,,0.834434389140272,,,,,,,,,,13.0157847,77.5656106
2025-10-17 00:03:34.475,,,,,,,,,,,,,,,13.0157847,77.5656106
2025-10-17 00:03:34.475,,,,,,,,,,,,,,,13.0157847,77.5656106
2025-10-17 00:03:34.475,,,,,,,,,,,,,,,13.0157847,77.5656106
2025-10-17 00:03:34.475,,,,,,,,,,,,,,,13.0157847,77.5656106
2025-10-17 00:03:34.475,,,,,,,,,,,,,,,13.0157847,77.5656106
2025-10-17 00:03:34.475,,,,13.66,,,,,,,,,,,13.0157847,77.5656106
2025-10-17 00:03:34.475,,,,,,,,,16.392,,,,,,13.0157847,77.5656106
2025-10-17 00:03:34.522,,,,,,,,,,,,,,,13.0157847,77.5656106
2025-10-17 00:03:34.522,,,,,,,,,,,,,,,13.0157847,77.5656106
2025-10-17 00:03:34.522,,,,,,,,,,,,,,,13.0157847,77.5656106
2025-10-17 00:03:34.522,,,,,,,,,,,,,,,13.0157847,77.5656106
2025-10-17 00:03:34.522,,,,,,,,,,,,,,,13.0157847,77.5656106
2025-10-17 00:03:34.567,,21.1764705882353,,,,,,,,,,,,,13.0157847,77.5656106
2025-10-17 00:03:34.613,,,,,0.832601809954751,,,,,,,,,,13.0157847,77.5656106
2025-10-17 00:03:34.613,,,,,,,,,,,,,,,13.0157847,77.5656106
2025-10-17 00:03:34.613,,,,,,,,,,,,,,,13.0157847,77.5656106
2025-10-17 00:03:34.613,,,,,,,,,,,,,,,13.0157847,77.5656106
2025-10-17 00:03:34.613,,,,,,,,,,,,,,,13.0157847,77.5656106
2025-10-17 00:03:34.613,,,,,,,,,,,,,,,13.0157847,77.5656106
2025-10-17 00:03:34.613,,,,13.63,,,,,,,,,,,13.0157847,77.5656106
2025-10-17 00:03:34.613,,,,,,,,,16.356,,,,,,13.0157847,77.5656106
2025-10-17 00:03:34.660,,,,,,,,,,,,,,,13.0157847,77.5656106
2025-10-17 00:03:34.660,,,,,,,,,,,,,,,13.0157847,77.5656106
2025-10-17 00:03:34.660,,,,,,,,,,,,,,,13.0157847,77.5656106
2025-10-17 00:03:34.660,,,,,,,,,,,,,,,13.0157847,77.5656106
2025-10-17 00:03:34.660,,,,,,,,,,,,,,,13.0157847,77.5656106
2025-10-17 00:03:34.708,,21.5686274509804,,,,,,,,,,,,,13.0157847,77.5656106
2025-10-17 00:03:34.753,,,,,0.853619909502263,,,,,,,,,,13.0157847,77.5656106
2025-10-17 00:03:34.753,,,,,,,,,,,,,,,13.0157847,77.5656106
2025-10-17 00:03:34.753,,,,,,,,,,,,,,,13.0157847,77.5656106
2025-10-17 00:03:34.753,,,,,,,,,,,,,,,13.0157847,77.5656106
2025-10-17 00:03:34.753,,,,,,,,,,,,,,,13.0157847,77.5656106
2025-10-17 00:03:34.753,,,,,,,,,,,,,,,13.0157847,77.5656106
2025-10-17 00:03:34.753,,,,13.72,,,,,,,,,,,13.0157847,77.5656106
2025-10-17 00:03:34.753,,,,,,,,,16.464,,,,,,13.0157847,77.5656106
2025-10-17 00:03:34.804,,,,,,,,,,,,,,,13.0157847,77.5656106
2025-10-17 00:03:34.804,,,,,,,,,,,,,,,13.0157847,77.5656106
2025-10-17 00:03:34.804,,,,,,,,,,,,,,,13.0157847,77.5656106
2025-10-17 00:03:34.804,,,,,,,,,,,,,,,13.0157847,77.5656106
2025-10-17 00:03:34.804,,,,,,,,,,,,,,,13.0157847,77.5656106
2025-10-17 00:03:34.854,,21.1764705882353,,,,,,,,,,,,,13.0157847,77.5656106
2025-10-17 00:03:34.899,,,,,0.841153846153846,,,,,,,,,,13.0157847,77.5656106
2025-10-17 00:03:34.899,,,,,,,,,,,,,,,13.0157847,77.5656106
2025-10-17 00:03:34.899,,,,,,,,,,,,,,,13.0157847,77.5656106
2025-10-17 00:03:34.899,,,,,,,,,,,,,,,13.0157847,77.5656106
2025-10-17 00:03:34.899,,,,,,,,,,,,,,,13.0157847,77.5656106
2025-10-17 00:03:34.899,,,,,,,,,,,,,,,13.0157847,77.5656106
2025-10-17 00:03:34.899,,,,13.77,,,,,,,,,,,13.0157847,77.5656106
2025-10-17 00:03:34.899,,,,,,,,,16.524,,,,,,13.0157847,77.5656106
2025-10-17 00:03:34.955,,,,,,,,,,,,,,,13.0157847,77.5656106
2025-10-17 00:03:34.955,,,,,,,,,,,,,,,13.0157847,77.5656106
2025-10-17 00:03:34.955,,,,,,,,,,,,,,,13.0157847,77.5656106
2025-10-17 00:03:34.955,,,,,,,,,,,,,,,13.0157847,77.5656106
2025-10-17 00:03:34.955,,,,,,,,,,,,,,,13.0157847,77.5656106
2025-10-17 00:03:35.006,,21.5686274509804,,,,,,,,,,,,,13.0157847,77.5656106
2025-10-17 00:03:35.059,,,,,0.854864253393665,,,,,,,,,,13.0157847,77.5656106
2025-10-17 00:03:35.059,,,,,,,,,,,,,,,13.0157847,77.5656106
2025-10-17 00:03:35.059,,,,,,,,,,,,,,,13.0157847,77.5656106
2025-10-17 00:03:35.059,,,,,,,,,,,,,,,13.0157847,77.5656106
2025-10-17 00:03:35.059,,,,,,,,,,,,,,,13.0157847,77.5656106
2025-10-17 00:03:35.059,,,,,,,,,,,,,,,13.0157847,77.5656106
2025-10-17 00:03:35.059,,,,13.74,,,,,,,,,,,13.0157847,77.5656106
2025-10-17 00:03:35.059,,,,,,,,,16.488,,,,,,13.0157847,77.5656106
2025-10-17 00:03:35.117,,,,,,,,,,,,,,,13.0157847,77.5656106
2025-10-17 00:03:35.117,,,,,,,,,,,,,,,13.0157847,77.5656106
2025-10-17 00:03:35.117,,,,,,,,,,,,,,,13.0157847,77.5656106
2025-10-17 00:03:35.117,,,,,,,,,,,,,,,13.0157847,77.5656106
2025-10-17 00:03:35.117,,,,,,,,,,,,,,,13.0157847,77.5656106
2025-10-17 00:03:35.170,,21.1764705882353,,,,,,,,,,,,,13.0157847,77.5656106
2025-10-17 00:03:35.223,,,,,0.836266968325792,,,,,,,,,,13.0157847,77.5656106
2025-10-17 00:03:35.223,,,,,,,,,,,,,,,13.0157847,77.5656106
2025-10-17 00:03:35.223,,,,,,,,,,,,,,,13.0157847,77.5656106
2025-10-17 00:03:35.223,,,,,,,,,,,,,,,13.0157847,77.5656106
2025-10-17 00:03:35.223,,,,,,,,,,,,,,,13.0157847,77.5656106
2025-10-17 00:03:35.223,,,,,,,,,,,,,,,13.0157847,77.5656106
2025-10-17 00:03:35.223,,,,13.69,,,,,,,,,,,13.0157847,77.5656106
2025-10-17 00:03:35.223,,,,,,,,,16.428,,,,,,13.0157847,77.5656106
2025-10-17 00:03:35.286,,,,,,,,,,,,,,,13.0157847,77.5656106
2025-10-17 00:03:35.286,,,,,,,,,,,,,,,13.0157847,77.5656106
2025-10-17 00:03:35.286,,,,,,,,,,,,,,,13.0157847,77.5656106
2025-10-17 00:03:35.286,,,,,,,,,,,,,,,13.0157847,77.5656106
2025-10-17 00:03:35.286,,,,,,,,,,,,,,,13.0157847,77.5656106
2025-10-17 00:03:35.355,,21.1764705882353,,,,,,,,,,,,,13.0157847,77.5656106
2025-10-17 00:03:35.403,,,,,0.832601809954751,,,,,,,,,,13.0157847,77.5656106
2025-10-17 00:03:35.403,,,,,,,,,,,,,,,13.0157847,77.5656106
2025-10-17 00:03:35.403,,,,,,,,,,,,,,,13.0157847,77.5656106
2025-10-17 00:03:35.403,,,,,,,,,,,,,,,13.0157847,77.5656106
2025-10-17 00:03:35.403,,,,,,,,,,,,,,,13.0157847,77.5656106
2025-10-17 00:03:35.403,,,,,,,,,,,,,,,13.0157847,77.5656106
2025-10-17 00:03:35.403,,,,13.63,,,,,,,,,,,13.0157847,77.5656106
2025-10-17 00:03:35.403,,,,,,,,,16.356,,,,,,13.0157847,77.5656106
2025-10-17 00:03:35.455,,,,,,,,,,,,,,,13.0157847,77.5656106
2025-10-17 00:03:35.455,,,,,,,,,,,,,,,13.0157847,77.5656106
2025-10-17 00:03:35.455,,,,,,,,,,,,,,,13.0157847,77.5656106
2025-10-17 00:03:35.455,,,,,,,,,,,,,,,13.0157847,77.5656106
2025-10-17 00:03:35.455,,,,,,,,,,,,,,,13.0157847,77.5656106
2025-10-17 00:03:35.531,,21.1764705882353,,,,,,,,,,,,,13.0157847,77.5656106
2025-10-17 00:03:35.579,,,,,0.834434389140272,,,,,,,,,,13.0157847,77.5656106
2025-10-17 00:03:35.579,,,,,,,,,,,,,,,13.0157847,77.5656106
2025-10-17 00:03:35.579,,,,,,,,,,,,,,,13.0157847,77.5656106
2025-10-17 00:03:35.579,,,,,,,,,,,,,,,13.0157847,77.5656106
2025-10-17 00:03:35.579,,,,,,,,,,,,,,,13.0157847,77.5656106
2025-10-17 00:03:35.579,,,,,,,,,,,,,,,13.0157847,77.5656106
2025-10-17 00:03:35.579,,,,13.66,,,,,,,,,,,13.0157847,77.5656106
2025-10-17 00:03:35.579,,,,,,,,,16.392,,,,,,13.0157847,77.5656106
2025-10-17 00:03:35.661,,,,,,,,,,,,,,,13.0157847,77.5656106
2025-10-17 00:03:35.661,,,,,,,,,,,,,,,13.0157847,77.5656106
2025-10-17 00:03:35.661,,,,,,,,,,,,,,,13.0157847,77.5656106
2025-10-17 00:03:35.661,,,,,,,,,,,,,,,13.0157847,77.5656106
2025-10-17 00:03:35.661,,,,,,,,,,,,,,,13.0157847,77.5656106
2025-10-17 00:03:35.706,,21.1764705882353,,,,,,,,,,,,,13.0157847,77.5656106
2025-10-17 00:03:35.753,,,,,0.836266968325792,,,,,,,,,,13.0157847,77.5656106
2025-10-17 00:03:35.753,,,,,,,,,,,,,,,13.0157847,77.5656106
2025-10-17 00:03:35.753,,,,,,,,,,,,,,,13.0157847,77.5656106
2025-10-17 00:03:35.753,,,,,,,,,,,,,,,13.0157847,77.5656106
2025-10-17 00:03:35.753,,,,,,,,,,,,,,,13.0157847,77.5656106
2025-10-17 00:03:35.753,,,,,,,,,,,,,,,13.0157847,77.5656106
2025-10-17 00:03:35.753,,,,13.69,,,,,,,,,,,13.0157847,77.5656106
2025-10-17 00:03:35.753,,,,,,,,,16.428,,,,,,13.0157847,77.5656106
2025-10-17 00:03:35.826,,,,,,,,,,,,,,,13.0157847,77.5656106
2025-10-17 00:03:35.826,,,,,,,,,,,,,,,13.0157847,77.5656106
2025-10-17 00:03:35.826,,,,,,,,,,,,,,,13.0157847,77.5656106
2025-10-17 00:03:35.826,,,,,,,,,,,,,,,13.0157847,77.5656106
2025-10-17 00:03:35.826,,,,,,,,,,,,,,,13.0157847,77.5656106
2025-10-17 00:03:35.880,,21.5686274509804,,,,,,,,,,,,,13.0157847,77.5656106
2025-10-17 00:03:35.929,,,,,0.84802036199095,,,,,,,,,,13.0157847,77.5656106
2025-10-17 00:03:35.929,,,,,,,,,,,,,,,13.0157847,77.5656106
2025-10-17 00:03:35.929,,,,,,,,,,,,,,,13.0157847,77.5656106
2025-10-17 00:03:35.929,,,,,,,,,,,,,,,13.0157847,77.5656106
2025-10-17 00:03:35.929,,,,,,,,,,,,,,,13.0157847,77.5656106
2025-10-17 00:03:35.929,,,,,,,,,,,,,,,13.0157847,77.5656106
2025-10-17 00:03:35.929,,,,13.63,,,,,,,,,,,13.0157847,77.5656106
2025-10-17 00:03:35.929,,,,,,,,,16.356,,,,,,13.0157847,77.5656106
2025-10-17 00:03:35.979,,,,,,,,,,,,,,,13.0157847,77.5656106
2025-10-17 00:03:35.979,,,,,,,,,,,,,,,13.0157847,77.5656106
2025-10-17 00:03:35.979,,,,,,,,,,,,,,,13.0157847,77.5656106
2025-10-17 00:03:35.979,,,,,,,,,,,,,,,13.0157847,77.5656106
2025-10-17 00:03:35.979,,,,,,,,,,,,,,,13.0157847,77.5656106
2025-10-17 00:03:36.045,,21.1764705882353,,,,,,,,,,,,,13.0157847,77.5656106
2025-10-17 00:03:36.090,,,,,0.839321266968326,,,,,,,,,,13.0157847,77.5656106
2025-10-17 00:03:36.090,,,,,,,,,,,,,,,13.0157847,77.5656106
2025-10-17 00:03:36.090,,,,,,,,,,,,,,,13.0157847,77.5656106
2025-10-17 00:03:36.090,,,,,,,,,,,,,,,13.0157847,77.5656106
2025-10-17 00:03:36.090,,,,,,,,,,,,,,,13.0157847,77.5656106
2025-10-17 00:03:36.090,,,,,,,,,,,,,,,13.0157847,77.5656106
2025-10-17 00:03:36.090,,,,13.74,,,,,,,,,,,13.0157847,77.5656106
2025-10-17 00:03:36.090,,,,,,,,,16.488,,,,,,13.0157847,77.5656106
2025-10-17 00:03:41.056,,,,,,,,,,,,,,,13.0158566666667,77.5656216666667
2025-10-17 00:03:41.056,,,,,,,0.298332989215851,,,,,,,,13.0158566666667,77.5656216666667
2025-10-17 00:03:41.057,,,,,,,,,,,,,,,13.0158566666667,77.5656216666667
2025-10-17 00:03:42.818,,,,,,,,,,,,,,,13.0158566666667,77.5656216666667
2025-10-17 00:03:42.818,,,,,,,0.0,,,,,,,,13.0158566666667,77.5656216666667
2025-10-17 00:03:44.581,,,,,,,,,,,,,,,13.0158533333333,77.5656216666667
2025-10-17 00:03:46.828,,,,,,,,,,,,,,,13.0158516666667,77.5656216666667
2025-10-17 00:03:51.821,,,,,,,,,,,,,,,13.0158533333333,77.56562
2025-10-17 00:03:54.087,,,,,,,,,,,,,,,13.0158602,77.5656731
2025-10-17 00:03:57.508,,,,,,,,,,,,,,,13.0158602,77.5656731
2025-10-17 00:03:57.508,,,,,,,,,,,,,,,13.0158602,77.5656731
2025-10-17 00:03:57.557,,,,,,,,,,,,,,,13.0158602,77.5656731
2025-10-17 00:03:57.557,,,,,,,,,,,,,,,13.0158602,77.5656731
2025-10-17 00:03:57.557,,,,,,,,,,,,,,,13.0158602,77.5656731
2025-10-17 00:03:57.557,,,,,,,,,,,,,,,13.0158602,77.5656731
2025-10-17 00:03:57.605,,,,,,,,,,,,,,,13.0158602,77.5656731
2025-10-17 00:03:57.605,,,,,,,,,,,,,,,13.0158602,77.5656731
2025-10-17 00:03:57.605,,,,,,,,,,,,,,,13.0158602,77.5656731
2025-10-17 00:03:57.605,,,,,,,,,,,,,,,13.0158602,77.5656731
2025-10-17 00:03:57.605,,,,,,,,,,,,,,,13.0158602,77.5656731
2025-10-17 00:03:57.663,,,,,,,,,,,,,,,13.0158602,77.5656731
2025-10-17 00:03:57.663,,,,,,,,,,,,,,,13.0158602,77.5656731
2025-10-17 00:03:57.663,,,,,,,,,,,,,,,13.0158602,77.5656731
2025-10-17 00:03:57.663,,,,,,,,,,,,,,,13.0158602,77.5656731
2025-10-17 00:03:57.663,,,,,,,,,,,,,,,13.0158602,77.5656731
2025-10-17 00:03:57.735,,,,,,,,,,,,,,,13.0158602,77.5656731
2025-10-17 00:03:57.735,,,,,,,,,,,,,,,13.0158602,77.5656731
2025-10-17 00:03:57.735,,,,,,,,,,,,,,,13.0158602,77.5656731
2025-10-17 00:03:57.735,,,,,,,,,,,,,,,13.0158602,77.5656731
2025-10-17 00:03:57.735,,,,,,,,,,,,,,,13.0158602,77.5656731
2025-10-17 00:03:57.785,,,,,,,,,,,,,,,13.0158602,77.5656731
2025-10-17 00:03:57.785,,,,,,,,,,,,,,,13.0158602,77.5656731
2025-10-17 00:03:57.785,,,,,,,,,,,,,,,13.0158602,77.5656731
2025-10-17 00:03:57.785,,,,,,,,,,,,,,,13.0158602,77.5656731
2025-10-17 00:03:57.785,,,,,,,,,,,,,,,13.0158602,77.5656731
2025-10-17 00:03:57.825,,,,,,,,,,,,,,,13.0158602,77.5656731
2025-10-17 00:03:57.825,,,,,,,,,,,,,,,13.0158602,77.5656731
2025-10-17 00:03:57.825,,,,,,,,,,,,,,,13.0158602,77.5656731
2025-10-17 00:03:57.825,,,,,,,,,,,,,,,13.0158602,77.5656731
2025-10-17 00:03:57.825,,,,,,,,,,,,,,,13.0158602,77.5656731
2025-10-17 00:03:57.880,,,,,,,,,,,,,,,13.0158602,77.5656731
2025-10-17 00:03:57.880,,,,,,,,,,,,,,,13.0158602,77.5656731
2025-10-17 00:03:57.880,,,,,,,,,,,,,,,13.0158602,77.5656731
2025-10-17 00:03:57.880,,,,,,,,,,,,,,,13.0158602,77.5656731
2025-10-17 00:03:57.880,,,,,,,,,,,,,,,13.0158602,77.5656731
2025-10-17 00:03:57.955,,,,,,,,,,,,,,,13.0158602,77.5656731
2025-10-17 00:03:57.955,,,,,,,,,,,,,,,13.0158602,77.5656731
2025-10-17 00:03:57.955,,,,,,,,,,,,,,,13.0158602,77.5656731
2025-10-17 00:03:57.955,,,,,,,,,,,,,,,13.0158602,77.5656731
2025-10-17 00:03:57.955,,,,,,,,,,,,,,,13.0158602,77.5656731
2025-10-17 00:03:58.009,,,,,,,,,,,,,,,13.0158602,77.5656731
2025-10-17 00:03:58.009,,,,,,,,,,,,,,,13.0158602,77.5656731
2025-10-17 00:03:58.009,,,,,,,,,,,,,,,13.0158602,77.5656731
2025-10-17 00:03:58.009,,,,,,,,,,,,,,,13.0158602,77.5656731
2025-10-17 00:03:58.009,,,,,,,,,,,,,,,13.0158602,77.5656731
2025-10-17 00:03:58.059,,,,,,,,,,,,,,,13.0158602,77.5656731
2025-10-17 00:03:58.059,,,,,,,,,,,,,,,13.0158602,77.5656731
2025-10-17 00:03:58.059,,,,,,,,,,,,,,,13.0158602,77.5656731
2025-10-17 00:03:58.059,,,,,,,,,,,,,,,13.0158602,77.5656731
2025-10-17 00:03:58.059,,,,,,,,,,,,,,,13.0158602,77.5656731
2025-10-17 00:03:58.131,,,,,,,,,,,,,,,13.0158602,77.5656731
2025-10-17 00:03:58.131,,,,,,,,,,,,,,,13.0158602,77.5656731
2025-10-17 00:03:58.131,,,,,,,,,,,,,,,13.0158602,77.5656731
2025-10-17 00:03:58.131,,,,,,,,,,,,,,,13.0158602,77.5656731
2025-10-17 00:03:58.131,,,,,,,,,,,,,,,13.0158602,77.5656731
2025-10-17 00:03:58.182,,,,,,,,,,,,,,,13.0158602,77.5656731
2025-10-17 00:03:58.182,,,,,,,,,,,,,,,13.0158602,77.5656731
2025-10-17 00:03:58.182,,,,,,,,,,,,,,,13.0158602,77.5656731
2025-10-17 00:03:58.182,,,,,,,,,,,,,,,13.0158602,77.5656731
2025-10-17 00:03:58.182,,,,,,,,,,,,,,,13.0158602,77.5656731
2025-10-17 00:03:58.265,,,,,,,,,,,,,,,13.0158602,77.5656731
2025-10-17 00:03:58.265,,,,,,,,,,,,,,,13.0158602,77.5656731
2025-10-17 00:03:58.265,,,,,,,,,,,,,,,13.0158602,77.5656731
2025-10-17 00:03:58.265,,,,,,,,,,,,,,,13.0158602,77.5656731
2025-10-17 00:03:58.265,,,,,,,,,,,,,,,13.0158602,77.5656731
2025-10-17 00:03:58.329,,,,,,,,,,,,,,,13.0158602,77.5656731
2025-10-17 00:03:58.329,,,,,,,,,,,,,,,13.0158602,77.5656731
2025-10-17 00:03:58.329,,,,,,,,,,,,,,,13.0158602,77.5656731
2025-10-17 00:03:58.329,,,,,,,,,,,,,,,13.0158602,77.5656731
2025-10-17 00:03:58.329,,,,,,,,,,,,,,,13.0158602,77.5656731
2025-10-17 00:03:58.384,,,,,,,,,,,,,,,13.0158602,77.5656731
2025-10-17 00:03:58.384,,,,,,,,,,,,,,,13.0158602,77.5656731
2025-10-17 00:03:58.384,,,,,,,,,,,,,,,13.0158602,77.5656731
2025-10-17 00:03:58.384,,,,,,,,,,,,,,,13.0158602,77.5656731
2025-10-17 00:03:58.384,,,,,,,,,,,,,,,13.0158602,77.5656731
2025-10-17 00:03:58.451,,,,,,,,,,,,,,,13.0158602,77.5656731
2025-10-17 00:03:58.451,,,,,,,,,,,,,,,13.0158602,77.5656731
2025-10-17 00:03:58.451,,,,,,,,,,,,,,,13.0158602,77.5656731
2025-10-17 00:03:58.451,,,,,,,,,,,,,,,13.0158602,77.5656731
2025-10-17 00:03:58.451,,,,,,,,,,,,,,,13.0158602,77.5656731
2025-10-17 00:03:58.497,,,,,,,,,,,,,,,13.0158602,77.5656731
2025-10-17 00:03:58.497,,,,,,,,,,,,,,,13.0158602,77.5656731
2025-10-17 00:03:58.497,,,,,,,,,,,,,,,13.0158602,77.5656731
2025-10-17 00:03:58.497,,,,,,,,,,,,,,,13.0158602,77.5656731
2025-10-17 00:03:58.497,,,,,,,,,,,,,,,13.0158602,77.5656731
2025-10-17 00:03:58.556,,,,,,,,,,,,,,,13.0158602,77.5656731
2025-10-17 00:03:58.556,,,,,,,,,,,,,,,13.0158602,77.5656731
2025-10-17 00:03:58.556,,,,,,,,,,,,,,,13.0158602,77.5656731
2025-10-17 00:03:58.556,,,,,,,,,,,,,,,13.0158602,77.5656731
2025-10-17 00:03:58.556,,,,,,,,,,,,,,,13.0158602,77.5656731
2025-10-17 00:03:58.625,,,,,,,,,,,,,,,13.0158602,77.5656731
2025-10-17 00:03:58.625,,,,,,,,,,,,,,,13.0158602,77.5656731
2025-10-17 00:03:58.625,,,,,,,,,,,,,,,13.0158602,77.5656731
2025-10-17 00:03:58.625,,,,,,,,,,,,,,,13.0158602,77.5656731
2025-10-17 00:03:58.625,,,,,,,,,,,,,,,13.0158602,77.5656731
2025-10-17 00:03:58.684,,,,,,,,,,,,,,,13.0158602,77.5656731
2025-10-17 00:03:58.684,,,,,,,,,,,,,,,13.0158602,77.5656731
2025-10-17 00:03:58.684,,,,,,,,,,,,,,,13.0158602,77.5656731
2025-10-17 00:03:58.684,,,,,,,,,,,,,,,13.0158602,77.5656731
2025-10-17 00:03:58.684,,,,,,,,,,,,,,,13.0158602,77.5656731
2025-10-17 00:03:58.746,,,,,,,,,,,,,,,13.0158602,77.5656731
2025-10-17 00:03:58.746,,,,,,,,,,,,,,,13.0158602,77.5656731
2025-10-17 00:03:58.746,,,,,,,,,,,,,,,13.0158602,77.5656731
2025-10-17 00:03:58.746,,,,,,,,,,,,,,,13.0158602,77.5656731
2025-10-17 00:03:58.746,,,,,,,,,,,,,,,13.0158602,77.5656731
2025-10-17 00:03:58.795,,,,,,,,,,,,,,,13.0158602,77.5656731
2025-10-17 00:03:58.795,,,,,,,,,,,,,,,13.0158602,77.5656731
2025-10-17 00:03:58.795,,,,,,,,,,,,,,,13.0158602,77.5656731
2025-10-17 00:03:58.795,,,,,,,,,,,,,,,13.0158602,77.5656731
2025-10-17 00:03:58.795,,,,,,,,,,,,,,,13.0158602,77.5656731
2025-10-17 00:03:58.854,,,,,,,,,,,,,,,13.0158602,77.5656731
2025-10-17 00:03:58.854,,,,,,,,,,,,,,,13.0158602,77.5656731
2025-10-17 00:03:58.854,,,,,,,,,,,,,,,13.0158602,77.5656731
2025-10-17 00:03:58.854,,,,,,,,,,,,,,,13.0158602,77.5656731
2025-10-17 00:03:58.854,,,,,,,,,,,,,,,13.0158602,77.5656731
2025-10-17 00:03:58.902,,,,,,,,,,,,,,,13.0158602,77.5656731
2025-10-17 00:03:58.902,,,,,,,,,,,,,,,13.0158602,77.5656731
2025-10-17 00:03:58.902,,,,,,,,,,,,,,,13.0158602,77.5656731
2025-10-17 00:03:58.902,,,,,,,,,,,,,,,13.0158602,77.5656731
2025-10-17 00:03:58.902,,,,,,,,,,,,,,,13.0158602,77.5656731
2025-10-17 00:03:58.950,,,,,,,,,,,,,,,13.0158602,77.5656731
2025-10-17 00:03:58.950,,,,,,,,,,,,,,,13.0158602,77.5656731
2025-10-17 00:03:58.950,,,,,,,,,,,,,,,13.0158602,77.5656731
2025-10-17 00:03:58.950,,,,,,,,,,,,,,,13.0158602,77.5656731
2025-10-17 00:03:58.950,,,,,,,,,,,,,,,13.0158602,77.5656731
2025-10-17 00:03:59.033,,,,,,,,,,,,,,,13.0158602,77.5656731
2025-10-17 00:03:59.033,,,,,,,,,,,,,,,13.0158602,77.5656731
2025-10-17 00:03:59.033,,,,,,,,,,,,,,,13.0158602,77.5656731
2025-10-17 00:03:59.033,,,,,,,,,,,,,,,13.0158602,77.5656731
2025-10-17 00:03:59.033,,,,,,,,,,,,,,,13.0158602,77.5656731
2025-10-17 00:03:59.082,,,,,,,,,,,,,,,13.0158602,77.5656731
2025-10-17 00:03:59.082,,,,,,,,,,,,,,,13.0158602,77.5656731
2025-10-17 00:03:59.082,,,,,,,,,,,,,,,13.0158602,77.5656731
2025-10-17 00:03:59.082,,,,,,,,,,,,,,,13.0158602,77.5656731
2025-10-17 00:03:59.082,,,,,,,,,,,,,,,13.0158602,77.5656731
2025-10-17 00:03:59.147,,,,,,,,,,,,,,,13.0158602,77.5656731
2025-10-17 00:03:59.147,,,,,,,,,,,,,,,13.0158602,77.5656731
2025-10-17 00:03:59.147,,,,,,,,,,,,,,,13.0158602,77.5656731
2025-10-17 00:03:59.147,,,,,,,,,,,,,,,13.0158602,77.5656731
2025-10-17 00:03:59.147,,,,,,,,,,,,,,,13.0158602,77.5656731
2025-10-17 00:03:59.217,,,,,,,,,,,,,,,13.0158602,77.5656731
2025-10-17 00:03:59.217,,,,,,,,,,,,,,,13.0158602,77.5656731
2025-10-17 00:03:59.217,,,,,,,,,,,,,,,13.0158602,77.5656731
2025-10-17 00:03:59.217,,,,,,,,,,,,,,,13.0158602,77.5656731
2025-10-17 00:03:59.217,,,,,,,,,,,,,,,13.0158602,77.5656731
2025-10-17 00:03:59.265,,,,,,,,,,,,,,,13.0158602,77.5656731
2025-10-17 00:03:59.265,,,,,,,,,,,,,,,13.0158602,77.5656731
2025-10-17 00:03:59.265,,,,,,,,,,,,,,,13.0158602,77.5656731
2025-10-17 00:03:59.265,,,,,,,,,,,,,,,13.0158602,77.5656731
2025-10-17 00:03:59.265,,,,,,,,,,,,,,,13.0158602,77.5656731
2025-10-17 00:03:59.329,,,,,,,,,,,,,,,13.0158602,77.5656731
2025-10-17 00:03:59.329,,,,,,,,,,,,,,,13.0158602,77.5656731
2025-10-17 00:03:59.329,,,,,,,,,,,,,,,13.0158602,77.5656731
2025-10-17 00:03:59.329,,,,,,,,,,,,,,,13.0158602,77.5656731
2025-10-17 00:03:59.329,,,,,,,,,,,,,,,13.0158602,77.5656731
2025-10-17 00:03:59.377,,,,,,,,,,,,,,,13.0158602,77.5656731
2025-10-17 00:03:59.377,,,,,,,,,,,,,,,13.0158602,77.5656731
2025-10-17 00:03:59.377,,,,,,,,,,,,,,,13.0158602,77.5656731
2025-10-17 00:03:59.377,,,,,,,,,,,,,,,13.0158602,77.5656731
2025-10-17 00:03:59.377,,,,,,,,,,,,,,,13.0158602,77.5656731
2025-10-17 00:03:59.435,,,,,,,,,,,,,,,13.0158602,77.5656731
2025-10-17 00:03:59.435,,,,,,,,,,,,,,,13.0158602,77.5656731
2025-10-17 00:03:59.435,,,,,,,,,,,,,,,13.0158602,77.5656731
2025-10-17 00:03:59.435,,,,,,,,,,,,,,,13.0158602,77.5656731
2025-10-17 00:03:59.435,,,,,,,,,,,,,,,13.0158602,77.5656731
2025-10-17 00:03:59.484,,,,,,,,,,,,,,,13.0158602,77.5656731
2025-10-17 00:03:59.484,,,,,,,,,,,,,,,13.0158602,77.5656731
2025-10-17 00:03:59.484,,,,,,,,,,,,,,,13.0158602,77.5656731
2025-10-17 00:03:59.484,,,,,,,,,,,,,,,13.0158602,77.5656731
2025-10-17 00:03:59.484,,,,,,,,,,,,,,,13.0158602,77.5656731
2025-10-17 00:03:59.546,,,,,,,,,,,,,,,13.0158602,77.5656731
2025-10-17 00:03:59.546,,,,,,,,,,,,,,,13.0158602,77.5656731
2025-10-17 00:03:59.546,,,,,,,,,,,,,,,13.0158602,77.5656731
2025-10-17 00:03:59.546,,,,,,,,,,,,,,,13.0158602,77.5656731
2025-10-17 00:03:59.546,,,,,,,,,,,,,,,13.0158602,77.5656731
2025-10-17 00:03:59.595,,,,,,,,,,,,,,,13.0158602,77.5656731
2025-10-17 00:03:59.595,,,,,,,,,,,,,,,13.0158602,77.5656731
2025-10-17 00:03:59.595,,,,,,,,,,,,,,,13.0158602,77.5656731
2025-10-17 00:03:59.595,,,,,,,,,,,,,,,13.0158602,77.5656731
2025-10-17 00:03:59.595,,,,,,,,,,,,,,,13.0158602,77.5656731
2025-10-17 00:03:59.645,,,,,,,,,,,,,,,13.0158602,77.5656731
2025-10-17 00:03:59.645,,,,,,,,,,,,,,,13.0158602,77.5656731
2025-10-17 00:03:59.645,,,,,,,,,,,,,,,13.0158602,77.5656731
2025-10-17 00:03:59.645,,,,,,,,,,,,,,,13.0158602,77.5656731
2025-10-17 00:03:59.645,,,,,,,,,,,,,,,13.0158602,77.5656731
2025-10-17 00:03:59.694,,,,,,,,,,,,,,,13.0158602,77.5656731
2025-10-17 00:03:59.694,,,,,,,,,,,,,,,13.0158602,77.5656731
2025-10-17 00:03:59.694,,,,,,,,,,,,,,,13.0158602,77.5656731
2025-10-17 00:03:59.694,,,,,,,,,,,,,,,13.0158602,77.5656731
2025-10-17 00:03:59.694,,,,,,,,,,,,,,,13.0158602,77.5656731
2025-10-17 00:03:59.745,,,,,,,,,,,,,,,13.0158602,77.5656731
2025-10-17 00:03:59.745,,,,,,,,,,,,,,,13.0158602,77.5656731
2025-10-17 00:03:59.745,,,,,,,,,,,,,,,13.0158602,77.5656731
2025-10-17 00:03:59.745,,,,,,,,,,,,,,,13.0158602,77.5656731
2025-10-17 00:03:59.745,,,,,,,,,,,,,,,13.0158602,77.5656731
2025-10-17 00:03:59.796,,,,,,,,,,,,,,,13.0158602,77.5656731
2025-10-17 00:03:59.796,,,,,,,,,,,,,,,13.0158602,77.5656731
2025-10-17 00:03:59.796,,,,,,,,,,,,,,,13.0158602,77.5656731
2025-10-17 00:03:59.796,,,,,,,,,,,,,,,13.0158602,77.5656731
2025-10-17 00:03:59.796,,,,,,,,,,,,,,,13.0158602,77.5656731
2025-10-17 00:03:59.856,,,,,,,,,,,,,,,13.0158602,77.5656731
2025-10-17 00:03:59.856,,,,,,,,,,,,,,,13.0158602,77.5656731
2025-10-17 00:03:59.856,,,,,,,,,,,,,,,13.0158602,77.5656731
2025-10-17 00:03:59.856,,,,,,,,,,,,,,,13.0158602,77.5656731
2025-10-17 00:03:59.856,,,,,,,,,,,,,,,13.0158602,77.5656731
2025-10-17 00:03:59.907,,,,,,,,,,,,,,,13.0158602,77.5656731
2025-10-17 00:03:59.907,,,,,,,,,,,,,,,13.0158602,77.5656731
2025-10-17 00:03:59.907,,,,,,,,,,,,,,,13.0158602,77.5656731
2025-10-17 00:03:59.907,,,,,,,,,,,,,,,13.0158602,77.5656731
2025-10-17 00:03:59.907,,,,,,,,,,,,,,,13.0158602,77.5656731
2025-10-17 00:03:59.967,,,,,,,,,,,,,,,13.0158602,77.5656731
2025-10-17 00:03:59.967,,,,,,,,,,,,,,,13.0158602,77.5656731
2025-10-17 00:03:59.967,,,,,,,,,,,,,,,13.0158602,77.5656731
2025-10-17 00:03:59.967,,,,,,,,,,,,,,,13.0158602,77.5656731
2025-10-17 00:03:59.967,,,,,,,,,,,,,,,13.0158602,77.5656731
2025-10-17 00:04:00.017,,,,,,,,,,,,,,,13.0158602,77.5656731
2025-10-17 00:04:00.017,,,,,,,,,,,,,,,13.0158602,77.5656731
2025-10-17 00:04:00.017,,,,,,,,,,,,,,,13.0158602,77.5656731
2025-10-17 00:04:00.017,,,,,,,,,,,,,,,13.0158602,77.5656731
2025-10-17 00:04:00.017,,,,,,,,,,,,,,,13.0158602,77.5656731
2025-10-17 00:04:00.078,,,,,,,,,,,,,,,13.0158602,77.5656731
2025-10-17 00:04:00.078,,,,,,,,,,,,,,,13.0158602,77.5656731
2025-10-17 00:04:00.078,,,,,,,,,,,,,,,13.0158602,77.5656731
2025-10-17 00:04:00.078,,,,,,,,,,,,,,,13.0158602,77.5656731
2025-10-17 00:04:00.078,,,,,,,,,,,,,,,13.0158602,77.5656731
2025-10-17 00:04:00.158,,,,,,,,,,,,,,,13.0158602,77.5656731
2025-10-17 00:04:00.158,,,,,,,,,,,,,,,13.0158602,77.5656731
2025-10-17 00:04:00.158,,,,,,,,,,,,,,,13.0158602,77.5656731
2025-10-17 00:04:00.158,,,,,,,,,,,,,,,13.0158602,77.5656731
2025-10-17 00:04:00.158,,,,,,,,,,,,,,,13.0158602,77.5656731
2025-10-17 00:04:00.243,,,,,,,,,,,,,,,13.0158602,77.5656731
2025-10-17 00:04:00.243,,,,,,,,,,,,,,,13.0158602,77.5656731
2025-10-17 00:04:00.243,,,,,,,,,,,,,,,13.0158602,77.5656731
2025-10-17 00:04:00.243,,,,,,,,,,,,,,,13.0158602,77.5656731
2025-10-17 00:04:00.243,,,,,,,,,,,,,,,13.0158602,77.5656731
2025-10-17 00:04:00.295,,,,,,,,,,,,,,,13.0158602,77.5656731
2025-10-17 00:04:00.295,,,,,,,,,,,,,,,13.0158602,77.5656731
2025-10-17 00:04:00.295,,,,,,,,,,,,,,,13.0158602,77.5656731
2025-10-17 00:04:00.295,,,,,,,,,,,,,,,13.0158602,77.5656731
2025-10-17 00:04:00.295,,,,,,,,,,,,,,,13.0158602,77.5656731
2025-10-17 00:04:00.344,,,,,,,,,,,,,,,13.0158602,77.5656731
2025-10-17 00:04:00.344,,,,,,,,,,,,,,,13.0158602,77.5656731
2025-10-17 00:04:00.344,,,,,,,,,,,,,,,13.0158602,77.5656731
2025-10-17 00:04:00.344,,,,,,,,,,,,,,,13.0158602,77.5656731
2025-10-17 00:04:00.344,,,,,,,,,,,,,,,13.0158602,77.5656731
2025-10-17 00:04:00.393,,,,,,,,,,,,,,,13.0158602,77.5656731
2025-10-17 00:04:00.393,,,,,,,,,,,,,,,13.0158602,77.5656731
2025-10-17 00:04:00.393,,,,,,,,,,,,,,,13.0158602,77.5656731
2025-10-17 00:04:00.393,,,,,,,,,,,,,,,13.0158602,77.5656731
2025-10-17 00:04:00.393,,,,,,,,,,,,,,,13.0158602,77.5656731
2025-10-17 00:04:00.440,,,,,,,,,,,,,,,13.0158602,77.5656731
2025-10-17 00:04:00.440,,,,,,,,,,,,,,,13.0158602,77.5656731
2025-10-17 00:04:00.440,,,,,,,,,,,,,,,13.0158602,77.5656731
2025-10-17 00:04:00.440,,,,,,,,,,,,,,,13.0158602,77.5656731
2025-10-17 00:04:00.440,,,,,,,,,,,,,,,13.0158602,77.5656731
2025-10-17 00:04:00.486,,,,,,,,,,,,,,,13.0158602,77.5656731
2025-10-17 00:04:00.486,,,,,,,,,,,,,,,13.0158602,77.5656731
2025-10-17 00:04:00.486,,,,,,,,,,,,,,,13.0158602,77.5656731
2025-10-17 00:04:00.486,,,,,,,,,,,,,,,13.0158602,77.5656731
2025-10-17 00:04:00.486,,,,,,,,,,,,,,,13.0158602,77.5656731
2025-10-17 00:04:00.545,,,,,,,,,,,,,,,13.0158602,77.5656731
2025-10-17 00:04:00.545,,,,,,,,,,,,,,,13.0158602,77.5656731
2025-10-17 00:04:00.545,,,,,,,,,,,,,,,13.0158602,77.5656731
2025-10-17 00:04:00.545,,,,,,,,,,,,,,,13.0158602,77.5656731
2025-10-17 00:04:00.545,,,,,,,,,,,,,,,13.0158602,77.5656731
2025-10-17 00:04:00.597,,,,,,,,,,,,,,,13.0158602,77.5656731
2025-10-17 00:04:00.597,,,,,,,,,,,,,,,13.0158602,77.5656731
2025-10-17 00:04:00.597,,,,,,,,,,,,,,,13.0158602,77.5656731
2025-10-17 00:04:00.597,,,,,,,,,,,,,,,13.0158602,77.5656731
2025-10-17 00:04:00.597,,,,,,,,,,,,,,,13.0158602,77.5656731
2025-10-17 00:04:00.657,,,,,,,,,,,,,,,13.0158602,77.5656731
2025-10-17 00:04:00.657,,,,,,,,,,,,,,,13.0158602,77.5656731
2025-10-17 00:04:00.657,,,,,,,,,,,,,,,13.0158602,77.5656731
2025-10-17 00:04:00.657,,,,,,,,,,,,,,,13.0158602,77.5656731
2025-10-17 00:04:00.657,,,,,,,,,,,,,,,13.0158602,77.5656731
2025-10-17 00:04:00.706,,,,,,,,,,,,,,,13.0158602,77.5656731
2025-10-17 00:04:00.706,,,,,,,,,,,,,,,13.0158602,77.5656731
2025-10-17 00:04:00.706,,,,,,,,,,,,,,,13.0158602,77.5656731
2025-10-17 00:04:00.706,,,,,,,,,,,,,,,13.0158602,77.5656731
2025-10-17 00:04:00.706,,,,,,,,,,,,,,,13.0158602,77.5656731
2025-10-17 00:04:00.775,,,,,,,,,,,,,,,13.0158602,77.5656731
2025-10-17 00:04:00.775,,,,,,,,,,,,,,,13.0158602,77.5656731
2025-10-17 00:04:00.775,,,,,,,,,,,,,,,13.0158602,77.5656731
2025-10-17 00:04:00.775,,,,,,,,,,,,,,,13.0158602,77.5656731
2025-10-17 00:04:00.775,,,,,,,,,,,,,,,13.0158602,77.5656731
2025-10-17 00:04:00.822,,,,,,,,,,,,,,,13.0158602,77.5656731
2025-10-17 00:04:00.822,,,,,,,,,,,,,,,13.0158602,77.5656731
2025-10-17 00:04:00.822,,,,,,,,,,,,,,,13.0158602,77.5656731
2025-10-17 00:04:00.822,,,,,,,,,,,,,,,13.0158602,77.5656731
2025-10-17 00:04:00.822,,,,,,,,,,,,,,,13.0158602,77.5656731
2025-10-17 00:04:00.872,,,,,,,,,,,,,,,13.0158602,77.5656731
2025-10-17 00:04:00.872,,,,,,,,,,,,,,,13.0158602,77.5656731
2025-10-17 00:04:00.872,,,,,,,,,,,,,,,13.0158602,77.5656731
2025-10-17 00:04:00.872,,,,,,,,,,,,,,,13.0158602,77.5656731
2025-10-17 00:04:00.872,,,,,,,,,,,,,,,13.0158602,77.5656731
2025-10-17 00:04:00.932,,,,,,,,,,,,,,,13.0158602,77.5656731
2025-10-17 00:04:00.932,,,,,,,,,,,,,,,13.0158602,77.5656731
2025-10-17 00:04:00.932,,,,,,,,,,,,,,,13.0158602,77.5656731
2025-10-17 00:04:00.932,,,,,,,,,,,,,,,13.0158602,77.5656731
2025-10-17 00:04:00.932,,,,,,,,,,,,,,,13.0158602,77.5656731
2025-10-17 00:04:00.983,,,,,,,,,,,,,,,13.0158602,77.5656731
2025-10-17 00:04:00.983,,,,,,,,,,,,,,,13.0158602,77.5656731
2025-10-17 00:04:00.983,,,,,,,,,,,,,,,13.0158602,77.5656731
2025-10-17 00:04:00.983,,,,,,,,,,,,,,,13.0158602,77.5656731
2025-10-17 00:04:00.983,,,,,,,,,,,,,,,13.0158602,77.5656731
2025-10-17 00:04:01.034,,,,,,,,,,,,,,,13.0158602,77.5656731
2025-10-17 00:04:01.034,,,,,,,,,,,,,,,13.0158602,77.5656731
2025-10-17 00:04:01.034,,,,,,,,,,,,,,,13.0158602,77.5656731
2025-10-17 00:04:01.034,,,,,,,,,,,,,,,13.0158602,77.5656731
2025-10-17 00:04:01.034,,,,,,,,,,,,,,,13.0158602,77.5656731
2025-10-17 00:04:01.085,,,,,,,,,,,,,,,13.0158602,77.5656731
2025-10-17 00:04:01.085,,,,,,,,,,,,,,,13.0158602,77.5656731
2025-10-17 00:04:01.085,,,,,,,,,,,,,,,13.0158602,77.5656731
2025-10-17 00:04:01.085,,,,,,,,,,,,,,,13.0158602,77.5656731
2025-10-17 00:04:01.085,,,,,,,,,,,,,,,13.0158602,77.5656731
2025-10-17 00:04:01.135,,,,,,,,,,,,,,,13.0158602,77.5656731
2025-10-17 00:04:01.135,,,,,,,,,,,,,,,13.0158602,77.5656731
2025-10-17 00:04:01.135,,,,,,,,,,,,,,,13.0158602,77.5656731
2025-10-17 00:04:01.135,,,,,,,,,,,,,,,13.0158602,77.5656731
2025-10-17 00:04:01.135,,,,,,,,,,,,,,,13.0158602,77.5656731
2025-10-17 00:04:01.189,,,,,,,,,,,,,,,13.0158602,77.5656731
2025-10-17 00:04:01.189,,,,,,,,,,,,,,,13.0158602,77.5656731
2025-10-17 00:04:01.189,,,,,,,,,,,,,,,13.0158602,77.5656731
2025-10-17 00:04:01.189,,,,,,,,,,,,,,,13.0158602,77.5656731
2025-10-17 00:04:01.189,,,,,,,,,,,,,,,13.0158602,77.5656731
2025-10-17 00:04:01.239,,,,,,,,,,,,,,,13.0158602,77.5656731
2025-10-17 00:04:01.239,,,,,,,,,,,,,,,13.0158602,77.5656731
2025-10-17 00:04:01.239,,,,,,,,,,,,,,,13.0158602,77.5656731
2025-10-17 00:04:01.239,,,,,,,,,,,,,,,13.0158602,77.5656731
2025-10-17 00:04:01.239,,,,,,,,,,,,,,,13.0158602,77.5656731
2025-10-17 00:04:01.290,,,,,,,,,,,,,,,13.0158602,77.5656731
2025-10-17 00:04:01.290,,,,,,,,,,,,,,,13.0158602,77.5656731
2025-10-17 00:04:01.290,,,,,,,,,,,,,,,13.0158602,77.5656731
2025-10-17 00:04:01.290,,,,,,,,,,,,,,,13.0158602,77.5656731
2025-10-17 00:04:01.290,,,,,,,,,,,,,,,13.0158602,77.5656731
2025-10-17 00:04:01.340,,,,,,,,,,,,,,,13.0158602,77.5656731
2025-10-17 00:04:01.340,,,,,,,,,,,,,,,13.0158602,77.5656731
2025-10-17 00:04:01.340,,,,,,,,,,,,,,,13.0158602,77.5656731
2025-10-17 00:04:01.340,,,,,,,,,,,,,,,13.0158602,77.5656731
2025-10-17 00:04:01.340,,,,,,,,,,,,,,,13.0158602,77.5656731
2025-10-17 00:04:01.389,,,,,,,,,,,,,,,13.0158602,77.5656731
2025-10-17 00:04:01.389,,,,,,,,,,,,,,,13.0158602,77.5656731
2025-10-17 00:04:01.389,,,,,,,,,,,,,,,13.0158602,77.5656731
2025-10-17 00:04:01.389,,,,,,,,,,,,,,,13.0158602,77.5656731
2025-10-17 00:04:01.389,,,,,,,,,,,,,,,13.0158602,77.5656731
2025-10-17 00:04:01.437,,,,,,,,,,,,,,,13.0158602,77.5656731
2025-10-17 00:04:01.437,,,,,,,,,,,,,,,13.0158602,77.5656731
2025-10-17 00:04:01.437,,,,,,,,,,,,,,,13.0158602,77.5656731
2025-10-17 00:04:01.437,,,,,,,,,,,,,,,13.0158602,77.5656731
2025-10-17 00:04:01.437,,,,,,,,,,,,,,,13.0158602,77.5656731
2025-10-17 00:04:01.483,,,,,,,,,,,,,,,13.0158602,77.5656731
2025-10-17 00:04:01.483,,,,,,,,,,,,,,,13.0158602,77.5656731
2025-10-17 00:04:01.483,,,,,,,,,,,,,,,13.0158602,77.5656731
2025-10-17 00:04:01.483,,,,,,,,,,,,,,,13.0158602,77.5656731
2025-10-17 00:04:01.483,,,,,,,,,,,,,,,13.0158602,77.5656731
2025-10-17 00:04:01.492,,,,,,,,,,,,,,,13.0158266666667,77.565615
2025-10-17 00:04:01.531,,,,,,,,,,,,,,,13.0158266666667,77.565615
2025-10-17 00:04:01.531,,,,,,,,,,,,,,,13.0158266666667,77.565615
2025-10-17 00:04:01.531,,,,,,,,,,,,,,,13.0158266666667,77.565615
2025-10-17 00:04:01.531,,,,,,,,,,,,,,,13.0158266666667,77.565615
2025-10-17 00:04:01.531,,,,,,,,,,,,,,,13.0158266666667,77.565615
2025-10-17 00:04:01.590,,,,,,,,,,,,,,,13.0158266666667,77.565615
2025-10-17 00:04:01.590,,,,,,,,,,,,,,,13.0158266666667,77.565615
2025-10-17 00:04:01.590,,,,,,,,,,,,,,,13.0158266666667,77.565615
2025-10-17 00:04:01.590,,,,,,,,,,,,,,,13.0158266666667,77.565615
2025-10-17 00:04:01.590,,,,,,,,,,,,,,,13.0158266666667,77.565615
2025-10-17 00:04:01.638,,,,,,,,,,,,,,,13.0158266666667,77.565615
2025-10-17 00:04:01.638,,,,,,,,,,,,,,,13.0158266666667,77.565615
2025-10-17 00:04:01.638,,,,,,,,,,,,,,,13.0158266666667,77.565615
2025-10-17 00:04:01.638,,,,,,,,,,,,,,,13.0158266666667,77.565615
2025-10-17 00:04:01.638,,,,,,,,,,,,,,,13.0158266666667,77.565615
2025-10-17 00:04:01.699,,,,,,,,,,,,,,,13.0158266666667,77.565615
2025-10-17 00:04:01.699,,,,,,,,,,,,,,,13.0158266666667,77.565615
2025-10-17 00:04:01.699,,,,,,,,,,,,,,,13.0158266666667,77.565615
2025-10-17 00:04:01.699,,,,,,,,,,,,,,,13.0158266666667,77.565615
2025-10-17 00:04:01.699,,,,,,,,,,,,,,,13.0158266666667,77.565615
2025-10-17 00:04:01.749,,,,,,,,,,,,,,,13.0158266666667,77.565615
2025-10-17 00:04:01.749,,,,,,,,,,,,,,,13.0158266666667,77.565615
2025-10-17 00:04:01.749,,,,,,,,,,,,,,,13.0158266666667,77.565615
2025-10-17 00:04:01.749,,,,,,,,,,,,,,,13.0158266666667,77.565615
2025-10-17 00:04:01.749,,,,,,,,,,,,,,,13.0158266666667,77.565615
2025-10-17 00:04:01.814,,,,,,,,,,,,,,,13.0158266666667,77.565615
2025-10-17 00:04:01.814,,,,,,,,,,,,,,,13.0158266666667,77.565615
2025-10-17 00:04:01.814,,,,,,,,,,,,,,,13.0158266666667,77.565615
2025-10-17 00:04:01.814,,,,,,,,,,,,,,,13.0158266666667,77.565615
2025-10-17 00:04:01.814,,,,,,,,,,,,,,,13.0158266666667,77.565615
2025-10-17 00:04:01.865,,,,,,,,,,,,,,,13.0158266666667,77.565615
2025-10-17 00:04:01.865,,,,,,,,,,,,,,,13.0158266666667,77.565615
2025-10-17 00:04:01.865,,,,,,,,,,,,,,,13.0158266666667,77.565615
2025-10-17 00:04:01.865,,,,,,,,,,,,,,,13.0158266666667,77.565615
2025-10-17 00:04:01.865,,,,,,,,,,,,,,,13.0158266666667,77.565615
2025-10-17 00:04:01.915,,,,,,,,,,,,,,,13.0158266666667,77.565615
2025-10-17 00:04:01.915,,,,,,,,,,,,,,,13.0158266666667,77.565615
2025-10-17 00:04:01.915,,,,,,,,,,,,,,,13.0158266666667,77.565615
2025-10-17 00:04:01.915,,,,,,,,,,,,,,,13.0158266666667,77.565615
2025-10-17 00:04:01.915,,,,,,,,,,,,,,,13.0158266666667,77.565615
2025-10-17 00:04:01.965,,,,,,,,,,,,,,,13.0158266666667,77.565615
2025-10-17 00:04:01.965,,,,,,,,,,,,,,,13.0158266666667,77.565615
2025-10-17 00:04:01.965,,,,,,,,,,,,,,,13.0158266666667,77.565615
2025-10-17 00:04:01.965,,,,,,,,,,,,,,,13.0158266666667,77.565615
2025-10-17 00:04:01.965,,,,,,,,,,,,,,,13.0158266666667,77.565615
2025-10-17 00:04:02.017,,,,,,,,,,,,,,,13.0158266666667,77.565615
2025-10-17 00:04:02.017,,,,,,,,,,,,,,,13.0158266666667,77.565615
2025-10-17 00:04:02.017,,,,,,,,,,,,,,,13.0158266666667,77.565615
2025-10-17 00:04:02.017,,,,,,,,,,,,,,,13.0158266666667,77.565615
2025-10-17 00:04:02.017,,,,,,,,,,,,,,,13.0158266666667,77.565615
2025-10-17 00:04:02.073,,,,,,,,,,,,,,,13.0158266666667,77.565615
2025-10-17 00:04:02.073,,,,,,,,,,,,,,,13.0158266666667,77.565615
2025-10-17 00:04:02.073,,,,,,,,,,,,,,,13.0158266666667,77.565615
2025-10-17 00:04:02.073,,,,,,,,,,,,,,,13.0158266666667,77.565615
2025-10-17 00:04:02.073,,,,,,,,,,,,,,,13.0158266666667,77.565615
2025-10-17 00:04:02.118,,,,,,,,,,,,,,,13.0158266666667,77.565615
2025-10-17 00:04:02.118,,,,,,,,,,,,,,,13.0158266666667,77.565615
2025-10-17 00:04:02.118,,,,,,,,,,,,,,,13.0158266666667,77.565615
2025-10-17 00:04:02.118,,,,,,,,,,,,,,,13.0158266666667,77.565615
2025-10-17 00:04:02.118,,,,,,,,,,,,,,,13.0158266666667,77.565615
2025-10-17 00:04:02.168,,,,,,,,,,,,,,,13.0158266666667,77.565615
2025-10-17 00:04:02.168,,,,,,,,,,,,,,,13.0158266666667,77.565615
2025-10-17 00:04:02.168,,,,,,,,,,,,,,,13.0158266666667,77.565615
2025-10-17 00:04:02.168,,,,,,,,,,,,,,,13.0158266666667,77.565615
2025-10-17 00:04:02.168,,,,,,,,,,,,,,,13.0158266666667,77.565615
2025-10-17 00:04:02.230,,,,,,,,,,,,,,,13.0158266666667,77.565615
2025-10-17 00:04:02.230,,,,,,,,,,,,,,,13.0158266666667,77.565615
2025-10-17 00:04:02.230,,,,,,,,,,,,,,,13.0158266666667,77.565615
2025-10-17 00:04:02.230,,,,,,,,,,,,,,,13.0158266666667,77.565615
2025-10-17 00:04:02.230,,,,,,,,,,,,,,,13.0158266666667,77.565615
2025-10-17 00:04:02.298,,,,,,,,,,,,,,,13.0158266666667,77.565615
2025-10-17 00:04:02.298,,,,,,,,,,,,,,,13.0158266666667,77.565615
2025-10-17 00:04:02.298,,,,,,,,,,,,,,,13.0158266666667,77.565615
2025-10-17 00:04:02.298,,,,,,,,,,,,,,,13.0158266666667,77.565615
2025-10-17 00:04:02.298,,,,,,,,,,,,,,,13.0158266666667,77.565615
2025-10-17 00:04:02.336,,,,,,,,,,,,,,,13.0158266666667,77.565615
2025-10-17 00:04:02.336,,,,,,,,,,,,,,,13.0158266666667,77.565615
2025-10-17 00:04:02.336,,,,,,,,,,,,,,,13.0158266666667,77.565615
2025-10-17 00:04:02.336,,,,,,,,,,,,,,,13.0158266666667,77.565615
2025-10-17 00:04:02.336,,,,,,,,,,,,,,,13.0158266666667,77.565615
2025-10-17 00:04:02.385,,,,,,,,,,,,,,,13.0158266666667,77.565615
2025-10-17 00:04:02.385,,,,,,,,,,,,,,,13.0158266666667,77.565615
2025-10-17 00:04:02.385,,,,,,,,,,,,,,,13.0158266666667,77.565615
2025-10-17 00:04:02.385,,,,,,,,,,,,,,,13.0158266666667,77.565615
2025-10-17 00:04:02.385,,,,,,,,,,,,,,,13.0158266666667,77.565615
2025-10-17 00:04:02.461,,,,,,,,,,,,,,,13.0158266666667,77.565615
2025-10-17 00:04:02.461,,,,,,,,,,,,,,,13.0158266666667,77.565615
2025-10-17 00:04:02.461,,,,,,,,,,,,,,,13.0158266666667,77.565615
2025-10-17 00:04:02.461,,,,,,,,,,,,,,,13.0158266666667,77.565615
2025-10-17 00:04:02.461,,,,,,,,,,,,,,,13.0158266666667,77.565615
2025-10-17 00:04:02.518,,,,,,,,,,,,,,,13.0158266666667,77.565615
2025-10-17 00:04:02.518,,,,,,,,,,,,,,,13.0158266666667,77.565615
2025-10-17 00:04:02.518,,,,,,,,,,,,,,,13.0158266666667,77.565615
2025-10-17 00:04:02.518,,,,,,,,,,,,,,,13.0158266666667,77.565615
2025-10-17 00:04:02.518,,,,,,,,,,,,,,,13.0158266666667,77.565615
2025-10-17 00:04:02.585,,,,,,,,,,,,,,,13.0158266666667,77.565615
2025-10-17 00:04:02.585,,,,,,,,,,,,,,,13.0158266666667,77.565615
2025-10-17 00:04:02.585,,,,,,,,,,,,,,,13.0158266666667,77.565615
2025-10-17 00:04:02.585,,,,,,,,,,,,,,,13.0158266666667,77.565615
2025-10-17 00:04:02.585,,,,,,,,,,,,,,,13.0158266666667,77.565615
2025-10-17 00:04:02.639,,,,,,,,,,,,,,,13.0158266666667,77.565615
2025-10-17 00:04:02.639,,,,,,,,,,,,,,,13.0158266666667,77.565615
2025-10-17 00:04:02.639,,,,,,,,,,,,,,,13.0158266666667,77.565615
2025-10-17 00:04:02.639,,,,,,,,,,,,,,,13.0158266666667,77.565615
2025-10-17 00:04:02.639,,,,,,,,,,,,,,,13.0158266666667,77.565615
2025-10-17 00:04:02.691,,,,,,,,,,,,,,,13.0158266666667,77.565615
2025-10-17 00:04:02.691,,,,,,,,,,,,,,,13.0158266666667,77.565615
2025-10-17 00:04:02.691,,,,,,,,,,,,,,,13.0158266666667,77.565615
2025-10-17 00:04:02.691,,,,,,,,,,,,,,,13.0158266666667,77.565615
2025-10-17 00:04:02.691,,,,,,,,,,,,,,,13.0158266666667,77.565615
2025-10-17 00:04:02.792,,,,,,,,,,,,,,,13.0158266666667,77.565615
2025-10-17 00:04:02.792,,,,,,,,,,,,,,,13.0158266666667,77.565615
2025-10-17 00:04:02.792,,,,,,,,,,,,,,,13.0158266666667,77.565615
2025-10-17 00:04:02.792,,,,,,,,,,,,,,,13.0158266666667,77.565615
2025-10-17 00:04:02.792,,,,,,,,,,,,,,,13.0158266666667,77.565615
2025-10-17 00:04:02.844,,,,,,,,,,,,,,,13.0158266666667,77.565615
2025-10-17 00:04:02.844,,,,,,,,,,,,,,,13.0158266666667,77.565615
2025-10-17 00:04:02.844,,,,,,,,,,,,,,,13.0158266666667,77.565615
2025-10-17 00:04:02.844,,,,,,,,,,,,,,,13.0158266666667,77.565615
2025-10-17 00:04:02.844,,,,,,,,,,,,,,,13.0158266666667,77.565615
2025-10-17 00:04:02.895,,,,,,,,,,,,,,,13.0158266666667,77.565615
2025-10-17 00:04:02.895,,,,,,,,,,,,,,,13.0158266666667,77.565615
2025-10-17 00:04:02.895,,,,,,,,,,,,,,,13.0158266666667,77.565615
2025-10-17 00:04:02.895,,,,,,,,,,,,,,,13.0158266666667,77.565615
2025-10-17 00:04:02.895,,,,,,,,,,,,,,,13.0158266666667,77.565615
2025-10-17 00:04:02.951,,,,,,,,,,,,,,,13.0158266666667,77.565615
2025-10-17 00:04:02.951,,,,,,,,,,,,,,,13.0158266666667,77.565615
2025-10-17 00:04:02.951,,,,,,,,,,,,,,,13.0158266666667,77.565615
2025-10-17 00:04:02.951,,,,,,,,,,,,,,,13.0158266666667,77.565615
2025-10-17 00:04:02.951,,,,,,,,,,,,,,,13.0158266666667,77.565615
2025-10-17 00:04:03.009,,,,,,,,,,,,,,,13.0158266666667,77.565615
2025-10-17 00:04:03.009,,,,,,,,,,,,,,,13.0158266666667,77.565615
2025-10-17 00:04:03.009,,,,,,,,,,,,,,,13.0158266666667,77.565615
2025-10-17 00:04:03.009,,,,,,,,,,,,,,,13.0158266666667,77.565615
2025-10-17 00:04:03.009,,,,,,,,,,,,,,,13.0158266666667,77.565615
2025-10-17 00:04:03.065,,,,,,,,,,,,,,,13.0158266666667,77.565615
2025-10-17 00:04:03.065,,,,,,,,,,,,,,,13.0158266666667,77.565615
2025-10-17 00:04:03.065,,,,,,,,,,,,,,,13.0158266666667,77.565615
2025-10-17 00:04:03.065,,,,,,,,,,,,,,,13.0158266666667,77.565615
2025-10-17 00:04:03.065,,,,,,,,,,,,,,,13.0158266666667,77.565615
2025-10-17 00:04:03.122,,,,,,,,,,,,,,,13.0158266666667,77.565615
2025-10-17 00:04:03.122,,,,,,,,,,,,,,,13.0158266666667,77.565615
2025-10-17 00:04:03.122,,,,,,,,,,,,,,,13.0158266666667,77.565615
2025-10-17 00:04:03.122,,,,,,,,,,,,,,,13.0158266666667,77.565615
2025-10-17 00:04:03.122,,,,,,,,,,,,,,,13.0158266666667,77.565615
2025-10-17 00:04:03.177,,,,,,,,,,,,,,,13.0158266666667,77.565615
2025-10-17 00:04:03.177,,,,,,,,,,,,,,,13.0158266666667,77.565615
2025-10-17 00:04:03.177,,,,,,,,,,,,,,,13.0158266666667,77.565615
2025-10-17 00:04:03.177,,,,,,,,,,,,,,,13.0158266666667,77.565615
2025-10-17 00:04:03.177,,,,,,,,,,,,,,,13.0158266666667,77.565615
2025-10-17 00:04:03.228,,,,,,,,,,,,,,,13.0158266666667,77.565615
2025-10-17 00:04:03.228,,,,,,,,,,,,,,,13.0158266666667,77.565615
2025-10-17 00:04:03.228,,,,,,,,,,,,,,,13.0158266666667,77.565615
2025-10-17 00:04:03.228,,,,,,,,,,,,,,,13.0158266666667,77.565615
2025-10-17 00:04:03.228,,,,,,,,,,,,,,,13.0158266666667,77.565615
2025-10-17 00:04:03.233,,,,,,,,,,,,,,,13.0158333333333,77.565615
2025-10-17 00:04:03.289,,,,,,,,,,,,,,,13.0158333333333,77.565615
2025-10-17 00:04:03.289,,,,,,,,,,,,,,,13.0158333333333,77.565615
2025-10-17 00:04:03.289,,,,,,,,,,,,,,,13.0158333333333,77.565615
2025-10-17 00:04:03.289,,,,,,,,,,,,,,,13.0158333333333,77.565615
2025-10-17 00:04:03.289,,,,,,,,,,,,,,,13.0158333333333,77.565615
2025-10-17 00:04:03.346,,,,,,,,,,,,,,,13.0158333333333,77.565615
2025-10-17 00:04:03.346,,,,,,,,,,,,,,,13.0158333333333,77.565615
2025-10-17 00:04:03.346,,,,,,,,,,,,,,,13.0158333333333,77.565615
2025-10-17 00:04:03.346,,,,,,,,,,,,,,,13.0158333333333,77.565615
2025-10-17 00:04:03.346,,,,,,,,,,,,,,,13.0158333333333,77.565615
2025-10-17 00:04:03.393,,,,,,,,,,,,,,,13.0158333333333,77.565615
2025-10-17 00:04:03.393,,,,,,,,,,,,,,,13.0158333333333,77.565615
2025-10-17 00:04:03.393,,,,,,,,,,,,,,,13.0158333333333,77.565615
2025-10-17 00:04:03.393,,,,,,,,,,,,,,,13.0158333333333,77.565615
2025-10-17 00:04:03.393,,,,,,,,,,,,,,,13.0158333333333,77.565615
2025-10-17 00:04:03.443,,,,,,,,,,,,,,,13.0158333333333,77.565615
2025-10-17 00:04:03.443,,,,,,,,,,,,,,,13.0158333333333,77.565615
2025-10-17 00:04:03.443,,,,,,,,,,,,,,,13.0158333333333,77.565615
2025-10-17 00:04:03.443,,,,,,,,,,,,,,,13.0158333333333,77.565615
2025-10-17 00:04:03.443,,,,,,,,,,,,,,,13.0158333333333,77.565615
2025-10-17 00:04:03.491,,,,,,,,,,,,,,,13.0158333333333,77.565615
2025-10-17 00:04:03.491,,,,,,,,,,,,,,,13.0158333333333,77.565615
2025-10-17 00:04:03.491,,,,,,,,,,,,,,,13.0158333333333,77.565615
2025-10-17 00:04:03.491,,,,,,,,,,,,,,,13.0158333333333,77.565615
2025-10-17 00:04:03.491,,,,,,,,,,,,,,,13.0158333333333,77.565615
2025-10-17 00:04:03.562,,,,,,,,,,,,,,,13.0158333333333,77.565615
2025-10-17 00:04:03.562,,,,,,,,,,,,,,,13.0158333333333,77.565615
2025-10-17 00:04:03.562,,,,,,,,,,,,,,,13.0158333333333,77.565615
2025-10-17 00:04:03.562,,,,,,,,,,,,,,,13.0158333333333,77.565615
2025-10-17 00:04:03.562,,,,,,,,,,,,,,,13.0158333333333,77.565615
2025-10-17 00:04:03.612,,,,,,,,,,,,,,,13.0158333333333,77.565615
2025-10-17 00:04:03.612,,,,,,,,,,,,,,,13.0158333333333,77.565615
2025-10-17 00:04:03.612,,,,,,,,,,,,,,,13.0158333333333,77.565615
2025-10-17 00:04:03.612,,,,,,,,,,,,,,,13.0158333333333,77.565615
2025-10-17 00:04:03.612,,,,,,,,,,,,,,,13.0158333333333,77.565615
2025-10-17 00:04:03.677,,,,,,,,,,,,,,,13.0158333333333,77.565615
2025-10-17 00:04:03.677,,,,,,,,,,,,,,,13.0158333333333,77.565615
2025-10-17 00:04:03.677,,,,,,,,,,,,,,,13.0158333333333,77.565615
2025-10-17 00:04:03.677,,,,,,,,,,,,,,,13.0158333333333,77.565615
2025-10-17 00:04:03.677,,,,,,,,,,,,,,,13.0158333333333,77.565615
2025-10-17 00:04:03.731,,,,,,,,,,,,,,,13.0158333333333,77.565615
2025-10-17 00:04:03.731,,,,,,,,,,,,,,,13.0158333333333,77.565615
2025-10-17 00:04:03.731,,,,,,,,,,,,,,,13.0158333333333,77.565615
2025-10-17 00:04:03.731,,,,,,,,,,,,,,,13.0158333333333,77.565615
2025-10-17 00:04:03.731,,,,,,,,,,,,,,,13.0158333333333,77.565615
2025-10-17 00:04:03.796,,,,,,,,,,,,,,,13.0158333333333,77.565615
2025-10-17 00:04:03.796,,,,,,,,,,,,,,,13.0158333333333,77.565615
2025-10-17 00:04:03.796,,,,,,,,,,,,,,,13.0158333333333,77.565615
2025-10-17 00:04:03.796,,,,,,,,,,,,,,,13.0158333333333,77.565615
2025-10-17 00:04:03.796,,,,,,,,,,,,,,,13.0158333333333,77.565615
2025-10-17 00:04:03.852,,,,,,,,,,,,,,,13.0158333333333,77.565615
2025-10-17 00:04:03.852,,,,,,,,,,,,,,,13.0158333333333,77.565615
2025-10-17 00:04:03.852,,,,,,,,,,,,,,,13.0158333333333,77.565615
2025-10-17 00:04:03.852,,,,,,,,,,,,,,,13.0158333333333,77.565615
2025-10-17 00:04:03.852,,,,,,,,,,,,,,,13.0158333333333,77.565615
2025-10-17 00:04:03.908,,,,,,,,,,,,,,,13.0158333333333,77.565615
2025-10-17 00:04:03.908,,,,,,,,,,,,,,,13.0158333333333,77.565615
2025-10-17 00:04:03.908,,,,,,,,,,,,,,,13.0158333333333,77.565615
2025-10-17 00:04:03.908,,,,,,,,,,,,,,,13.0158333333333,77.565615
2025-10-17 00:04:03.908,,,,,,,,,,,,,,,13.0158333333333,77.565615
2025-10-17 00:04:03.974,,,,,,,,,,,,,,,13.0158333333333,77.565615
2025-10-17 00:04:03.974,,,,,,,,,,,,,,,13.0158333333333,77.565615
2025-10-17 00:04:03.974,,,,,,,,,,,,,,,13.0158333333333,77.565615
2025-10-17 00:04:03.974,,,,,,,,,,,,,,,13.0158333333333,77.565615
2025-10-17 00:04:03.974,,,,,,,,,,,,,,,13.0158333333333,77.565615
2025-10-17 00:04:04.023,,,,,,,,,,,,,,,13.0158333333333,77.565615
2025-10-17 00:04:04.023,,,,,,,,,,,,,,,13.0158333333333,77.565615
2025-10-17 00:04:04.023,,,,,,,,,,,,,,,13.0158333333333,77.565615
2025-10-17 00:04:04.023,,,,,,,,,,,,,,,13.0158333333333,77.565615
2025-10-17 00:04:04.023,,,,,,,,,,,,,,,13.0158333333333,77.565615
2025-10-17 00:04:04.073,,,,,,,,,,,,,,,13.0158333333333,77.565615
2025-10-17 00:04:04.073,,,,,,,,,,,,,,,13.0158333333333,77.565615
2025-10-17 00:04:04.073,,,,,,,,,,,,,,,13.0158333333333,77.565615
2025-10-17 00:04:04.073,,,,,,,,,,,,,,,13.0158333333333,77.565615
2025-10-17 00:04:04.073,,,,,,,,,,,,,,,13.0158333333333,77.565615
2025-10-17 00:04:04.133,,,,,,,,,,,,,,,13.0158333333333,77.565615
2025-10-17 00:04:04.133,,,,,,,,,,,,,,,13.0158333333333,77.565615
2025-10-17 00:04:04.133,,,,,,,,,,,,,,,13.0158333333333,77.565615
2025-10-17 00:04:04.133,,,,,,,,,,,,,,,13.0158333333333,77.565615
2025-10-17 00:04:04.133,,,,,,,,,,,,,,,13.0158333333333,77.565615
2025-10-17 00:04:04.184,,,,,,,,,,,,,,,13.0158333333333,77.565615
2025-10-17 00:04:04.184,,,,,,,,,,,,,,,13.0158333333333,77.565615
2025-10-17 00:04:04.184,,,,,,,,,,,,,,,13.0158333333333,77.565615
2025-10-17 00:04:04.184,,,,,,,,,,,,,,,13.0158333333333,77.565615
2025-10-17 00:04:04.184,,,,,,,,,,,,,,,13.0158333333333,77.565615
2025-10-17 00:04:04.235,,,,,,,,,,,,,,,13.0158333333333,77.565615
2025-10-17 00:04:04.235,,,,,,,,,,,,,,,13.0158333333333,77.565615
2025-10-17 00:04:04.235,,,,,,,,,,,,,,,13.0158333333333,77.565615
2025-10-17 00:04:04.235,,,,,,,,,,,,,,,13.0158333333333,77.565615
2025-10-17 00:04:04.235,,,,,,,,,,,,,,,13.0158333333333,77.565615
2025-10-17 00:04:04.285,,,,,,,,,,,,,,,13.0158333333333,77.565615
2025-10-17 00:04:04.285,,,,,,,,,,,,,,,13.0158333333333,77.565615
2025-10-17 00:04:04.285,,,,,,,,,,,,,,,13.0158333333333,77.565615
2025-10-17 00:04:04.285,,,,,,,,,,,,,,,13.0158333333333,77.565615
2025-10-17 00:04:04.285,,,,,,,,,,,,,,,13.0158333333333,77.565615
2025-10-17 00:04:04.333,,,,,,,,,,,,,,,13.0158333333333,77.565615
2025-10-17 00:04:04.333,,,,,,,,,,,,,,,13.0158333333333,77.565615
2025-10-17 00:04:04.333,,,,,,,,,,,,,,,13.0158333333333,77.565615
2025-10-17 00:04:04.333,,,,,,,,,,,,,,,13.0158333333333,77.565615
2025-10-17 00:04:04.333,,,,,,,,,,,,,,,13.0158333333333,77.565615
2025-10-17 00:04:04.382,,,,,,,,,,,,,,,13.0158333333333,77.565615
2025-10-17 00:04:04.382,,,,,,,,,,,,,,,13.0158333333333,77.565615
2025-10-17 00:04:04.382,,,,,,,,,,,,,,,13.0158333333333,77.565615
2025-10-17 00:04:04.382,,,,,,,,,,,,,,,13.0158333333333,77.565615
2025-10-17 00:04:04.382,,,,,,,,,,,,,,,13.0158333333333,77.565615
2025-10-17 00:04:04.432,,,,,,,,,,,,,,,13.0158333333333,77.565615
2025-10-17 00:04:04.432,,,,,,,,,,,,,,,13.0158333333333,77.565615
2025-10-17 00:04:04.432,,,,,,,,,,,,,,,13.0158333333333,77.565615
2025-10-17 00:04:04.432,,,,,,,,,,,,,,,13.0158333333333,77.565615
2025-10-17 00:04:04.432,,,,,,,,,,,,,,,13.0158333333333,77.565615
2025-10-17 00:04:04.491,,,,,,,,,,,,,,,13.0158333333333,77.565615
2025-10-17 00:04:04.491,,,,,,,,,,,,,,,13.0158333333333,77.565615
2025-10-17 00:04:04.491,,,,,,,,,,,,,,,13.0158333333333,77.565615
2025-10-17 00:04:04.491,,,,,,,,,,,,,,,13.0158333333333,77.565615
2025-10-17 00:04:04.491,,,,,,,,,,,,,,,13.0158333333333,77.565615
2025-10-17 00:04:04.542,,,,,,,,,,,,,,,13.0158333333333,77.565615
2025-10-17 00:04:04.542,,,,,,,,,,,,,,,13.0158333333333,77.565615
2025-10-17 00:04:04.542,,,,,,,,,,,,,,,13.0158333333333,77.565615
2025-10-17 00:04:04.542,,,,,,,,,,,,,,,13.0158333333333,77.565615
2025-10-17 00:04:04.542,,,,,,,,,,,,,,,13.0158333333333,77.565615
2025-10-17 00:04:04.591,,,,,,,,,,,,,,,13.0158333333333,77.565615
2025-10-17 00:04:04.591,,,,,,,,,,,,,,,13.0158333333333,77.565615
2025-10-17 00:04:04.591,,,,,,,,,,,,,,,13.0158333333333,77.565615
2025-10-17 00:04:04.591,,,,,,,,,,,,,,,13.0158333333333,77.565615
2025-10-17 00:04:04.591,,,,,,,,,,,,,,,13.0158333333333,77.565615
2025-10-17 00:04:04.639,,,,,,,,,,,,,,,13.0158333333333,77.565615
2025-10-17 00:04:04.639,,,,,,,,,,,,,,,13.0158333333333,77.565615
2025-10-17 00:04:04.639,,,,,,,,,,,,,,,13.0158333333333,77.565615
2025-10-17 00:04:04.639,,,,,,,,,,,,,,,13.0158333333333,77.565615
2025-10-17 00:04:04.639,,,,,,,,,,,,,,,13.0158333333333,77.565615
2025-10-17 00:04:04.686,,,,,,,,,,,,,,,13.0158333333333,77.565615
2025-10-17 00:04:04.686,,,,,,,,,,,,,,,13.0158333333333,77.565615
2025-10-17 00:04:04.686,,,,,,,,,,,,,,,13.0158333333333,77.565615
2025-10-17 00:04:04.686,,,,,,,,,,,,,,,13.0158333333333,77.565615
2025-10-17 00:04:04.686,,,,,,,,,,,,,,,13.0158333333333,77.565615
2025-10-17 00:04:04.733,,,,,,,,,,,,,,,13.0158333333333,77.565615
2025-10-17 00:04:04.733,,,,,,,,,,,,,,,13.0158333333333,77.565615
2025-10-17 00:04:04.733,,,,,,,,,,,,,,,13.0158333333333,77.565615
2025-10-17 00:04:04.733,,,,,,,,,,,,,,,13.0158333333333,77.565615
2025-10-17 00:04:04.733,,,,,,,,,,,,,,,13.0158333333333,77.565615
2025-10-17 00:04:04.780,,,,,,,,,,,,,,,13.0158333333333,77.565615
2025-10-17 00:04:04.780,,,,,,,,,,,,,,,13.0158333333333,77.565615
2025-10-17 00:04:04.780,,,,,,,,,,,,,,,13.0158333333333,77.565615
2025-10-17 00:04:04.780,,,,,,,,,,,,,,,13.0158333333333,77.565615
2025-10-17 00:04:04.780,,,,,,,,,,,,,,,13.0158333333333,77.565615
2025-10-17 00:04:04.831,,,,,,,,,,,,,,,13.0158333333333,77.565615
2025-10-17 00:04:04.831,,,,,,,,,,,,,,,13.0158333333333,77.565615
2025-10-17 00:04:04.831,,,,,,,,,,,,,,,13.0158333333333,77.565615
2025-10-17 00:04:04.831,,,,,,,,,,,,,,,13.0158333333333,77.565615
2025-10-17 00:04:04.831,,,,,,,,,,,,,,,13.0158333333333,77.565615
2025-10-17 00:04:04.881,,,,,,,,,,,,,,,13.0158333333333,77.565615
2025-10-17 00:04:04.881,,,,,,,,,,,,,,,13.0158333333333,77.565615
2025-10-17 00:04:04.881,,,,,,,,,,,,,,,13.0158333333333,77.565615
2025-10-17 00:04:04.881,,,,,,,,,,,,,,,13.0158333333333,77.565615
2025-10-17 00:04:04.881,,,,,,,,,,,,,,,13.0158333333333,77.565615
2025-10-17 00:04:04.954,,,,,,,,,,,,,,,13.0158333333333,77.565615
2025-10-17 00:04:04.954,,,,,,,,,,,,,,,13.0158333333333,77.565615
2025-10-17 00:04:04.954,,,,,,,,,,,,,,,13.0158333333333,77.565615
2025-10-17 00:04:04.954,,,,,,,,,,,,,,,13.0158333333333,77.565615
2025-10-17 00:04:04.954,,,,,,,,,,,,,,,13.0158333333333,77.565615
2025-10-17 00:04:05.007,,,,,,,,,,,,,,,13.0158333333333,77.565615
2025-10-17 00:04:05.007,,,,,,,,,,,,,,,13.0158333333333,77.565615
2025-10-17 00:04:05.007,,,,,,,,,,,,,,,13.0158333333333,77.565615
2025-10-17 00:04:05.007,,,,,,,,,,,,,,,13.0158333333333,77.565615
2025-10-17 00:04:05.007,,,,,,,,,,,,,,,13.0158333333333,77.565615
2025-10-17 00:04:05.058,,,,,,,,,,,,,,,13.0158333333333,77.565615
2025-10-17 00:04:05.058,,,,,,,,,,,,,,,13.0158333333333,77.565615
2025-10-17 00:04:05.058,,,,,,,,,,,,,,,13.0158333333333,77.565615
2025-10-17 00:04:05.058,,,,,,,,,,,,,,,13.0158333333333,77.565615
2025-10-17 00:04:05.058,,,,,,,,,,,,,,,13.0158333333333,77.565615
2025-10-17 00:04:05.112,,,,,,,,,,,,,,,13.0158333333333,77.565615
2025-10-17 00:04:05.112,,,,,,,,,,,,,,,13.0158333333333,77.565615
2025-10-17 00:04:05.112,,,,,,,,,,,,,,,13.0158333333333,77.565615
2025-10-17 00:04:05.112,,,,,,,,,,,,,,,13.0158333333333,77.565615
2025-10-17 00:04:05.112,,,,,,,,,,,,,,,13.0158333333333,77.565615
2025-10-17 00:04:05.174,,,,,,,,,,,,,,,13.0158333333333,77.565615
2025-10-17 00:04:05.174,,,,,,,,,,,,,,,13.0158333333333,77.565615
2025-10-17 00:04:05.174,,,,,,,,,,,,,,,13.0158333333333,77.565615
2025-10-17 00:04:05.174,,,,,,,,,,,,,,,13.0158333333333,77.565615
2025-10-17 00:04:05.174,,,,,,,,,,,,,,,13.0158333333333,77.565615
2025-10-17 00:04:05.236,,,,,,,,,,,,,,,13.0158333333333,77.565615
2025-10-17 00:04:05.236,,,,,,,,,,,,,,,13.0158333333333,77.565615
2025-10-17 00:04:05.236,,,,,,,,,,,,,,,13.0158333333333,77.565615
2025-10-17 00:04:05.236,,,,,,,,,,,,,,,13.0158333333333,77.565615
2025-10-17 00:04:05.236,,,,,,,,,,,,,,,13.0158333333333,77.565615
2025-10-17 00:04:05.289,,,,,,,,,,,,,,,13.0158333333333,77.565615
2025-10-17 00:04:05.289,,,,,,,,,,,,,,,13.0158333333333,77.565615
2025-10-17 00:04:05.289,,,,,,,,,,,,,,,13.0158333333333,77.565615
2025-10-17 00:04:05.289,,,,,,,,,,,,,,,13.0158333333333,77.565615
2025-10-17 00:04:05.289,,,,,,,,,,,,,,,13.0158333333333,77.565615
2025-10-17 00:04:05.344,,,,,,,,,,,,,,,13.0158333333333,77.565615
2025-10-17 00:04:05.344,,,,,,,,,,,,,,,13.0158333333333,77.565615
2025-10-17 00:04:05.344,,,,,,,,,,,,,,,13.0158333333333,77.565615
2025-10-17 00:04:05.344,,,,,,,,,,,,,,,13.0158333333333,77.565615
2025-10-17 00:04:05.344,,,,,,,,,,,,,,,13.0158333333333,77.565615
2025-10-17 00:04:05.383,,,,,,,,,,,,,,,13.0158333333333,77.565615
2025-10-17 00:04:05.383,,,,,,,,,,,,,,,13.0158333333333,77.565615
2025-10-17 00:04:05.383,,,,,,,,,,,,,,,13.0158333333333,77.565615
2025-10-17 00:04:05.383,,,,,,,,,,,,,,,13.0158333333333,77.565615
2025-10-17 00:04:05.383,,,,,,,,,,,,,,,13.0158333333333,77.565615
2025-10-17 00:04:05.432,,,,,,,,,,,,,,,13.0158333333333,77.565615
2025-10-17 00:04:05.432,,,,,,,,,,,,,,,13.0158333333333,77.565615
2025-10-17 00:04:05.432,,,,,,,,,,,,,,,13.0158333333333,77.565615
2025-10-17 00:04:05.432,,,,,,,,,,,,,,,13.0158333333333,77.565615
2025-10-17 00:04:05.432,,,,,,,,,,,,,,,13.0158333333333,77.565615
2025-10-17 00:04:05.483,,,,,,,,,,,,,,,13.0158333333333,77.565615
2025-10-17 00:04:05.483,,,,,,,,,,,,,,,13.0158333333333,77.565615
2025-10-17 00:04:05.483,,,,,,,,,,,,,,,13.0158333333333,77.565615
2025-10-17 00:04:05.483,,,,,,,,,,,,,,,13.0158333333333,77.565615
2025-10-17 00:04:05.483,,,,,,,,,,,,,,,13.0158333333333,77.565615
2025-10-17 00:04:05.533,,,,,,,,,,,,,,,13.0158333333333,77.565615
2025-10-17 00:04:05.533,,,,,,,,,,,,,,,13.0158333333333,77.565615
2025-10-17 00:04:05.533,,,,,,,,,,,,,,,13.0158333333333,77.565615
2025-10-17 00:04:05.533,,,,,,,,,,,,,,,13.0158333333333,77.565615
2025-10-17 00:04:05.533,,,,,,,,,,,,,,,13.0158333333333,77.565615
2025-10-17 00:04:05.588,,,,,,,,,,,,,,,13.0158333333333,77.565615
2025-10-17 00:04:05.588,,,,,,,,,,,,,,,13.0158333333333,77.565615
2025-10-17 00:04:05.588,,,,,,,,,,,,,,,13.0158333333333,77.565615
2025-10-17 00:04:05.588,,,,,,,,,,,,,,,13.0158333333333,77.565615
2025-10-17 00:04:05.588,,,,,,,,,,,,,,,13.0158333333333,77.565615
2025-10-17 00:04:05.642,,,,,,,,,,,,,,,13.0158333333333,77.565615
2025-10-17 00:04:05.642,,,,,,,,,,,,,,,13.0158333333333,77.565615
2025-10-17 00:04:05.642,,,,,,,,,,,,,,,13.0158333333333,77.565615
2025-10-17 00:04:05.642,,,,,,,,,,,,,,,13.0158333333333,77.565615
2025-10-17 00:04:05.642,,,,,,,,,,,,,,,13.0158333333333,77.565615
2025-10-17 00:04:05.690,,,,,,,,,,,,,,,13.0158333333333,77.565615
2025-10-17 00:04:05.690,,,,,,,,,,,,,,,13.0158333333333,77.565615
2025-10-17 00:04:05.690,,,,,,,,,,,,,,,13.0158333333333,77.565615
2025-10-17 00:04:05.690,,,,,,,,,,,,,,,13.0158333333333,77.565615
2025-10-17 00:04:05.690,,,,,,,,,,,,,,,13.0158333333333,77.565615
2025-10-17 00:04:05.738,,,,,,,,,,,,,,,13.0158333333333,77.565615
2025-10-17 00:04:05.738,,,,,,,,,,,,,,,13.0158333333333,77.565615
2025-10-17 00:04:05.738,,,,,,,,,,,,,,,13.0158333333333,77.565615
2025-10-17 00:04:05.738,,,,,,,,,,,,,,,13.0158333333333,77.565615
2025-10-17 00:04:05.738,,,,,,,,,,,,,,,13.0158333333333,77.565615
2025-10-17 00:04:05.788,,,,,,,,,,,,,,,13.0158333333333,77.565615
2025-10-17 00:04:05.788,,,,,,,,,,,,,,,13.0158333333333,77.565615
2025-10-17 00:04:05.788,,,,,,,,,,,,,,,13.0158333333333,77.565615
2025-10-17 00:04:05.788,,,,,,,,,,,,,,,13.0158333333333,77.565615
2025-10-17 00:04:05.788,,,,,,,,,,,,,,,13.0158333333333,77.565615
2025-10-17 00:04:05.836,,,,,,,,,,,,,,,13.0158333333333,77.565615
2025-10-17 00:04:05.836,,,,,,,,,,,,,,,13.0158333333333,77.565615
2025-10-17 00:04:05.836,,,,,,,,,,,,,,,13.0158333333333,77.565615
2025-10-17 00:04:05.836,,,,,,,,,,,,,,,13.0158333333333,77.565615
2025-10-17 00:04:05.836,,,,,,,,,,,,,,,13.0158333333333,77.565615
2025-10-17 00:04:05.899,,,,,,,,,,,,,,,13.0158333333333,77.565615
2025-10-17 00:04:05.899,,,,,,,,,,,,,,,13.0158333333333,77.565615
2025-10-17 00:04:05.899,,,,,,,,,,,,,,,13.0158333333333,77.565615
2025-10-17 00:04:05.899,,,,,,,,,,,,,,,13.0158333333333,77.565615
2025-10-17 00:04:05.899,,,,,,,,,,,,,,,13.0158333333333,77.565615
2025-10-17 00:04:05.950,,,,,,,,,,,,,,,13.0158333333333,77.565615
2025-10-17 00:04:05.950,,,,,,,,,,,,,,,13.0158333333333,77.565615
2025-10-17 00:04:05.950,,,,,,,,,,,,,,,13.0158333333333,77.565615
2025-10-17 00:04:05.950,,,,,,,,,,,,,,,13.0158333333333,77.565615
2025-10-17 00:04:05.950,,,,,,,,,,,,,,,13.0158333333333,77.565615
2025-10-17 00:04:05.979,,,,,,,,,,,,,,,13.0158383333333,77.5656116666667
2025-10-17 00:04:06.002,,,,,,,,,,,,,,,13.0158383333333,77.5656116666667
2025-10-17 00:04:06.002,,,,,,,,,,,,,,,13.0158383333333,77.5656116666667
2025-10-17 00:04:06.002,,,,,,,,,,,,,,,13.0158383333333,77.5656116666667
2025-10-17 00:04:06.002,,,,,,,,,,,,,,,13.0158383333333,77.5656116666667
2025-10-17 00:04:06.002,,,,,,,,,,,,,,,13.0158383333333,77.5656116666667
2025-10-17 00:04:06.050,,,,,,,,,,,,,,,13.0158383333333,77.5656116666667
2025-10-17 00:04:06.050,,,,,,,,,,,,,,,13.0158383333333,77.5656116666667
2025-10-17 00:04:06.050,,,,,,,,,,,,,,,13.0158383333333,77.5656116666667
2025-10-17 00:04:06.050,,,,,,,,,,,,,,,13.0158383333333,77.5656116666667
2025-10-17 00:04:06.050,,,,,,,,,,,,,,,13.0158383333333,77.5656116666667
2025-10-17 00:04:06.099,,,,,,,,,,,,,,,13.0158383333333,77.5656116666667
2025-10-17 00:04:06.099,,,,,,,,,,,,,,,13.0158383333333,77.5656116666667
2025-10-17 00:04:06.099,,,,,,,,,,,,,,,13.0158383333333,77.5656116666667
2025-10-17 00:04:06.099,,,,,,,,,,,,,,,13.0158383333333,77.5656116666667
2025-10-17 00:04:06.099,,,,,,,,,,,,,,,13.0158383333333,77.5656116666667
2025-10-17 00:04:06.145,,,,,,,,,,,,,,,13.0158383333333,77.5656116666667
2025-10-17 00:04:06.145,,,,,,,,,,,,,,,13.0158383333333,77.5656116666667
2025-10-17 00:04:06.145,,,,,,,,,,,,,,,13.0158383333333,77.5656116666667
2025-10-17 00:04:06.145,,,,,,,,,,,,,,,13.0158383333333,77.5656116666667
2025-10-17 00:04:06.145,,,,,,,,,,,,,,,13.0158383333333,77.5656116666667
2025-10-17 00:04:06.194,,,,,,,,,,,,,,,13.0158383333333,77.5656116666667
2025-10-17 00:04:06.194,,,,,,,,,,,,,,,13.0158383333333,77.5656116666667
2025-10-17 00:04:06.194,,,,,,,,,,,,,,,13.0158383333333,77.5656116666667
2025-10-17 00:04:06.194,,,,,,,,,,,,,,,13.0158383333333,77.5656116666667
2025-10-17 00:04:06.194,,,,,,,,,,,,,,,13.0158383333333,77.5656116666667
2025-10-17 00:04:06.239,,,,,,,,,,,,,,,13.0158383333333,77.5656116666667
2025-10-17 00:04:06.239,,,,,,,,,,,,,,,13.0158383333333,77.5656116666667
2025-10-17 00:04:06.239,,,,,,,,,,,,,,,13.0158383333333,77.5656116666667
2025-10-17 00:04:06.239,,,,,,,,,,,,,,,13.0158383333333,77.5656116666667
2025-10-17 00:04:06.239,,,,,,,,,,,,,,,13.0158383333333,77.5656116666667
2025-10-17 00:04:06.288,,,,,,,,,,,,,,,13.0158383333333,77.5656116666667
2025-10-17 00:04:06.288,,,,,,,,,,,,,,,13.0158383333333,77.5656116666667
2025-10-17 00:04:06.288,,,,,,,,,,,,,,,13.0158383333333,77.5656116666667
2025-10-17 00:04:06.288,,,,,,,,,,,,,,,13.0158383333333,77.5656116666667
2025-10-17 00:04:06.288,,,,,,,,,,,,,,,13.0158383333333,77.5656116666667
2025-10-17 00:04:06.359,,,,,,,,,,,,,,,13.0158383333333,77.5656116666667
2025-10-17 00:04:06.359,,,,,,,,,,,,,,,13.0158383333333,77.5656116666667
2025-10-17 00:04:06.359,,,,,,,,,,,,,,,13.0158383333333,77.5656116666667
2025-10-17 00:04:06.359,,,,,,,,,,,,,,,13.0158383333333,77.5656116666667
2025-10-17 00:04:06.359,,,,,,,,,,,,,,,13.0158383333333,77.5656116666667
2025-10-17 00:04:06.412,,,,,,,,,,,,,,,13.0158383333333,77.5656116666667
2025-10-17 00:04:06.412,,,,,,,,,,,,,,,13.0158383333333,77.5656116666667
2025-10-17 00:04:06.412,,,,,,,,,,,,,,,13.0158383333333,77.5656116666667
2025-10-17 00:04:06.412,,,,,,,,,,,,,,,13.0158383333333,77.5656116666667
2025-10-17 00:04:06.412,,,,,,,,,,,,,,,13.0158383333333,77.5656116666667
2025-10-17 00:04:06.463,,,,,,,,,,,,,,,13.0158383333333,77.5656116666667
2025-10-17 00:04:06.463,,,,,,,,,,,,,,,13.0158383333333,77.5656116666667
2025-10-17 00:04:06.463,,,,,,,,,,,,,,,13.0158383333333,77.5656116666667
2025-10-17 00:04:06.463,,,,,,,,,,,,,,,13.0158383333333,77.5656116666667
2025-10-17 00:04:06.463,,,,,,,,,,,,,,,13.0158383333333,77.5656116666667
2025-10-17 00:04:06.524,,,,,,,,,,,,,,,13.0158383333333,77.5656116666667
2025-10-17 00:04:06.524,,,,,,,,,,,,,,,13.0158383333333,77.5656116666667
2025-10-17 00:04:06.524,,,,,,,,,,,,,,,13.0158383333333,77.5656116666667
2025-10-17 00:04:06.524,,,,,,,,,,,,,,,13.0158383333333,77.5656116666667
2025-10-17 00:04:06.524,,,,,,,,,,,,,,,13.0158383333333,77.5656116666667
2025-10-17 00:04:06.580,,,,,,,,,,,,,,,13.0158383333333,77.5656116666667
2025-10-17 00:04:06.580,,,,,,,,,,,,,,,13.0158383333333,77.5656116666667
2025-10-17 00:04:06.580,,,,,,,,,,,,,,,13.0158383333333,77.5656116666667
2025-10-17 00:04:06.580,,,,,,,,,,,,,,,13.0158383333333,77.5656116666667
2025-10-17 00:04:06.580,,,,,,,,,,,,,,,13.0158383333333,77.5656116666667
2025-10-17 00:04:06.641,,,,,,,,,,,,,,,13.0158383333333,77.5656116666667
2025-10-17 00:04:06.641,,,,,,,,,,,,,,,13.0158383333333,77.5656116666667
2025-10-17 00:04:06.641,,,,,,,,,,,,,,,13.0158383333333,77.5656116666667
2025-10-17 00:04:06.641,,,,,,,,,,,,,,,13.0158383333333,77.5656116666667
2025-10-17 00:04:06.641,,,,,,,,,,,,,,,13.0158383333333,77.5656116666667
2025-10-17 00:04:06.689,,,,,,,,,,,,,,,13.0158383333333,77.5656116666667
2025-10-17 00:04:06.689,,,,,,,,,,,,,,,13.0158383333333,77.5656116666667
2025-10-17 00:04:06.689,,,,,,,,,,,,,,,13.0158383333333,77.5656116666667
2025-10-17 00:04:06.689,,,,,,,,,,,,,,,13.0158383333333,77.5656116666667
2025-10-17 00:04:06.689,,,,,,,,,,,,,,,13.0158383333333,77.5656116666667
2025-10-17 00:04:06.756,,,,,,,,,,,,,,,13.0158383333333,77.5656116666667
2025-10-17 00:04:06.756,,,,,,,,,,,,,,,13.0158383333333,77.5656116666667
2025-10-17 00:04:06.756,,,,,,,,,,,,,,,13.0158383333333,77.5656116666667
2025-10-17 00:04:06.756,,,,,,,,,,,,,,,13.0158383333333,77.5656116666667
2025-10-17 00:04:06.756,,,,,,,,,,,,,,,13.0158383333333,77.5656116666667
2025-10-17 00:04:06.803,,,,,,,,,,,,,,,13.0158383333333,77.5656116666667
2025-10-17 00:04:06.803,,,,,,,,,,,,,,,13.0158383333333,77.5656116666667
2025-10-17 00:04:06.803,,,,,,,,,,,,,,,13.0158383333333,77.5656116666667
2025-10-17 00:04:06.803,,,,,,,,,,,,,,,13.0158383333333,77.5656116666667
2025-10-17 00:04:06.803,,,,,,,,,,,,,,,13.0158383333333,77.5656116666667
2025-10-17 00:04:06.849,,,,,,,,,,,,,,,13.0158383333333,77.5656116666667
2025-10-17 00:04:06.849,,,,,,,,,,,,,,,13.0158383333333,77.5656116666667
2025-10-17 00:04:06.849,,,,,,,,,,,,,,,13.0158383333333,77.5656116666667
2025-10-17 00:04:06.849,,,,,,,,,,,,,,,13.0158383333333,77.5656116666667
2025-10-17 00:04:06.849,,,,,,,,,,,,,,,13.0158383333333,77.5656116666667
2025-10-17 00:04:06.897,,,,,,,,,,,,,,,13.0158383333333,77.5656116666667
2025-10-17 00:04:06.897,,,,,,,,,,,,,,,13.0158383333333,77.5656116666667
2025-10-17 00:04:06.897,,,,,,,,,,,,,,,13.0158383333333,77.5656116666667
2025-10-17 00:04:06.897,,,,,,,,,,,,,,,13.0158383333333,77.5656116666667
2025-10-17 00:04:06.897,,,,,,,,,,,,,,,13.0158383333333,77.5656116666667
2025-10-17 00:04:06.945,,,,,,,,,,,,,,,13.0158383333333,77.5656116666667
2025-10-17 00:04:06.945,,,,,,,,,,,,,,,13.0158383333333,77.5656116666667
2025-10-17 00:04:06.945,,,,,,,,,,,,,,,13.0158383333333,77.5656116666667
2025-10-17 00:04:06.945,,,,,,,,,,,,,,,13.0158383333333,77.5656116666667
2025-10-17 00:04:06.945,,,,,,,,,,,,,,,13.0158383333333,77.5656116666667
2025-10-17 00:04:06.992,,,,,,,,,,,,,,,13.0158383333333,77.5656116666667
2025-10-17 00:04:06.992,,,,,,,,,,,,,,,13.0158383333333,77.5656116666667
2025-10-17 00:04:06.992,,,,,,,,,,,,,,,13.0158383333333,77.5656116666667
2025-10-17 00:04:06.992,,,,,,,,,,,,,,,13.0158383333333,77.5656116666667
2025-10-17 00:04:06.992,,,,,,,,,,,,,,,13.0158383333333,77.5656116666667
2025-10-17 00:04:07.052,,,,,,,,,,,,,,,13.0158383333333,77.5656116666667
2025-10-17 00:04:07.052,,,,,,,,,,,,,,,13.0158383333333,77.5656116666667
2025-10-17 00:04:07.052,,,,,,,,,,,,,,,13.0158383333333,77.5656116666667
2025-10-17 00:04:07.052,,,,,,,,,,,,,,,13.0158383333333,77.5656116666667
2025-10-17 00:04:07.052,,,,,,,,,,,,,,,13.0158383333333,77.5656116666667
2025-10-17 00:04:07.098,,,,,,,,,,,,,,,13.0158383333333,77.5656116666667
2025-10-17 00:04:07.098,,,,,,,,,,,,,,,13.0158383333333,77.5656116666667
2025-10-17 00:04:07.098,,,,,,,,,,,,,,,13.0158383333333,77.5656116666667
2025-10-17 00:04:07.098,,,,,,,,,,,,,,,13.0158383333333,77.5656116666667
2025-10-17 00:04:07.098,,,,,,,,,,,,,,,13.0158383333333,77.5656116666667
2025-10-17 00:04:07.145,,,,,,,,,,,,,,,13.0158383333333,77.5656116666667
2025-10-17 00:04:07.145,,,,,,,,,,,,,,,13.0158383333333,77.5656116666667
2025-10-17 00:04:07.145,,,,,,,,,,,,,,,13.0158383333333,77.5656116666667
2025-10-17 00:04:07.145,,,,,,,,,,,,,,,13.0158383333333,77.5656116666667
2025-10-17 00:04:07.145,,,,,,,,,,,,,,,13.0158383333333,77.5656116666667
2025-10-17 00:04:07.193,,,,,,,,,,,,,,,13.0158383333333,77.5656116666667
2025-10-17 00:04:07.193,,,,,,,,,,,,,,,13.0158383333333,77.5656116666667
2025-10-17 00:04:07.193,,,,,,,,,,,,,,,13.0158383333333,77.5656116666667
2025-10-17 00:04:07.193,,,,,,,,,,,,,,,13.0158383333333,77.5656116666667
2025-10-17 00:04:07.193,,,,,,,,,,,,,,,13.0158383333333,77.5656116666667
2025-10-17 00:04:07.239,,,,,,,,,,,,,,,13.0158383333333,77.5656116666667
2025-10-17 00:04:07.239,,,,,,,,,,,,,,,13.0158383333333,77.5656116666667
2025-10-17 00:04:07.239,,,,,,,,,,,,,,,13.0158383333333,77.5656116666667
2025-10-17 00:04:07.239,,,,,,,,,,,,,,,13.0158383333333,77.5656116666667
2025-10-17 00:04:07.239,,,,,,,,,,,,,,,13.0158383333333,77.5656116666667
2025-10-17 00:04:07.297,,,,,,,,,,,,,,,13.0158383333333,77.5656116666667
2025-10-17 00:04:07.297,,,,,,,,,,,,,,,13.0158383333333,77.5656116666667
2025-10-17 00:04:07.297,,,,,,,,,,,,,,,13.0158383333333,77.5656116666667
2025-10-17 00:04:07.297,,,,,,,,,,,,,,,13.0158383333333,77.5656116666667
2025-10-17 00:04:07.297,,,,,,,,,,,,,,,13.0158383333333,77.5656116666667
2025-10-17 00:04:07.344,,,,,,,,,,,,,,,13.0158383333333,77.5656116666667
2025-10-17 00:04:07.344,,,,,,,,,,,,,,,13.0158383333333,77.5656116666667
2025-10-17 00:04:07.344,,,,,,,,,,,,,,,13.0158383333333,77.5656116666667
2025-10-17 00:04:07.344,,,,,,,,,,,,,,,13.0158383333333,77.5656116666667
2025-10-17 00:04:07.344,,,,,,,,,,,,,,,13.0158383333333,77.5656116666667
2025-10-17 00:04:07.403,,,,,,,,,,,,,,,13.0158383333333,77.5656116666667
2025-10-17 00:04:07.403,,,,,,,,,,,,,,,13.0158383333333,77.5656116666667
2025-10-17 00:04:07.403,,,,,,,,,,,,,,,13.0158383333333,77.5656116666667
2025-10-17 00:04:07.403,,,,,,,,,,,,,,,13.0158383333333,77.5656116666667
2025-10-17 00:04:07.403,,,,,,,,,,,,,,,13.0158383333333,77.5656116666667
2025-10-17 00:04:07.450,,,,,,,,,,,,,,,13.0158383333333,77.5656116666667
2025-10-17 00:04:07.450,,,,,,,,,,,,,,,13.0158383333333,77.5656116666667
2025-10-17 00:04:07.450,,,,,,,,,,,,,,,13.0158383333333,77.5656116666667
2025-10-17 00:04:07.450,,,,,,,,,,,,,,,13.0158383333333,77.5656116666667
2025-10-17 00:04:07.450,,,,,,,,,,,,,,,13.0158383333333,77.5656116666667
2025-10-17 00:04:07.501,,,,,,,,,,,,,,,13.0158383333333,77.5656116666667
2025-10-17 00:04:07.501,,,,,,,,,,,,,,,13.0158383333333,77.5656116666667
2025-10-17 00:04:07.501,,,,,,,,,,,,,,,13.0158383333333,77.5656116666667
2025-10-17 00:04:07.501,,,,,,,,,,,,,,,13.0158383333333,77.5656116666667
2025-10-17 00:04:07.501,,,,,,,,,,,,,,,13.0158383333333,77.5656116666667
2025-10-17 00:04:07.550,,,,,,,,,,,,,,,13.0158383333333,77.5656116666667
2025-10-17 00:04:07.550,,,,,,,,,,,,,,,13.0158383333333,77.5656116666667
2025-10-17 00:04:07.550,,,,,,,,,,,,,,,13.0158383333333,77.5656116666667
2025-10-17 00:04:07.550,,,,,,,,,,,,,,,13.0158383333333,77.5656116666667
2025-10-17 00:04:07.550,,,,,,,,,,,,,,,13.0158383333333,77.5656116666667
2025-10-17 00:04:07.600,,,,,,,,,,,,,,,13.0158383333333,77.5656116666667
2025-10-17 00:04:07.600,,,,,,,,,,,,,,,13.0158383333333,77.5656116666667
2025-10-17 00:04:07.600,,,,,,,,,,,,,,,13.0158383333333,77.5656116666667
2025-10-17 00:04:07.600,,,,,,,,,,,,,,,13.0158383333333,77.5656116666667
2025-10-17 00:04:07.600,,,,,,,,,,,,,,,13.0158383333333,77.5656116666667
2025-10-17 00:04:07.653,,,,,,,,,,,,,,,13.0158383333333,77.5656116666667
2025-10-17 00:04:07.653,,,,,,,,,,,,,,,13.0158383333333,77.5656116666667
2025-10-17 00:04:07.653,,,,,,,,,,,,,,,13.0158383333333,77.5656116666667
2025-10-17 00:04:07.653,,,,,,,,,,,,,,,13.0158383333333,77.5656116666667
2025-10-17 00:04:07.653,,,,,,,,,,,,,,,13.0158383333333,77.5656116666667
2025-10-17 00:04:07.703,,,,,,,,,,,,,,,13.0158383333333,77.5656116666667
2025-10-17 00:04:07.703,,,,,,,,,,,,,,,13.0158383333333,77.5656116666667
2025-10-17 00:04:07.703,,,,,,,,,,,,,,,13.0158383333333,77.5656116666667
2025-10-17 00:04:07.703,,,,,,,,,,,,,,,13.0158383333333,77.5656116666667
2025-10-17 00:04:07.703,,,,,,,,,,,,,,,13.0158383333333,77.5656116666667
2025-10-17 00:04:07.730,,,,,,,,,,,,,,,13.0158366666667,77.565605
2025-10-17 00:04:07.749,,,,,,,,,,,,,,,13.0158366666667,77.565605
2025-10-17 00:04:07.749,,,,,,,,,,,,,,,13.0158366666667,77.565605
2025-10-17 00:04:07.749,,,,,,,,,,,,,,,13.0158366666667,77.565605
2025-10-17 00:04:07.749,,,,,,,,,,,,,,,13.0158366666667,77.565605
2025-10-17 00:04:07.749,,,,,,,,,,,,,,,13.0158366666667,77.565605
2025-10-17 00:04:07.817,,,,,,,,,,,,,,,13.0158366666667,77.565605
2025-10-17 00:04:07.817,,,,,,,,,,,,,,,13.0158366666667,77.565605
2025-10-17 00:04:07.817,,,,,,,,,,,,,,,13.0158366666667,77.565605
2025-10-17 00:04:07.817,,,,,,,,,,,,,,,13.0158366666667,77.565605
2025-10-17 00:04:07.817,,,,,,,,,,,,,,,13.0158366666667,77.565605
2025-10-17 00:04:07.890,,,,,,,,,,,,,,,13.0158366666667,77.565605
2025-10-17 00:04:07.890,,,,,,,,,,,,,,,13.0158366666667,77.565605
2025-10-17 00:04:07.890,,,,,,,,,,,,,,,13.0158366666667,77.565605
2025-10-17 00:04:07.890,,,,,,,,,,,,,,,13.0158366666667,77.565605
2025-10-17 00:04:07.890,,,,,,,,,,,,,,,13.0158366666667,77.565605
2025-10-17 00:04:07.952,,,,,,,,,,,,,,,13.0158366666667,77.565605
2025-10-17 00:04:07.952,,,,,,,,,,,,,,,13.0158366666667,77.565605
2025-10-17 00:04:07.952,,,,,,,,,,,,,,,13.0158366666667,77.565605
2025-10-17 00:04:07.952,,,,,,,,,,,,,,,13.0158366666667,77.565605
2025-10-17 00:04:07.952,,,,,,,,,,,,,,,13.0158366666667,77.565605
2025-10-17 00:04:08.002,,,,,,,,,,,,,,,13.0158366666667,77.565605
2025-10-17 00:04:08.002,,,,,,,,,,,,,,,13.0158366666667,77.565605
2025-10-17 00:04:08.002,,,,,,,,,,,,,,,13.0158366666667,77.565605
2025-10-17 00:04:08.002,,,,,,,,,,,,,,,13.0158366666667,77.565605
2025-10-17 00:04:08.002,,,,,,,,,,,,,,,13.0158366666667,77.565605
2025-10-17 00:04:08.054,,,,,,,,,,,,,,,13.0158366666667,77.565605
2025-10-17 00:04:08.054,,,,,,,,,,,,,,,13.0158366666667,77.565605
2025-10-17 00:04:08.054,,,,,,,,,,,,,,,13.0158366666667,77.565605
2025-10-17 00:04:08.054,,,,,,,,,,,,,,,13.0158366666667,77.565605
2025-10-17 00:04:08.054,,,,,,,,,,,,,,,13.0158366666667,77.565605
2025-10-17 00:04:08.114,,,,,,,,,,,,,,,13.0158366666667,77.565605
2025-10-17 00:04:08.114,,,,,,,,,,,,,,,13.0158366666667,77.565605
2025-10-17 00:04:08.114,,,,,,,,,,,,,,,13.0158366666667,77.565605
2025-10-17 00:04:08.114,,,,,,,,,,,,,,,13.0158366666667,77.565605
2025-10-17 00:04:08.114,,,,,,,,,,,,,,,13.0158366666667,77.565605
2025-10-17 00:04:08.164,,,,,,,,,,,,,,,13.0158366666667,77.565605
2025-10-17 00:04:08.164,,,,,,,,,,,,,,,13.0158366666667,77.565605
2025-10-17 00:04:08.164,,,,,,,,,,,,,,,13.0158366666667,77.565605
2025-10-17 00:04:08.164,,,,,,,,,,,,,,,13.0158366666667,77.565605
2025-10-17 00:04:08.164,,,,,,,,,,,,,,,13.0158366666667,77.565605
2025-10-17 00:04:08.217,,,,,,,,,,,,,,,13.0158366666667,77.565605
2025-10-17 00:04:08.217,,,,,,,,,,,,,,,13.0158366666667,77.565605
2025-10-17 00:04:08.217,,,,,,,,,,,,,,,13.0158366666667,77.565605
2025-10-17 00:04:08.217,,,,,,,,,,,,,,,13.0158366666667,77.565605
2025-10-17 00:04:08.217,,,,,,,,,,,,,,,13.0158366666667,77.565605
2025-10-17 00:04:08.268,,,,,,,,,,,,,,,13.0158366666667,77.565605
2025-10-17 00:04:08.268,,,,,,,,,,,,,,,13.0158366666667,77.565605
2025-10-17 00:04:08.268,,,,,,,,,,,,,,,13.0158366666667,77.565605
2025-10-17 00:04:08.268,,,,,,,,,,,,,,,13.0158366666667,77.565605
2025-10-17 00:04:08.268,,,,,,,,,,,,,,,13.0158366666667,77.565605
2025-10-17 00:04:08.318,,,,,,,,,,,,,,,13.0158366666667,77.565605
2025-10-17 00:04:08.318,,,,,,,,,,,,,,,13.0158366666667,77.565605
2025-10-17 00:04:08.318,,,,,,,,,,,,,,,13.0158366666667,77.565605
2025-10-17 00:04:08.318,,,,,,,,,,,,,,,13.0158366666667,77.565605
2025-10-17 00:04:08.318,,,,,,,,,,,,,,,13.0158366666667,77.565605
2025-10-17 00:04:08.368,,,,,,,,,,,,,,,13.0158366666667,77.565605
2025-10-17 00:04:08.368,,,,,,,,,,,,,,,13.0158366666667,77.565605
2025-10-17 00:04:08.368,,,,,,,,,,,,,,,13.0158366666667,77.565605
2025-10-17 00:04:08.368,,,,,,,,,,,,,,,13.0158366666667,77.565605
2025-10-17 00:04:08.368,,,,,,,,,,,,,,,13.0158366666667,77.565605
2025-10-17 00:04:08.425,,,,,,,,,,,,,,,13.0158366666667,77.565605
2025-10-17 00:04:08.425,,,,,,,,,,,,,,,13.0158366666667,77.565605
2025-10-17 00:04:08.425,,,,,,,,,,,,,,,13.0158366666667,77.565605
2025-10-17 00:04:08.425,,,,,,,,,,,,,,,13.0158366666667,77.565605
2025-10-17 00:04:08.425,,,,,,,,,,,,,,,13.0158366666667,77.565605
2025-10-17 00:04:08.479,,,,,,,,,,,,,,,13.0158366666667,77.565605
2025-10-17 00:04:08.479,,,,,,,,,,,,,,,13.0158366666667,77.565605
2025-10-17 00:04:08.479,,,,,,,,,,,,,,,13.0158366666667,77.565605
2025-10-17 00:04:08.479,,,,,,,,,,,,,,,13.0158366666667,77.565605
2025-10-17 00:04:08.479,,,,,,,,,,,,,,,13.0158366666667,77.565605
2025-10-17 00:04:08.530,,,,,,,,,,,,,,,13.0158366666667,77.565605
2025-10-17 00:04:08.530,,,,,,,,,,,,,,,13.0158366666667,77.565605
2025-10-17 00:04:08.530,,,,,,,,,,,,,,,13.0158366666667,77.565605
2025-10-17 00:04:08.530,,,,,,,,,,,,,,,13.0158366666667,77.565605
2025-10-17 00:04:08.530,,,,,,,,,,,,,,,13.0158366666667,77.565605
2025-10-17 00:04:08.580,,,,,,,,,,,,,,,13.0158366666667,77.565605
2025-10-17 00:04:08.580,,,,,,,,,,,,,,,13.0158366666667,77.565605
2025-10-17 00:04:08.580,,,,,,,,,,,,,,,13.0158366666667,77.565605
2025-10-17 00:04:08.580,,,,,,,,,,,,,,,13.0158366666667,77.565605
2025-10-17 00:04:08.580,,,,,,,,,,,,,,,13.0158366666667,77.565605
2025-10-17 00:04:08.629,,,,,,,,,,,,,,,13.0158366666667,77.565605
2025-10-17 00:04:08.629,,,,,,,,,,,,,,,13.0158366666667,77.565605
2025-10-17 00:04:08.629,,,,,,,,,,,,,,,13.0158366666667,77.565605
2025-10-17 00:04:08.629,,,,,,,,,,,,,,,13.0158366666667,77.565605
2025-10-17 00:04:08.629,,,,,,,,,,,,,,,13.0158366666667,77.565605
2025-10-17 00:04:08.680,,,,,,,,,,,,,,,13.0158366666667,77.565605
2025-10-17 00:04:08.680,,,,,,,,,,,,,,,13.0158366666667,77.565605
2025-10-17 00:04:08.680,,,,,,,,,,,,,,,13.0158366666667,77.565605
2025-10-17 00:04:08.680,,,,,,,,,,,,,,,13.0158366666667,77.565605
2025-10-17 00:04:08.680,,,,,,,,,,,,,,,13.0158366666667,77.565605
2025-10-17 00:04:08.733,,,,,,,,,,,,,,,13.0158366666667,77.565605
2025-10-17 00:04:08.733,,,,,,,,,,,,,,,13.0158366666667,77.565605
2025-10-17 00:04:08.733,,,,,,,,,,,,,,,13.0158366666667,77.565605
2025-10-17 00:04:08.733,,,,,,,,,,,,,,,13.0158366666667,77.565605
2025-10-17 00:04:08.733,,,,,,,,,,,,,,,13.0158366666667,77.565605
2025-10-17 00:04:08.782,,,,,,,,,,,,,,,13.0158366666667,77.565605
2025-10-17 00:04:08.782,,,,,,,,,,,,,,,13.0158366666667,77.565605
2025-10-17 00:04:08.782,,,,,,,,,,,,,,,13.0158366666667,77.565605
2025-10-17 00:04:08.782,,,,,,,,,,,,,,,13.0158366666667,77.565605
2025-10-17 00:04:08.782,,,,,,,,,,,,,,,13.0158366666667,77.565605
2025-10-17 00:04:08.830,,,,,,,,,,,,,,,13.0158366666667,77.565605
2025-10-17 00:04:08.830,,,,,,,,,,,,,,,13.0158366666667,77.565605
2025-10-17 00:04:08.830,,,,,,,,,,,,,,,13.0158366666667,77.565605
2025-10-17 00:04:08.830,,,,,,,,,,,,,,,13.0158366666667,77.565605
2025-10-17 00:04:08.830,,,,,,,,,,,,,,,13.0158366666667,77.565605
2025-10-17 00:04:08.877,,,,,,,,,,,,,,,13.0158366666667,77.565605
2025-10-17 00:04:08.877,,,,,,,,,,,,,,,13.0158366666667,77.565605
2025-10-17 00:04:08.877,,,,,,,,,,,,,,,13.0158366666667,77.565605
2025-10-17 00:04:08.877,,,,,,,,,,,,,,,13.0158366666667,77.565605
2025-10-17 00:04:08.877,,,,,,,,,,,,,,,13.0158366666667,77.565605
2025-10-17 00:04:08.926,,,,,,,,,,,,,,,13.0158366666667,77.565605
2025-10-17 00:04:08.926,,,,,,,,,,,,,,,13.0158366666667,77.565605
2025-10-17 00:04:08.926,,,,,,,,,,,,,,,13.0158366666667,77.565605
2025-10-17 00:04:08.926,,,,,,,,,,,,,,,13.0158366666667,77.565605
2025-10-17 00:04:08.926,,,,,,,,,,,,,,,13.0158366666667,77.565605
2025-10-17 00:04:08.978,,,,,,,,,,,,,,,13.0158366666667,77.565605
2025-10-17 00:04:08.978,,,,,,,,,,,,,,,13.0158366666667,77.565605
2025-10-17 00:04:08.978,,,,,,,,,,,,,,,13.0158366666667,77.565605
2025-10-17 00:04:08.978,,,,,,,,,,,,,,,13.0158366666667,77.565605
2025-10-17 00:04:08.978,,,,,,,,,,,,,,,13.0158366666667,77.565605
2025-10-17 00:04:09.045,,,,,,,,,,,,,,,13.0158366666667,77.565605
2025-10-17 00:04:09.045,,,,,,,,,,,,,,,13.0158366666667,77.565605
2025-10-17 00:04:09.045,,,,,,,,,,,,,,,13.0158366666667,77.565605
2025-10-17 00:04:09.045,,,,,,,,,,,,,,,13.0158366666667,77.565605
2025-10-17 00:04:09.045,,,,,,,,,,,,,,,13.0158366666667,77.565605
2025-10-17 00:04:09.102,,,,,,,,,,,,,,,13.0158366666667,77.565605
2025-10-17 00:04:09.102,,,,,,,,,,,,,,,13.0158366666667,77.565605
2025-10-17 00:04:09.102,,,,,,,,,,,,,,,13.0158366666667,77.565605
2025-10-17 00:04:09.102,,,,,,,,,,,,,,,13.0158366666667,77.565605
2025-10-17 00:04:09.102,,,,,,,,,,,,,,,13.0158366666667,77.565605
2025-10-17 00:04:09.154,,,,,,,,,,,,,,,13.0158366666667,77.565605
2025-10-17 00:04:09.154,,,,,,,,,,,,,,,13.0158366666667,77.565605
2025-10-17 00:04:09.154,,,,,,,,,,,,,,,13.0158366666667,77.565605
2025-10-17 00:04:09.154,,,,,,,,,,,,,,,13.0158366666667,77.565605
2025-10-17 00:04:09.154,,,,,,,,,,,,,,,13.0158366666667,77.565605
2025-10-17 00:04:09.199,,,,,,,,,,,,,,,13.0158366666667,77.565605
2025-10-17 00:04:09.199,,,,,,,,,,,,,,,13.0158366666667,77.565605
2025-10-17 00:04:09.199,,,,,,,,,,,,,,,13.0158366666667,77.565605
2025-10-17 00:04:09.199,,,,,,,,,,,,,,,13.0158366666667,77.565605
2025-10-17 00:04:09.199,,,,,,,,,,,,,,,13.0158366666667,77.565605
2025-10-17 00:04:09.254,,,,,,,,,,,,,,,13.0158366666667,77.565605
2025-10-17 00:04:09.254,,,,,,,,,,,,,,,13.0158366666667,77.565605
2025-10-17 00:04:09.254,,,,,,,,,,,,,,,13.0158366666667,77.565605
2025-10-17 00:04:09.254,,,,,,,,,,,,,,,13.0158366666667,77.565605
2025-10-17 00:04:09.254,,,,,,,,,,,,,,,13.0158366666667,77.565605
2025-10-17 00:04:09.328,,,,,,,,,,,,,,,13.0158366666667,77.565605
2025-10-17 00:04:09.328,,,,,,,,,,,,,,,13.0158366666667,77.565605
2025-10-17 00:04:09.328,,,,,,,,,,,,,,,13.0158366666667,77.565605
2025-10-17 00:04:09.328,,,,,,,,,,,,,,,13.0158366666667,77.565605
2025-10-17 00:04:09.328,,,,,,,,,,,,,,,13.0158366666667,77.565605
2025-10-17 00:04:09.384,,,,,,,,,,,,,,,13.0158366666667,77.565605
2025-10-17 00:04:09.384,,,,,,,,,,,,,,,13.0158366666667,77.565605
2025-10-17 00:04:09.384,,,,,,,,,,,,,,,13.0158366666667,77.565605
2025-10-17 00:04:09.384,,,,,,,,,,,,,,,13.0158366666667,77.565605
2025-10-17 00:04:09.384,,,,,,,,,,,,,,,13.0158366666667,77.565605
2025-10-17 00:04:09.433,,,,,,,,,,,,,,,13.0158366666667,77.565605
2025-10-17 00:04:09.433,,,,,,,,,,,,,,,13.0158366666667,77.565605
2025-10-17 00:04:09.433,,,,,,,,,,,,,,,13.0158366666667,77.565605
2025-10-17 00:04:09.433,,,,,,,,,,,,,,,13.0158366666667,77.565605
2025-10-17 00:04:09.433,,,,,,,,,,,,,,,13.0158366666667,77.565605
2025-10-17 00:04:09.472,,,,,,,,,,,,,,,13.01583,77.5656283333333
2025-10-17 00:04:09.472,,,,,,,,,,,,,,,13.01583,77.5656283333333
2025-10-17 00:04:09.472,,,,,,,0.124151006340981,,,,,,,,13.01583,77.5656283333333
2025-10-17 00:04:09.492,,,,,,,,,,,,,,,13.01583,77.5656283333333
2025-10-17 00:04:09.492,,,,,,,,,,,,,,,13.01583,77.5656283333333
2025-10-17 00:04:09.492,,,,,,,,,,,,,,,13.01583,77.5656283333333
2025-10-17 00:04:09.492,,,,,,,,,,,,,,,13.01583,77.5656283333333
2025-10-17 00:04:09.492,,,,,,,,,,,,,,,13.01583,77.5656283333333
2025-10-17 00:04:09.540,,,,,,,,,,,,,,,13.01583,77.5656283333333
2025-10-17 00:04:09.540,,,,,,,,,,,,,,,13.01583,77.5656283333333
2025-10-17 00:04:09.540,,,,,,,,,,,,,,,13.01583,77.5656283333333
2025-10-17 00:04:09.540,,,,,,,,,,,,,,,13.01583,77.5656283333333
2025-10-17 00:04:09.540,,,,,,,,,,,,,,,13.01583,77.5656283333333
2025-10-17 00:04:09.609,,,,,,,,,,,,,,,13.01583,77.5656283333333
2025-10-17 00:04:09.609,,,,,,,,,,,,,,,13.01583,77.5656283333333
2025-10-17 00:04:09.609,,,,,,,,,,,,,,,13.01583,77.5656283333333
2025-10-17 00:04:09.609,,,,,,,,,,,,,,,13.01583,77.5656283333333
2025-10-17 00:04:09.609,,,,,,,,,,,,,,,13.01583,77.5656283333333
2025-10-17 00:04:09.659,,,,,,,,,,,,,,,13.01583,77.5656283333333
2025-10-17 00:04:09.659,,,,,,,,,,,,,,,13.01583,77.5656283333333
2025-10-17 00:04:09.659,,,,,,,,,,,,,,,13.01583,77.5656283333333
2025-10-17 00:04:09.659,,,,,,,,,,,,,,,13.01583,77.5656283333333
2025-10-17 00:04:09.659,,,,,,,,,,,,,,,13.01583,77.5656283333333
2025-10-17 00:04:09.722,,,,,,,,,,,,,,,13.01583,77.5656283333333
2025-10-17 00:04:09.722,,,,,,,,,,,,,,,13.01583,77.5656283333333
2025-10-17 00:04:09.722,,,,,,,,,,,,,,,13.01583,77.5656283333333
2025-10-17 00:04:09.722,,,,,,,,,,,,,,,13.01583,77.5656283333333
2025-10-17 00:04:09.722,,,,,,,,,,,,,,,13.01583,77.5656283333333
2025-10-17 00:04:09.770,,,,,,,,,,,,,,,13.01583,77.5656283333333
2025-10-17 00:04:09.770,,,,,,,,,,,,,,,13.01583,77.5656283333333
2025-10-17 00:04:09.770,,,,,,,,,,,,,,,13.01583,77.5656283333333
2025-10-17 00:04:09.770,,,,,,,,,,,,,,,13.01583,77.5656283333333
2025-10-17 00:04:09.770,,,,,,,,,,,,,,,13.01583,77.5656283333333
2025-10-17 00:04:09.820,,,,,,,,,,,,,,,13.01583,77.5656283333333
2025-10-17 00:04:09.820,,,,,,,,,,,,,,,13.01583,77.5656283333333
2025-10-17 00:04:09.820,,,,,,,,,,,,,,,13.01583,77.5656283333333
2025-10-17 00:04:09.820,,,,,,,,,,,,,,,13.01583,77.5656283333333
2025-10-17 00:04:09.820,,,,,,,,,,,,,,,13.01583,77.5656283333333
2025-10-17 00:04:09.877,,,,,,,,,,,,,,,13.01583,77.5656283333333
2025-10-17 00:04:09.877,,,,,,,,,,,,,,,13.01583,77.5656283333333
2025-10-17 00:04:09.877,,,,,,,,,,,,,,,13.01583,77.5656283333333
2025-10-17 00:04:09.877,,,,,,,,,,,,,,,13.01583,77.5656283333333
2025-10-17 00:04:09.877,,,,,,,,,,,,,,,13.01583,77.5656283333333
2025-10-17 00:04:09.932,,,,,,,,,,,,,,,13.01583,77.5656283333333
2025-10-17 00:04:09.932,,,,,,,,,,,,,,,13.01583,77.5656283333333
2025-10-17 00:04:09.932,,,,,,,,,,,,,,,13.01583,77.5656283333333
2025-10-17 00:04:09.932,,,,,,,,,,,,,,,13.01583,77.5656283333333
2025-10-17 00:04:09.932,,,,,,,,,,,,,,,13.01583,77.5656283333333
2025-10-17 00:04:09.986,,,,,,,,,,,,,,,13.01583,77.5656283333333
2025-10-17 00:04:09.986,,,,,,,,,,,,,,,13.01583,77.5656283333333
2025-10-17 00:04:09.986,,,,,,,,,,,,,,,13.01583,77.5656283333333
2025-10-17 00:04:09.986,,,,,,,,,,,,,,,13.01583,77.5656283333333
2025-10-17 00:04:09.986,,,,,,,,,,,,,,,13.01583,77.5656283333333
2025-10-17 00:04:10.040,,,,,,,,,,,,,,,13.01583,77.5656283333333
2025-10-17 00:04:10.040,,,,,,,,,,,,,,,13.01583,77.5656283333333
2025-10-17 00:04:10.040,,,,,,,,,,,,,,,13.01583,77.5656283333333
2025-10-17 00:04:10.040,,,,,,,,,,,,,,,13.01583,77.5656283333333
2025-10-17 00:04:10.040,,,,,,,,,,,,,,,13.01583,77.5656283333333
2025-10-17 00:04:10.098,,,,,,,,,,,,,,,13.01583,77.5656283333333
2025-10-17 00:04:10.098,,,,,,,,,,,,,,,13.01583,77.5656283333333
2025-10-17 00:04:10.098,,,,,,,,,,,,,,,13.01583,77.5656283333333
2025-10-17 00:04:10.098,,,,,,,,,,,,,,,13.01583,77.5656283333333
2025-10-17 00:04:10.098,,,,,,,,,,,,,,,13.01583,77.5656283333333
2025-10-17 00:04:10.154,,,,,,,,,,,,,,,13.01583,77.5656283333333
2025-10-17 00:04:10.154,,,,,,,,,,,,,,,13.01583,77.5656283333333
2025-10-17 00:04:10.154,,,,,,,,,,,,,,,13.01583,77.5656283333333
2025-10-17 00:04:10.154,,,,,,,,,,,,,,,13.01583,77.5656283333333
2025-10-17 00:04:10.154,,,,,,,,,,,,,,,13.01583,77.5656283333333
2025-10-17 00:04:10.219,,,,,,,,,,,,,,,13.01583,77.5656283333333
2025-10-17 00:04:10.219,,,,,,,,,,,,,,,13.01583,77.5656283333333
2025-10-17 00:04:10.219,,,,,,,,,,,,,,,13.01583,77.5656283333333
2025-10-17 00:04:10.219,,,,,,,,,,,,,,,13.01583,77.5656283333333
2025-10-17 00:04:10.219,,,,,,,,,,,,,,,13.01583,77.5656283333333
2025-10-17 00:04:10.284,,,,,,,,,,,,,,,13.01583,77.5656283333333
2025-10-17 00:04:10.284,,,,,,,,,,,,,,,13.01583,77.5656283333333
2025-10-17 00:04:10.284,,,,,,,,,,,,,,,13.01583,77.5656283333333
2025-10-17 00:04:10.284,,,,,,,,,,,,,,,13.01583,77.5656283333333
2025-10-17 00:04:10.284,,,,,,,,,,,,,,,13.01583,77.5656283333333
2025-10-17 00:04:10.333,,,,,,,,,,,,,,,13.01583,77.5656283333333
2025-10-17 00:04:10.333,,,,,,,,,,,,,,,13.01583,77.5656283333333
2025-10-17 00:04:10.333,,,,,,,,,,,,,,,13.01583,77.5656283333333
2025-10-17 00:04:10.333,,,,,,,,,,,,,,,13.01583,77.5656283333333
2025-10-17 00:04:10.333,,,,,,,,,,,,,,,13.01583,77.5656283333333
2025-10-17 00:04:10.386,,,,,,,,,,,,,,,13.01583,77.5656283333333
2025-10-17 00:04:10.386,,,,,,,,,,,,,,,13.01583,77.5656283333333
2025-10-17 00:04:10.386,,,,,,,,,,,,,,,13.01583,77.5656283333333
2025-10-17 00:04:10.386,,,,,,,,,,,,,,,13.01583,77.5656283333333
2025-10-17 00:04:10.386,,,,,,,,,,,,,,,13.01583,77.5656283333333
2025-10-17 00:04:10.463,,,,,,,,,,,,,,,13.01583,77.5656283333333
2025-10-17 00:04:10.463,,,,,,,,,,,,,,,13.01583,77.5656283333333
2025-10-17 00:04:10.463,,,,,,,,,,,,,,,13.01583,77.5656283333333
2025-10-17 00:04:10.463,,,,,,,,,,,,,,,13.01583,77.5656283333333
2025-10-17 00:04:10.463,,,,,,,,,,,,,,,13.01583,77.5656283333333
2025-10-17 00:04:10.532,,,,,,,,,,,,,,,13.01583,77.5656283333333
2025-10-17 00:04:10.532,,,,,,,,,,,,,,,13.01583,77.5656283333333
2025-10-17 00:04:10.532,,,,,,,,,,,,,,,13.01583,77.5656283333333
2025-10-17 00:04:10.532,,,,,,,,,,,,,,,13.01583,77.5656283333333
2025-10-17 00:04:10.532,,,,,,,,,,,,,,,13.01583,77.5656283333333
2025-10-17 00:04:10.590,,,,,,,,,,,,,,,13.01583,77.5656283333333
2025-10-17 00:04:10.590,,,,,,,,,,,,,,,13.01583,77.5656283333333
2025-10-17 00:04:10.590,,,,,,,,,,,,,,,13.01583,77.5656283333333
2025-10-17 00:04:10.590,,,,,,,,,,,,,,,13.01583,77.5656283333333
2025-10-17 00:04:10.590,,,,,,,,,,,,,,,13.01583,77.5656283333333
2025-10-17 00:04:10.644,,,,,,,,,,,,,,,13.01583,77.5656283333333
2025-10-17 00:04:10.644,,,,,,,,,,,,,,,13.01583,77.5656283333333
2025-10-17 00:04:10.644,,,,,,,,,,,,,,,13.01583,77.5656283333333
2025-10-17 00:04:10.644,,,,,,,,,,,,,,,13.01583,77.5656283333333
2025-10-17 00:04:10.644,,,,,,,,,,,,,,,13.01583,77.5656283333333
2025-10-17 00:04:10.716,,,,,,,,,,,,,,,13.0158283333333,77.56564
2025-10-17 00:04:10.716,,,,,,,0.101914997398853,,,,,,,,13.0158283333333,77.56564
2025-10-17 00:04:10.717,,,,,,,,,,,,,,,13.0158283333333,77.56564
2025-10-17 00:04:10.717,,,,,,,,,,,,,,,13.0158283333333,77.56564
2025-10-17 00:04:10.717,,,,,,,,,,,,,,,13.0158283333333,77.56564
2025-10-17 00:04:10.717,,,,,,,,,,,,,,,13.0158283333333,77.56564
2025-10-17 00:04:10.717,,,,,,,,,,,,,,,13.0158283333333,77.56564
2025-10-17 00:04:10.717,,,,,,,,,,,,,,,13.0158283333333,77.56564
2025-10-17 00:04:10.768,,,,,,,,,,,,,,,13.0158283333333,77.56564
2025-10-17 00:04:10.768,,,,,,,,,,,,,,,13.0158283333333,77.56564
2025-10-17 00:04:10.768,,,,,,,,,,,,,,,13.0158283333333,77.56564
2025-10-17 00:04:10.768,,,,,,,,,,,,,,,13.0158283333333,77.56564
2025-10-17 00:04:10.768,,,,,,,,,,,,,,,13.0158283333333,77.56564
2025-10-17 00:04:10.823,,,,,,,,,,,,,,,13.0158283333333,77.56564
2025-10-17 00:04:10.823,,,,,,,,,,,,,,,13.0158283333333,77.56564
2025-10-17 00:04:10.823,,,,,,,,,,,,,,,13.0158283333333,77.56564
2025-10-17 00:04:10.823,,,,,,,,,,,,,,,13.0158283333333,77.56564
2025-10-17 00:04:10.823,,,,,,,,,,,,,,,13.0158283333333,77.56564
2025-10-17 00:04:10.881,,,,,,,,,,,,,,,13.0158283333333,77.56564
2025-10-17 00:04:10.881,,,,,,,,,,,,,,,13.0158283333333,77.56564
2025-10-17 00:04:10.881,,,,,,,,,,,,,,,13.0158283333333,77.56564
2025-10-17 00:04:10.881,,,,,,,,,,,,,,,13.0158283333333,77.56564
2025-10-17 00:04:10.881,,,,,,,,,,,,,,,13.0158283333333,77.56564
2025-10-17 00:04:10.928,,,,,,,,,,,,,,,13.0158283333333,77.56564
2025-10-17 00:04:10.928,,,,,,,,,,,,,,,13.0158283333333,77.56564
2025-10-17 00:04:10.928,,,,,,,,,,,,,,,13.0158283333333,77.56564
2025-10-17 00:04:10.928,,,,,,,,,,,,,,,13.0158283333333,77.56564
2025-10-17 00:04:10.928,,,,,,,,,,,,,,,13.0158283333333,77.56564
2025-10-17 00:04:10.975,,,,,,,,,,,,,,,13.0158283333333,77.56564
2025-10-17 00:04:10.975,,,,,,,,,,,,,,,13.0158283333333,77.56564
2025-10-17 00:04:10.975,,,,,,,,,,,,,,,13.0158283333333,77.56564
2025-10-17 00:04:10.975,,,,,,,,,,,,,,,13.0158283333333,77.56564
2025-10-17 00:04:10.975,,,,,,,,,,,,,,,13.0158283333333,77.56564
2025-10-17 00:04:11.028,,,,,,,,,,,,,,,13.0158283333333,77.56564
2025-10-17 00:04:11.028,,,,,,,,,,,,,,,13.0158283333333,77.56564
2025-10-17 00:04:11.028,,,,,,,,,,,,,,,13.0158283333333,77.56564
2025-10-17 00:04:11.028,,,,,,,,,,,,,,,13.0158283333333,77.56564
2025-10-17 00:04:11.028,,,,,,,,,,,,,,,13.0158283333333,77.56564
2025-10-17 00:04:11.084,,,,,,,,,,,,,,,13.0158283333333,77.56564
2025-10-17 00:04:11.084,,,,,,,,,,,,,,,13.0158283333333,77.56564
2025-10-17 00:04:11.084,,,,,,,,,,,,,,,13.0158283333333,77.56564
2025-10-17 00:04:11.084,,,,,,,,,,,,,,,13.0158283333333,77.56564
2025-10-17 00:04:11.084,,,,,,,,,,,,,,,13.0158283333333,77.56564
2025-10-17 00:04:12.954,,,,,,,,,,,,,,,13.0158283333333,77.5656433333333
2025-10-17 00:04:12.954,,,,,,,0.0,,,,,,,,13.0158283333333,77.5656433333333
2025-10-17 00:04:14.708,,,,,,,,,,,,,,,13.0158233333333,77.5656466666667
2025-10-17 00:04:15.309,,,,,,,,,,,,,,,13.015857,77.5656766
2025-10-17 00:04:21.231,801.0,,,,,,,,,,,,,,13.015857,77.5656766
2025-10-17 00:04:21.231,,,,,,,,,,,,,,,13.015857,77.5656766
2025-10-17 00:04:21.324,,,,,,,,,,,,,,,13.015857,77.5656766
2025-10-17 00:04:21.324,,,,,,,,,,,,,,,13.015857,77.5656766
2025-10-17 00:04:21.324,,,,,,,,,,,,,,,13.015857,77.5656766
2025-10-17 00:04:21.324,,,,,,,,,,,,,,,13.015857,77.5656766
2025-10-17 00:04:21.324,,,,,,,,,,,,,,,13.015857,77.5656766
2025-10-17 00:04:21.405,,,,,,79.0,,,,,,,,,13.015857,77.5656766
2025-10-17 00:04:21.466,800.0,,,,,,,,,,,,,,13.015857,77.5656766
2025-10-17 00:04:21.466,,,,,,,,,,,,,,,13.015857,77.5656766
2025-10-17 00:04:21.512,,,,,,,,,,,,,,,13.015857,77.5656766
2025-10-17 00:04:21.512,,,,,,,,,,,,,,,13.015857,77.5656766
2025-10-17 00:04:21.512,,,,,,,,,,,,,,,13.015857,77.5656766
2025-10-17 00:04:21.512,,,,,,,,,,,,,,,13.015857,77.5656766
2025-10-17 00:04:21.512,,,,,,,,,,,,,,,13.015857,77.5656766
2025-10-17 00:04:21.538,,,,,,,,,,,,,,,13.0158183333333,77.56565
2025-10-17 00:04:21.560,800.0,,,,,,,,,,,,,,13.0158183333333,77.56565
2025-10-17 00:04:21.560,,,,,,,,,,,,,,,13.0158183333333,77.56565
2025-10-17 00:04:21.607,,,,,,,,,,,,,,,13.0158183333333,77.56565
2025-10-17 00:04:21.607,,,,,,,,,,,,,,,13.0158183333333,77.56565
2025-10-17 00:04:21.607,,,,,,,,,,,,,,,13.0158183333333,77.56565
2025-10-17 00:04:21.607,,,,,,,,,,,,,,,13.0158183333333,77.56565
2025-10-17 00:04:21.607,,,,,,,,,,,,,,,13.0158183333333,77.56565
2025-10-17 00:04:21.656,,,,,,79.0,,,,,,,,,13.0158183333333,77.56565
2025-10-17 00:04:21.703,798.0,,,,,,,,,,,,,,13.0158183333333,77.56565
2025-10-17 00:04:21.703,,,,,,,,,,,,,,,13.0158183333333,77.56565
2025-10-17 00:04:21.755,,,,,,,,,,,,,,,13.0158183333333,77.56565
2025-10-17 00:04:21.755,,,,,,,,,,,,,,,13.0158183333333,77.56565
2025-10-17 00:04:21.755,,,,,,,,,,,,,,,13.0158183333333,77.56565
2025-10-17 00:04:21.755,,,,,,,,,,,,,,,13.0158183333333,77.56565
2025-10-17 00:04:21.755,,,,,,,,,,,,,,,13.0158183333333,77.56565
2025-10-17 00:04:21.802,798.0,,,,,,,,,,,,,,13.0158183333333,77.56565
2025-10-17 00:04:21.802,,,,,,,,,,,,,,,13.0158183333333,77.56565
2025-10-17 00:04:21.852,,,,,,,,,,,,,,,13.0158183333333,77.56565
2025-10-17 00:04:21.852,,,,,,,,,,,,,,,13.0158183333333,77.56565
2025-10-17 00:04:21.852,,,,,,,,,,,,,,,13.0158183333333,77.56565
2025-10-17 00:04:21.852,,,,,,,,,,,,,,,13.0158183333333,77.56565
2025-10-17 00:04:21.852,,,,,,,,,,,,,,,13.0158183333333,77.56565
2025-10-17 00:04:21.913,,,,,,79.0,,,,,,,,,13.0158183333333,77.56565
2025-10-17 00:04:21.964,800.0,,,,,,,,,,,,,,13.0158183333333,77.56565
2025-10-17 00:04:21.964,,,,,,,,,,,,,,,13.0158183333333,77.56565
2025-10-17 00:04:22.016,,,,,,,,,,,,,,,13.0158183333333,77.56565
2025-10-17 00:04:22.016,,,,,,,,,,,,,,,13.0158183333333,77.56565
2025-10-17 00:04:22.016,,,,,,,,,,,,,,,13.0158183333333,77.56565
2025-10-17 00:04:22.016,,,,,,,,,,,,,,,13.0158183333333,77.56565
2025-10-17 00:04:22.016,,,,,,,,,,,,,,,13.0158183333333,77.56565
2025-10-17 00:04:22.074,802.0,,,,,,,,,,,,,,13.0158183333333,77.56565
2025-10-17 00:04:22.074,,,,,,,,,,,,,,,13.0158183333333,77.56565
2025-10-17 00:04:22.147,,,,,,,,,,,,,,,13.0158183333333,77.56565
2025-10-17 00:04:22.147,,,,,,,,,,,,,,,13.0158183333333,77.56565
2025-10-17 00:04:22.147,,,,,,,,,,,,,,,13.0158183333333,77.56565
2025-10-17 00:04:22.147,,,,,,,,,,,,,,,13.0158183333333,77.56565
2025-10-17 00:04:22.147,,,,,,,,,,,,,,,13.0158183333333,77.56565
2025-10-17 00:04:22.206,,,,,,79.0,,,,,,,,,13.0158183333333,77.56565
2025-10-17 00:04:22.255,798.0,,,,,,,,,,,,,,13.0158183333333,77.56565
2025-10-17 00:04:22.255,,,,,,,,,,,,,,,13.0158183333333,77.56565
2025-10-17 00:04:22.302,,,,,,,,,,,,,,,13.0158183333333,77.56565
2025-10-17 00:04:22.302,,,,,,,,,,,,,,,13.0158183333333,77.56565
2025-10-17 00:04:22.302,,,,,,,,,,,,,,,13.0158183333333,77.56565
2025-10-17 00:04:22.302,,,,,,,,,,,,,,,13.0158183333333,77.56565
2025-10-17 00:04:22.302,,,,,,,,,,,,,,,13.0158183333333,77.56565
2025-10-17 00:04:22.358,798.0,,,,,,,,,,,,,,13.0158183333333,77.56565
2025-10-17 00:04:22.358,,,,,,,,,,,,,,,13.0158183333333,77.56565
2025-10-17 00:04:22.408,,,,,,,,,,,,,,,13.0158183333333,77.56565
2025-10-17 00:04:22.408,,,,,,,,,,,,,,,13.0158183333333,77.56565
2025-10-17 00:04:22.408,,,,,,,,,,,,,,,13.0158183333333,77.56565
2025-10-17 00:04:22.408,,,,,,,,,,,,,,,13.0158183333333,77.56565
2025-10-17 00:04:22.408,,,,,,,,,,,,,,,13.0158183333333,77.56565
2025-10-17 00:04:22.456,,,,,,79.0,,,,,,,,,13.0158183333333,77.56565
2025-10-17 00:04:22.506,801.0,,,,,,,,,,,,,,13.0158183333333,77.56565
2025-10-17 00:04:22.506,,,,,,,,,,,,,,,13.0158183333333,77.56565
2025-10-17 00:04:22.566,,,,,,,,,,,,,,,13.0158183333333,77.56565
2025-10-17 00:04:22.566,,,,,,,,,,,,,,,13.0158183333333,77.56565
2025-10-17 00:04:22.566,,,,,,,,,,,,,,,13.0158183333333,77.56565
2025-10-17 00:04:22.566,,,,,,,,,,,,,,,13.0158183333333,77.56565
2025-10-17 00:04:22.566,,,,,,,,,,,,,,,13.0158183333333,77.56565
2025-10-17 00:04:22.617,799.0,,,,,,,,,,,,,,13.0158183333333,77.56565
2025-10-17 00:04:22.617,,,,,,,,,,,,,,,13.0158183333333,77.56565
2025-10-17 00:04:22.682,,,,,,,,,,,,,,,13.0158183333333,77.56565
2025-10-17 00:04:22.682,,,,,,,,,,,,,,,13.0158183333333,77.56565
2025-10-17 00:04:22.682,,,,,,,,,,,,,,,13.0158183333333,77.56565
2025-10-17 00:04:22.682,,,,,,,,,,,,,,,13.0158183333333,77.56565
2025-10-17 00:04:22.682,,,,,,,,,,,,,,,13.0158183333333,77.56565
2025-10-17 00:04:22.732,,,,,,79.0,,,,,,,,,13.0158183333333,77.56565
2025-10-17 00:04:22.792,799.0,,,,,,,,,,,,,,13.0158183333333,77.56565
2025-10-17 00:04:22.792,,,,,,,,,,,,,,,13.0158183333333,77.56565
2025-10-17 00:04:22.840,,,,,,,,,,,,,,,13.0158183333333,77.56565
2025-10-17 00:04:22.840,,,,,,,,,,,,,,,13.0158183333333,77.56565
2025-10-17 00:04:22.840,,,,,,,,,,,,,,,13.0158183333333,77.56565
2025-10-17 00:04:22.840,,,,,,,,,,,,,,,13.0158183333333,77.56565
2025-10-17 00:04:22.840,,,,,,,,,,,,,,,13.0158183333333,77.56565
2025-10-17 00:04:22.885,800.0,,,,,,,,,,,,,,13.0158183333333,77.56565
2025-10-17 00:04:22.885,,,,,,,,,,,,,,,13.0158183333333,77.56565
2025-10-17 00:04:22.939,,,,,,,,,,,,,,,13.0158183333333,77.56565
2025-10-17 00:04:22.939,,,,,,,,,,,,,,,13.0158183333333,77.56565
2025-10-17 00:04:22.939,,,,,,,,,,,,,,,13.0158183333333,77.56565
2025-10-17 00:04:22.939,,,,,,,,,,,,,,,13.0158183333333,77.56565
2025-10-17 00:04:22.939,,,,,,,,,,,,,,,13.0158183333333,77.56565
2025-10-17 00:04:22.989,,,,,,79.0,,,,,,,,,13.0158183333333,77.56565
2025-10-17 00:04:23.037,801.0,,,,,,,,,,,,,,13.0158183333333,77.56565
2025-10-17 00:04:23.037,,,,,,,,,,,,,,,13.0158183333333,77.56565
2025-10-17 00:04:23.097,,,,,,,,,,,,,,,13.0158183333333,77.56565
2025-10-17 00:04:23.097,,,,,,,,,,,,,,,13.0158183333333,77.56565
2025-10-17 00:04:23.097,,,,,,,,,,,,,,,13.0158183333333,77.56565
2025-10-17 00:04:23.097,,,,,,,,,,,,,,,13.0158183333333,77.56565
2025-10-17 00:04:23.097,,,,,,,,,,,,,,,13.0158183333333,77.56565
2025-10-17 00:04:23.151,801.0,,,,,,,,,,,,,,13.0158183333333,77.56565
2025-10-17 00:04:23.151,,,,,,,,,,,,,,,13.0158183333333,77.56565
2025-10-17 00:04:23.201,,,,,,,,,,,,,,,13.0158183333333,77.56565
2025-10-17 00:04:23.201,,,,,,,,,,,,,,,13.0158183333333,77.56565
2025-10-17 00:04:23.201,,,,,,,,,,,,,,,13.0158183333333,77.56565
2025-10-17 00:04:23.201,,,,,,,,,,,,,,,13.0158183333333,77.56565
2025-10-17 00:04:23.201,,,,,,,,,,,,,,,13.0158183333333,77.56565
2025-10-17 00:04:23.274,,,,,,79.0,,,,,,,,,13.0158183333333,77.56565
2025-10-17 00:04:23.299,,,,,,,,,,,,,,,13.01582,77.5656616666667
2025-10-17 00:04:23.324,799.0,,,,,,,,,,,,,,13.01582,77.5656616666667
2025-10-17 00:04:23.324,,,,,,,,,,,,,,,13.01582,77.5656616666667
2025-10-17 00:04:23.396,,,,,,,,,,,,,,,13.01582,77.5656616666667
2025-10-17 00:04:23.396,,,,,,,,,,,,,,,13.01582,77.5656616666667
2025-10-17 00:04:23.396,,,,,,,,,,,,,,,13.01582,77.5656616666667
2025-10-17 00:04:23.396,,,,,,,,,,,,,,,13.01582,77.5656616666667
2025-10-17 00:04:23.396,,,,,,,,,,,,,,,13.01582,77.5656616666667
2025-10-17 00:04:23.435,801.0,,,,,,,,,,,,,,13.01582,77.5656616666667
2025-10-17 00:04:23.435,,,,,,,,,,,,,,,13.01582,77.5656616666667
2025-10-17 00:04:23.480,,,,,,,,,,,,,,,13.01582,77.5656616666667
2025-10-17 00:04:23.480,,,,,,,,,,,,,,,13.01582,77.5656616666667
2025-10-17 00:04:23.480,,,,,,,,,,,,,,,13.01582,77.5656616666667
2025-10-17 00:04:23.480,,,,,,,,,,,,,,,13.01582,77.5656616666667
2025-10-17 00:04:23.480,,,,,,,,,,,,,,,13.01582,77.5656616666667
2025-10-17 00:04:23.534,,,,,,79.0,,,,,,,,,13.01582,77.5656616666667
2025-10-17 00:04:23.583,801.0,,,,,,,,,,,,,,13.01582,77.5656616666667
2025-10-17 00:04:23.583,,,,,,,,,,,,,,,13.01582,77.5656616666667
2025-10-17 00:04:23.689,,,,,,,,,,,,,,,13.01582,77.5656616666667
2025-10-17 00:04:23.689,,,,,,,,,,,,,,,13.01582,77.5656616666667
2025-10-17 00:04:23.689,,,,,,,,,,,,,,,13.01582,77.5656616666667
2025-10-17 00:04:23.689,,,,,,,,,,,,,,,13.01582,77.5656616666667
2025-10-17 00:04:23.689,,,,,,,,,,,,,,,13.01582,77.5656616666667
2025-10-17 00:04:23.740,802.0,,,,,,,,,,,,,,13.01582,77.5656616666667
2025-10-17 00:04:23.740,,,,,,,,,,,,,,,13.01582,77.5656616666667
2025-10-17 00:04:23.789,,,,,,,,,,,,,,,13.01582,77.5656616666667
2025-10-17 00:04:23.789,,,,,,,,,,,,,,,13.01582,77.5656616666667
2025-10-17 00:04:23.789,,,,,,,,,,,,,,,13.01582,77.5656616666667
2025-10-17 00:04:23.789,,,,,,,,,,,,,,,13.01582,77.5656616666667
2025-10-17 00:04:23.789,,,,,,,,,,,,,,,13.01582,77.5656616666667
2025-10-17 00:04:23.854,,,,,,79.0,,,,,,,,,13.01582,77.5656616666667
2025-10-17 00:04:23.908,798.0,,,,,,,,,,,,,,13.01582,77.5656616666667
2025-10-17 00:04:23.908,,,,,,,,,,,,,,,13.01582,77.5656616666667
2025-10-17 00:04:23.958,,,,,,,,,,,,,,,13.01582,77.5656616666667
2025-10-17 00:04:23.958,,,,,,,,,,,,,,,13.01582,77.5656616666667
2025-10-17 00:04:23.958,,,,,,,,,,,,,,,13.01582,77.5656616666667
2025-10-17 00:04:23.958,,,,,,,,,,,,,,,13.01582,77.5656616666667
2025-10-17 00:04:23.958,,,,,,,,,,,,,,,13.01582,77.5656616666667
2025-10-17 00:04:24.013,798.0,,,,,,,,,,,,,,13.01582,77.5656616666667
2025-10-17 00:04:24.013,,,,,,,,,,,,,,,13.01582,77.5656616666667
2025-10-17 00:04:24.063,,,,,,,,,,,,,,,13.01582,77.5656616666667
2025-10-17 00:04:24.063,,,,,,,,,,,,,,,13.01582,77.5656616666667
2025-10-17 00:04:24.063,,,,,,,,,,,,,,,13.01582,77.5656616666667
2025-10-17 00:04:24.063,,,,,,,,,,,,,,,13.01582,77.5656616666667
2025-10-17 00:04:24.063,,,,,,,,,,,,,,,13.01582,77.5656616666667
2025-10-17 00:04:24.118,,,,,,79.0,,,,,,,,,13.01582,77.5656616666667
2025-10-17 00:04:24.168,800.0,,,,,,,,,,,,,,13.01582,77.5656616666667
2025-10-17 00:04:24.168,,,,,,,,,,,,,,,13.01582,77.5656616666667
2025-10-17 00:04:24.218,,,,,,,,,,,,,,,13.01582,77.5656616666667
2025-10-17 00:04:24.218,,,,,,,,,,,,,,,13.01582,77.5656616666667
2025-10-17 00:04:24.218,,,,,,,,,,,,,,,13.01582,77.5656616666667
2025-10-17 00:04:24.218,,,,,,,,,,,,,,,13.01582,77.5656616666667
2025-10-17 00:04:24.218,,,,,,,,,,,,,,,13.01582,77.5656616666667
2025-10-17 00:04:24.269,802.0,,,,,,,,,,,,,,13.01582,77.5656616666667
2025-10-17 00:04:24.269,,,,,,,,,,,,,,,13.01582,77.5656616666667
2025-10-17 00:04:24.319,,,,,,,,,,,,,,,13.01582,77.5656616666667
2025-10-17 00:04:24.319,,,,,,,,,,,,,,,13.01582,77.5656616666667
2025-10-17 00:04:24.319,,,,,,,,,,,,,,,13.01582,77.5656616666667
2025-10-17 00:04:24.319,,,,,,,,,,,,,,,13.01582,77.5656616666667
2025-10-17 00:04:24.319,,,,,,,,,,,,,,,13.01582,77.5656616666667
2025-10-17 00:04:24.368,,,,,,79.0,,,,,,,,,13.01582,77.5656616666667
2025-10-17 00:04:24.435,801.0,,,,,,,,,,,,,,13.01582,77.5656616666667
2025-10-17 00:04:24.435,,,,,,,,,,,,,,,13.01582,77.5656616666667
2025-10-17 00:04:24.500,,,,,,,,,,,,,,,13.01582,77.5656616666667
2025-10-17 00:04:24.500,,,,,,,,,,,,,,,13.01582,77.5656616666667
2025-10-17 00:04:24.500,,,,,,,,,,,,,,,13.01582,77.5656616666667
2025-10-17 00:04:24.500,,,,,,,,,,,,,,,13.01582,77.5656616666667
2025-10-17 00:04:24.500,,,,,,,,,,,,,,,13.01582,77.5656616666667
2025-10-17 00:04:24.597,801.0,,,,,,,,,,,,,,13.01582,77.5656616666667
2025-10-17 00:04:24.597,,,,,,,,,,,,,,,13.01582,77.5656616666667
2025-10-17 00:04:24.649,,,,,,,,,,,,,,,13.01582,77.5656616666667
2025-10-17 00:04:24.649,,,,,,,,,,,,,,,13.01582,77.5656616666667
2025-10-17 00:04:24.649,,,,,,,,,,,,,,,13.01582,77.5656616666667
2025-10-17 00:04:24.649,,,,,,,,,,,,,,,13.01582,77.5656616666667
2025-10-17 00:04:24.649,,,,,,,,,,,,,,,13.01582,77.5656616666667
2025-10-17 00:04:24.701,,,,,,79.0,,,,,,,,,13.01582,77.5656616666667
2025-10-17 00:04:24.751,798.0,,,,,,,,,,,,,,13.01582,77.5656616666667
2025-10-17 00:04:24.751,,,,,,,,,,,,,,,13.01582,77.5656616666667
2025-10-17 00:04:24.814,,,,,,,,,,,,,,,13.01582,77.5656616666667
2025-10-17 00:04:24.814,,,,,,,,,,,,,,,13.01582,77.5656616666667
2025-10-17 00:04:24.814,,,,,,,,,,,,,,,13.01582,77.5656616666667
2025-10-17 00:04:24.814,,,,,,,,,,,,,,,13.01582,77.5656616666667
2025-10-17 00:04:24.814,,,,,,,,,,,,,,,13.01582,77.5656616666667
2025-10-17 00:04:24.866,801.0,,,,,,,,,,,,,,13.01582,77.5656616666667
2025-10-17 00:04:24.866,,,,,,,,,,,,,,,13.01582,77.5656616666667
2025-10-17 00:04:24.916,,,,,,,,,,,,,,,13.01582,77.5656616666667
2025-10-17 00:04:24.916,,,,,,,,,,,,,,,13.01582,77.5656616666667
2025-10-17 00:04:24.916,,,,,,,,,,,,,,,13.01582,77.5656616666667
2025-10-17 00:04:24.916,,,,,,,,,,,,,,,13.01582,77.5656616666667
2025-10-17 00:04:24.916,,,,,,,,,,,,,,,13.01582,77.5656616666667
2025-10-17 00:04:24.978,,,,,,79.0,,,,,,,,,13.01582,77.5656616666667
2025-10-17 00:04:25.029,801.0,,,,,,,,,,,,,,13.01582,77.5656616666667
2025-10-17 00:04:25.029,,,,,,,,,,,,,,,13.01582,77.5656616666667
2025-10-17 00:04:25.069,,,,,,,,,,,,,,,13.0158216666667,77.565655
2025-10-17 00:04:25.081,,,,,,,,,,,,,,,13.0158216666667,77.565655
2025-10-17 00:04:25.081,,,,,,,,,,,,,,,13.0158216666667,77.565655
2025-10-17 00:04:25.081,,,,,,,,,,,,,,,13.0158216666667,77.565655
2025-10-17 00:04:25.081,,,,,,,,,,,,,,,13.0158216666667,77.565655
2025-10-17 00:04:25.081,,,,,,,,,,,,,,,13.0158216666667,77.565655
2025-10-17 00:04:25.132,801.0,,,,,,,,,,,,,,13.0158216666667,77.565655
2025-10-17 00:04:25.132,,,,,,,,,,,,,,,13.0158216666667,77.565655
2025-10-17 00:04:25.180,,,,,,,,,,,,,,,13.0158216666667,77.565655
2025-10-17 00:04:25.180,,,,,,,,,,,,,,,13.0158216666667,77.565655
2025-10-17 00:04:25.180,,,,,,,,,,,,,,,13.0158216666667,77.565655
2025-10-17 00:04:25.180,,,,,,,,,,,,,,,13.0158216666667,77.565655
2025-10-17 00:04:25.180,,,,,,,,,,,,,,,13.0158216666667,77.565655
2025-10-17 00:04:25.229,,,,,,79.0,,,,,,,,,13.0158216666667,77.565655
2025-10-17 00:04:25.281,798.0,,,,,,,,,,,,,,13.0158216666667,77.565655
2025-10-17 00:04:25.281,,,,,,,,,,,,,,,13.0158216666667,77.565655
2025-10-17 00:04:25.339,,,,,,,,,,,,,,,13.0158216666667,77.565655
2025-10-17 00:04:25.339,,,,,,,,,,,,,,,13.0158216666667,77.565655
2025-10-17 00:04:25.339,,,,,,,,,,,,,,,13.0158216666667,77.565655
2025-10-17 00:04:25.339,,,,,,,,,,,,,,,13.0158216666667,77.565655
2025-10-17 00:04:25.339,,,,,,,,,,,,,,,13.0158216666667,77.565655
2025-10-17 00:04:25.390,798.0,,,,,,,,,,,,,,13.0158216666667,77.565655
2025-10-17 00:04:25.390,,,,,,,,,,,,,,,13.0158216666667,77.565655
2025-10-17 00:04:25.441,,,,,,,,,,,,,,,13.0158216666667,77.565655
2025-10-17 00:04:25.441,,,,,,,,,,,,,,,13.0158216666667,77.565655
2025-10-17 00:04:25.441,,,,,,,,,,,,,,,13.0158216666667,77.565655
2025-10-17 00:04:25.441,,,,,,,,,,,,,,,13.0158216666667,77.565655
2025-10-17 00:04:25.441,,,,,,,,,,,,,,,13.0158216666667,77.565655
2025-10-17 00:04:25.491,,,,,,79.0,,,,,,,,,13.0158216666667,77.565655
2025-10-17 00:04:25.541,801.0,,,,,,,,,,,,,,13.0158216666667,77.565655
2025-10-17 00:04:25.541,,,,,,,,,,,,,,,13.0158216666667,77.565655
2025-10-17 00:04:25.591,,,,,,,,,,,,,,,13.0158216666667,77.565655
2025-10-17 00:04:25.591,,,,,,,,,,,,,,,13.0158216666667,77.565655
2025-10-17 00:04:25.591,,,,,,,,,,,,,,,13.0158216666667,77.565655
2025-10-17 00:04:25.591,,,,,,,,,,,,,,,13.0158216666667,77.565655
2025-10-17 00:04:25.591,,,,,,,,,,,,,,,13.0158216666667,77.565655
2025-10-17 00:04:25.641,801.0,,,,,,,,,,,,,,13.0158216666667,77.565655
2025-10-17 00:04:25.641,,,,,,,,,,,,,,,13.0158216666667,77.565655
2025-10-17 00:04:25.691,,,,,,,,,,,,,,,13.0158216666667,77.565655
2025-10-17 00:04:25.691,,,,,,,,,,,,,,,13.0158216666667,77.565655
2025-10-17 00:04:25.691,,,,,,,,,,,,,,,13.0158216666667,77.565655
2025-10-17 00:04:25.691,,,,,,,,,,,,,,,13.0158216666667,77.565655
2025-10-17 00:04:25.691,,,,,,,,,,,,,,,13.0158216666667,77.565655
2025-10-17 00:04:25.742,,,,,,79.0,,,,,,,,,13.0158216666667,77.565655
2025-10-17 00:04:25.792,801.0,,,,,,,,,,,,,,13.0158216666667,77.565655
2025-10-17 00:04:25.792,,,,,,,,,,,,,,,13.0158216666667,77.565655
2025-10-17 00:04:25.842,,,,,,,,,,,,,,,13.0158216666667,77.565655
2025-10-17 00:04:25.842,,,,,,,,,,,,,,,13.0158216666667,77.565655
2025-10-17 00:04:25.842,,,,,,,,,,,,,,,13.0158216666667,77.565655
2025-10-17 00:04:25.842,,,,,,,,,,,,,,,13.0158216666667,77.565655
2025-10-17 00:04:25.842,,,,,,,,,,,,,,,13.0158216666667,77.565655
2025-10-17 00:04:25.892,798.0,,,,,,,,,,,,,,13.0158216666667,77.565655
2025-10-17 00:04:25.892,,,,,,,,,,,,,,,13.0158216666667,77.565655
2025-10-17 00:04:25.943,,,,,,,,,,,,,,,13.0158216666667,77.565655
2025-10-17 00:04:25.943,,,,,,,,,,,,,,,13.0158216666667,77.565655
2025-10-17 00:04:25.943,,,,,,,,,,,,,,,13.0158216666667,77.565655
2025-10-17 00:04:25.943,,,,,,,,,,,,,,,13.0158216666667,77.565655
2025-10-17 00:04:25.943,,,,,,,,,,,,,,,13.0158216666667,77.565655
2025-10-17 00:04:25.995,,,,,,79.0,,,,,,,,,13.0158216666667,77.565655
2025-10-17 00:04:26.057,800.0,,,,,,,,,,,,,,13.0158216666667,77.565655
2025-10-17 00:04:26.057,,,,,,,,,,,,,,,13.0158216666667,77.565655
2025-10-17 00:04:26.107,,,,,,,,,,,,,,,13.0158216666667,77.565655
2025-10-17 00:04:26.107,,,,,,,,,,,,,,,13.0158216666667,77.565655
2025-10-17 00:04:26.107,,,,,,,,,,,,,,,13.0158216666667,77.565655
2025-10-17 00:04:26.107,,,,,,,,,,,,,,,13.0158216666667,77.565655
2025-10-17 00:04:26.107,,,,,,,,,,,,,,,13.0158216666667,77.565655
2025-10-17 00:04:26.158,800.0,,,,,,,,,,,,,,13.0158216666667,77.565655
2025-10-17 00:04:26.158,,,,,,,,,,,,,,,13.0158216666667,77.565655
2025-10-17 00:04:26.242,,,,,,,,,,,,,,,13.0158216666667,77.565655
2025-10-17 00:04:26.242,,,,,,,,,,,,,,,13.0158216666667,77.565655
2025-10-17 00:04:26.242,,,,,,,,,,,,,,,13.0158216666667,77.565655
2025-10-17 00:04:26.242,,,,,,,,,,,,,,,13.0158216666667,77.565655
2025-10-17 00:04:26.242,,,,,,,,,,,,,,,13.0158216666667,77.565655
2025-10-17 00:04:26.294,,,,,,79.0,,,,,,,,,13.0158216666667,77.565655
2025-10-17 00:04:26.345,800.0,,,,,,,,,,,,,,13.0158216666667,77.565655
2025-10-17 00:04:26.345,,,,,,,,,,,,,,,13.0158216666667,77.565655
2025-10-17 00:04:26.394,,,,,,,,,,,,,,,13.0158216666667,77.565655
2025-10-17 00:04:26.394,,,,,,,,,,,,,,,13.0158216666667,77.565655
2025-10-17 00:04:26.394,,,,,,,,,,,,,,,13.0158216666667,77.565655
2025-10-17 00:04:26.394,,,,,,,,,,,,,,,13.0158216666667,77.565655
2025-10-17 00:04:26.394,,,,,,,,,,,,,,,13.0158216666667,77.565655
2025-10-17 00:04:26.444,798.0,,,,,,,,,,,,,,13.0158216666667,77.565655
2025-10-17 00:04:26.444,,,,,,,,,,,,,,,13.0158216666667,77.565655
2025-10-17 00:04:26.494,,,,,,,,,,,,,,,13.0158216666667,77.565655
2025-10-17 00:04:26.494,,,,,,,,,,,,,,,13.0158216666667,77.565655
2025-10-17 00:04:26.494,,,,,,,,,,,,,,,13.0158216666667,77.565655
2025-10-17 00:04:26.494,,,,,,,,,,,,,,,13.0158216666667,77.565655
2025-10-17 00:04:26.494,,,,,,,,,,,,,,,13.0158216666667,77.565655
2025-10-17 00:04:26.558,,,,,,79.0,,,,,,,,,13.0158216666667,77.565655
2025-10-17 00:04:26.608,798.0,,,,,,,,,,,,,,13.0158216666667,77.565655
2025-10-17 00:04:26.608,,,,,,,,,,,,,,,13.0158216666667,77.565655
2025-10-17 00:04:26.658,,,,,,,,,,,,,,,13.0158216666667,77.565655
2025-10-17 00:04:26.658,,,,,,,,,,,,,,,13.0158216666667,77.565655
2025-10-17 00:04:26.658,,,,,,,,,,,,,,,13.0158216666667,77.565655
2025-10-17 00:04:26.658,,,,,,,,,,,,,,,13.0158216666667,77.565655
2025-10-17 00:04:26.658,,,,,,,,,,,,,,,13.0158216666667,77.565655
2025-10-17 00:04:26.708,815.0,,,,,,,,,,,,,,13.0158216666667,77.565655
2025-10-17 00:04:26.708,,,,,,,,,,,,,,,13.0158216666667,77.565655
2025-10-17 00:04:26.758,,,,,,,,,,,,,,,13.0158216666667,77.565655
2025-10-17 00:04:26.758,,,,,,,,,,,,,,,13.0158216666667,77.565655
2025-10-17 00:04:26.758,,,,,,,,,,,,,,,13.0158216666667,77.565655
2025-10-17 00:04:26.758,,,,,,,,,,,,,,,13.0158216666667,77.565655
2025-10-17 00:04:26.758,,,,,,,,,,,,,,,13.0158216666667,77.565655
2025-10-17 00:04:26.817,,,,,,79.0,,,,,,,,,13.0158216666667,77.565655
2025-10-17 00:04:26.869,820.0,,,,,,,,,,,,,,13.0158216666667,77.565655
2025-10-17 00:04:26.869,,,,,,,,,,,,,,,13.0158216666667,77.565655
2025-10-17 00:04:26.916,,,,,,,,,,,,,,,13.0158216666667,77.565655
2025-10-17 00:04:26.916,,,,,,,,,,,,,,,13.0158216666667,77.565655
2025-10-17 00:04:26.916,,,,,,,,,,,,,,,13.0158216666667,77.565655
2025-10-17 00:04:26.916,,,,,,,,,,,,,,,13.0158216666667,77.565655
2025-10-17 00:04:26.916,,,,,,,,,,,,,,,13.0158216666667,77.565655
2025-10-17 00:04:26.964,820.0,,,,,,,,,,,,,,13.0158216666667,77.565655
2025-10-17 00:04:26.964,,,,,,,,,,,,,,,13.0158216666667,77.565655
2025-10-17 00:04:27.015,,,,,,,,,,,,,,,13.0158216666667,77.565655
2025-10-17 00:04:27.015,,,,,,,,,,,,,,,13.0158216666667,77.565655
2025-10-17 00:04:27.015,,,,,,,,,,,,,,,13.0158216666667,77.565655
2025-10-17 00:04:27.015,,,,,,,,,,,,,,,13.0158216666667,77.565655
2025-10-17 00:04:27.015,,,,,,,,,,,,,,,13.0158216666667,77.565655
2025-10-17 00:04:27.067,,,,,,79.0,,,,,,,,,13.0158216666667,77.565655
2025-10-17 00:04:27.106,827.0,,,,,,,,,,,,,,13.0158216666667,77.565655
2025-10-17 00:04:27.106,,,,,,,,,,,,,,,13.0158216666667,77.565655
2025-10-17 00:04:27.155,,,,,,,,,,,,,,,13.0158216666667,77.565655
2025-10-17 00:04:27.155,,,,,,,,,,,,,,,13.0158216666667,77.565655
2025-10-17 00:04:27.155,,,,,,,,,,,,,,,13.0158216666667,77.565655
2025-10-17 00:04:27.155,,,,,,,,,,,,,,,13.0158216666667,77.565655
2025-10-17 00:04:27.155,,,,,,,,,,,,,,,13.0158216666667,77.565655
2025-10-17 00:04:27.206,827.0,,,,,,,,,,,,,,13.0158216666667,77.565655
2025-10-17 00:04:27.206,,,,,,,,,,,,,,,13.0158216666667,77.565655
2025-10-17 00:04:27.258,,,,,,,,,,,,,,,13.0158216666667,77.565655
2025-10-17 00:04:27.258,,,,,,,,,,,,,,,13.0158216666667,77.565655
2025-10-17 00:04:27.258,,,,,,,,,,,,,,,13.0158216666667,77.565655
2025-10-17 00:04:27.258,,,,,,,,,,,,,,,13.0158216666667,77.565655
2025-10-17 00:04:27.258,,,,,,,,,,,,,,,13.0158216666667,77.565655
2025-10-17 00:04:27.307,,,,,,79.0,,,,,,,,,13.0158216666667,77.565655
2025-10-17 00:04:27.334,,,,,,,,,,,,,,,13.015815,77.5656483333333
2025-10-17 00:04:27.357,817.0,,,,,,,,,,,,,,13.015815,77.5656483333333
2025-10-17 00:04:27.357,,,,,,,,,,,,,,,13.015815,77.5656483333333
2025-10-17 00:04:27.406,,,,,,,,,,,,,,,13.015815,77.5656483333333
2025-10-17 00:04:27.406,,,,,,,,,,,,,,,13.015815,77.5656483333333
2025-10-17 00:04:27.406,,,,,,,,,,,,,,,13.015815,77.5656483333333
2025-10-17 00:04:27.406,,,,,,,,,,,,,,,13.015815,77.5656483333333
2025-10-17 00:04:27.406,,,,,,,,,,,,,,,13.015815,77.5656483333333
2025-10-17 00:04:27.453,819.0,,,,,,,,,,,,,,13.015815,77.5656483333333
2025-10-17 00:04:27.453,,,,,,,,,,,,,,,13.015815,77.5656483333333
2025-10-17 00:04:27.534,,,,,,,,,,,,,,,13.015815,77.5656483333333
2025-10-17 00:04:27.534,,,,,,,,,,,,,,,13.015815,77.5656483333333
2025-10-17 00:04:27.534,,,,,,,,,,,,,,,13.015815,77.5656483333333
2025-10-17 00:04:27.534,,,,,,,,,,,,,,,13.015815,77.5656483333333
2025-10-17 00:04:27.534,,,,,,,,,,,,,,,13.015815,77.5656483333333
2025-10-17 00:04:27.583,,,,,,79.0,,,,,,,,,13.015815,77.5656483333333
2025-10-17 00:04:27.655,821.0,,,,,,,,,,,,,,13.015815,77.5656483333333
2025-10-17 00:04:27.655,,,,,,,,,,,,,,,13.015815,77.5656483333333
2025-10-17 00:04:27.704,,,,,,,,,,,,,,,13.015815,77.5656483333333
2025-10-17 00:04:27.704,,,,,,,,,,,,,,,13.015815,77.5656483333333
2025-10-17 00:04:27.704,,,,,,,,,,,,,,,13.015815,77.5656483333333
2025-10-17 00:04:27.704,,,,,,,,,,,,,,,13.015815,77.5656483333333
2025-10-17 00:04:27.704,,,,,,,,,,,,,,,13.015815,77.5656483333333
2025-10-17 00:04:27.753,821.0,,,,,,,,,,,,,,13.015815,77.5656483333333
2025-10-17 00:04:27.753,,,,,,,,,,,,,,,13.015815,77.5656483333333
2025-10-17 00:04:27.812,,,,,,,,,,,,,,,13.015815,77.5656483333333
2025-10-17 00:04:27.812,,,,,,,,,,,,,,,13.015815,77.5656483333333
2025-10-17 00:04:27.812,,,,,,,,,,,,,,,13.015815,77.5656483333333
2025-10-17 00:04:27.812,,,,,,,,,,,,,,,13.015815,77.5656483333333
2025-10-17 00:04:27.812,,,,,,,,,,,,,,,13.015815,77.5656483333333
2025-10-17 00:04:27.865,,,,,,79.0,,,,,,,,,13.015815,77.5656483333333
2025-10-17 00:04:27.916,827.0,,,,,,,,,,,,,,13.015815,77.5656483333333
2025-10-17 00:04:27.916,,,,,,,,,,,,,,,13.015815,77.5656483333333
2025-10-17 00:04:27.964,,,,,,,,,,,,,,,13.015815,77.5656483333333
2025-10-17 00:04:27.964,,,,,,,,,,,,,,,13.015815,77.5656483333333
2025-10-17 00:04:27.964,,,,,,,,,,,,,,,13.015815,77.5656483333333
2025-10-17 00:04:27.964,,,,,,,,,,,,,,,13.015815,77.5656483333333
2025-10-17 00:04:27.964,,,,,,,,,,,,,,,13.015815,77.5656483333333
2025-10-17 00:04:28.016,827.0,,,,,,,,,,,,,,13.015815,77.5656483333333
2025-10-17 00:04:28.016,,,,,,,,,,,,,,,13.015815,77.5656483333333
2025-10-17 00:04:28.067,,,,,,,,,,,,,,,13.015815,77.5656483333333
2025-10-17 00:04:28.067,,,,,,,,,,,,,,,13.015815,77.5656483333333
2025-10-17 00:04:28.067,,,,,,,,,,,,,,,13.015815,77.5656483333333
2025-10-17 00:04:28.067,,,,,,,,,,,,,,,13.015815,77.5656483333333
2025-10-17 00:04:28.067,,,,,,,,,,,,,,,13.015815,77.5656483333333
2025-10-17 00:04:28.116,,,,,,79.0,,,,,,,,,13.015815,77.5656483333333
2025-10-17 00:04:28.168,827.0,,,,,,,,,,,,,,13.015815,77.5656483333333
2025-10-17 00:04:28.168,,,,,,,,,,,,,,,13.015815,77.5656483333333
2025-10-17 00:04:28.217,,,,,,,,,,,,,,,13.015815,77.5656483333333
2025-10-17 00:04:28.217,,,,,,,,,,,,,,,13.015815,77.5656483333333
2025-10-17 00:04:28.217,,,,,,,,,,,,,,,13.015815,77.5656483333333
2025-10-17 00:04:28.217,,,,,,,,,,,,,,,13.015815,77.5656483333333
2025-10-17 00:04:28.217,,,,,,,,,,,,,,,13.015815,77.5656483333333
2025-10-17 00:04:28.266,827.0,,,,,,,,,,,,,,13.015815,77.5656483333333
2025-10-17 00:04:28.266,,,,,,,,,,,,,,,13.015815,77.5656483333333
2025-10-17 00:04:28.315,,,,,,,,,,,,,,,13.015815,77.5656483333333
2025-10-17 00:04:28.315,,,,,,,,,,,,,,,13.015815,77.5656483333333
2025-10-17 00:04:28.315,,,,,,,,,,,,,,,13.015815,77.5656483333333
2025-10-17 00:04:28.315,,,,,,,,,,,,,,,13.015815,77.5656483333333
2025-10-17 00:04:28.315,,,,,,,,,,,,,,,13.015815,77.5656483333333
2025-10-17 00:04:28.367,,,,,,79.0,,,,,,,,,13.015815,77.5656483333333
2025-10-17 00:04:28.416,828.0,,,,,,,,,,,,,,13.015815,77.5656483333333
2025-10-17 00:04:28.416,,,,,,,,,,,,,,,13.015815,77.5656483333333
2025-10-17 00:04:28.465,,,,,,,,,,,,,,,13.015815,77.5656483333333
2025-10-17 00:04:28.465,,,,,,,,,,,,,,,13.015815,77.5656483333333
2025-10-17 00:04:28.465,,,,,,,,,,,,,,,13.015815,77.5656483333333
2025-10-17 00:04:28.465,,,,,,,,,,,,,,,13.015815,77.5656483333333
2025-10-17 00:04:28.465,,,,,,,,,,,,,,,13.015815,77.5656483333333
2025-10-17 00:04:28.547,828.0,,,,,,,,,,,,,,13.015815,77.5656483333333
2025-10-17 00:04:28.547,,,,,,,,,,,,,,,13.015815,77.5656483333333
2025-10-17 00:04:28.598,,,,,,,,,,,,,,,13.015815,77.5656483333333
2025-10-17 00:04:28.598,,,,,,,,,,,,,,,13.015815,77.5656483333333
2025-10-17 00:04:28.598,,,,,,,,,,,,,,,13.015815,77.5656483333333
2025-10-17 00:04:28.598,,,,,,,,,,,,,,,13.015815,77.5656483333333
2025-10-17 00:04:28.598,,,,,,,,,,,,,,,13.015815,77.5656483333333
2025-10-17 00:04:28.650,,,,,,79.0,,,,,,,,,13.015815,77.5656483333333
2025-10-17 00:04:28.713,820.0,,,,,,,,,,,,,,13.015815,77.5656483333333
2025-10-17 00:04:28.713,,,,,,,,,,,,,,,13.015815,77.5656483333333
2025-10-17 00:04:28.764,,,,,,,,,,,,,,,13.015815,77.5656483333333
2025-10-17 00:04:28.764,,,,,,,,,,,,,,,13.015815,77.5656483333333
2025-10-17 00:04:28.764,,,,,,,,,,,,,,,13.015815,77.5656483333333
2025-10-17 00:04:28.764,,,,,,,,,,,,,,,13.015815,77.5656483333333
2025-10-17 00:04:28.764,,,,,,,,,,,,,,,13.015815,77.5656483333333
2025-10-17 00:04:28.815,827.0,,,,,,,,,,,,,,13.015815,77.5656483333333
2025-10-17 00:04:28.815,,,,,,,,,,,,,,,13.015815,77.5656483333333
2025-10-17 00:04:28.867,,,,,,,,,,,,,,,13.015815,77.5656483333333
2025-10-17 00:04:28.867,,,,,,,,,,,,,,,13.015815,77.5656483333333
2025-10-17 00:04:28.867,,,,,,,,,,,,,,,13.015815,77.5656483333333
2025-10-17 00:04:28.867,,,,,,,,,,,,,,,13.015815,77.5656483333333
2025-10-17 00:04:28.867,,,,,,,,,,,,,,,13.015815,77.5656483333333
2025-10-17 00:04:28.955,,,,,,79.0,,,,,,,,,13.015815,77.5656483333333
2025-10-17 00:04:29.031,827.0,,,,,,,,,,,,,,13.015815,77.5656483333333
2025-10-17 00:04:29.031,,,,,,,,,,,,,,,13.015815,77.5656483333333
2025-10-17 00:04:29.071,,,,,,,,,,,,,,,13.015815,77.5656483333333
2025-10-17 00:04:29.071,,,,,,,,,,,,,,,13.015815,77.5656483333333
2025-10-17 00:04:29.071,,,,,,,,,,,,,,,13.015815,77.5656483333333
2025-10-17 00:04:29.071,,,,,,,,,,,,,,,13.015815,77.5656483333333
2025-10-17 00:04:29.071,,,,,,,,,,,,,,,13.015815,77.5656483333333
2025-10-17 00:04:29.123,829.0,,,,,,,,,,,,,,13.015815,77.5656483333333
2025-10-17 00:04:29.123,,,,,,,,,,,,,,,13.015815,77.5656483333333
2025-10-17 00:04:29.175,,,,,,,,,,,,,,,13.015815,77.5656483333333
2025-10-17 00:04:29.175,,,,,,,,,,,,,,,13.015815,77.5656483333333
2025-10-17 00:04:29.175,,,,,,,,,,,,,,,13.015815,77.5656483333333
2025-10-17 00:04:29.175,,,,,,,,,,,,,,,13.015815,77.5656483333333
2025-10-17 00:04:29.175,,,,,,,,,,,,,,,13.015815,77.5656483333333
2025-10-17 00:04:29.228,,,,,,79.0,,,,,,,,,13.015815,77.5656483333333
2025-10-17 00:04:29.281,824.0,,,,,,,,,,,,,,13.015815,77.5656483333333
2025-10-17 00:04:29.281,,,,,,,,,,,,,,,13.015815,77.5656483333333
2025-10-17 00:04:29.358,,,,,,,,,,,,,,,13.015815,77.5656483333333
2025-10-17 00:04:29.358,,,,,,,,,,,,,,,13.015815,77.5656483333333
2025-10-17 00:04:29.358,,,,,,,,,,,,,,,13.015815,77.5656483333333
2025-10-17 00:04:29.358,,,,,,,,,,,,,,,13.015815,77.5656483333333
2025-10-17 00:04:29.358,,,,,,,,,,,,,,,13.015815,77.5656483333333
2025-10-17 00:04:29.409,824.0,,,,,,,,,,,,,,13.015815,77.5656483333333
2025-10-17 00:04:29.409,,,,,,,,,,,,,,,13.015815,77.5656483333333
2025-10-17 00:04:29.463,,,,,,,,,,,,,,,13.015815,77.5656483333333
2025-10-17 00:04:29.463,,,,,,,,,,,,,,,13.015815,77.5656483333333
2025-10-17 00:04:29.463,,,,,,,,,,,,,,,13.015815,77.5656483333333
2025-10-17 00:04:29.463,,,,,,,,,,,,,,,13.015815,77.5656483333333
2025-10-17 00:04:29.463,,,,,,,,,,,,,,,13.015815,77.5656483333333
2025-10-17 00:04:29.519,,,,,,79.0,,,,,,,,,13.015815,77.5656483333333
2025-10-17 00:04:29.572,826.0,,,,,,,,,,,,,,13.015815,77.5656483333333
2025-10-17 00:04:29.572,,,,,,,,,,,,,,,13.015815,77.5656483333333
2025-10-17 00:04:29.605,,,,,,,,,,,,,,,13.0158083333333,77.5656483333333
2025-10-17 00:04:29.619,,,,,,,,,,,,,,,13.0158083333333,77.5656483333333
2025-10-17 00:04:29.619,,,,,,,,,,,,,,,13.0158083333333,77.5656483333333
2025-10-17 00:04:29.619,,,,,,,,,,,,,,,13.0158083333333,77.5656483333333
2025-10-17 00:04:29.619,,,,,,,,,,,,,,,13.0158083333333,77.5656483333333
2025-10-17 00:04:29.619,,,,,,,,,,,,,,,13.0158083333333,77.5656483333333
2025-10-17 00:04:29.669,824.0,,,,,,,,,,,,,,13.0158083333333,77.5656483333333
2025-10-17 00:04:29.669,,,,,,,,,,,,,,,13.0158083333333,77.5656483333333
2025-10-17 00:04:29.724,,,,,,,,,,,,,,,13.0158083333333,77.5656483333333
2025-10-17 00:04:29.724,,,,,,,,,,,,,,,13.0158083333333,77.5656483333333
2025-10-17 00:04:29.724,,,,,,,,,,,,,,,13.0158083333333,77.5656483333333
2025-10-17 00:04:29.724,,,,,,,,,,,,,,,13.0158083333333,77.5656483333333
2025-10-17 00:04:29.724,,,,,,,,,,,,,,,13.0158083333333,77.5656483333333
2025-10-17 00:04:29.770,,,,,,79.0,,,,,,,,,13.0158083333333,77.5656483333333
2025-10-17 00:04:29.817,825.0,,,,,,,,,,,,,,13.0158083333333,77.5656483333333
2025-10-17 00:04:29.817,,,,,,,,,,,,,,,13.0158083333333,77.5656483333333
2025-10-17 00:04:29.866,,,,,,,,,,,,,,,13.0158083333333,77.5656483333333
2025-10-17 00:04:29.866,,,,,,,,,,,,,,,13.0158083333333,77.5656483333333
2025-10-17 00:04:29.866,,,,,,,,,,,,,,,13.0158083333333,77.5656483333333
2025-10-17 00:04:29.866,,,,,,,,,,,,,,,13.0158083333333,77.5656483333333
2025-10-17 00:04:29.866,,,,,,,,,,,,,,,13.0158083333333,77.5656483333333
2025-10-17 00:04:29.940,825.0,,,,,,,,,,,,,,13.0158083333333,77.5656483333333
2025-10-17 00:04:29.940,,,,,,,,,,,,,,,13.0158083333333,77.5656483333333
2025-10-17 00:04:29.993,,,,,,,,,,,,,,,13.0158083333333,77.5656483333333
2025-10-17 00:04:29.993,,,,,,,,,,,,,,,13.0158083333333,77.5656483333333
2025-10-17 00:04:29.993,,,,,,,,,,,,,,,13.0158083333333,77.5656483333333
2025-10-17 00:04:29.993,,,,,,,,,,,,,,,13.0158083333333,77.5656483333333
2025-10-17 00:04:29.993,,,,,,,,,,,,,,,13.0158083333333,77.5656483333333
2025-10-17 00:04:30.054,,,,,,79.0,,,,,,,,,13.0158083333333,77.5656483333333
2025-10-17 00:04:30.103,826.0,,,,,,,,,,,,,,13.0158083333333,77.5656483333333
2025-10-17 00:04:30.103,,,,,,,,,,,,,,,13.0158083333333,77.5656483333333
2025-10-17 00:04:30.154,,,,,,,,,,,,,,,13.0158083333333,77.5656483333333
2025-10-17 00:04:30.154,,,,,,,,,,,,,,,13.0158083333333,77.5656483333333
2025-10-17 00:04:30.154,,,,,,,,,,,,,,,13.0158083333333,77.5656483333333
2025-10-17 00:04:30.154,,,,,,,,,,,,,,,13.0158083333333,77.5656483333333
2025-10-17 00:04:30.154,,,,,,,,,,,,,,,13.0158083333333,77.5656483333333
2025-10-17 00:04:30.208,826.0,,,,,,,,,,,,,,13.0158083333333,77.5656483333333
2025-10-17 00:04:30.208,,,,,,,,,,,,,,,13.0158083333333,77.5656483333333
2025-10-17 00:04:30.258,,,,,,,,,,,,,,,13.0158083333333,77.5656483333333
2025-10-17 00:04:30.258,,,,,,,,,,,,,,,13.0158083333333,77.5656483333333
2025-10-17 00:04:30.258,,,,,,,,,,,,,,,13.0158083333333,77.5656483333333
2025-10-17 00:04:30.258,,,,,,,,,,,,,,,13.0158083333333,77.5656483333333
2025-10-17 00:04:30.258,,,,,,,,,,,,,,,13.0158083333333,77.5656483333333
2025-10-17 00:04:30.320,,,,,,79.0,,,,,,,,,13.0158083333333,77.5656483333333
2025-10-17 00:04:30.370,825.0,,,,,,,,,,,,,,13.0158083333333,77.5656483333333
2025-10-17 00:04:30.370,,,,,,,,,,,,,,,13.0158083333333,77.5656483333333
2025-10-17 00:04:30.435,,,,,,,,,,,,,,,13.0158083333333,77.5656483333333
2025-10-17 00:04:30.435,,,,,,,,,,,,,,,13.0158083333333,77.5656483333333
2025-10-17 00:04:30.435,,,,,,,,,,,,,,,13.0158083333333,77.5656483333333
2025-10-17 00:04:30.435,,,,,,,,,,,,,,,13.0158083333333,77.5656483333333
2025-10-17 00:04:30.435,,,,,,,,,,,,,,,13.0158083333333,77.5656483333333
2025-10-17 00:04:30.485,827.0,,,,,,,,,,,,,,13.0158083333333,77.5656483333333
2025-10-17 00:04:30.485,,,,,,,,,,,,,,,13.0158083333333,77.5656483333333
2025-10-17 00:04:30.538,,,,,,,,,,,,,,,13.0158083333333,77.5656483333333
2025-10-17 00:04:30.538,,,,,,,,,,,,,,,13.0158083333333,77.5656483333333
2025-10-17 00:04:30.538,,,,,,,,,,,,,,,13.0158083333333,77.5656483333333
2025-10-17 00:04:30.538,,,,,,,,,,,,,,,13.0158083333333,77.5656483333333
2025-10-17 00:04:30.538,,,,,,,,,,,,,,,13.0158083333333,77.5656483333333
2025-10-17 00:04:30.590,,,,,,79.0,,,,,,,,,13.0158083333333,77.5656483333333
2025-10-17 00:04:30.640,827.0,,,,,,,,,,,,,,13.0158083333333,77.5656483333333
2025-10-17 00:04:30.640,,,,,,,,,,,,,,,13.0158083333333,77.5656483333333
2025-10-17 00:04:30.689,,,,,,,,,,,,,,,13.0158083333333,77.5656483333333
2025-10-17 00:04:30.689,,,,,,,,,,,,,,,13.0158083333333,77.5656483333333
2025-10-17 00:04:30.689,,,,,,,,,,,,,,,13.0158083333333,77.5656483333333
2025-10-17 00:04:30.689,,,,,,,,,,,,,,,13.0158083333333,77.5656483333333
2025-10-17 00:04:30.689,,,,,,,,,,,,,,,13.0158083333333,77.5656483333333
2025-10-17 00:04:30.761,827.0,,,,,,,,,,,,,,13.0158083333333,77.5656483333333
2025-10-17 00:04:30.761,,,,,,,,,,,,,,,13.0158083333333,77.5656483333333
2025-10-17 00:04:30.811,,,,,,,,,,,,,,,13.0158083333333,77.5656483333333
2025-10-17 00:04:30.811,,,,,,,,,,,,,,,13.0158083333333,77.5656483333333
2025-10-17 00:04:30.811,,,,,,,,,,,,,,,13.0158083333333,77.5656483333333
2025-10-17 00:04:30.811,,,,,,,,,,,,,,,13.0158083333333,77.5656483333333
2025-10-17 00:04:30.811,,,,,,,,,,,,,,,13.0158083333333,77.5656483333333
2025-10-17 00:04:30.854,,,,,,,,,,,,,,,13.0158,77.5656483333333
2025-10-17 00:04:30.859,,,,,,79.0,,,,,,,,,13.0158,77.5656483333333
2025-10-17 00:04:30.909,822.0,,,,,,,,,,,,,,13.0158,77.5656483333333
2025-10-17 00:04:30.909,,,,,,,,,,,,,,,13.0158,77.5656483333333
2025-10-17 00:04:30.960,,,,,,,,,,,,,,,13.0158,77.5656483333333
2025-10-17 00:04:30.960,,,,,,,,,,,,,,,13.0158,77.5656483333333
2025-10-17 00:04:30.960,,,,,,,,,,,,,,,13.0158,77.5656483333333
2025-10-17 00:04:30.960,,,,,,,,,,,,,,,13.0158,77.5656483333333
2025-10-17 00:04:30.960,,,,,,,,,,,,,,,13.0158,77.5656483333333
2025-10-17 00:04:31.009,825.0,,,,,,,,,,,,,,13.0158,77.5656483333333
2025-10-17 00:04:31.009,,,,,,,,,,,,,,,13.0158,77.5656483333333
2025-10-17 00:04:31.057,,,,,,,,,,,,,,,13.0158,77.5656483333333
2025-10-17 00:04:31.057,,,,,,,,,,,,,,,13.0158,77.5656483333333
2025-10-17 00:04:31.057,,,,,,,,,,,,,,,13.0158,77.5656483333333
2025-10-17 00:04:31.057,,,,,,,,,,,,,,,13.0158,77.5656483333333
2025-10-17 00:04:31.057,,,,,,,,,,,,,,,13.0158,77.5656483333333
2025-10-17 00:04:31.134,,,,,,79.0,,,,,,,,,13.0158,77.5656483333333
2025-10-17 00:04:31.187,825.0,,,,,,,,,,,,,,13.0158,77.5656483333333
2025-10-17 00:04:31.187,,,,,,,,,,,,,,,13.0158,77.5656483333333
2025-10-17 00:04:31.253,,,,,,,,,,,,,,,13.0158,77.5656483333333
2025-10-17 00:04:31.253,,,,,,,,,,,,,,,13.0158,77.5656483333333
2025-10-17 00:04:31.253,,,,,,,,,,,,,,,13.0158,77.5656483333333
2025-10-17 00:04:31.253,,,,,,,,,,,,,,,13.0158,77.5656483333333
2025-10-17 00:04:31.253,,,,,,,,,,,,,,,13.0158,77.5656483333333
2025-10-17 00:04:31.308,825.0,,,,,,,,,,,,,,13.0158,77.5656483333333
2025-10-17 00:04:31.308,,,,,,,,,,,,,,,13.0158,77.5656483333333
2025-10-17 00:04:31.359,,,,,,,,,,,,,,,13.0158,77.5656483333333
2025-10-17 00:04:31.359,,,,,,,,,,,,,,,13.0158,77.5656483333333
2025-10-17 00:04:31.359,,,,,,,,,,,,,,,13.0158,77.5656483333333
2025-10-17 00:04:31.359,,,,,,,,,,,,,,,13.0158,77.5656483333333
2025-10-17 00:04:31.359,,,,,,,,,,,,,,,13.0158,77.5656483333333
2025-10-17 00:04:31.411,,,,,,79.0,,,,,,,,,13.0158,77.5656483333333
2025-10-17 00:04:31.460,826.0,,,,,,,,,,,,,,13.0158,77.5656483333333
2025-10-17 00:04:31.460,,,,,,,,,,,,,,,13.0158,77.5656483333333
2025-10-17 00:04:31.511,,,,,,,,,,,,,,,13.0158,77.5656483333333
2025-10-17 00:04:31.511,,,,,,,,,,,,,,,13.0158,77.5656483333333
2025-10-17 00:04:31.511,,,,,,,,,,,,,,,13.0158,77.5656483333333
2025-10-17 00:04:31.511,,,,,,,,,,,,,,,13.0158,77.5656483333333
2025-10-17 00:04:31.511,,,,,,,,,,,,,,,13.0158,77.5656483333333
2025-10-17 00:04:31.563,826.0,,,,,,,,,,,,,,13.0158,77.5656483333333
2025-10-17 00:04:31.563,,,,,,,,,,,,,,,13.0158,77.5656483333333
2025-10-17 00:04:31.659,,,,,,,,,,,,,,,13.0158,77.5656483333333
2025-10-17 00:04:31.659,,,,,,,,,,,,,,,13.0158,77.5656483333333
2025-10-17 00:04:31.659,,,,,,,,,,,,,,,13.0158,77.5656483333333
2025-10-17 00:04:31.659,,,,,,,,,,,,,,,13.0158,77.5656483333333
2025-10-17 00:04:31.659,,,,,,,,,,,,,,,13.0158,77.5656483333333
2025-10-17 00:04:31.711,,,,,,79.0,,,,,,,,,13.0158,77.5656483333333
2025-10-17 00:04:31.769,827.0,,,,,,,,,,,,,,13.0158,77.5656483333333
2025-10-17 00:04:31.769,,,,,,,,,,,,,,,13.0158,77.5656483333333
2025-10-17 00:04:31.817,,,,,,,,,,,,,,,13.0158,77.5656483333333
2025-10-17 00:04:31.817,,,,,,,,,,,,,,,13.0158,77.5656483333333
2025-10-17 00:04:31.817,,,,,,,,,,,,,,,13.0158,77.5656483333333
2025-10-17 00:04:31.817,,,,,,,,,,,,,,,13.0158,77.5656483333333
2025-10-17 00:04:31.817,,,,,,,,,,,,,,,13.0158,77.5656483333333
2025-10-17 00:04:31.870,823.0,,,,,,,,,,,,,,13.0158,77.5656483333333
2025-10-17 00:04:31.870,,,,,,,,,,,,,,,13.0158,77.5656483333333
2025-10-17 00:04:31.935,,,,,,,,,,,,,,,13.0158,77.5656483333333
2025-10-17 00:04:31.935,,,,,,,,,,,,,,,13.0158,77.5656483333333
2025-10-17 00:04:31.935,,,,,,,,,,,,,,,13.0158,77.5656483333333
2025-10-17 00:04:31.935,,,,,,,,,,,,,,,13.0158,77.5656483333333
2025-10-17 00:04:31.935,,,,,,,,,,,,,,,13.0158,77.5656483333333
2025-10-17 00:04:31.987,,,,,,79.0,,,,,,,,,13.0158,77.5656483333333
2025-10-17 00:04:32.048,826.0,,,,,,,,,,,,,,13.0158,77.5656483333333
2025-10-17 00:04:32.048,,,,,,,,,,,,,,,13.0158,77.5656483333333
2025-10-17 00:04:32.098,,,,,,,,,,,,,,,13.0158,77.5656483333333
2025-10-17 00:04:32.098,,,,,,,,,,,,,,,13.0158,77.5656483333333
2025-10-17 00:04:32.098,,,,,,,,,,,,,,,13.0158,77.5656483333333
2025-10-17 00:04:32.098,,,,,,,,,,,,,,,13.0158,77.5656483333333
2025-10-17 00:04:32.098,,,,,,,,,,,,,,,13.0158,77.5656483333333
2025-10-17 00:04:32.161,826.0,,,,,,,,,,,,,,13.0158,77.5656483333333
2025-10-17 00:04:32.161,,,,,,,,,,,,,,,13.0158,77.5656483333333
2025-10-17 00:04:32.211,,,,,,,,,,,,,,,13.0158,77.5656483333333
2025-10-17 00:04:32.211,,,,,,,,,,,,,,,13.0158,77.5656483333333
2025-10-17 00:04:32.211,,,,,,,,,,,,,,,13.0158,77.5656483333333
2025-10-17 00:04:32.211,,,,,,,,,,,,,,,13.0158,77.5656483333333
2025-10-17 00:04:32.211,,,,,,,,,,,,,,,13.0158,77.5656483333333
2025-10-17 00:04:32.261,,,,,,79.0,,,,,,,,,13.0158,77.5656483333333
2025-10-17 00:04:32.311,827.0,,,,,,,,,,,,,,13.0158,77.5656483333333
2025-10-17 00:04:32.311,,,,,,,,,,,,,,,13.0158,77.5656483333333
2025-10-17 00:04:32.394,,,,,,,,,,,,,,,13.0158,77.5656483333333
2025-10-17 00:04:32.394,,,,,,,,,,,,,,,13.0158,77.5656483333333
2025-10-17 00:04:32.394,,,,,,,,,,,,,,,13.0158,77.5656483333333
2025-10-17 00:04:32.394,,,,,,,,,,,,,,,13.0158,77.5656483333333
2025-10-17 00:04:32.394,,,,,,,,,,,,,,,13.0158,77.5656483333333
2025-10-17 00:04:32.448,824.0,,,,,,,,,,,,,,13.0158,77.5656483333333
2025-10-17 00:04:32.448,,,,,,,,,,,,,,,13.0158,77.5656483333333
2025-10-17 00:04:32.499,,,,,,,,,,,,,,,13.0158,77.5656483333333
2025-10-17 00:04:32.499,,,,,,,,,,,,,,,13.0158,77.5656483333333
2025-10-17 00:04:32.499,,,,,,,,,,,,,,,13.0158,77.5656483333333
2025-10-17 00:04:32.499,,,,,,,,,,,,,,,13.0158,77.5656483333333
2025-10-17 00:04:32.499,,,,,,,,,,,,,,,13.0158,77.5656483333333
2025-10-17 00:04:32.550,,,,,,79.0,,,,,,,,,13.0158,77.5656483333333
2025-10-17 00:04:32.598,824.0,,,,,,,,,,,,,,13.0158,77.5656483333333
2025-10-17 00:04:32.598,,,,,,,,,,,,,,,13.0158,77.5656483333333
2025-10-17 00:04:32.646,,,,,,,,,,,,,,,13.0158,77.5656483333333
2025-10-17 00:04:32.646,,,,,,,,,,,,,,,13.0158,77.5656483333333
2025-10-17 00:04:32.646,,,,,,,,,,,,,,,13.0158,77.5656483333333
2025-10-17 00:04:32.646,,,,,,,,,,,,,,,13.0158,77.5656483333333
2025-10-17 00:04:32.646,,,,,,,,,,,,,,,13.0158,77.5656483333333
2025-10-17 00:04:32.701,823.0,,,,,,,,,,,,,,13.0158,77.5656483333333
2025-10-17 00:04:32.701,,,,,,,,,,,,,,,13.0158,77.5656483333333
2025-10-17 00:04:32.751,,,,,,,,,,,,,,,13.0158,77.5656483333333
2025-10-17 00:04:32.751,,,,,,,,,,,,,,,13.0158,77.5656483333333
2025-10-17 00:04:32.751,,,,,,,,,,,,,,,13.0158,77.5656483333333
2025-10-17 00:04:32.751,,,,,,,,,,,,,,,13.0158,77.5656483333333
2025-10-17 00:04:32.751,,,,,,,,,,,,,,,13.0158,77.5656483333333
2025-10-17 00:04:32.803,,,,,,79.0,,,,,,,,,13.0158,77.5656483333333
2025-10-17 00:04:32.855,825.0,,,,,,,,,,,,,,13.0158,77.5656483333333
2025-10-17 00:04:32.855,,,,,,,,,,,,,,,13.0158,77.5656483333333
2025-10-17 00:04:32.942,,,,,,,,,,,,,,,13.0158,77.5656483333333
2025-10-17 00:04:32.942,,,,,,,,,,,,,,,13.0158,77.5656483333333
2025-10-17 00:04:32.942,,,,,,,,,,,,,,,13.0158,77.5656483333333
2025-10-17 00:04:32.942,,,,,,,,,,,,,,,13.0158,77.5656483333333
2025-10-17 00:04:32.942,,,,,,,,,,,,,,,13.0158,77.5656483333333
2025-10-17 00:04:32.991,825.0,,,,,,,,,,,,,,13.0158,77.5656483333333
2025-10-17 00:04:32.991,,,,,,,,,,,,,,,13.0158,77.5656483333333
2025-10-17 00:04:33.075,,,,,,,,,,,,,,,13.0158,77.5656483333333
2025-10-17 00:04:33.075,,,,,,,,,,,,,,,13.0158,77.5656483333333
2025-10-17 00:04:33.075,,,,,,,,,,,,,,,13.0158,77.5656483333333
2025-10-17 00:04:33.075,,,,,,,,,,,,,,,13.0158,77.5656483333333
2025-10-17 00:04:33.075,,,,,,,,,,,,,,,13.0158,77.5656483333333
2025-10-17 00:04:33.111,,,,,,,,,,,,,,,13.0157916666667,77.56566
2025-10-17 00:04:33.127,,,,,,79.0,,,,,,,,,13.0157916666667,77.56566
2025-10-17 00:04:33.214,826.0,,,,,,,,,,,,,,13.0157916666667,77.56566
2025-10-17 00:04:33.214,,,,,,,,,,,,,,,13.0157916666667,77.56566
2025-10-17 00:04:33.263,,,,,,,,,,,,,,,13.0157916666667,77.56566
2025-10-17 00:04:33.263,,,,,,,,,,,,,,,13.0157916666667,77.56566
2025-10-17 00:04:33.263,,,,,,,,,,,,,,,13.0157916666667,77.56566
2025-10-17 00:04:33.263,,,,,,,,,,,,,,,13.0157916666667,77.56566
2025-10-17 00:04:33.263,,,,,,,,,,,,,,,13.0157916666667,77.56566
2025-10-17 00:04:33.336,827.0,,,,,,,,,,,,,,13.0157916666667,77.56566
2025-10-17 00:04:33.336,,,,,,,,,,,,,,,13.0157916666667,77.56566
2025-10-17 00:04:33.422,,,,,,,,,,,,,,,13.0157916666667,77.56566
2025-10-17 00:04:33.422,,,,,,,,,,,,,,,13.0157916666667,77.56566
2025-10-17 00:04:33.422,,,,,,,,,,,,,,,13.0157916666667,77.56566
2025-10-17 00:04:33.422,,,,,,,,,,,,,,,13.0157916666667,77.56566
2025-10-17 00:04:33.422,,,,,,,,,,,,,,,13.0157916666667,77.56566
2025-10-17 00:04:33.472,,,,,,79.0,,,,,,,,,13.0157916666667,77.56566
2025-10-17 00:04:33.523,822.0,,,,,,,,,,,,,,13.0157916666667,77.56566
2025-10-17 00:04:33.523,,,,,,,,,,,,,,,13.0157916666667,77.56566
2025-10-17 00:04:33.582,,,,,,,,,,,,,,,13.0157916666667,77.56566
2025-10-17 00:04:33.582,,,,,,,,,,,,,,,13.0157916666667,77.56566
2025-10-17 00:04:33.582,,,,,,,,,,,,,,,13.0157916666667,77.56566
2025-10-17 00:04:33.582,,,,,,,,,,,,,,,13.0157916666667,77.56566
2025-10-17 00:04:33.582,,,,,,,,,,,,,,,13.0157916666667,77.56566
2025-10-17 00:04:33.629,825.0,,,,,,,,,,,,,,13.0157916666667,77.56566
2025-10-17 00:04:33.629,,,,,,,,,,,,,,,13.0157916666667,77.56566
2025-10-17 00:04:33.665,,,,,,,,,,,,,,,13.0157916666667,77.56566
2025-10-17 00:04:33.665,,,,,,,,,,,,,,,13.0157916666667,77.56566
2025-10-17 00:04:33.665,,,,,,,,,,,,,,,13.0157916666667,77.56566
2025-10-17 00:04:33.665,,,,,,,,,,,,,,,13.0157916666667,77.56566
2025-10-17 00:04:33.665,,,,,,,,,,,,,,,13.0157916666667,77.56566
2025-10-17 00:04:33.711,,,,,,79.0,,,,,,,,,13.0157916666667,77.56566
2025-10-17 00:04:33.763,825.0,,,,,,,,,,,,,,13.0157916666667,77.56566
2025-10-17 00:04:33.763,,,,,,,,,,,,,,,13.0157916666667,77.56566
2025-10-17 00:04:33.814,,,,,,,,,,,,,,,13.0157916666667,77.56566
2025-10-17 00:04:33.814,,,,,,,,,,,,,,,13.0157916666667,77.56566
2025-10-17 00:04:33.814,,,,,,,,,,,,,,,13.0157916666667,77.56566
2025-10-17 00:04:33.814,,,,,,,,,,,,,,,13.0157916666667,77.56566
2025-10-17 00:04:33.814,,,,,,,,,,,,,,,13.0157916666667,77.56566
2025-10-17 00:04:33.862,829.0,,,,,,,,,,,,,,13.0157916666667,77.56566
2025-10-17 00:04:33.862,,,,,,,,,,,,,,,13.0157916666667,77.56566
2025-10-17 00:04:33.913,,,,,,,,,,,,,,,13.0157916666667,77.56566
2025-10-17 00:04:33.913,,,,,,,,,,,,,,,13.0157916666667,77.56566
2025-10-17 00:04:33.913,,,,,,,,,,,,,,,13.0157916666667,77.56566
2025-10-17 00:04:33.913,,,,,,,,,,,,,,,13.0157916666667,77.56566
2025-10-17 00:04:33.913,,,,,,,,,,,,,,,13.0157916666667,77.56566
2025-10-17 00:04:33.962,,,,,,79.0,,,,,,,,,13.0157916666667,77.56566
2025-10-17 00:04:34.009,826.0,,,,,,,,,,,,,,13.0157916666667,77.56566
2025-10-17 00:04:34.009,,,,,,,,,,,,,,,13.0157916666667,77.56566
2025-10-17 00:04:34.067,,,,,,,,,,,,,,,13.0157916666667,77.56566
2025-10-17 00:04:34.067,,,,,,,,,,,,,,,13.0157916666667,77.56566
2025-10-17 00:04:34.067,,,,,,,,,,,,,,,13.0157916666667,77.56566
2025-10-17 00:04:34.067,,,,,,,,,,,,,,,13.0157916666667,77.56566
2025-10-17 00:04:34.067,,,,,,,,,,,,,,,13.0157916666667,77.56566
2025-10-17 00:04:34.112,826.0,,,,,,,,,,,,,,13.0157916666667,77.56566
2025-10-17 00:04:34.112,,,,,,,,,,,,,,,13.0157916666667,77.56566
2025-10-17 00:04:34.168,,,,,,,,,,,,,,,13.0157916666667,77.56566
2025-10-17 00:04:34.168,,,,,,,,,,,,,,,13.0157916666667,77.56566
2025-10-17 00:04:34.168,,,,,,,,,,,,,,,13.0157916666667,77.56566
2025-10-17 00:04:34.168,,,,,,,,,,,,,,,13.0157916666667,77.56566
2025-10-17 00:04:34.168,,,,,,,,,,,,,,,13.0157916666667,77.56566
2025-10-17 00:04:34.215,,,,,,79.0,,,,,,,,,13.0157916666667,77.56566
2025-10-17 00:04:34.271,825.0,,,,,,,,,,,,,,13.0157916666667,77.56566
2025-10-17 00:04:34.271,,,,,,,,,,,,,,,13.0157916666667,77.56566
2025-10-17 00:04:34.315,,,,,,,,,,,,,,,13.0157916666667,77.56566
2025-10-17 00:04:34.315,,,,,,,,,,,,,,,13.0157916666667,77.56566
2025-10-17 00:04:34.315,,,,,,,,,,,,,,,13.0157916666667,77.56566
2025-10-17 00:04:34.315,,,,,,,,,,,,,,,13.0157916666667,77.56566
2025-10-17 00:04:34.315,,,,,,,,,,,,,,,13.0157916666667,77.56566
2025-10-17 00:04:34.369,825.0,,,,,,,,,,,,,,13.0157916666667,77.56566
2025-10-17 00:04:34.369,,,,,,,,,,,,,,,13.0157916666667,77.56566
2025-10-17 00:04:34.413,,,,,,,,,,,,,,,13.0157916666667,77.56566
2025-10-17 00:04:34.413,,,,,,,,,,,,,,,13.0157916666667,77.56566
2025-10-17 00:04:34.413,,,,,,,,,,,,,,,13.0157916666667,77.56566
2025-10-17 00:04:34.413,,,,,,,,,,,,,,,13.0157916666667,77.56566
2025-10-17 00:04:34.413,,,,,,,,,,,,,,,13.0157916666667,77.56566
2025-10-17 00:04:34.468,,,,,,79.0,,,,,,,,,13.0157916666667,77.56566
2025-10-17 00:04:34.513,823.0,,,,,,,,,,,,,,13.0157916666667,77.56566
2025-10-17 00:04:34.513,,,,,,,,,,,,,,,13.0157916666667,77.56566
2025-10-17 00:04:34.569,,,,,,,,,,,,,,,13.0157916666667,77.56566
2025-10-17 00:04:34.569,,,,,,,,,,,,,,,13.0157916666667,77.56566
2025-10-17 00:04:34.569,,,,,,,,,,,,,,,13.0157916666667,77.56566
2025-10-17 00:04:34.569,,,,,,,,,,,,,,,13.0157916666667,77.56566
2025-10-17 00:04:34.569,,,,,,,,,,,,,,,13.0157916666667,77.56566
2025-10-17 00:04:34.634,826.0,,,,,,,,,,,,,,13.0157916666667,77.56566
2025-10-17 00:04:34.634,,,,,,,,,,,,,,,13.0157916666667,77.56566
2025-10-17 00:04:34.678,,,,,,,,,,,,,,,13.0157916666667,77.56566
2025-10-17 00:04:34.678,,,,,,,,,,,,,,,13.0157916666667,77.56566
2025-10-17 00:04:34.678,,,,,,,,,,,,,,,13.0157916666667,77.56566
2025-10-17 00:04:34.678,,,,,,,,,,,,,,,13.0157916666667,77.56566
2025-10-17 00:04:34.678,,,,,,,,,,,,,,,13.0157916666667,77.56566
2025-10-17 00:04:34.774,,,,,,79.0,,,,,,,,,13.0157916666667,77.56566
2025-10-17 00:04:34.840,825.0,,,,,,,,,,,,,,13.0157916666667,77.56566
2025-10-17 00:04:34.840,,,,,,,,,,,,,,,13.0157916666667,77.56566
2025-10-17 00:04:34.864,,,,,,,,,,,,,,,13.01578,77.5656783333333
2025-10-17 00:04:34.885,,,,,,,,,,,,,,,13.01578,77.5656783333333
2025-10-17 00:04:34.885,,,,,,,,,,,,,,,13.01578,77.5656783333333
2025-10-17 00:04:34.885,,,,,,,,,,,,,,,13.01578,77.5656783333333
2025-10-17 00:04:34.885,,,,,,,,,,,,,,,13.01578,77.5656783333333
2025-10-17 00:04:34.885,,,,,,,,,,,,,,,13.01578,77.5656783333333
2025-10-17 00:04:34.931,825.0,,,,,,,,,,,,,,13.01578,77.5656783333333
2025-10-17 00:04:34.931,,,,,,,,,,,,,,,13.01578,77.5656783333333
2025-10-17 00:04:34.976,,,,,,,,,,,,,,,13.01578,77.5656783333333
2025-10-17 00:04:34.976,,,,,,,,,,,,,,,13.01578,77.5656783333333
2025-10-17 00:04:34.976,,,,,,,,,,,,,,,13.01578,77.5656783333333
2025-10-17 00:04:34.976,,,,,,,,,,,,,,,13.01578,77.5656783333333
2025-10-17 00:04:34.976,,,,,,,,,,,,,,,13.01578,77.5656783333333
2025-10-17 00:04:35.023,,,,,,79.0,,,,,,,,,13.01578,77.5656783333333
2025-10-17 00:04:35.078,823.0,,,,,,,,,,,,,,13.01578,77.5656783333333
2025-10-17 00:04:35.078,,,,,,,,,,,,,,,13.01578,77.5656783333333
2025-10-17 00:04:35.125,,,,,,,,,,,,,,,13.01578,77.5656783333333
2025-10-17 00:04:35.125,,,,,,,,,,,,,,,13.01578,77.5656783333333
2025-10-17 00:04:35.125,,,,,,,,,,,,,,,13.01578,77.5656783333333
2025-10-17 00:04:35.125,,,,,,,,,,,,,,,13.01578,77.5656783333333
2025-10-17 00:04:35.125,,,,,,,,,,,,,,,13.01578,77.5656783333333
2025-10-17 00:04:35.187,823.0,,,,,,,,,,,,,,13.01578,77.5656783333333
2025-10-17 00:04:35.187,,,,,,,,,,,,,,,13.01578,77.5656783333333
2025-10-17 00:04:35.237,,,,,,,,,,,,,,,13.01578,77.5656783333333
2025-10-17 00:04:35.237,,,,,,,,,,,,,,,13.01578,77.5656783333333
2025-10-17 00:04:35.237,,,,,,,,,,,,,,,13.01578,77.5656783333333
2025-10-17 00:04:35.237,,,,,,,,,,,,,,,13.01578,77.5656783333333
2025-10-17 00:04:35.237,,,,,,,,,,,,,,,13.01578,77.5656783333333
2025-10-17 00:04:35.286,,,,,,79.0,,,,,,,,,13.01578,77.5656783333333
2025-10-17 00:04:35.336,824.0,,,,,,,,,,,,,,13.01578,77.5656783333333
2025-10-17 00:04:35.336,,,,,,,,,,,,,,,13.01578,77.5656783333333
2025-10-17 00:04:35.387,,,,,,,,,,,,,,,13.01578,77.5656783333333
2025-10-17 00:04:35.387,,,,,,,,,,,,,,,13.01578,77.5656783333333
2025-10-17 00:04:35.387,,,,,,,,,,,,,,,13.01578,77.5656783333333
2025-10-17 00:04:35.387,,,,,,,,,,,,,,,13.01578,77.5656783333333
2025-10-17 00:04:35.387,,,,,,,,,,,,,,,13.01578,77.5656783333333
2025-10-17 00:04:35.435,825.0,,,,,,,,,,,,,,13.01578,77.5656783333333
2025-10-17 00:04:35.435,,,,,,,,,,,,,,,13.01578,77.5656783333333
2025-10-17 00:04:35.490,,,,,,,,,,,,,,,13.01578,77.5656783333333
2025-10-17 00:04:35.490,,,,,,,,,,,,,,,13.01578,77.5656783333333
2025-10-17 00:04:35.490,,,,,,,,,,,,,,,13.01578,77.5656783333333
2025-10-17 00:04:35.490,,,,,,,,,,,,,,,13.01578,77.5656783333333
2025-10-17 00:04:35.490,,,,,,,,,,,,,,,13.01578,77.5656783333333
2025-10-17 00:04:35.539,,,,,,79.0,,,,,,,,,13.01578,77.5656783333333
2025-10-17 00:04:35.597,825.0,,,,,,,,,,,,,,13.01578,77.5656783333333
2025-10-17 00:04:35.597,,,,,,,,,,,,,,,13.01578,77.5656783333333
2025-10-17 00:04:35.646,,,,,,,,,,,,,,,13.01578,77.5656783333333
2025-10-17 00:04:35.646,,,,,,,,,,,,,,,13.01578,77.5656783333333
2025-10-17 00:04:35.646,,,,,,,,,,,,,,,13.01578,77.5656783333333
2025-10-17 00:04:35.646,,,,,,,,,,,,,,,13.01578,77.5656783333333
2025-10-17 00:04:35.646,,,,,,,,,,,,,,,13.01578,77.5656783333333
2025-10-17 00:04:35.695,826.0,,,,,,,,,,,,,,13.01578,77.5656783333333
2025-10-17 00:04:35.695,,,,,,,,,,,,,,,13.01578,77.5656783333333
2025-10-17 00:04:35.743,,,,,,,,,,,,,,,13.01578,77.5656783333333
2025-10-17 00:04:35.743,,,,,,,,,,,,,,,13.01578,77.5656783333333
2025-10-17 00:04:35.743,,,,,,,,,,,,,,,13.01578,77.5656783333333
2025-10-17 00:04:35.743,,,,,,,,,,,,,,,13.01578,77.5656783333333
2025-10-17 00:04:35.743,,,,,,,,,,,,,,,13.01578,77.5656783333333
2025-10-17 00:04:35.781,,,,,,79.0,,,,,,,,,13.01578,77.5656783333333
2025-10-17 00:04:35.830,825.0,,,,,,,,,,,,,,13.01578,77.5656783333333
2025-10-17 00:04:35.830,,,,,,,,,,,,,,,13.01578,77.5656783333333
2025-10-17 00:04:35.903,,,,,,,,,,,,,,,13.01578,77.5656783333333
2025-10-17 00:04:35.903,,,,,,,,,,,,,,,13.01578,77.5656783333333
2025-10-17 00:04:35.903,,,,,,,,,,,,,,,13.01578,77.5656783333333
2025-10-17 00:04:35.903,,,,,,,,,,,,,,,13.01578,77.5656783333333
2025-10-17 00:04:35.903,,,,,,,,,,,,,,,13.01578,77.5656783333333
2025-10-17 00:04:35.967,825.0,,,,,,,,,,,,,,13.01578,77.5656783333333
2025-10-17 00:04:35.967,,,,,,,,,,,,,,,13.01578,77.5656783333333
2025-10-17 00:04:36.014,,,,,,,,,,,,,,,13.01578,77.5656783333333
2025-10-17 00:04:36.014,,,,,,,,,,,,,,,13.01578,77.5656783333333
2025-10-17 00:04:36.014,,,,,,,,,,,,,,,13.01578,77.5656783333333
2025-10-17 00:04:36.014,,,,,,,,,,,,,,,13.01578,77.5656783333333
2025-10-17 00:04:36.014,,,,,,,,,,,,,,,13.01578,77.5656783333333
2025-10-17 00:04:36.062,,,,,,79.0,,,,,,,,,13.01578,77.5656783333333
2025-10-17 00:04:36.110,824.0,,,,,,,,,,,,,,13.01578,77.5656783333333
2025-10-17 00:04:36.110,,,,,,,,,,,,,,,13.01578,77.5656783333333
2025-10-17 00:04:36.191,,,,,,,,,,,,,,,13.01578,77.5656783333333
2025-10-17 00:04:36.191,,,,,,,,,,,,,,,13.01578,77.5656783333333
2025-10-17 00:04:36.191,,,,,,,,,,,,,,,13.01578,77.5656783333333
2025-10-17 00:04:36.191,,,,,,,,,,,,,,,13.01578,77.5656783333333
2025-10-17 00:04:36.191,,,,,,,,,,,,,,,13.01578,77.5656783333333
2025-10-17 00:04:36.232,823.0,,,,,,,,,,,,,,13.01578,77.5656783333333
2025-10-17 00:04:36.232,,,,,,,,,,,,,,,13.01578,77.5656783333333
2025-10-17 00:04:36.311,,,,,,,,,,,,,,,13.01578,77.5656783333333
2025-10-17 00:04:36.311,,,,,,,,,,,,,,,13.01578,77.5656783333333
2025-10-17 00:04:36.311,,,,,,,,,,,,,,,13.01578,77.5656783333333
2025-10-17 00:04:36.311,,,,,,,,,,,,,,,13.01578,77.5656783333333
2025-10-17 00:04:36.311,,,,,,,,,,,,,,,13.01578,77.5656783333333
2025-10-17 00:04:36.358,,,,,,79.0,,,,,,,,,13.01578,77.5656783333333
2025-10-17 00:04:36.381,,,,,,,,,,,,,,,13.0158767,77.5656606
2025-10-17 00:04:36.405,823.0,,,,,,,,,,,,,,13.0158767,77.5656606
2025-10-17 00:04:36.405,,,,,,,,,,,,,,,13.0158767,77.5656606
2025-10-17 00:04:36.450,,,,,,,,,,,,,,,13.0158767,77.5656606
2025-10-17 00:04:36.450,,,,,,,,,,,,,,,13.0158767,77.5656606
2025-10-17 00:04:36.450,,,,,,,,,,,,,,,13.0158767,77.5656606
2025-10-17 00:04:36.450,,,,,,,,,,,,,,,13.0158767,77.5656606
2025-10-17 00:04:36.450,,,,,,,,,,,,,,,13.0158767,77.5656606
2025-10-17 00:04:36.506,826.0,,,,,,,,,,,,,,13.0158767,77.5656606
2025-10-17 00:04:36.506,,,,,,,,,,,,,,,13.0158767,77.5656606
2025-10-17 00:04:36.551,,,,,,,,,,,,,,,13.0158767,77.5656606
2025-10-17 00:04:36.551,,,,,,,,,,,,,,,13.0158767,77.5656606
2025-10-17 00:04:36.551,,,,,,,,,,,,,,,13.0158767,77.5656606
2025-10-17 00:04:36.551,,,,,,,,,,,,,,,13.0158767,77.5656606
2025-10-17 00:04:36.551,,,,,,,,,,,,,,,13.0158767,77.5656606
2025-10-17 00:04:36.605,,,,,,79.0,,,,,,,,,13.0158767,77.5656606
2025-10-17 00:04:36.648,825.0,,,,,,,,,,,,,,13.0158767,77.5656606
2025-10-17 00:04:36.648,,,,,,,,,,,,,,,13.0158767,77.5656606
2025-10-17 00:04:36.712,,,,,,,,,,,,,,,13.0158767,77.5656606
2025-10-17 00:04:36.712,,,,,,,,,,,,,,,13.0158767,77.5656606
2025-10-17 00:04:36.712,,,,,,,,,,,,,,,13.0158767,77.5656606
2025-10-17 00:04:36.712,,,,,,,,,,,,,,,13.0158767,77.5656606
2025-10-17 00:04:36.712,,,,,,,,,,,,,,,13.0158767,77.5656606
2025-10-17 00:04:36.758,825.0,,,,,,,,,,,,,,13.0158767,77.5656606
2025-10-17 00:04:36.758,,,,,,,,,,,,,,,13.0158767,77.5656606
2025-10-17 00:04:36.812,,,,,,,,,,,,,,,13.0158767,77.5656606
2025-10-17 00:04:36.812,,,,,,,,,,,,,,,13.0158767,77.5656606
2025-10-17 00:04:36.812,,,,,,,,,,,,,,,13.0158767,77.5656606
2025-10-17 00:04:36.812,,,,,,,,,,,,,,,13.0158767,77.5656606
2025-10-17 00:04:36.812,,,,,,,,,,,,,,,13.0158767,77.5656606
2025-10-17 00:04:36.877,,,,,,79.0,,,,,,,,,13.0158767,77.5656606
2025-10-17 00:04:36.920,827.0,,,,,,,,,,,,,,13.0158767,77.5656606
2025-10-17 00:04:36.920,,,,,,,,,,,,,,,13.0158767,77.5656606
2025-10-17 00:04:37.005,,,,,,,,,,,,,,,13.0158767,77.5656606
2025-10-17 00:04:37.005,,,,,,,,,,,,,,,13.0158767,77.5656606
2025-10-17 00:04:37.005,,,,,,,,,,,,,,,13.0158767,77.5656606
2025-10-17 00:04:37.005,,,,,,,,,,,,,,,13.0158767,77.5656606
2025-10-17 00:04:37.005,,,,,,,,,,,,,,,13.0158767,77.5656606
2025-10-17 00:04:37.048,827.0,,,,,,,,,,,,,,13.0158767,77.5656606
2025-10-17 00:04:37.048,,,,,,,,,,,,,,,13.0158767,77.5656606
2025-10-17 00:04:37.091,,,,,,,,,,,,,,,13.0158767,77.5656606
2025-10-17 00:04:37.091,,,,,,,,,,,,,,,13.0158767,77.5656606
2025-10-17 00:04:37.091,,,,,,,,,,,,,,,13.0158767,77.5656606
2025-10-17 00:04:37.091,,,,,,,,,,,,,,,13.0158767,77.5656606
2025-10-17 00:04:37.091,,,,,,,,,,,,,,,13.0158767,77.5656606
2025-10-17 00:04:37.136,,,,,,79.0,,,,,,,,,13.0158767,77.5656606
2025-10-17 00:04:37.210,827.0,,,,,,,,,,,,,,13.0158767,77.5656606
2025-10-17 00:04:37.210,,,,,,,,,,,,,,,13.0158767,77.5656606
2025-10-17 00:04:37.259,,,,,,,,,,,,,,,13.0158767,77.5656606
2025-10-17 00:04:37.259,,,,,,,,,,,,,,,13.0158767,77.5656606
2025-10-17 00:04:37.259,,,,,,,,,,,,,,,13.0158767,77.5656606
2025-10-17 00:04:37.259,,,,,,,,,,,,,,,13.0158767,77.5656606
2025-10-17 00:04:37.259,,,,,,,,,,,,,,,13.0158767,77.5656606
2025-10-17 00:04:37.332,823.0,,,,,,,,,,,,,,13.0158767,77.5656606
2025-10-17 00:04:37.332,,,,,,,,,,,,,,,13.0158767,77.5656606
2025-10-17 00:04:37.389,,,,,,,,,,,,,,,13.0158767,77.5656606
2025-10-17 00:04:37.389,,,,,,,,,,,,,,,13.0158767,77.5656606
2025-10-17 00:04:37.389,,,,,,,,,,,,,,,13.0158767,77.5656606
2025-10-17 00:04:37.389,,,,,,,,,,,,,,,13.0158767,77.5656606
2025-10-17 00:04:37.389,,,,,,,,,,,,,,,13.0158767,77.5656606
2025-10-17 00:04:37.435,,,,,,79.0,,,,,,,,,13.0158767,77.5656606
2025-10-17 00:04:37.486,823.0,,,,,,,,,,,,,,13.0158767,77.5656606
2025-10-17 00:04:37.486,,,,,,,,,,,,,,,13.0158767,77.5656606
2025-10-17 00:04:37.535,,,,,,,,,,,,,,,13.0158767,77.5656606
2025-10-17 00:04:37.535,,,,,,,,,,,,,,,13.0158767,77.5656606
2025-10-17 00:04:37.535,,,,,,,,,,,,,,,13.0158767,77.5656606
2025-10-17 00:04:37.535,,,,,,,,,,,,,,,13.0158767,77.5656606
2025-10-17 00:04:37.535,,,,,,,,,,,,,,,13.0158767,77.5656606
2025-10-17 00:04:37.609,823.0,,,,,,,,,,,,,,13.0158767,77.5656606
2025-10-17 00:04:37.609,,,,,,,,,,,,,,,13.0158767,77.5656606
2025-10-17 00:04:37.668,,,,,,,,,,,,,,,13.0158767,77.5656606
2025-10-17 00:04:37.668,,,,,,,,,,,,,,,13.0158767,77.5656606
2025-10-17 00:04:37.668,,,,,,,,,,,,,,,13.0158767,77.5656606
2025-10-17 00:04:37.668,,,,,,,,,,,,,,,13.0158767,77.5656606
2025-10-17 00:04:37.668,,,,,,,,,,,,,,,13.0158767,77.5656606
2025-10-17 00:04:37.732,,,,,,79.0,,,,,,,,,13.0158767,77.5656606
2025-10-17 00:04:37.790,826.0,,,,,,,,,,,,,,13.0158767,77.5656606
2025-10-17 00:04:37.790,,,,,,,,,,,,,,,13.0158767,77.5656606
2025-10-17 00:04:37.841,,,,,,,,,,,,,,,13.0158767,77.5656606
2025-10-17 00:04:37.841,,,,,,,,,,,,,,,13.0158767,77.5656606
2025-10-17 00:04:37.841,,,,,,,,,,,,,,,13.0158767,77.5656606
2025-10-17 00:04:37.841,,,,,,,,,,,,,,,13.0158767,77.5656606
2025-10-17 00:04:37.841,,,,,,,,,,,,,,,13.0158767,77.5656606
2025-10-17 00:04:37.881,827.0,,,,,,,,,,,,,,13.0158767,77.5656606
2025-10-17 00:04:37.881,,,,,,,,,,,,,,,13.0158767,77.5656606
2025-10-17 00:04:37.930,,,,,,,,,,,,,,,13.0158767,77.5656606
2025-10-17 00:04:37.930,,,,,,,,,,,,,,,13.0158767,77.5656606
2025-10-17 00:04:37.930,,,,,,,,,,,,,,,13.0158767,77.5656606
2025-10-17 00:04:37.930,,,,,,,,,,,,,,,13.0158767,77.5656606
2025-10-17 00:04:37.930,,,,,,,,,,,,,,,13.0158767,77.5656606
2025-10-17 00:04:37.982,,,,,,79.0,,,,,,,,,13.0158767,77.5656606
2025-10-17 00:04:38.033,836.0,,,,,,,,,,,,,,13.0158767,77.5656606
2025-10-17 00:04:38.033,,,,,,,,,,,,,,,13.0158767,77.5656606
2025-10-17 00:04:38.079,,,,,,,,,,,,,,,13.0158767,77.5656606
2025-10-17 00:04:38.079,,,,,,,,,,,,,,,13.0158767,77.5656606
2025-10-17 00:04:38.079,,,,,,,,,,,,,,,13.0158767,77.5656606
2025-10-17 00:04:38.079,,,,,,,,,,,,,,,13.0158767,77.5656606
2025-10-17 00:04:38.079,,,,,,,,,,,,,,,13.0158767,77.5656606
2025-10-17 00:04:38.125,836.0,,,,,,,,,,,,,,13.0158767,77.5656606
2025-10-17 00:04:38.125,,,,,,,,,,,,,,,13.0158767,77.5656606
2025-10-17 00:04:38.173,,,,,,,,,,,,,,,13.0158767,77.5656606
2025-10-17 00:04:38.173,,,,,,,,,,,,,,,13.0158767,77.5656606
2025-10-17 00:04:38.173,,,,,,,,,,,,,,,13.0158767,77.5656606
2025-10-17 00:04:38.173,,,,,,,,,,,,,,,13.0158767,77.5656606
2025-10-17 00:04:38.173,,,,,,,,,,,,,,,13.0158767,77.5656606
2025-10-17 00:04:38.240,,,,,,79.0,,,,,,,,,13.0158767,77.5656606
2025-10-17 00:04:38.292,843.0,,,,,,,,,,,,,,13.0158767,77.5656606
2025-10-17 00:04:38.292,,,,,,,,,,,,,,,13.0158767,77.5656606
2025-10-17 00:04:38.339,,,,,,,,,,,,,,,13.0158767,77.5656606
2025-10-17 00:04:38.339,,,,,,,,,,,,,,,13.0158767,77.5656606
2025-10-17 00:04:38.339,,,,,,,,,,,,,,,13.0158767,77.5656606
2025-10-17 00:04:38.339,,,,,,,,,,,,,,,13.0158767,77.5656606
2025-10-17 00:04:38.339,,,,,,,,,,,,,,,13.0158767,77.5656606
2025-10-17 00:04:38.387,843.0,,,,,,,,,,,,,,13.0158767,77.5656606
2025-10-17 00:04:38.387,,,,,,,,,,,,,,,13.0158767,77.5656606
2025-10-17 00:04:38.446,,,,,,,,,,,,,,,13.0158767,77.5656606
2025-10-17 00:04:38.446,,,,,,,,,,,,,,,13.0158767,77.5656606
2025-10-17 00:04:38.446,,,,,,,,,,,,,,,13.0158767,77.5656606
2025-10-17 00:04:38.446,,,,,,,,,,,,,,,13.0158767,77.5656606
2025-10-17 00:04:38.446,,,,,,,,,,,,,,,13.0158767,77.5656606
2025-10-17 00:04:38.531,,,,,,79.0,,,,,,,,,13.0158767,77.5656606
2025-10-17 00:04:38.581,832.0,,,,,,,,,,,,,,13.0158767,77.5656606
2025-10-17 00:04:38.581,,,,,,,,,,,,,,,13.0158767,77.5656606
2025-10-17 00:04:38.652,,,,,,,,,,,,,,,13.0158767,77.5656606
2025-10-17 00:04:38.652,,,,,,,,,,,,,,,13.0158767,77.5656606
2025-10-17 00:04:38.652,,,,,,,,,,,,,,,13.0158767,77.5656606
2025-10-17 00:04:38.652,,,,,,,,,,,,,,,13.0158767,77.5656606
2025-10-17 00:04:38.652,,,,,,,,,,,,,,,13.0158767,77.5656606
2025-10-17 00:04:38.701,822.0,,,,,,,,,,,,,,13.0158767,77.5656606
2025-10-17 00:04:38.701,,,,,,,,,,,,,,,13.0158767,77.5656606
2025-10-17 00:04:38.746,,,,,,,,,,,,,,,13.0158767,77.5656606
2025-10-17 00:04:38.746,,,,,,,,,,,,,,,13.0158767,77.5656606
2025-10-17 00:04:38.746,,,,,,,,,,,,,,,13.0158767,77.5656606
2025-10-17 00:04:38.746,,,,,,,,,,,,,,,13.0158767,77.5656606
2025-10-17 00:04:38.746,,,,,,,,,,,,,,,13.0158767,77.5656606
2025-10-17 00:04:38.805,,,,,,79.0,,,,,,,,,13.0158767,77.5656606
2025-10-17 00:04:38.855,818.0,,,,,,,,,,,,,,13.0158767,77.5656606
2025-10-17 00:04:38.855,,,,,,,,,,,,,,,13.0158767,77.5656606
2025-10-17 00:04:38.901,,,,,,,,,,,,,,,13.0158767,77.5656606
2025-10-17 00:04:38.901,,,,,,,,,,,,,,,13.0158767,77.5656606
2025-10-17 00:04:38.901,,,,,,,,,,,,,,,13.0158767,77.5656606
2025-10-17 00:04:38.901,,,,,,,,,,,,,,,13.0158767,77.5656606
2025-10-17 00:04:38.901,,,,,,,,,,,,,,,13.0158767,77.5656606
2025-10-17 00:04:38.956,818.0,,,,,,,,,,,,,,13.0158767,77.5656606
2025-10-17 00:04:38.956,,,,,,,,,,,,,,,13.0158767,77.5656606
2025-10-17 00:04:39.053,,,,,,,,,,,,,,,13.0158767,77.5656606
2025-10-17 00:04:39.053,,,,,,,,,,,,,,,13.0158767,77.5656606
2025-10-17 00:04:39.053,,,,,,,,,,,,,,,13.0158767,77.5656606
2025-10-17 00:04:39.053,,,,,,,,,,,,,,,13.0158767,77.5656606
2025-10-17 00:04:39.053,,,,,,,,,,,,,,,13.0158767,77.5656606
2025-10-17 00:04:39.105,,,,,,79.0,,,,,,,,,13.0158767,77.5656606
2025-10-17 00:04:39.152,806.0,,,,,,,,,,,,,,13.0158767,77.5656606
2025-10-17 00:04:39.152,,,,,,,,,,,,,,,13.0158767,77.5656606
2025-10-17 00:04:39.200,,,,,,,,,,,,,,,13.0158767,77.5656606
2025-10-17 00:04:39.200,,,,,,,,,,,,,,,13.0158767,77.5656606
2025-10-17 00:04:39.200,,,,,,,,,,,,,,,13.0158767,77.5656606
2025-10-17 00:04:39.200,,,,,,,,,,,,,,,13.0158767,77.5656606
2025-10-17 00:04:39.200,,,,,,,,,,,,,,,13.0158767,77.5656606
2025-10-17 00:04:39.251,804.0,,,,,,,,,,,,,,13.0158767,77.5656606
2025-10-17 00:04:39.251,,,,,,,,,,,,,,,13.0158767,77.5656606
2025-10-17 00:04:39.302,,,,,,,,,,,,,,,13.0158767,77.5656606
2025-10-17 00:04:39.302,,,,,,,,,,,,,,,13.0158767,77.5656606
2025-10-17 00:04:39.302,,,,,,,,,,,,,,,13.0158767,77.5656606
2025-10-17 00:04:39.302,,,,,,,,,,,,,,,13.0158767,77.5656606
2025-10-17 00:04:39.302,,,,,,,,,,,,,,,13.0158767,77.5656606
2025-10-17 00:04:39.354,,,,,,79.0,,,,,,,,,13.0158767,77.5656606
2025-10-17 00:04:39.401,804.0,,,,,,,,,,,,,,13.0158767,77.5656606
2025-10-17 00:04:39.401,,,,,,,,,,,,,,,13.0158767,77.5656606
2025-10-17 00:04:40.239,,21.5686274509804,,,,,,,,,,,,,13.0158767,77.5656606
2025-10-17 00:04:40.316,,,,,0.856730769230769,,,,,,,,,,13.0158767,77.5656606
2025-10-17 00:04:40.316,,,,,,,,,,,,,,,13.0158767,77.5656606
2025-10-17 00:04:40.316,,,,13.77,,,,,,,,,,,13.0158767,77.5656606
2025-10-17 00:04:40.316,,,,,,,,,16.524,,,,,,13.0158767,77.5656606
2025-10-17 00:04:40.375,,,,,,,,,,,,,,,13.0158767,77.5656606
2025-10-17 00:04:40.375,,,,,,,,,,,,,,,13.0158767,77.5656606
2025-10-17 00:04:40.375,,,,,,,,,,,,,,,13.0158767,77.5656606
2025-10-17 00:04:40.375,,,,,,,,,,,,,,,13.0158767,77.5656606
2025-10-17 00:04:40.375,,,,,,,,,,,,,,,13.0158767,77.5656606
2025-10-17 00:04:40.437,803.0,,,,,,,,,,,,,,13.0158767,77.5656606
2025-10-17 00:04:40.437,,,,,,,,,,,,,,,13.0158767,77.5656606
2025-10-17 00:04:40.489,,20.7843137254902,,,,,,,,,,,,,13.0158767,77.5656606
2025-10-17 00:04:40.550,,,,,0.822579185520362,,,,,,,,,,13.0158767,77.5656606
2025-10-17 00:04:40.550,,,,,,,,,,,,,,,13.0158767,77.5656606
2025-10-17 00:04:40.550,,,,,,,,,,,,,,,13.0158767,77.5656606
2025-10-17 00:04:40.550,,,,,,,,,,,,,,,13.0158767,77.5656606
2025-10-17 00:04:40.550,,,,,,,,,,,,,,,13.0158767,77.5656606
2025-10-17 00:04:40.550,,,,,,,,,,,,,,,13.0158767,77.5656606
2025-10-17 00:04:40.550,,,,13.72,,,,,,,,,,,13.0158767,77.5656606
2025-10-17 00:04:40.550,,,,,,,,,16.464,,,,,,13.0158767,77.5656606
2025-10-17 00:04:40.606,,,,,,,,,,,,,,,13.0158767,77.5656606
2025-10-17 00:04:40.606,,,,,,,,,,,,,,,13.0158767,77.5656606
2025-10-17 00:04:40.606,,,,,,,,,,,,,,,13.0158767,77.5656606
2025-10-17 00:04:40.606,,,,,,,,,,,,,,,13.0158767,77.5656606
2025-10-17 00:04:40.606,,,,,,,,,,,,,,,13.0158767,77.5656606
2025-10-17 00:04:40.655,803.0,,,,,,,,,,,,,,13.0158767,77.5656606
2025-10-17 00:04:40.655,,,,,,,,,,,,,,,13.0158767,77.5656606
2025-10-17 00:04:40.703,,21.1764705882353,,,,,,,,,,,,,13.0158767,77.5656606
2025-10-17 00:04:40.752,,,,,0.834434389140272,,,,,,,,,,13.0158767,77.5656606
2025-10-17 00:04:40.752,,,,,,,,,,,,,,,13.0158767,77.5656606
2025-10-17 00:04:40.752,,,,,,,,,,,,,,,13.0158767,77.5656606
2025-10-17 00:04:40.752,,,,,,,,,,,,,,,13.0158767,77.5656606
2025-10-17 00:04:40.752,,,,,,,,,,,,,,,13.0158767,77.5656606
2025-10-17 00:04:40.752,,,,,,,,,,,,,,,13.0158767,77.5656606
2025-10-17 00:04:40.752,,,,13.66,,,,,,,,,,,13.0158767,77.5656606
2025-10-17 00:04:40.752,,,,,,,,,16.392,,,,,,13.0158767,77.5656606
2025-10-17 00:04:40.806,,,,,,,,,,,,,,,13.0158767,77.5656606
2025-10-17 00:04:40.806,,,,,,,,,,,,,,,13.0158767,77.5656606
2025-10-17 00:04:40.806,,,,,,,,,,,,,,,13.0158767,77.5656606
2025-10-17 00:04:40.806,,,,,,,,,,,,,,,13.0158767,77.5656606
2025-10-17 00:04:40.806,,,,,,,,,,,,,,,13.0158767,77.5656606
2025-10-17 00:04:40.858,797.0,,,,,,,,,,,,,,13.0158767,77.5656606
2025-10-17 00:04:40.858,,,,,,,,,,,,,,,13.0158767,77.5656606
2025-10-17 00:04:40.910,,21.1764705882353,,,,,,,,,,,,,13.0158767,77.5656606
2025-10-17 00:04:40.961,,,,,0.841153846153846,,,,,,,,,,13.0158767,77.5656606
2025-10-17 00:04:40.961,,,,,,,,,,,,,,,13.0158767,77.5656606
2025-10-17 00:04:40.961,,,,,,,,,,,,,,,13.0158767,77.5656606
2025-10-17 00:04:40.961,,,,,,,,,,,,,,,13.0158767,77.5656606
2025-10-17 00:04:40.961,,,,,,,,,,,,,,,13.0158767,77.5656606
2025-10-17 00:04:40.961,,,,,,,,,,,,,,,13.0158767,77.5656606
2025-10-17 00:04:40.961,,,,13.77,,,,,,,,,,,13.0158767,77.5656606
2025-10-17 00:04:40.961,,,,,,,,,16.524,,,,,,13.0158767,77.5656606
2025-10-17 00:04:41.019,,,,,,,,,,,,,,,13.0158767,77.5656606
2025-10-17 00:04:41.019,,,,,,,,,,,,,,,13.0158767,77.5656606
2025-10-17 00:04:41.019,,,,,,,,,,,,,,,13.0158767,77.5656606
2025-10-17 00:04:41.019,,,,,,,,,,,,,,,13.0158767,77.5656606
2025-10-17 00:04:41.019,,,,,,,,,,,,,,,13.0158767,77.5656606
2025-10-17 00:04:41.072,801.0,,,,,,,,,,,,,,13.0158767,77.5656606
2025-10-17 00:04:41.072,,,,,,,,,,,,,,,13.0158767,77.5656606
2025-10-17 00:04:41.135,,21.1764705882353,,,,,,,,,,,,,13.0158767,77.5656606
2025-10-17 00:04:41.206,,,,,0.838099547511312,,,,,,,,,,13.0158767,77.5656606
2025-10-17 00:04:41.206,,,,,,,,,,,,,,,13.0158767,77.5656606
2025-10-17 00:04:41.206,,,,,,,,,,,,,,,13.0158767,77.5656606
2025-10-17 00:04:41.206,,,,,,,,,,,,,,,13.0158767,77.5656606
2025-10-17 00:04:41.206,,,,,,,,,,,,,,,13.0158767,77.5656606
2025-10-17 00:04:41.206,,,,,,,,,,,,,,,13.0158767,77.5656606
2025-10-17 00:04:41.206,,,,13.72,,,,,,,,,,,13.0158767,77.5656606
2025-10-17 00:04:41.206,,,,,,,,,16.464,,,,,,13.0158767,77.5656606
2025-10-17 00:04:41.261,,,,,,,,,,,,,,,13.0158767,77.5656606
2025-10-17 00:04:41.261,,,,,,,,,,,,,,,13.0158767,77.5656606
2025-10-17 00:04:41.261,,,,,,,,,,,,,,,13.0158767,77.5656606
2025-10-17 00:04:41.261,,,,,,,,,,,,,,,13.0158767,77.5656606
2025-10-17 00:04:41.261,,,,,,,,,,,,,,,13.0158767,77.5656606
2025-10-17 00:04:41.323,802.0,,,,,,,,,,,,,,13.0158767,77.5656606
2025-10-17 00:04:41.323,,,,,,,,,,,,,,,13.0158767,77.5656606
2025-10-17 00:04:41.374,,21.1764705882353,,,,,,,,,,,,,13.0158767,77.5656606
2025-10-17 00:04:41.422,,,,,0.836266968325792,,,,,,,,,,13.0158767,77.5656606
2025-10-17 00:04:41.422,,,,,,,,,,,,,,,13.0158767,77.5656606
2025-10-17 00:04:41.422,,,,,,,,,,,,,,,13.0158767,77.5656606
2025-10-17 00:04:41.422,,,,,,,,,,,,,,,13.0158767,77.5656606
2025-10-17 00:04:41.422,,,,,,,,,,,,,,,13.0158767,77.5656606
2025-10-17 00:04:41.422,,,,,,,,,,,,,,,13.0158767,77.5656606
2025-10-17 00:04:41.422,,,,13.69,,,,,,,,,,,13.0158767,77.5656606
2025-10-17 00:04:41.422,,,,,,,,,16.428,,,,,,13.0158767,77.5656606
2025-10-17 00:04:41.476,,,,,,,,,,,,,,,13.0158767,77.5656606
2025-10-17 00:04:41.476,,,,,,,,,,,,,,,13.0158767,77.5656606
2025-10-17 00:04:41.476,,,,,,,,,,,,,,,13.0158767,77.5656606
2025-10-17 00:04:41.476,,,,,,,,,,,,,,,13.0158767,77.5656606
2025-10-17 00:04:41.476,,,,,,,,,,,,,,,13.0158767,77.5656606
2025-10-17 00:04:41.543,798.0,,,,,,,,,,,,,,13.0158767,77.5656606
2025-10-17 00:04:41.543,,,,,,,,,,,,,,,13.0158767,77.5656606
2025-10-17 00:04:41.596,,21.1764705882353,,,,,,,,,,,,,13.0158767,77.5656606
2025-10-17 00:04:41.649,,,,,0.838099547511312,,,,,,,,,,13.0158767,77.5656606
2025-10-17 00:04:41.649,,,,,,,,,,,,,,,13.0158767,77.5656606
2025-10-17 00:04:41.649,,,,,,,,,,,,,,,13.0158767,77.5656606
2025-10-17 00:04:41.649,,,,,,,,,,,,,,,13.0158767,77.5656606
2025-10-17 00:04:41.649,,,,,,,,,,,,,,,13.0158767,77.5656606
2025-10-17 00:04:41.649,,,,,,,,,,,,,,,13.0158767,77.5656606
2025-10-17 00:04:41.649,,,,13.72,,,,,,,,,,,13.0158767,77.5656606
2025-10-17 00:04:41.649,,,,,,,,,16.464,,,,,,13.0158767,77.5656606
2025-10-17 00:04:41.703,,,,,,,,,,,,,,,13.0158767,77.5656606
2025-10-17 00:04:41.703,,,,,,,,,,,,,,,13.0158767,77.5656606
2025-10-17 00:04:41.703,,,,,,,,,,,,,,,13.0158767,77.5656606
2025-10-17 00:04:41.703,,,,,,,,,,,,,,,13.0158767,77.5656606
2025-10-17 00:04:41.703,,,,,,,,,,,,,,,13.0158767,77.5656606
2025-10-17 00:04:41.757,800.0,,,,,,,,,,,,,,13.0158767,77.5656606
2025-10-17 00:04:41.757,,,,,,,,,,,,,,,13.0158767,77.5656606
2025-10-17 00:04:41.819,,21.1764705882353,,,,,,,,,,,,,13.0158767,77.5656606
2025-10-17 00:04:41.868,,,,,0.834434389140272,,,,,,,,,,13.0158767,77.5656606
2025-10-17 00:04:41.868,,,,,,,,,,,,,,,13.0158767,77.5656606
2025-10-17 00:04:41.868,,,,,,,,,,,,,,,13.0158767,77.5656606
2025-10-17 00:04:41.868,,,,,,,,,,,,,,,13.0158767,77.5656606
2025-10-17 00:04:41.868,,,,,,,,,,,,,,,13.0158767,77.5656606
2025-10-17 00:04:41.868,,,,,,,,,,,,,,,13.0158767,77.5656606
2025-10-17 00:04:41.868,,,,13.66,,,,,,,,,,,13.0158767,77.5656606
2025-10-17 00:04:41.868,,,,,,,,,16.392,,,,,,13.0158767,77.5656606
2025-10-17 00:04:41.914,,,,,,,,,,,,,,,13.0158767,77.5656606
2025-10-17 00:04:41.914,,,,,,,,,,,,,,,13.0158767,77.5656606
2025-10-17 00:04:41.914,,,,,,,,,,,,,,,13.0158767,77.5656606
2025-10-17 00:04:41.914,,,,,,,,,,,,,,,13.0158767,77.5656606
2025-10-17 00:04:41.914,,,,,,,,,,,,,,,13.0158767,77.5656606
2025-10-17 00:04:41.967,800.0,,,,,,,,,,,,,,13.0158767,77.5656606
2025-10-17 00:04:41.967,,,,,,,,,,,,,,,13.0158767,77.5656606
2025-10-17 00:04:42.016,,21.5686274509804,,,,,,,,,,,,,13.0158767,77.5656606
2025-10-17 00:04:42.066,,,,,0.851753393665158,,,,,,,,,,13.0158767,77.5656606
2025-10-17 00:04:42.066,,,,,,,,,,,,,,,13.0158767,77.5656606
2025-10-17 00:04:42.066,,,,,,,,,,,,,,,13.0158767,77.5656606
2025-10-17 00:04:42.066,,,,,,,,,,,,,,,13.0158767,77.5656606
2025-10-17 00:04:42.066,,,,,,,,,,,,,,,13.0158767,77.5656606
2025-10-17 00:04:42.066,,,,,,,,,,,,,,,13.0158767,77.5656606
2025-10-17 00:04:42.066,,,,13.69,,,,,,,,,,,13.0158767,77.5656606
2025-10-17 00:04:42.066,,,,,,,,,16.428,,,,,,13.0158767,77.5656606
2025-10-17 00:04:42.133,,,,,,,,,,,,,,,13.0158767,77.5656606
2025-10-17 00:04:42.133,,,,,,,,,,,,,,,13.0158767,77.5656606
2025-10-17 00:04:42.133,,,,,,,,,,,,,,,13.0158767,77.5656606
2025-10-17 00:04:42.133,,,,,,,,,,,,,,,13.0158767,77.5656606
2025-10-17 00:04:42.133,,,,,,,,,,,,,,,13.0158767,77.5656606
2025-10-17 00:04:42.148,,,,,,,,,,,,,,,13.0157733333333,77.5656816666667
2025-10-17 00:04:42.184,798.0,,,,,,,,,,,,,,13.0157733333333,77.5656816666667
2025-10-17 00:04:42.184,,,,,,,,,,,,,,,13.0157733333333,77.5656816666667
2025-10-17 00:04:42.237,,21.1764705882353,,,,,,,,,,,,,13.0157733333333,77.5656816666667
2025-10-17 00:04:42.298,,,,,0.839321266968326,,,,,,,,,,13.0157733333333,77.5656816666667
2025-10-17 00:04:42.298,,,,,,,,,,,,,,,13.0157733333333,77.5656816666667
2025-10-17 00:04:42.298,,,,,,,,,,,,,,,13.0157733333333,77.5656816666667
2025-10-17 00:04:42.298,,,,,,,,,,,,,,,13.0157733333333,77.5656816666667
2025-10-17 00:04:42.298,,,,,,,,,,,,,,,13.0157733333333,77.5656816666667
2025-10-17 00:04:42.298,,,,,,,,,,,,,,,13.0157733333333,77.5656816666667
2025-10-17 00:04:42.298,,,,13.74,,,,,,,,,,,13.0157733333333,77.5656816666667
2025-10-17 00:04:42.298,,,,,,,,,16.488,,,,,,13.0157733333333,77.5656816666667
2025-10-17 00:04:42.351,,,,,,,,,,,,,,,13.0157733333333,77.5656816666667
2025-10-17 00:04:42.351,,,,,,,,,,,,,,,13.0157733333333,77.5656816666667
2025-10-17 00:04:42.351,,,,,,,,,,,,,,,13.0157733333333,77.5656816666667
2025-10-17 00:04:42.351,,,,,,,,,,,,,,,13.0157733333333,77.5656816666667
2025-10-17 00:04:42.351,,,,,,,,,,,,,,,13.0157733333333,77.5656816666667
2025-10-17 00:04:42.400,801.0,,,,,,,,,,,,,,13.0157733333333,77.5656816666667
2025-10-17 00:04:42.400,,,,,,,,,,,,,,,13.0157733333333,77.5656816666667
2025-10-17 00:04:42.449,,21.1764705882353,,,,,,,,,,,,,13.0157733333333,77.5656816666667
2025-10-17 00:04:42.500,,,,,0.838099547511312,,,,,,,,,,13.0157733333333,77.5656816666667
2025-10-17 00:04:42.500,,,,,,,,,,,,,,,13.0157733333333,77.5656816666667
2025-10-17 00:04:42.500,,,,,,,,,,,,,,,13.0157733333333,77.5656816666667
2025-10-17 00:04:42.500,,,,,,,,,,,,,,,13.0157733333333,77.5656816666667
2025-10-17 00:04:42.500,,,,,,,,,,,,,,,13.0157733333333,77.5656816666667
2025-10-17 00:04:42.500,,,,,,,,,,,,,,,13.0157733333333,77.5656816666667
2025-10-17 00:04:42.500,,,,13.72,,,,,,,,,,,13.0157733333333,77.5656816666667
2025-10-17 00:04:42.500,,,,,,,,,16.464,,,,,,13.0157733333333,77.5656816666667
2025-10-17 00:04:42.554,,,,,,,,,,,,,,,13.0157733333333,77.5656816666667
2025-10-17 00:04:42.554,,,,,,,,,,,,,,,13.0157733333333,77.5656816666667
2025-10-17 00:04:42.554,,,,,,,,,,,,,,,13.0157733333333,77.5656816666667
2025-10-17 00:04:42.554,,,,,,,,,,,,,,,13.0157733333333,77.5656816666667
2025-10-17 00:04:42.554,,,,,,,,,,,,,,,13.0157733333333,77.5656816666667
2025-10-17 00:04:42.608,801.0,,,,,,,,,,,,,,13.0157733333333,77.5656816666667
2025-10-17 00:04:42.608,,,,,,,,,,,,,,,13.0157733333333,77.5656816666667
2025-10-17 00:04:42.659,,21.1764705882353,,,,,,,,,,,,,13.0157733333333,77.5656816666667
2025-10-17 00:04:42.709,,,,,0.832601809954751,,,,,,,,,,13.0157733333333,77.5656816666667
2025-10-17 00:04:42.709,,,,,,,,,,,,,,,13.0157733333333,77.5656816666667
2025-10-17 00:04:42.709,,,,,,,,,,,,,,,13.0157733333333,77.5656816666667
2025-10-17 00:04:42.709,,,,,,,,,,,,,,,13.0157733333333,77.5656816666667
2025-10-17 00:04:42.709,,,,,,,,,,,,,,,13.0157733333333,77.5656816666667
2025-10-17 00:04:42.709,,,,,,,,,,,,,,,13.0157733333333,77.5656816666667
2025-10-17 00:04:42.709,,,,13.63,,,,,,,,,,,13.0157733333333,77.5656816666667
2025-10-17 00:04:42.709,,,,,,,,,16.356,,,,,,13.0157733333333,77.5656816666667
2025-10-17 00:04:42.764,,,,,,,,,,,,,,,13.0157733333333,77.5656816666667
2025-10-17 00:04:42.764,,,,,,,,,,,,,,,13.0157733333333,77.5656816666667
2025-10-17 00:04:42.764,,,,,,,,,,,,,,,13.0157733333333,77.5656816666667
2025-10-17 00:04:42.764,,,,,,,,,,,,,,,13.0157733333333,77.5656816666667
2025-10-17 00:04:42.764,,,,,,,,,,,,,,,13.0157733333333,77.5656816666667
2025-10-17 00:04:42.839,800.0,,,,,,,,,,,,,,13.0157733333333,77.5656816666667
2025-10-17 00:04:42.839,,,,,,,,,,,,,,,13.0157733333333,77.5656816666667
2025-10-17 00:04:42.888,,21.1764705882353,,,,,,,,,,,,,13.0157733333333,77.5656816666667
2025-10-17 00:04:42.947,,,,,0.836266968325792,,,,,,,,,,13.0157733333333,77.5656816666667
2025-10-17 00:04:42.947,,,,,,,,,,,,,,,13.0157733333333,77.5656816666667
2025-10-17 00:04:42.947,,,,,,,,,,,,,,,13.0157733333333,77.5656816666667
2025-10-17 00:04:42.947,,,,,,,,,,,,,,,13.0157733333333,77.5656816666667
2025-10-17 00:04:42.947,,,,,,,,,,,,,,,13.0157733333333,77.5656816666667
2025-10-17 00:04:42.947,,,,,,,,,,,,,,,13.0157733333333,77.5656816666667
2025-10-17 00:04:42.947,,,,13.69,,,,,,,,,,,13.0157733333333,77.5656816666667
2025-10-17 00:04:42.947,,,,,,,,,16.428,,,,,,13.0157733333333,77.5656816666667
2025-10-17 00:04:43.011,,,,,,,,,,,,,,,13.0157733333333,77.5656816666667
2025-10-17 00:04:43.011,,,,,,,,,,,,,,,13.0157733333333,77.5656816666667
2025-10-17 00:04:43.011,,,,,,,,,,,,,,,13.0157733333333,77.5656816666667
2025-10-17 00:04:43.011,,,,,,,,,,,,,,,13.0157733333333,77.5656816666667
2025-10-17 00:04:43.011,,,,,,,,,,,,,,,13.0157733333333,77.5656816666667
2025-10-17 00:04:43.063,802.0,,,,,,,,,,,,,,13.0157733333333,77.5656816666667
2025-10-17 00:04:43.063,,,,,,,,,,,,,,,13.0157733333333,77.5656816666667
2025-10-17 00:04:43.113,,21.1764705882353,,,,,,,,,,,,,13.0157733333333,77.5656816666667
2025-10-17 00:04:43.166,,,,,0.834434389140272,,,,,,,,,,13.0157733333333,77.5656816666667
2025-10-17 00:04:43.166,,,,,,,,,,,,,,,13.0157733333333,77.5656816666667
2025-10-17 00:04:43.166,,,,,,,,,,,,,,,13.0157733333333,77.5656816666667
2025-10-17 00:04:43.166,,,,,,,,,,,,,,,13.0157733333333,77.5656816666667
2025-10-17 00:04:43.166,,,,,,,,,,,,,,,13.0157733333333,77.5656816666667
2025-10-17 00:04:43.166,,,,,,,,,,,,,,,13.0157733333333,77.5656816666667
2025-10-17 00:04:43.166,,,,13.66,,,,,,,,,,,13.0157733333333,77.5656816666667
2025-10-17 00:04:43.166,,,,,,,,,16.392,,,,,,13.0157733333333,77.5656816666667
2025-10-17 00:04:43.223,,,,,,,,,,,,,,,13.0157733333333,77.5656816666667
2025-10-17 00:04:43.223,,,,,,,,,,,,,,,13.0157733333333,77.5656816666667
2025-10-17 00:04:43.223,,,,,,,,,,,,,,,13.0157733333333,77.5656816666667
2025-10-17 00:04:43.223,,,,,,,,,,,,,,,13.0157733333333,77.5656816666667
2025-10-17 00:04:43.223,,,,,,,,,,,,,,,13.0157733333333,77.5656816666667
2025-10-17 00:04:43.274,798.0,,,,,,,,,,,,,,13.0157733333333,77.5656816666667
2025-10-17 00:04:43.274,,,,,,,,,,,,,,,13.0157733333333,77.5656816666667
2025-10-17 00:04:43.325,,20.7843137254902,,,,,,,,,,,,,13.0157733333333,77.5656816666667
2025-10-17 00:04:43.374,,,,,0.817183257918552,,,,,,,,,,13.0157733333333,77.5656816666667
2025-10-17 00:04:43.374,,,,,,,,,,,,,,,13.0157733333333,77.5656816666667
2025-10-17 00:04:43.374,,,,,,,,,,,,,,,13.0157733333333,77.5656816666667
2025-10-17 00:04:43.374,,,,,,,,,,,,,,,13.0157733333333,77.5656816666667
2025-10-17 00:04:43.374,,,,,,,,,,,,,,,13.0157733333333,77.5656816666667
2025-10-17 00:04:43.374,,,,,,,,,,,,,,,13.0157733333333,77.5656816666667
2025-10-17 00:04:43.374,,,,13.63,,,,,,,,,,,13.0157733333333,77.5656816666667
2025-10-17 00:04:43.374,,,,,,,,,16.356,,,,,,13.0157733333333,77.5656816666667
2025-10-17 00:04:43.431,,,,,,,,,,,,,,,13.0157733333333,77.5656816666667
2025-10-17 00:04:43.431,,,,,,,,,,,,,,,13.0157733333333,77.5656816666667
2025-10-17 00:04:43.431,,,,,,,,,,,,,,,13.0157733333333,77.5656816666667
2025-10-17 00:04:43.431,,,,,,,,,,,,,,,13.0157733333333,77.5656816666667
2025-10-17 00:04:43.431,,,,,,,,,,,,,,,13.0157733333333,77.5656816666667
2025-10-17 00:04:43.484,801.0,,,,,,,,,,,,,,13.0157733333333,77.5656816666667
2025-10-17 00:04:43.484,,,,,,,,,,,,,,,13.0157733333333,77.5656816666667
2025-10-17 00:04:43.533,,21.1764705882353,,,,,,,,,,,,,13.0157733333333,77.5656816666667
2025-10-17 00:04:43.583,,,,,0.834434389140272,,,,,,,,,,13.0157733333333,77.5656816666667
2025-10-17 00:04:43.583,,,,,,,,,,,,,,,13.0157733333333,77.5656816666667
2025-10-17 00:04:43.583,,,,,,,,,,,,,,,13.0157733333333,77.5656816666667
2025-10-17 00:04:43.583,,,,,,,,,,,,,,,13.0157733333333,77.5656816666667
2025-10-17 00:04:43.583,,,,,,,,,,,,,,,13.0157733333333,77.5656816666667
2025-10-17 00:04:43.583,,,,,,,,,,,,,,,13.0157733333333,77.5656816666667
2025-10-17 00:04:43.583,,,,13.66,,,,,,,,,,,13.0157733333333,77.5656816666667
2025-10-17 00:04:43.583,,,,,,,,,16.392,,,,,,13.0157733333333,77.5656816666667
2025-10-17 00:04:43.637,,,,,,,,,,,,,,,13.0157733333333,77.5656816666667
2025-10-17 00:04:43.637,,,,,,,,,,,,,,,13.0157733333333,77.5656816666667
2025-10-17 00:04:43.637,,,,,,,,,,,,,,,13.0157733333333,77.5656816666667
2025-10-17 00:04:43.637,,,,,,,,,,,,,,,13.0157733333333,77.5656816666667
2025-10-17 00:04:43.637,,,,,,,,,,,,,,,13.0157733333333,77.5656816666667
2025-10-17 00:04:43.690,801.0,,,,,,,,,,,,,,13.0157733333333,77.5656816666667
2025-10-17 00:04:43.690,,,,,,,,,,,,,,,13.0157733333333,77.5656816666667
2025-10-17 00:04:43.740,,21.1764705882353,,,,,,,,,,,,,13.0157733333333,77.5656816666667
2025-10-17 00:04:43.791,,,,,0.832601809954751,,,,,,,,,,13.0157733333333,77.5656816666667
2025-10-17 00:04:43.791,,,,,,,,,,,,,,,13.0157733333333,77.5656816666667
2025-10-17 00:04:43.791,,,,,,,,,,,,,,,13.0157733333333,77.5656816666667
2025-10-17 00:04:43.791,,,,,,,,,,,,,,,13.0157733333333,77.5656816666667
2025-10-17 00:04:43.791,,,,,,,,,,,,,,,13.0157733333333,77.5656816666667
2025-10-17 00:04:43.791,,,,,,,,,,,,,,,13.0157733333333,77.5656816666667
2025-10-17 00:04:43.791,,,,13.63,,,,,,,,,,,13.0157733333333,77.5656816666667
2025-10-17 00:04:43.791,,,,,,,,,16.356,,,,,,13.0157733333333,77.5656816666667
2025-10-17 00:04:43.846,,,,,,,,,,,,,,,13.0157733333333,77.5656816666667
2025-10-17 00:04:43.846,,,,,,,,,,,,,,,13.0157733333333,77.5656816666667
2025-10-17 00:04:43.846,,,,,,,,,,,,,,,13.0157733333333,77.5656816666667
2025-10-17 00:04:43.846,,,,,,,,,,,,,,,13.0157733333333,77.5656816666667
2025-10-17 00:04:43.846,,,,,,,,,,,,,,,13.0157733333333,77.5656816666667
2025-10-17 00:04:43.899,797.0,,,,,,,,,,,,,,13.0157733333333,77.5656816666667
2025-10-17 00:04:43.899,,,,,,,,,,,,,,,13.0157733333333,77.5656816666667
2025-10-17 00:04:43.949,,21.1764705882353,,,,,,,,,,,,,13.0157733333333,77.5656816666667
2025-10-17 00:04:44.000,,,,,0.839321266968326,,,,,,,,,,13.0157733333333,77.5656816666667
2025-10-17 00:04:44.000,,,,,,,,,,,,,,,13.0157733333333,77.5656816666667
2025-10-17 00:04:44.000,,,,,,,,,,,,,,,13.0157733333333,77.5656816666667
2025-10-17 00:04:44.000,,,,,,,,,,,,,,,13.0157733333333,77.5656816666667
2025-10-17 00:04:44.000,,,,,,,,,,,,,,,13.0157733333333,77.5656816666667
2025-10-17 00:04:44.000,,,,,,,,,,,,,,,13.0157733333333,77.5656816666667
2025-10-17 00:04:44.000,,,,13.74,,,,,,,,,,,13.0157733333333,77.5656816666667
2025-10-17 00:04:44.000,,,,,,,,,16.488,,,,,,13.0157733333333,77.5656816666667
2025-10-17 00:04:44.055,,,,,,,,,,,,,,,13.0157733333333,77.5656816666667
2025-10-17 00:04:44.055,,,,,,,,,,,,,,,13.0157733333333,77.5656816666667
2025-10-17 00:04:44.055,,,,,,,,,,,,,,,13.0157733333333,77.5656816666667
2025-10-17 00:04:44.055,,,,,,,,,,,,,,,13.0157733333333,77.5656816666667
2025-10-17 00:04:44.055,,,,,,,,,,,,,,,13.0157733333333,77.5656816666667
2025-10-17 00:04:44.109,799.0,,,,,,,,,,,,,,13.0157733333333,77.5656816666667
2025-10-17 00:04:44.109,,,,,,,,,,,,,,,13.0157733333333,77.5656816666667
2025-10-17 00:04:44.158,,20.7843137254902,,,,,,,,,,,,,13.0157733333333,77.5656816666667
2025-10-17 00:04:44.229,,,,,0.820780542986425,,,,,,,,,,13.0157733333333,77.5656816666667
2025-10-17 00:04:44.229,,,,,,,,,,,,,,,13.0157733333333,77.5656816666667
2025-10-17 00:04:44.229,,,,,,,,,,,,,,,13.0157733333333,77.5656816666667
2025-10-17 00:04:44.229,,,,,,,,,,,,,,,13.0157733333333,77.5656816666667
2025-10-17 00:04:44.229,,,,,,,,,,,,,,,13.0157733333333,77.5656816666667
2025-10-17 00:04:44.229,,,,,,,,,,,,,,,13.0157733333333,77.5656816666667
2025-10-17 00:04:44.229,,,,13.69,,,,,,,,,,,13.0157733333333,77.5656816666667
2025-10-17 00:04:44.229,,,,,,,,,16.428,,,,,,13.0157733333333,77.5656816666667
2025-10-17 00:04:44.284,,,,,,,,,,,,,,,13.0157733333333,77.5656816666667
2025-10-17 00:04:44.284,,,,,,,,,,,,,,,13.0157733333333,77.5656816666667
2025-10-17 00:04:44.284,,,,,,,,,,,,,,,13.0157733333333,77.5656816666667
2025-10-17 00:04:44.284,,,,,,,,,,,,,,,13.0157733333333,77.5656816666667
2025-10-17 00:04:44.284,,,,,,,,,,,,,,,13.0157733333333,77.5656816666667
2025-10-17 00:04:44.348,802.0,,,,,,,,,,,,,,13.0157733333333,77.5656816666667
2025-10-17 00:04:44.348,,,,,,,,,,,,,,,13.0157733333333,77.5656816666667
2025-10-17 00:04:44.395,,21.1764705882353,,,,,,,,,,,,,13.0157733333333,77.5656816666667
2025-10-17 00:04:44.465,,,,,0.838099547511312,,,,,,,,,,13.0157733333333,77.5656816666667
2025-10-17 00:04:44.465,,,,,,,,,,,,,,,13.0157733333333,77.5656816666667
2025-10-17 00:04:44.465,,,,,,,,,,,,,,,13.0157733333333,77.5656816666667
2025-10-17 00:04:44.465,,,,,,,,,,,,,,,13.0157733333333,77.5656816666667
2025-10-17 00:04:44.465,,,,,,,,,,,,,,,13.0157733333333,77.5656816666667
2025-10-17 00:04:44.465,,,,,,,,,,,,,,,13.0157733333333,77.5656816666667
2025-10-17 00:04:44.465,,,,13.72,,,,,,,,,,,13.0157733333333,77.5656816666667
2025-10-17 00:04:44.465,,,,,,,,,16.464,,,,,,13.0157733333333,77.5656816666667
2025-10-17 00:04:44.545,,,,,,,,,,,,,,,13.0157733333333,77.5656816666667
2025-10-17 00:04:44.545,,,,,,,,,,,,,,,13.0157733333333,77.5656816666667
2025-10-17 00:04:44.545,,,,,,,,,,,,,,,13.0157733333333,77.5656816666667
2025-10-17 00:04:44.545,,,,,,,,,,,,,,,13.0157733333333,77.5656816666667
2025-10-17 00:04:44.545,,,,,,,,,,,,,,,13.0157733333333,77.5656816666667
2025-10-17 00:04:44.619,798.0,,,,,,,,,,,,,,13.0157733333333,77.5656816666667
2025-10-17 00:04:44.619,,,,,,,,,,,,,,,13.0157733333333,77.5656816666667
2025-10-17 00:04:44.850,802.0,,,,,,,,,,,,,,13.0157733333333,77.5656816666667
2025-10-17 00:04:44.850,,,,,,,,,,,,,,,13.0157733333333,77.5656816666667
2025-10-17 00:04:44.914,,,,,,,,,,,,,,,13.0157733333333,77.56568
2025-10-17 00:04:44.914,,,,,,,,,,,,,,,13.0157733333333,77.56568
2025-10-17 00:04:44.914,,,,,,,,,,,,,,,13.0157733333333,77.56568
2025-10-17 00:04:44.914,,,,,,,,,,,,,,,13.0157733333333,77.56568
2025-10-17 00:04:44.914,,,,,,,,,,,,,,,13.0157733333333,77.56568
2025-10-17 00:04:44.999,,,,,,79.0,,,,,,,,,13.0157733333333,77.56568
2025-10-17 00:04:45.051,798.0,,,,,,,,,,,,,,13.0157733333333,77.56568
2025-10-17 00:04:45.051,,,,,,,,,,,,,,,13.0157733333333,77.56568
2025-10-17 00:04:45.098,,,,,,,,,,,,,,,13.0157733333333,77.56568
2025-10-17 00:04:45.098,,,,,,,,,,,,,,,13.0157733333333,77.56568
2025-10-17 00:04:45.098,,,,,,,,,,,,,,,13.0157733333333,77.56568
2025-10-17 00:04:45.098,,,,,,,,,,,,,,,13.0157733333333,77.56568
2025-10-17 00:04:45.098,,,,,,,,,,,,,,,13.0157733333333,77.56568
2025-10-17 00:04:45.144,798.0,,,,,,,,,,,,,,13.0157733333333,77.56568
2025-10-17 00:04:45.144,,,,,,,,,,,,,,,13.0157733333333,77.56568
2025-10-17 00:04:45.191,,,,,,,,,,,,,,,13.0157733333333,77.56568
2025-10-17 00:04:45.191,,,,,,,,,,,,,,,13.0157733333333,77.56568
2025-10-17 00:04:45.191,,,,,,,,,,,,,,,13.0157733333333,77.56568
2025-10-17 00:04:45.191,,,,,,,,,,,,,,,13.0157733333333,77.56568
2025-10-17 00:04:45.191,,,,,,,,,,,,,,,13.0157733333333,77.56568
2025-10-17 00:04:45.251,,,,,,79.0,,,,,,,,,13.0157733333333,77.56568
2025-10-17 00:04:45.298,799.0,,,,,,,,,,,,,,13.0157733333333,77.56568
2025-10-17 00:04:45.298,,,,,,,,,,,,,,,13.0157733333333,77.56568
2025-10-17 00:04:45.345,,,,,,,,,,,,,,,13.0157733333333,77.56568
2025-10-17 00:04:45.345,,,,,,,,,,,,,,,13.0157733333333,77.56568
2025-10-17 00:04:45.345,,,,,,,,,,,,,,,13.0157733333333,77.56568
2025-10-17 00:04:45.345,,,,,,,,,,,,,,,13.0157733333333,77.56568
2025-10-17 00:04:45.345,,,,,,,,,,,,,,,13.0157733333333,77.56568
2025-10-17 00:04:45.392,799.0,,,,,,,,,,,,,,13.0157733333333,77.56568
2025-10-17 00:04:45.392,,,,,,,,,,,,,,,13.0157733333333,77.56568
2025-10-17 00:04:45.449,,,,,,,,,,,,,,,13.0157733333333,77.56568
2025-10-17 00:04:45.449,,,,,,,,,,,,,,,13.0157733333333,77.56568
2025-10-17 00:04:45.449,,,,,,,,,,,,,,,13.0157733333333,77.56568
2025-10-17 00:04:45.449,,,,,,,,,,,,,,,13.0157733333333,77.56568
2025-10-17 00:04:45.449,,,,,,,,,,,,,,,13.0157733333333,77.56568
2025-10-17 00:04:45.495,,,,,,79.0,,,,,,,,,13.0157733333333,77.56568
2025-10-17 00:04:45.570,801.0,,,,,,,,,,,,,,13.0157733333333,77.56568
2025-10-17 00:04:45.570,,,,,,,,,,,,,,,13.0157733333333,77.56568
2025-10-17 00:04:45.615,,,,,,,,,,,,,,,13.0157733333333,77.56568
2025-10-17 00:04:45.615,,,,,,,,,,,,,,,13.0157733333333,77.56568
2025-10-17 00:04:45.615,,,,,,,,,,,,,,,13.0157733333333,77.56568
2025-10-17 00:04:45.615,,,,,,,,,,,,,,,13.0157733333333,77.56568
2025-10-17 00:04:45.615,,,,,,,,,,,,,,,13.0157733333333,77.56568
2025-10-17 00:04:47.651,,,,,,,,,,,,,,,13.0157733333333,77.5656883333333
2025-10-17 00:04:53.684,,,,,,,,,,,,,,,13.0157783333333,77.565685
2025-10-17 00:04:55.452,,,,,,,,,,,,,,,13.0157766666667,77.5656783333333
2025-10-17 00:04:56.718,,,,,,,,,,,,,,,13.01578,77.5656616666667
2025-10-17 00:04:57.605,,,,,,,,,,,,,,,13.0158772,77.5656552
2025-10-17 00:05:01.714,,,,,,,,,,,,,,,13.0157833333333,77.56566
2025-10-17 00:05:03.462,,,,,,,,,,,,,,,13.01577,77.5656533333333
2025-10-17 00:05:04.710,,,,,,,,,,,,,,,13.0157583333333,77.5656483333333
2025-10-17 00:05:06.975,,,,,,,,,,,,,,,13.015765,77.5656516666667
2025-10-17 00:05:11.225,,,,,,,,,,,,,,,13.0157583333333,77.5656666666667
2025-10-17 00:05:12.984,,,,,,,,,,,,,,,13.0157833333333,77.5656733333333
2025-10-17 00:05:12.984,,,,,,,0.135269004106522,,,,,,,,13.0157833333333,77.5656733333333
2025-10-17 00:05:12.985,,,,,,,,,,,,,,,13.0157833333333,77.5656733333333
2025-10-17 00:05:14.254,,,,,,,,,,,,,,,13.0157833333333,77.5656666666667
2025-10-17 00:05:14.254,,,,,,,,,,,,,,,13.0157833333333,77.5656666666667
2025-10-17 00:05:14.254,,,,,,,0.0,,,,,,,,13.0157833333333,77.5656666666667
2025-10-17 00:05:15.524,,,,,,,,,,,,,,,13.0157866666667,77.5656733333333
2025-10-17 00:05:16.910,,,,,,,,,,,,,,,13.0157866666667,77.5656733333333
2025-10-17 00:05:16.910,,,,,,,,,,,,,,,13.0157866666667,77.5656733333333
2025-10-17 00:05:16.910,,,,,,,0.0,,,,,,,,13.0157866666667,77.5656733333333
2025-10-17 00:05:17.266,,,,,,,,,,,,,,,13.0157866666667,77.5656733333333
2025-10-17 00:05:17.266,,,,,,,0.0463249985128641,,,,,,,,13.0157866666667,77.5656733333333
2025-10-17 00:05:17.267,,,,,,,,,,,,,,,13.0157866666667,77.5656733333333
2025-10-17 00:05:17.272,,,,,,,,,,,,,,,13.015775,77.5656566666667
2025-10-17 00:05:17.273,,,,,,,,,,,,,,,13.015775,77.5656566666667
2025-10-17 00:05:17.273,,,,,,,,,,,,,,,13.015775,77.5656566666667
2025-10-17 00:05:17.273,,,,,,,,,,,,,,,13.015775,77.5656566666667
2025-10-17 00:05:17.273,,,,,,,0.0463249985128641,,,,,,,,13.015775,77.5656566666667
2025-10-17 00:05:17.273,,,,,,,0.0463249985128641,,,,,,,,13.015775,77.5656566666667
2025-10-17 00:05:17.279,,,,,,,,,,,,,,,13.015775,77.5656566666667
2025-10-17 00:05:17.279,,,,,,,0.0463249985128641,,,,,,,,13.015775,77.5656566666667
2025-10-17 00:05:17.280,,,,,,,,,,,,,,,13.015775,77.5656566666667
2025-10-17 00:05:17.417,,,,,,,,,,12.6,,,,,13.015775,77.5656566666667
2025-10-17 00:05:17.805,,,,,,,,,,,,,,,13.0159259,77.5656373
2025-10-17 00:05:17.808,,,,,,,,,,,,,,,13.0159259,77.5656373
2025-10-17 00:05:17.808,,,,,,,0.0,,,,,,,,13.0159259,77.5656373
2025-10-17 00:05:17.809,,,,,,,,,,,,,,,13.0159259,77.5656373
2025-10-17 00:05:17.809,,,,,,,,,,,,,,,13.0159259,77.5656373
2025-10-17 00:05:17.809,,,,,,,0.0,,,,,,,,13.0159259,77.5656373
2025-10-17 00:05:17.810,,,,,,,,,,,,,,,13.0159259,77.5656373
2025-10-17 00:05:17.818,,,,,,,,,,,,,,,13.0159259,77.5656373
2025-10-17 00:05:17.818,,,,,,,0.0778259977698326,,,,,,,,13.0159259,77.5656373
2025-10-17 00:05:17.819,,,,,,,,,,,,,,,13.0159259,77.5656373
2025-10-17 00:05:17.948,,,,,,,,,,,,,,,13.0159259,77.5656373
2025-10-17 00:05:17.948,,,,,,,,,,,,,,,13.0159259,77.5656373
2025-10-17 00:05:17.948,,,,,,,0.0,,,,,,,,13.0159259,77.5656373
2025-10-17 00:05:18.609,,,,,,,,,,,,,,,13.0159259,77.5656373
2025-10-17 00:05:18.609,,,,,,,0.127857001125813,,,,,,,,13.0159259,77.5656373
2025-10-17 00:05:18.610,,,,,,,,,,,,,,,13.0159259,77.5656373
2025-10-17 00:05:18.612,,,,,,,,,,,,,,,13.0159259,77.5656373
2025-10-17 00:05:18.612,,,,,,,,,,,,,,,13.0159259,77.5656373
2025-10-17 00:05:18.612,,,,,,,0.127857001125813,,,,,,,,13.0159259,77.5656373
2025-10-17 00:05:18.624,,,,,,,,,,,,,,,13.0159259,77.5656373
2025-10-17 00:05:18.624,,,,,,,,,,,,,,,13.0159259,77.5656373
2025-10-17 00:05:18.624,,,,,,,0.127857001125813,,,,,,,,13.0159259,77.5656373
2025-10-17 00:05:18.677,,,,,,,,,,,,,,,13.0159259,77.5656373
2025-10-17 00:05:18.677,,,,,,,0.0,,,,,,,,13.0159259,77.5656373
2025-10-17 00:05:18.678,,,,,,,,,,,,,,,13.0159259,77.5656373
2025-10-17 00:05:19.104,,,,,,,,,,,,,,,13.0159259,77.5656373
2025-10-17 00:05:19.104,,,,,,,0.252007994055748,,,,,,,,13.0159259,77.5656373
2025-10-17 00:05:19.105,,,,,,,,,,,,,,,13.0159259,77.5656373
2025-10-17 00:05:19.105,,,,,,,,,,,,,,,13.0159259,77.5656373
2025-10-17 00:05:19.105,,,,,,,0.252007994055748,,,,,,,,13.0159259,77.5656373
2025-10-17 00:05:19.106,,,,,,,,,,,,,,,13.0159259,77.5656373
2025-10-17 00:05:19.113,,,,,,,,,,,,,,,13.0159259,77.5656373
2025-10-17 00:05:19.113,,,,,,,,,,,,,,,13.0159259,77.5656373
2025-10-17 00:05:19.113,,,,,,,0.252007994055748,,,,,,,,13.0159259,77.5656373
2025-10-17 00:05:19.254,,,,,,,,,,,,,,,13.0159259,77.5656373
2025-10-17 00:05:19.254,,,,,,,0.0,,,,,,,,13.0159259,77.5656373
2025-10-17 00:05:19.255,,,,,,,,,,,,,,,13.0159259,77.5656373
2025-10-17 00:05:20.079,,,,,,,,,,,,,,,13.0159259,77.5656373
2025-10-17 00:05:20.079,,,,,,,,,,,,,,,13.0159259,77.5656373
2025-10-17 00:05:20.079,,,,,,,0.370599988102913,,,,,,,,13.0159259,77.5656373
2025-10-17 00:05:20.082,,,,,,,,,,,,,,,13.0157166666667,77.56565
2025-10-17 00:05:20.082,,,,,,,0.370599988102913,,,,,,,,13.0157166666667,77.56565
2025-10-17 00:05:20.083,,,,,,,,,,,,,,,13.0157166666667,77.56565
2025-10-17 00:05:20.083,,,,,,,,,,,,,,,13.0157166666667,77.56565
2025-10-17 00:05:20.083,,,,,,,0.370599988102913,,,,,,,,13.0157166666667,77.56565
2025-10-17 00:05:20.084,,,,,,,,,,,,,,,13.0157166666667,77.56565
2025-10-17 00:05:20.097,,,,,,,,,,,,,,,13.0157166666667,77.56565
2025-10-17 00:05:20.097,,,,,,,0.0,,,,,,,,13.0157166666667,77.56565
2025-10-17 00:05:20.098,,,,,,,,,,,,,,,13.0157166666667,77.56565
2025-10-17 00:05:20.100,,,,,,,,,,,,,,,13.0157166666667,77.56565
2025-10-17 00:05:20.100,,,,,,,,,,,,,,,13.0157166666667,77.56565
2025-10-17 00:05:20.100,,,,,,,,,,,,,,,13.0157166666667,77.56565
2025-10-17 00:05:20.100,,,,,,,0.370599988102913,,,,,,,,13.0157166666667,77.56565
2025-10-17 00:05:20.100,,,,,,,0.370599988102913,,,,,,,,13.0157166666667,77.56565
2025-10-17 00:05:20.101,,,,,,,,,,,,,,,13.0157166666667,77.56565
2025-10-17 00:05:20.221,,,,,,,,,,,,,,,13.0157166666667,77.56565
2025-10-17 00:05:20.221,,,,,,,,,,,,,,,13.0157166666667,77.56565
2025-10-17 00:05:20.221,,,,,,,0.0,,,,,,,,13.0157166666667,77.56565
2025-10-17 00:05:21.571,,,,,,,,,,,,,,,13.015715,77.5656483333333
2025-10-17 00:05:21.571,,,,,,,0.322421988844872,,,,,,,,13.015715,77.5656483333333
2025-10-17 00:05:21.572,,,,,,,,,,,,,,,13.015715,77.5656483333333
2025-10-17 00:05:21.572,,,,,,,,,,,,,,,13.015715,77.5656483333333
2025-10-17 00:05:21.572,,,,,,,,,,,,,,,13.015715,77.5656483333333
2025-10-17 00:05:21.572,,,,,,,0.322421988844872,,,,,,,,13.015715,77.5656483333333
2025-10-17 00:05:21.588,,,,,,,,,,,,,,,13.015715,77.5656483333333
2025-10-17 00:05:21.588,,,,,,,,,,,,,,,13.015715,77.5656483333333
2025-10-17 00:05:21.588,,,,,,,0.0,,,,,,,,13.015715,77.5656483333333
2025-10-17 00:05:21.595,,,,,,,,,,,,,,,13.015715,77.5656483333333
2025-10-17 00:05:21.595,,,,,,,,,,,,,,,13.015715,77.5656483333333
2025-10-17 00:05:21.595,,,,,,,0.322421988844872,,,,,,,,13.015715,77.5656483333333
2025-10-17 00:05:21.710,,,,,,,,,,,,,,,13.015715,77.5656483333333
2025-10-17 00:05:21.710,,,,,,,0.0,,,,,,,,13.015715,77.5656483333333
2025-10-17 00:05:21.711,,,,,,,,,,,,,,,13.015715,77.5656483333333
2025-10-17 00:05:22.583,,,,,,,,,,,,,,,13.015715,77.56565
2025-10-17 00:05:22.583,,,,,,,0.252007994055748,,,,,,,,13.015715,77.56565
2025-10-17 00:05:22.584,,,,,,,,,,,,,,,13.015715,77.56565
2025-10-17 00:05:22.586,,,,,,,,,,,,,,,13.015715,77.56565
2025-10-17 00:05:22.586,,,,,,,,,,,,,,,13.015715,77.56565
2025-10-17 00:05:22.586,,,,,,,0.252007994055748,,,,,,,,13.015715,77.56565
2025-10-17 00:05:22.596,,,,,,,,,,,,,,,13.015715,77.56565
2025-10-17 00:05:22.596,,,,,,,,,,,,,,,13.015715,77.56565
2025-10-17 00:05:22.596,,,,,,,0.0,,,,,,,,13.015715,77.56565
2025-10-17 00:05:22.605,,,,,,,,,,,,,,,13.015715,77.56565
2025-10-17 00:05:22.605,,,,,,,,,,,,,,,13.015715,77.56565
2025-10-17 00:05:22.605,,,,,,,0.252007994055748,,,,,,,,13.015715,77.56565
2025-10-17 00:05:22.729,,,,,,,,,,,,,,,13.015715,77.56565
2025-10-17 00:05:22.729,,,,,,,,,,,,,,,13.015715,77.56565
2025-10-17 00:05:22.729,,,,,,,0.0,,,,,,,,13.015715,77.56565
2025-10-17 00:05:23.581,,,,,,,,,,,,,,,13.01572,77.56565
2025-10-17 00:05:23.581,,,,,,,,,,,,,,,13.01572,77.56565
2025-10-17 00:05:23.581,,,,,,,0.179740995168686,,,,,,,,13.01572,77.56565
2025-10-17 00:05:24.850,,,,,,,,,,,,,,,13.0157216666667,77.56565
2025-10-17 00:05:24.850,,,,,,,0.0,,,,,,,,13.0157216666667,77.56565
2025-10-17 00:05:24.851,,,,,,,,,,,,,,,13.0157216666667,77.56565
2025-10-17 00:05:29.081,,,,,,,,,,,,,,,13.0157216666667,77.56565
2025-10-17 00:05:30.332,,,,,,,,,,,,,,,13.0157216666667,77.56565
2025-10-17 00:05:32.853,,,,,,,,,,,,,,,13.015725,77.5656483333333
2025-10-17 00:05:35.335,,,,,,,,,,,,,,,13.015725,77.5656466666667
2025-10-17 00:05:36.585,,,,,,,,,,,,,,,13.01573,77.5656466666667
2025-10-17 00:05:39.002,,,,,,,,,,,,,,,13.0157088,77.5656117
2025-10-17 00:05:44.238,,,,,,,,,,,,,,,13.0157366666667,77.565645
2025-10-17 00:05:46.017,,,,,,,,,,,,,,,13.01574,77.5656483333333
2025-10-17 00:05:50.026,,,,,,,,,,,,,,,13.0157433333333,77.5656466666667
2025-10-17 00:05:53.514,,,,,,,,,,,,,,,13.0157483333333,77.5656483333333
