timestamp,Altitude (GPS),Average speed,Average speed (GPS),Barometric pressure,Calculated boost,Calculated engine load value,Calculated instant fuel rate,Distance traveled with MIL on,Distance travelled,Distance travelled (total),Engine RPM,Engine RPM x1000,Engine coolant temperature,Fuel rail press.,Fuel used,Fuel used (total),Fuel used price,Fuel used price (total),Instant engine power (based on fuel consumption),Intake air temperature,Intake manifold absolute pressure,MAF air flow rate,OBD Module Voltage,Power from MAF,Speed (GPS),Vehicle acceleration,Vehicle speed,LATITUDE,LONGITUDE
2025-10-17 00:00:00.000,,,0.0,,,,,,,,,,,,,,,,,,,,,,,,,13.0157822,77.5656214
2025-10-17 00:00:00.000,,,,,,,,,,,,,,,,,,,,,,,,,0.0,,,13.0157822,77.5656214
2025-10-17 00:00:00.008,874.299987792969,,,,,,,,,,,,,,,,,,,,,,,,,,,13.0157822,77.5656214
2025-10-17 00:00:00.009,874.299987792969,,,,,,,,,,,,,,,,,,,,,,,,,,,13.0157822,77.5656214
2025-10-17 00:00:00.013,874.299987792969,,,,,,,,,,,,,,,,,,,,,,,,,,,13.0157822,77.5656214
2025-10-17 00:00:00.013,,,0.0,,,,,,,,,,,,,,,,,,,,,,,,,13.0157822,77.5656214
2025-10-17 00:00:00.013,,,,,,,,,,,,,,,,,,,,,,,,,0.0,,,13.0157822,77.5656214
2025-10-17 00:00:00.014,874.299987792969,,,,,,,,,,,,,,,,,,,,,,,,,,,13.0157822,77.5656214
2025-10-17 00:00:00.014,,,0.0,,,,,,,,,,,,,,,,,,,,,,,,,13.0157822,77.5656214
2025-10-17 00:00:00.014,,,,,,,,,,,,,,,,,,,,,,,,,0.0,,,13.0157822,77.5656214
2025-10-17 00:00:04.772,,,0.0,,,,,,,,,,,,,,,,,,,,,,,,,13.0157822,77.5656214
2025-10-17 00:00:04.772,,,,,,,,,,,,,,,,,,,,,,,,,0.0,,,13.0157822,77.5656214
2025-10-17 00:00:04.773,872.0,,,,,,,,,,,,,,,,,,,,,,,,,,,13.0157822,77.5656214
2025-10-17 00:00:04.773,872.0,,,,,,,,,,,,,,,,,,,,,,,,,,,13.0157822,77.5656214
2025-10-17 00:00:04.773,,,0.0,,,,,,,,,,,,,,,,,,,,,,,,,13.0157822,77.5656214
2025-10-17 00:00:04.773,,,,,,,,,,,,,,,,,,,,,,,,,0.0,,,13.0157822,77.5656214
2025-10-17 00:00:04.827,874.299987792969,,,,,,,,,,,,,,,,,,,,,,,,,,,13.0157822,77.5656214
2025-10-17 00:00:04.827,,,0.0,,,,,,,,,,,,,,,,,,,,,,,,,13.0157822,77.5656214
2025-10-17 00:00:04.827,,,,,,,,,,,,,,,,,,,,,,,,,0.0,,,13.0157822,77.5656214
2025-10-17 00:00:05.247,873.700012207031,,,,,,,,,,,,,,,,,,,,,,,,,,,13.0159218,77.5656546
2025-10-17 00:00:05.248,873.700012207031,,,,,,,,,,,,,,,,,,,,,,,,,,,13.0159218,77.5656546
2025-10-17 00:00:05.248,873.700012207031,,,,,,,,,,,,,,,,,,,,,,,,,,,13.0159218,77.5656546
2025-10-17 00:00:05.248,,,0.0,,,,,,,,,,,,,,,,,,,,,,,,,13.0159218,77.5656546
2025-10-17 00:00:05.248,,,0.0,,,,,,,,,,,,,,,,,,,,,,,,,13.0159218,77.5656546
2025-10-17 00:00:05.248,,,,,,,,,,,,,,,,,,,,,,,,,0.0,,,13.0159218,77.5656546
2025-10-17 00:00:05.248,,,,,,,,,,,,,,,,,,,,,,,,,0.0,,,13.0159218,77.5656546
2025-10-17 00:00:10.107,863.0,,,,,,,,,,,,,,,,,,,,,,,,,,,13.0158133333333,77.5656683333333
2025-10-17 00:00:11.421,,,0.0,,,,,,,,,,,,,,,,,,,,,,,,,13.0158133333333,77.5656683333333
2025-10-17 00:00:11.421,,,,,,,,,,,,,,,,,,,,,,,,,0.0,,,13.0158133333333,77.5656683333333
2025-10-17 00:00:11.422,873.700012207031,,,,,,,,,,,,,,,,,,,,,,,,,,,13.0158133333333,77.5656683333333
2025-10-17 00:00:11.425,874.299987792969,,,,,,,,,,,,,,,,,,,,,,,,,,,13.0158133333333,77.5656683333333
2025-10-17 00:00:11.425,874.299987792969,,,,,,,,,,,,,,,,,,,,,,,,,,,13.0158133333333,77.5656683333333
2025-10-17 00:00:11.425,,,0.0,,,,,,,,,,,,,,,,,,,,,,,,,13.0158133333333,77.5656683333333
2025-10-17 00:00:11.425,,,0.0,,,,,,,,,,,,,,,,,,,,,,,,,13.0158133333333,77.5656683333333
2025-10-17 00:00:11.425,,,,,,,,,,,,,,,,,,,,,,,,,0.0,,,13.0158133333333,77.5656683333333
2025-10-17 00:00:11.425,,,,,,,,,,,,,,,,,,,,,,,,,0.0,,,13.0158133333333,77.5656683333333
2025-10-17 00:00:11.427,874.299987792969,,,,,,,,,,,,,,,,,,,,,,,,,,,13.0158133333333,77.5656683333333
2025-10-17 00:00:11.427,,,0.0,,,,,,,,,,,,,,,,,,,,,,,,,13.0158133333333,77.5656683333333
2025-10-17 00:00:11.427,,,,,,,,,,,,,,,,,,,,,,,,,0.0,,,13.0158133333333,77.5656683333333
2025-10-17 00:00:11.432,874.299987792969,,,,,,,,,,,,,,,,,,,,,,,,,,,13.0158133333333,77.5656683333333
2025-10-17 00:00:11.432,,,0.0,,,,,,,,,,,,,,,,,,,,,,,,,13.0158133333333,77.5656683333333
2025-10-17 00:00:11.432,,,,,,,,,,,,,,,,,,,,,,,,,0.0,,,13.0158133333333,77.5656683333333
2025-10-17 00:00:11.433,874.299987792969,,,,,,,,,,,,,,,,,,,,,,,,,,,13.0157696,77.5656189
2025-10-17 00:00:11.997,,,,,,,,,,,,,,,,,,,,,,,14.0,,,,,13.0157696,77.5656189
2025-10-17 00:00:12.155,,,,,,36.078431372549,,,,,,,,,,,,,,,,,,,,,,13.0157696,77.5656189
2025-10-17 00:00:12.253,,,,,,,,,,,,,74.0,,,,,,,,,,,,,,,13.0157696,77.5656189
2025-10-17 00:00:12.325,,,,,-0.917363692895667,,,,,,,,,,,,,,,,,,,,,,,13.0157696,77.5656189
2025-10-17 00:00:12.325,,,,,,,,,,,,,,,,,,,,,13.778585110665,,,,,,,13.0157696,77.5656189
2025-10-17 00:00:12.418,,,,,,,,,,,824.0,,,,,,,,,,,,,,,,,13.0157696,77.5656189
2025-10-17 00:00:12.418,,,,,,,,,,,,0.8,,,,,,,,,,,,,,,,13.0157696,77.5656189
2025-10-17 00:00:12.511,,,,,,,,,,,,,,,,,,,,,,,,,,,0.0,13.0157696,77.5656189
2025-10-17 00:00:12.646,,,,,,,,,,,,,,,,,,,,40.0,,,,,,,,13.0157696,77.5656189
2025-10-17 00:00:12.717,,,,,,,,,,,,,,,,,,,,,,,14.1,,,,,13.0157696,77.5656189
2025-10-17 00:00:12.877,,,,,,35.2941176470588,,,,,,,,,,,,,,,,,,,,,,13.0157696,77.5656189
2025-10-17 00:00:12.963,,,,,,,,,,,,,74.0,,,,,,,,,,,,,,,13.0157696,77.5656189
2025-10-17 00:00:13.030,,,,,,,,,,,,,,,,,,,,,,,13.9,,,,,13.0157696,77.5656189
2025-10-17 00:00:13.208,,,,,,35.2941176470588,,,,,,,,,,,,,,,,,,,,,,13.0157696,77.5656189
2025-10-17 00:00:13.260,,,,,,,,,,,,,,,,,,,,,,,14.0,,,,,13.0157696,77.5656189
2025-10-17 00:00:13.394,,,,,,34.9019607843137,,,,,,,,,,,,,,,,,,,,,,13.0157696,77.5656189
2025-10-17 00:00:13.486,,,,,,,,,,,,,74.0,,,,,,,,,,,,,,,13.0157696,77.5656189
2025-10-17 00:00:13.539,,,,,,,,,,,,,,,,,,,,,,,14.1,,,,,13.0157696,77.5656189
2025-10-17 00:00:13.654,,,,,,35.2941176470588,,,,,,,,,,,,,,,,,,,,,,13.0157696,77.5656189
2025-10-17 00:00:13.716,,,,,,,,,,,,,,,,,,,,,,,14.0,,,,,13.0157696,77.5656189
2025-10-17 00:00:13.828,,,,,,35.2941176470588,,,,,,,,,,,,,,,,,,,,,,13.0157696,77.5656189
2025-10-17 00:00:13.878,,,,,,,,,,,,,75.0,,,,,,,,,,,,,,,13.0157696,77.5656189
2025-10-17 00:00:13.932,,,,,,,,,,,,,,,,,,,,,,,14.1,,,,,13.0157696,77.5656189
2025-10-17 00:00:14.040,,,,,,35.6862745098039,,,,,,,,,,,,,,,,,,,,,,13.0157696,77.5656189
2025-10-17 00:00:14.114,,,,,,,,,,,,,,,,,,,,,,,13.9,,,,,13.0157696,77.5656189
2025-10-17 00:00:14.239,,,,,,35.2941176470588,,,,,,,,,,,,,,,,,,,,,,13.0157696,77.5656189
2025-10-17 00:00:14.287,,,,,,,,,,,,,74.0,,,,,,,,,,,,,,,13.0157696,77.5656189
2025-10-17 00:00:14.346,,,,,,,,,,,,,,,,,,,,,,,14.1,,,,,13.0157696,77.5656189
2025-10-17 00:00:14.382,,,0.0,,,,,,,,,,,,,,,,,,,,,,,,,13.0157696,77.5656189
2025-10-17 00:00:14.382,,,,,,,,,,,,,,,,,,,,,,,,,0.0,,,13.0157696,77.5656189
2025-10-17 00:00:14.386,832.8,,,,,,,,,,,,,,,,,,,,,,,,,,,13.0157696,77.5656189
2025-10-17 00:00:14.387,832.8,,,,,,,,,,,,,,,,,,,,,,,,,,,13.0157696,77.5656189
2025-10-17 00:00:14.387,,,0.0,,,,,,,,,,,,,,,,,,,,,,,,,13.0157696,77.5656189
2025-10-17 00:00:14.387,,,,,,,,,,,,,,,,,,,,,,,,,0.0,,,13.0157696,77.5656189
2025-10-17 00:00:14.393,874.299987792969,,,,,,,,,,,,,,,,,,,,,,,,,,,13.0157696,77.5656189
2025-10-17 00:00:14.393,,,0.0,,,,,,,,,,,,,,,,,,,,,,,,,13.0157696,77.5656189
2025-10-17 00:00:14.393,,,,,,,,,,,,,,,,,,,,,,,,,0.0,,,13.0157696,77.5656189
2025-10-17 00:00:14.414,874.299987792969,,,,,,,,,,,,,,,,,,,,,,,,,,,13.0157696,77.5656189
2025-10-17 00:00:14.414,,,0.0,,,,,,,,,,,,,,,,,,,,,,,,,13.0157696,77.5656189
2025-10-17 00:00:14.414,,,,,,,,,,,,,,,,,,,,,,,,,0.0,,,13.0157696,77.5656189
2025-10-17 00:00:14.442,,,,,,35.2941176470588,,,,,,,,,,,,,,,,,,,,,,13.0157696,77.5656189
2025-10-17 00:00:14.496,,,,,,,,,,,,,,,,,,,,,,,14.0,,,,,13.0157696,77.5656189
2025-10-17 00:00:14.600,,,,,,35.2941176470588,,,,,,,,,,,,,,,,,,,,,,13.0157696,77.5656189
2025-10-17 00:00:14.649,,,,,,,,,,,,,75.0,,,,,,,,,,,,,,,13.0157696,77.5656189
2025-10-17 00:00:14.701,,,,,,,,,,,,,,,,,,,,,,,14.0,,,,,13.0157696,77.5656189
2025-10-17 00:00:14.830,,,,,,35.6862745098039,,,,,,,,,,,,,,,,,,,,,,13.0157696,77.5656189
2025-10-17 00:00:14.890,,,,,,,,,,,,,,,,,,,,,,,14.0,,,,,13.0157696,77.5656189
2025-10-17 00:00:14.990,,,,,,35.2941176470588,,,,,,,,,,,,,,,,,,,,,,13.0157696,77.5656189
2025-10-17 00:00:15.040,,,,,,,,,,,,,75.0,,,,,,,,,,,,,,,13.0157696,77.5656189
2025-10-17 00:00:15.111,,,,,,,,,,,,,,,,,,,,,,,14.1,,,,,13.0157696,77.5656189
2025-10-17 00:00:15.212,,,,,,35.2941176470588,,,,,,,,,,,,,,,,,,,,,,13.0157696,77.5656189
2025-10-17 00:00:15.264,,,,,,,,,,,,,,,,,,,,,,,13.9,,,,,13.0157696,77.5656189
2025-10-17 00:00:15.349,,,0.0,,,,,,,,,,,,,,,,,,,,,,,,,13.0157696,77.5656189
2025-10-17 00:00:15.349,,,,,,,,,,,,,,,,,,,,,,,,,0.0,,,13.0157696,77.5656189
2025-10-17 00:00:15.350,839.6,,,,,,,,,,,,,,,,,,,,,,,,,,,13.0157696,77.5656189
2025-10-17 00:00:15.353,839.6,,,,,,,,,,,,,,,,,,,,,,,,,,,13.0157516666667,77.565675
2025-10-17 00:00:15.354,839.6,,,,,,,,,,,,,,,,,,,,,,,,,,,13.0157516666667,77.565675
2025-10-17 00:00:15.354,,,0.0,,,,,,,,,,,,,,,,,,,,,,,,,13.0157516666667,77.565675
2025-10-17 00:00:15.354,,,,,,,,,,,,,,,,,,,,,,,,,0.0,,,13.0157516666667,77.565675
2025-10-17 00:00:15.360,,,,,,35.2941176470588,,,,,,,,,,,,,,,,,,,,,,13.0157516666667,77.565675
2025-10-17 00:00:15.365,874.299987792969,,,,,,,,,,,,,,,,,,,,,,,,,,,13.0157516666667,77.565675
2025-10-17 00:00:15.365,,,0.0,,,,,,,,,,,,,,,,,,,,,,,,,13.0157516666667,77.565675
2025-10-17 00:00:15.365,,,,,,,,,,,,,,,,,,,,,,,,,0.0,,,13.0157516666667,77.565675
2025-10-17 00:00:15.366,,,0.0,,,,,,,,,,,,,,,,,,,,,,,,,13.0157516666667,77.565675
2025-10-17 00:00:15.366,,,,,,,,,,,,,,,,,,,,,,,,,0.0,,,13.0157516666667,77.565675
2025-10-17 00:00:15.367,874.299987792969,,,,,,,,,,,,,,,,,,,,,,,,,,,13.0157516666667,77.565675
2025-10-17 00:00:15.367,874.299987792969,,,,,,,,,,,,,,,,,,,,,,,,,,,13.0157516666667,77.565675
2025-10-17 00:00:15.367,,,0.0,,,,,,,,,,,,,,,,,,,,,,,,,13.0157516666667,77.565675
2025-10-17 00:00:15.367,,,,,,,,,,,,,,,,,,,,,,,,,0.0,,,13.0157516666667,77.565675
2025-10-17 00:00:15.421,,,,,,,,,,,,,75.0,,,,,,,,,,,,,,,13.0157516666667,77.565675
2025-10-17 00:00:15.477,,,,,,,,,,,,,,,,,,,,,,,14.0,,,,,13.0157516666667,77.565675
2025-10-17 00:00:15.518,874.299987792969,,,,,,,,,,,,,,,,,,,,,,,,,,,13.0157516666667,77.565675
2025-10-17 00:00:15.518,,,0.0,,,,,,,,,,,,,,,,,,,,,,,,,13.0157516666667,77.565675
2025-10-17 00:00:15.518,,,,,,,,,,,,,,,,,,,,,,,,,0.0,,,13.0157516666667,77.565675
2025-10-17 00:00:15.640,,,,,,35.2941176470588,,,,,,,,,,,,,,,,,,,,,,13.0157516666667,77.565675
2025-10-17 00:00:15.713,,,,,,,,,,,,,,,,,,,,,,,14.0,,,,,13.0157516666667,77.565675
2025-10-17 00:00:15.855,,,,,,35.2941176470588,,,,,,,,,,,,,,,,,,,,,,13.0157516666667,77.565675
2025-10-17 00:00:15.905,,,,,,,,,,,,,75.0,,,,,,,,,,,,,,,13.0157516666667,77.565675
2025-10-17 00:00:15.956,,,,,,,,,,,,,,,,,,,,,,,13.9,,,,,13.0157516666667,77.565675
2025-10-17 00:00:16.057,,,,,,34.9019607843137,,,,,,,,,,,,,,,,,,,,,,13.0157516666667,77.565675
2025-10-17 00:00:16.114,,,,,,,,,,,,,,,,,,,,,,,14.1,,,,,13.0157516666667,77.565675
2025-10-17 00:00:16.203,,,,,,35.2941176470588,,,,,,,,,,,,,,,,,,,,,,13.0157516666667,77.565675
2025-10-17 00:00:16.254,,,,,,,,,,,,,75.0,,,,,,,,,,,,,,,13.0157516666667,77.565675
2025-10-17 00:00:16.319,,,,,,,,,,,,,,,,,,,,,,,14.0,,,,,13.0157516666667,77.565675
2025-10-17 00:00:16.443,,,,,,34.9019607843137,,,,,,,,,,,,,,,,,,,,,,13.0157516666667,77.565675
2025-10-17 00:00:16.518,,,,,,,,,,,,,,,,,,,,,,,14.1,,,,,13.0157516666667,77.565675
2025-10-17 00:00:16.589,844.5,,,,,,,,,,,,,,,,,,,,,,,,,,,13.015715,77.5657133333333
2025-10-17 00:00:16.590,844.5,,,,,,,,,,,,,,,,,,,,,,,,,,,13.015715,77.5657133333333
2025-10-17 00:00:16.590,,,0.0,,,,,,,,,,,,,,,,,,,,,,,,,13.015715,77.5657133333333
2025-10-17 00:00:16.590,,,0.0,,,,,,,,,,,,,,,,,,,,,,,,,13.015715,77.5657133333333
2025-10-17 00:00:16.590,,,,,,,,,,,,,,,,,,,,,,,,,0.0,,,13.015715,77.5657133333333
2025-10-17 00:00:16.590,,,,,,,,,,,,,,,,,,,,,,,,,0.0,,,13.015715,77.5657133333333
2025-10-17 00:00:16.591,844.5,,,,,,,,,,,,,,,,,,,,,,,,,,,13.015715,77.5657133333333
2025-10-17 00:00:16.595,874.299987792969,,,,,,,,,,,,,,,,,,,,,,,,,,,13.015715,77.5657133333333
2025-10-17 00:00:16.595,,,0.0,,,,,,,,,,,,,,,,,,,,,,,,,13.015715,77.5657133333333
2025-10-17 00:00:16.595,,,,,,,,,,,,,,,,,,,,,,,,,0.0,,,13.015715,77.5657133333333
2025-10-17 00:00:16.596,874.299987792969,,,,,,,,,,,,,,,,,,,,,,,,,,,13.015715,77.5657133333333
2025-10-17 00:00:16.596,,,0.0,,,,,,,,,,,,,,,,,,,,,,,,,13.015715,77.5657133333333
2025-10-17 00:00:16.596,,,,,,,,,,,,,,,,,,,,,,,,,0.0,,,13.015715,77.5657133333333
2025-10-17 00:00:16.600,873.700012207031,,,,,,,,,,,,,,,,,,,,,,,,,,,13.015715,77.5657133333333
2025-10-17 00:00:16.600,,,0.0,,,,,,,,,,,,,,,,,,,,,,,,,13.015715,77.5657133333333
2025-10-17 00:00:16.600,,,,,,,,,,,,,,,,,,,,,,,,,0.0,,,13.015715,77.5657133333333
2025-10-17 00:00:16.603,873.700012207031,,,,,,,,,,,,,,,,,,,,,,,,,,,13.015715,77.5657133333333
2025-10-17 00:00:16.603,,,0.0,,,,,,,,,,,,,,,,,,,,,,,,,13.015715,77.5657133333333
2025-10-17 00:00:16.603,,,,,,,,,,,,,,,,,,,,,,,,,0.0,,,13.015715,77.5657133333333
2025-10-17 00:00:16.604,873.700012207031,,,,,,,,,,,,,,,,,,,,,,,,,,,13.015715,77.5657133333333
2025-10-17 00:00:16.604,,,0.0,,,,,,,,,,,,,,,,,,,,,,,,,13.015715,77.5657133333333
2025-10-17 00:00:16.604,,,,,,,,,,,,,,,,,,,,,,,,,0.0,,,13.015715,77.5657133333333
2025-10-17 00:00:16.633,,,,,,34.9019607843137,,,,,,,,,,,,,,,,,,,,,,13.015715,77.5657133333333
2025-10-17 00:00:16.685,,,,,,,,,,,,,75.0,,,,,,,,,,,,,,,13.015715,77.5657133333333
2025-10-17 00:00:16.727,,,,,,,,,,,,,,,,,,,,,,,14.0,,,,,13.015715,77.5657133333333
2025-10-17 00:00:16.765,873.700012207031,,,,,,,,,,,,,,,,,,,,,,,,,,,13.0158698,77.5656633
2025-10-17 00:00:16.836,,,,,,34.9019607843137,,,,,,,,,,,,,,,,,,,,,,13.0158698,77.5656633
2025-10-17 00:00:16.895,,,,,,,,,,,,,,,,,,,,,,,14.0,,,,,13.0158698,77.5656633
2025-10-17 00:00:16.997,,,,,,35.6862745098039,,,,,,,,,,,,,,,,,,,,,,13.0158698,77.5656633
2025-10-17 00:00:17.044,,,,,,,,,,,,,75.0,,,,,,,,,,,,,,,13.0158698,77.5656633
2025-10-17 00:00:17.097,,,,,,,,,,,,,,,,,,,,,,,14.0,,,,,13.0158698,77.5656633
2025-10-17 00:00:17.192,,,,,,35.2941176470588,,,,,,,,,,,,,,,,,,,,,,13.0158698,77.5656633
2025-10-17 00:00:17.329,,,,,,,,,,,,,,,,,,,,,,,14.1,,,,,13.0158698,77.5656633
2025-10-17 00:00:17.423,,,,,,34.9019607843137,,,,,,,,,,,,,,,,,,,,,,13.0158698,77.5656633
2025-10-17 00:00:17.475,,,,,,,,,,,,,75.0,,,,,,,,,,,,,,,13.0158698,77.5656633
2025-10-17 00:00:17.527,,,,,,,,,,,,,,,,,,,,,,,14.1,,,,,13.0158698,77.5656633
2025-10-17 00:00:17.583,,,0.0,,,,,,,,,,,,,,,,,,,,,,,,,13.0158698,77.5656633
2025-10-17 00:00:17.583,,,,,,,,,,,,,,,,,,,,,,,,,0.0,,,13.0158698,77.5656633
2025-10-17 00:00:17.584,847.9,,,,,,,,,,,,,,,,,,,,,,,,,,,13.0158698,77.5656633
2025-10-17 00:00:17.625,,,,,,34.5098039215686,,,,,,,,,,,,,,,,,,,,,,13.0158698,77.5656633
2025-10-17 00:00:17.666,,,0.0,,,,,,,,,,,,,,,,,,,,,,,,,13.0158698,77.5656633
2025-10-17 00:00:17.666,,,,,,,,,,,,,,,,,,,,,,,,,0.0,,,13.0158698,77.5656633
2025-10-17 00:00:17.667,873.700012207031,,,,,,,,,,,,,,,,,,,,,,,,,,,13.0158698,77.5656633
2025-10-17 00:00:17.682,,,,,,,,,,,,,,,,,,,,,,,14.1,,,,,13.0158698,77.5656633
2025-10-17 00:00:17.798,,,,,,34.9019607843137,,,,,,,,,,,,,,,,,,,,,,13.0158698,77.5656633
2025-10-17 00:00:17.847,,,,,,,,,,,,,75.0,,,,,,,,,,,,,,,13.0158698,77.5656633
2025-10-17 00:00:17.899,,,,,,,,,,,,,,,,,,,,,,,14.1,,,,,13.0158698,77.5656633
2025-10-17 00:00:17.999,,,,,,34.9019607843137,,,,,,,,,,,,,,,,,,,,,,13.0158698,77.5656633
2025-10-17 00:00:18.070,,,,,,,,,,,,,,,,,,,,,,,14.0,,,,,13.0158698,77.5656633
2025-10-17 00:00:18.178,,,,,,34.5098039215686,,,,,,,,,,,,,,,,,,,,,,13.0158698,77.5656633
2025-10-17 00:00:18.238,,,,,,,,,,,,,75.0,,,,,,,,,,,,,,,13.0158698,77.5656633
2025-10-17 00:00:18.288,,,,,,,,,,,,,,,,,,,,,,,14.0,,,,,13.0158698,77.5656633
2025-10-17 00:00:18.423,,,,,,34.9019607843137,,,,,,,,,,,,,,,,,,,,,,13.0158698,77.5656633
2025-10-17 00:00:18.511,,,,,,,,,,,,,,,,,,,,,,,14.1,,,,,13.0158698,77.5656633
2025-10-17 00:00:18.583,,,0.0,,,,,,,,,,,,,,,,,,,,,,,,,13.0158698,77.5656633
2025-10-17 00:00:18.583,,,,,,,,,,,,,,,,,,,,,,,,,0.0,,,13.0158698,77.5656633
2025-10-17 00:00:18.584,849.7,,,,,,,,,,,,,,,,,,,,,,,,,,,13.0158698,77.5656633
2025-10-17 00:00:18.637,,,,,,34.9019607843137,,,,,,,,,,,,,,,,,,,,,,13.0158698,77.5656633
2025-10-17 00:00:18.689,,,,,,,,,,,,,75.0,,,,,,,,,,,,,,,13.0158698,77.5656633
2025-10-17 00:00:18.694,873.700012207031,,,,,,,,,,,,,,,,,,,,,,,,,,,13.0158698,77.5656633
2025-10-17 00:00:18.694,,,0.0,,,,,,,,,,,,,,,,,,,,,,,,,13.0158698,77.5656633
2025-10-17 00:00:18.694,,,,,,,,,,,,,,,,,,,,,,,,,0.0,,,13.0158698,77.5656633
2025-10-17 00:00:18.737,,,,,,,,,,,,,,,,,,,,,,,14.0,,,,,13.0158698,77.5656633
2025-10-17 00:00:18.840,,,,,,34.9019607843137,,,,,,,,,,,,,,,,,,,,,,13.0158698,77.5656633
2025-10-17 00:00:18.900,,,,,,,,,,,,,,,,,,,,,,,14.0,,,,,13.0158698,77.5656633
2025-10-17 00:00:18.999,,,,,,34.9019607843137,,,,,,,,,,,,,,,,,,,,,,13.0158698,77.5656633
2025-10-17 00:00:19.048,,,,,,,,,,,,,75.0,,,,,,,,,,,,,,,13.0158698,77.5656633
2025-10-17 00:00:19.099,,,,,,,,,,,,,,,,,,,,,,,14.1,,,,,13.0158698,77.5656633
2025-10-17 00:00:19.196,,,,,,34.9019607843137,,,,,,,,,,,,,,,,,,,,,,13.0158698,77.5656633
2025-10-17 00:00:19.246,,,,,,,,,,,,,,,,,,,,,,,14.1,,,,,13.0158698,77.5656633
2025-10-17 00:00:19.356,,,,,,34.9019607843137,,,,,,,,,,,,,,,,,,,,,,13.0158698,77.5656633
2025-10-17 00:00:19.406,,,,,,,,,,,,,75.0,,,,,,,,,,,,,,,13.0158698,77.5656633
2025-10-17 00:00:19.471,,,,,,,,,,,,,,,,,,,,,,,14.0,,,,,13.0158698,77.5656633
2025-10-17 00:00:19.580,,,,,,34.9019607843137,,,,,,,,,,,,,,,,,,,,,,13.0158698,77.5656633
2025-10-17 00:00:19.595,851.9,,,,,,,,,,,,,,,,,,,,,,,,,,,13.0158698,77.5656633
2025-10-17 00:00:19.595,,,0.0,,,,,,,,,,,,,,,,,,,,,,,,,13.0158698,77.5656633
2025-10-17 00:00:19.595,,,,,,,,,,,,,,,,,,,,,,,,,0.0,,,13.0158698,77.5656633
2025-10-17 00:00:19.639,,,,,,,,,,,,,,,,,,,,,,,14.0,,,,,13.0158698,77.5656633
2025-10-17 00:00:19.687,,,0.0,,,,,,,,,,,,,,,,,,,,,,,,,13.0158698,77.5656633
2025-10-17 00:00:19.687,,,,,,,,,,,,,,,,,,,,,,,,,0.0,,,13.0158698,77.5656633
2025-10-17 00:00:19.688,873.700012207031,,,,,,,,,,,,,,,,,,,,,,,,,,,13.0158698,77.5656633
2025-10-17 00:00:19.729,,,,,,34.9019607843137,,,,,,,,,,,,,,,,,,,,,,13.0158698,77.5656633
2025-10-17 00:00:19.790,,,,,,,,,,,,,75.0,,,,,,,,,,,,,,,13.0158698,77.5656633
2025-10-17 00:00:19.877,,,,,,,,,,,,,,,,,,,,,,,14.1,,,,,13.0158698,77.5656633
2025-10-17 00:00:19.982,,,,,,34.9019607843137,,,,,,,,,,,,,,,,,,,,,,13.0158698,77.5656633
2025-10-17 00:00:20.075,,,,,,,,,,,,,,,,,,,,,,,14.1,,,,,13.0158698,77.5656633
2025-10-17 00:00:20.140,,,,,,34.5098039215686,,,,,,,,,,,,,,,,,,,,,,13.0158698,77.5656633
2025-10-17 00:00:20.190,,,,,,,,,,,,,75.0,,,,,,,,,,,,,,,13.0158698,77.5656633
2025-10-17 00:00:20.252,,,,,,,,,,,,,,,,,,,,,,,14.1,,,,,13.0158698,77.5656633
2025-10-17 00:00:20.352,,,,,,34.5098039215686,,,,,,,,,,,,,,,,,,,,,,13.0158698,77.5656633
2025-10-17 00:00:20.404,,,,,,,,,,,,,,,,,,,,,,,14.1,,,,,13.0158698,77.5656633
2025-10-17 00:00:20.514,,,,,,34.5098039215686,,,,,,,,,,,,,,,,,,,,,,13.0158698,77.5656633
2025-10-17 00:00:20.565,,,,,,,,,,,,,75.0,,,,,,,,,,,,,,,13.0158698,77.5656633
2025-10-17 00:00:20.580,,,0.0050466597384408,,,,,,,,,,,,,,,,,,,,,,,,,13.01571,77.565715
2025-10-17 00:00:20.580,,,,,,,,,,,,,,,,,,,,,,,,,0.131562995910645,,,13.01571,77.565715
2025-10-17 00:00:20.582,854.0,,,,,,,,,,,,,,,,,,,,,,,,,,,13.01571,77.565715
2025-10-17 00:00:20.585,,,0.0050742903131099,,,,,,,,,,,,,,,,,,,,,,,,,13.01571,77.565715
2025-10-17 00:00:20.585,,,,,,,,,,,,,,,,,,,,,,,,,0.131562995910645,,,13.01571,77.565715
2025-10-17 00:00:20.586,854.0,,,,,,,,,,,,,,,,,,,,,,,,,,,13.01571,77.565715
2025-10-17 00:00:20.598,873.700012207031,,,,,,,,,,,,,,,,,,,,,,,,,,,13.01571,77.565715
2025-10-17 00:00:20.598,,,0.005071569660735,,,,,,,,,,,,,,,,,,,,,,,,,13.01571,77.565715
2025-10-17 00:00:20.598,,,,,,,,,,,,,,,,,,,,,,,,,0.0,,,13.01571,77.565715
2025-10-17 00:00:20.614,,,,,,,,,,,,,,,,,,,,,,,14.0,,,,,13.01571,77.565715
2025-10-17 00:00:20.714,,,,,,34.9019607843137,,,,,,,,,,,,,,,,,,,,,,13.01571,77.565715
2025-10-17 00:00:20.768,,,,,,,,,,,,,,,,,,,,,,,14.1,,,,,13.01571,77.565715
2025-10-17 00:00:20.873,,,,,,34.9019607843137,,,,,,,,,,,,,,,,,,,,,,13.01571,77.565715
2025-10-17 00:00:20.924,,,,,,,,,,,,,75.0,,,,,,,,,,,,,,,13.01571,77.565715
2025-10-17 00:00:20.978,,,,,,,,,,,,,,,,,,,,,,,14.1,,,,,13.01571,77.565715
2025-10-17 00:00:21.096,,,,,,24.7058823529412,,,,,,,,,,,,,,,,,,,,,,13.01571,77.565715
2025-10-17 00:00:21.161,,,,,,,,,,,,,,,,,,,,,,,14.2,,,,,13.01571,77.565715
2025-10-17 00:00:21.301,,,,,,22.7450980392157,,,,,,,,,,,,,,,,,,,,,,13.01571,77.565715
2025-10-17 00:00:21.364,,,,,,,,,,,,,75.0,,,,,,,,,,,,,,,13.01571,77.565715
2025-10-17 00:00:21.417,,,,,,,,,,,,,,,,,,,,,,,14.2,,,,,13.01571,77.565715
2025-10-17 00:00:21.525,,,,,,20.7843137254902,,,,,,,,,,,,,,,,,,,,,,13.01571,77.565715
2025-10-17 00:00:21.579,,,,,,,,,,,,,,,,,,,,,,,14.1,,,,,13.01571,77.565715
2025-10-17 00:00:21.604,855.1,,,,,,,,,,,,,,,,,,,,,,,,,,,13.0157166666667,77.5657166666667
2025-10-17 00:00:21.604,,,0.004861533153076,,,,,,,,,,,,,,,,,,,,,,,,,13.0157166666667,77.5657166666667
2025-10-17 00:00:21.604,,,,,,,,,,,,,,,,,,,,,,,,,0.0,,,13.0157166666667,77.5657166666667
2025-10-17 00:00:21.606,855.1,,,,,,,,,,,,,,,,,,,,,,,,,,,13.0157166666667,77.5657166666667
2025-10-17 00:00:21.606,,,0.0048610972125472,,,,,,,,,,,,,,,,,,,,,,,,,13.0157166666667,77.5657166666667
2025-10-17 00:00:21.606,,,,,,,,,,,,,,,,,,,,,,,,,0.0,,,13.0157166666667,77.5657166666667
2025-10-17 00:00:21.612,873.700012207031,,,,,,,,,,,,,,,,,,,,,,,,,,,13.0157166666667,77.5657166666667
2025-10-17 00:00:21.612,,,0.0048598534413541,,,,,,,,,,,,,,,,,,,,,,,,,13.0157166666667,77.5657166666667
2025-10-17 00:00:21.612,,,,,,,,,,,,,,,,,,,,,,,,,0.0,,,13.0157166666667,77.5657166666667
2025-10-17 00:00:21.656,,,0.0048511431162872,,,,,,,,,,,,,,,,,,,,,,,,,13.0157166666667,77.5657166666667
2025-10-17 00:00:21.656,,,,,,,,,,,,,,,,,,,,,,,,,0.0,,,13.0157166666667,77.5657166666667
2025-10-17 00:00:21.657,873.700012207031,,,,,,,,,,,,,,,,,,,,,,,,,,,13.0157166666667,77.5657166666667
2025-10-17 00:00:21.666,873.700012207031,,,,,,,,,,,,,,,,,,,,,,,,,,,13.0157166666667,77.5657166666667
2025-10-17 00:00:21.666,,,0.0048491267700204,,,,,,,,,,,,,,,,,,,,,,,,,13.0157166666667,77.5657166666667
2025-10-17 00:00:21.666,,,0.0048490429661407,,,,,,,,,,,,,,,,,,,,,,,,,13.0157166666667,77.5657166666667
2025-10-17 00:00:21.666,,,,,,,,,,,,,,,,,,,,,,,,,0.0,,,13.0157166666667,77.5657166666667
2025-10-17 00:00:21.666,,,,,,,,,,,,,,,,,,,,,,,,,0.0,,,13.0157166666667,77.5657166666667
2025-10-17 00:00:21.667,873.700012207031,,,,,,,,,,,,,,,,,,,,,,,,,,,13.0157166666667,77.5657166666667
2025-10-17 00:00:21.667,,,,,,20.7843137254902,,,,,,,,,,,,,,,,,,,,,,13.0157166666667,77.5657166666667
2025-10-17 00:00:21.725,,,,,,,,,,,,,75.0,,,,,,,,,,,,,,,13.0157166666667,77.5657166666667
2025-10-17 00:00:21.742,873.700012207031,,,,,,,,,,,,,,,,,,,,,,,,,,,13.0158076,77.5656261
2025-10-17 00:00:21.779,,,,,,,,,,,,,,,,,,,,,,,14.1,,,,,13.0158076,77.5656261
2025-10-17 00:00:21.876,,,,,,20.7843137254902,,,,,,,,,,,,,,,,,,,,,,13.0158076,77.5656261
2025-10-17 00:00:21.929,,,,,,,,,,,,,,,,,,,,,,,14.1,,,,,13.0158076,77.5656261
2025-10-17 00:00:22.032,,,,,,20.7843137254902,,,,,,,,,,,,,,,,,,,,,,13.0158076,77.5656261
2025-10-17 00:00:22.086,,,,,,,,,,,,,75.0,,,,,,,,,,,,,,,13.0158076,77.5656261
2025-10-17 00:00:22.139,,,,,,,,,,,,,,,,,,,,,,,14.1,,,,,13.0158076,77.5656261
2025-10-17 00:00:22.237,,,,,,21.1764705882353,,,,,,,,,,,,,,,,,,,,,,13.0158076,77.5656261
2025-10-17 00:00:22.289,,,,,,,,,,,,,,,,,,,,,,,14.1,,,,,13.0158076,77.5656261
2025-10-17 00:00:22.405,,,,,,21.5686274509804,,,,,,,,,,,,,,,,,,,,,,13.0158076,77.5656261
2025-10-17 00:00:22.457,,,,,,,,,,,,,75.0,,,,,,,,,,,,,,,13.0158076,77.5656261
2025-10-17 00:00:22.510,,,,,,,,,,,,,,,,,,,,,,,14.1,,,,,13.0158076,77.5656261
2025-10-17 00:00:22.607,,,,,,21.1764705882353,,,,,,,,,,,,,,,,,,,,,,13.0158076,77.5656261
2025-10-17 00:00:22.646,856.3,,,,,,,,,,,,,,,,,,,,,,,,,,,13.0158076,77.5656261
2025-10-17 00:00:22.646,,,0.0046615967415017,,,,,,,,,,,,,,,,,,,,,,,,,13.0158076,77.5656261
2025-10-17 00:00:22.646,,,,,,,,,,,,,,,,,,,,,,,,,0.0,,,13.0158076,77.5656261
2025-10-17 00:00:22.648,,,0.0046611889299163,,,,,,,,,,,,,,,,,,,,,,,,,13.0158076,77.5656261
2025-10-17 00:00:22.648,,,,,,,,,,,,,,,,,,,,,,,,,0.0,,,13.0158076,77.5656261
2025-10-17 00:00:22.649,873.700012207031,,,,,,,,,,,,,,,,,,,,,,,,,,,13.0158076,77.5656261
2025-10-17 00:00:22.650,,,0.0046607685006662,,,,,,,,,,,,,,,,,,,,,,,,,13.0158076,77.5656261
2025-10-17 00:00:22.650,,,,,,,,,,,,,,,,,,,,,,,,,0.0,,,13.0158076,77.5656261
2025-10-17 00:00:22.651,873.700012207031,,,,,,,,,,,,,,,,,,,,,,,,,,,13.0158076,77.5656261
2025-10-17 00:00:22.665,,,,,,,,,,,,,,,,,,,,,,,14.1,,,,,13.0158076,77.5656261
2025-10-17 00:00:22.763,873.700012207031,,,,,,,,,,,,,,,,,,,,,,,,,,,13.0158076,77.5656261
2025-10-17 00:00:22.763,,,0.0046401655461758,,,,,,,,,,,,,,,,,,,,,,,,,13.0158076,77.5656261
2025-10-17 00:00:22.763,,,,,,,,,,,,,,,,,,,,,,,,,0.0,,,13.0158076,77.5656261
2025-10-17 00:00:22.783,,,,,,21.5686274509804,,,,,,,,,,,,,,,,,,,,,,13.0158076,77.5656261
2025-10-17 00:00:22.834,,,,,,,,,,,,,75.0,,,,,,,,,,,,,,,13.0158076,77.5656261
2025-10-17 00:00:22.901,,,,,,,,,,,,,,,,,,,,,,,14.1,,,,,13.0158076,77.5656261
2025-10-17 00:00:23.015,,,,,,21.5686274509804,,,,,,,,,,,,,,,,,,,,,,13.0158076,77.5656261
2025-10-17 00:00:23.084,,,,,,,,,,,,,,,,,,,,,,,14.1,,,,,13.0158076,77.5656261
2025-10-17 00:00:23.153,,,,,,21.9607843137255,,,,,,,,,,,,,,,,,,,,,,13.0158076,77.5656261
2025-10-17 00:00:23.205,,,,,,,,,,,,,75.0,,,,,,,,,,,,,,,13.0158076,77.5656261
2025-10-17 00:00:23.257,,,,,,,,,,,,,,,,,,,,,,,14.1,,,,,13.0158076,77.5656261
2025-10-17 00:00:23.362,,,,,,21.5686274509804,,,,,,,,,,,,,,,,,,,,,,13.0158076,77.5656261
2025-10-17 00:00:23.413,,,,,,,,,,,,,,,,,,,,,,,14.1,,,,,13.0158076,77.5656261
2025-10-17 00:00:23.512,,,,,,21.9607843137255,,,,,,,,,,,,,,,,,,,,,,13.0158076,77.5656261
2025-10-17 00:00:23.564,,,,,,,,,,,,,75.0,,,,,,,,,,,,,,,13.0158076,77.5656261
2025-10-17 00:00:23.584,857.0,,,,,,,,,,,,,,,,,,,,,,,,,,,13.0158076,77.5656261
2025-10-17 00:00:23.584,,,0.0044952297532522,,,,,,,,,,,,,,,,,,,,,,,,,13.0158076,77.5656261
2025-10-17 00:00:23.584,,,,,,,,,,,,,,,,,,,,,,,,,0.0,,,13.0158076,77.5656261
2025-10-17 00:00:23.617,,,,,,,,,,,,,,,,,,,,,,,14.1,,,,,13.0158076,77.5656261
2025-10-17 00:00:23.686,873.700012207031,,,,,,,,,,,,,,,,,,,,,,,,,,,13.0158076,77.5656261
2025-10-17 00:00:23.686,,,0.0044778529702482,,,,,,,,,,,,,,,,,,,,,,,,,13.0158076,77.5656261
2025-10-17 00:00:23.686,,,,,,,,,,,,,,,,,,,,,,,,,0.0,,,13.0158076,77.5656261
2025-10-17 00:00:23.732,,,,,,21.9607843137255,,,,,,,,,,,,,,,,,,,,,,13.0158076,77.5656261
2025-10-17 00:00:23.795,,,,,,,,,,,,,,,,,,,,,,,14.1,,,,,13.0158076,77.5656261
2025-10-17 00:00:23.937,,,,,,21.9607843137255,,,,,,,,,,,,,,,,,,,,,,13.0158076,77.5656261
2025-10-17 00:00:23.998,,,,,,,,,,,,,75.0,,,,,,,,,,,,,,,13.0158076,77.5656261
2025-10-17 00:00:24.058,,,,,,,,,,,,,,,,,,,,,,,14.1,,,,,13.0158076,77.5656261
2025-10-17 00:00:24.164,,,,,,21.9607843137255,,,,,,,,,,,,,,,,,,,,,,13.0158076,77.5656261
2025-10-17 00:00:24.216,,,,,,,,,,,,,,,,,,,,,,,14.1,,,,,13.0158076,77.5656261
2025-10-17 00:00:24.308,,,,,,22.3529411764706,,,,,,,,,,,,,,,,,,,,,,13.0158076,77.5656261
2025-10-17 00:00:24.353,,,,,,,,,,,,,75.0,,,,,,,,,,,,,,,13.0158076,77.5656261
2025-10-17 00:00:24.405,,,,,,,,,,,,,,,,,,,,,,,14.0,,,,,13.0158076,77.5656261
2025-10-17 00:00:24.493,,,,,,21.9607843137255,,,,,,,,,,,,,,,,,,,,,,13.0158076,77.5656261
2025-10-17 00:00:24.557,,,,,,,,,,,,,,,,,,,,,,,14.1,,,,,13.0158076,77.5656261
2025-10-17 00:00:24.558,857.7,,,,,,,,,,,,,,,,,,,,,,,,,,,13.0158076,77.5656261
2025-10-17 00:00:24.558,857.7,,,,,,,,,,,,,,,,,,,,,,,,,,,13.0158076,77.5656261
2025-10-17 00:00:24.558,,,0.0043345890174053,,,,,,,,,,,,,,,,,,,,,,,,,13.0158076,77.5656261
2025-10-17 00:00:24.558,,,0.0043345322340779,,,,,,,,,,,,,,,,,,,,,,,,,13.0158076,77.5656261
2025-10-17 00:00:24.558,,,,,,,,,,,,,,,,,,,,,,,,,0.0,,,13.0158076,77.5656261
2025-10-17 00:00:24.558,,,,,,,,,,,,,,,,,,,,,,,,,0.0,,,13.0158076,77.5656261
2025-10-17 00:00:24.568,873.700012207031,,,,,,,,,,,,,,,,,,,,,,,,,,,13.0158076,77.5656261
2025-10-17 00:00:24.568,,,0.0043329723084804,,,,,,,,,,,,,,,,,,,,,,,,,13.0158076,77.5656261
2025-10-17 00:00:24.568,,,,,,,,,,,,,,,,,,,,,,,,,0.0,,,13.0158076,77.5656261
2025-10-17 00:00:24.618,873.700012207031,,,,,,,,,,,,,,,,,,,,,,,,,,,13.0158076,77.5656261
2025-10-17 00:00:24.618,,,0.004324990113419,,,,,,,,,,,,,,,,,,,,,,,,,13.0158076,77.5656261
2025-10-17 00:00:24.618,,,,,,,,,,,,,,,,,,,,,,,,,0.0,,,13.0158076,77.5656261
2025-10-17 00:00:24.658,,,,,,21.5686274509804,,,,,,,,,,,,,,,,,,,,,,13.0158076,77.5656261
2025-10-17 00:00:24.703,,,,,,,,,,,,,75.0,,,,,,,,,,,,,,,13.0158076,77.5656261
2025-10-17 00:00:24.758,,,,,,,,,,,,,,,,,,,,,,,14.0,,,,,13.0158076,77.5656261
2025-10-17 00:00:24.855,,,,,,21.5686274509804,,,,,,,,,,,,,,,,,,,,,,13.0158076,77.5656261
2025-10-17 00:00:24.910,,,,,,,,,,,,,,,,,,,,,,,14.1,,,,,13.0158076,77.5656261
2025-10-17 00:00:25.011,,,,,,21.5686274509804,,,,,,,,,,,,,,,,,,,,,,13.0158076,77.5656261
2025-10-17 00:00:25.193,,,,,,21.5686274509804,,,,,,,,,,,,,,,,,,,,,,13.0158076,77.5656261
2025-10-17 00:00:25.283,,,,,,,,,,,,,75.0,,,,,,,,,,,,,,,13.0158076,77.5656261
2025-10-17 00:00:25.363,,,,,-1.06240143090289,,,,,,,,,,,,,,,,,,,,,,,13.0158076,77.5656261
2025-10-17 00:00:25.363,,,,,,,,,,,,,,,,,,,,,13.633547372658,,,,,,,13.0158076,77.5656261
2025-10-17 00:00:25.439,,,,,,,,,,,799.0,,,,,,,,,,,,,,,,,13.0158076,77.5656261
2025-10-17 00:00:25.439,,,,,,,,,,,,0.8,,,,,,,,,,,,,,,,13.0158076,77.5656261
2025-10-17 00:00:25.527,,,,,,,,,0.0,,,,,,,,,,,,,,,,,,,13.0158076,77.5656261
2025-10-17 00:00:25.527,,,,,,,,,,0.0,,,,,,,,,,,,,,,,,,13.0158076,77.5656261
2025-10-17 00:00:25.527,,,,,,,,,,,,,,,,,,,,,,,,,,,0.0,13.0158076,77.5656261
2025-10-17 00:00:25.594,858.7,,,,,,,,,,,,,,,,,,,,,,,,,,,13.0157416666667,77.565695
2025-10-17 00:00:25.597,858.7,,,,,,,,,,,,,,,,,,,,,,,,,,,13.0157416666667,77.565695
2025-10-17 00:00:25.597,,,0.0041753948169724,,,,,,,,,,,,,,,,,,,,,,,,,13.0157416666667,77.565695
2025-10-17 00:00:25.597,,,,,,,,,,,,,,,,,,,,,,,,,0.0,,,13.0157416666667,77.565695
2025-10-17 00:00:25.598,858.7,,,,,,,,,,,,,,,,,,,,,,,,,,,13.0157416666667,77.565695
2025-10-17 00:00:25.598,,,0.0041751848066654,,,,,,,,,,,,,,,,,,,,,,,,,13.0157416666667,77.565695
2025-10-17 00:00:25.598,,,,,,,,,,,,,,,,,,,,,,,,,0.0,,,13.0157416666667,77.565695
2025-10-17 00:00:25.617,,,0.0041723929255713,,,,,,,,,,,,,,,,,,,,,,,,,13.0157416666667,77.565695
2025-10-17 00:00:25.617,,,,,,,,,,,,,,,,,,,,40.0,,,,,,,,13.0157416666667,77.565695
2025-10-17 00:00:25.617,,,,,,,,,,,,,,,,,,,,,,,,,0.0,,,13.0157416666667,77.565695
2025-10-17 00:00:25.618,873.700012207031,,,,,,,,,,,,,,,,,,,,,,,,,,,13.0157416666667,77.565695
2025-10-17 00:00:25.621,873.700012207031,,,,,,,,,,,,,,,,,,,,,,,,,,,13.0157416666667,77.565695
2025-10-17 00:00:25.621,,,0.0041717958350983,,,,,,,,,,,,,,,,,,,,,,,,,13.0157416666667,77.565695
2025-10-17 00:00:25.621,,,,,,,,,,,,,,,,,,,,,,,,,0.0,,,13.0157416666667,77.565695
2025-10-17 00:00:25.625,873.700012207031,,,,,,,,,,,,,,,,,,,,,,,,,,,13.0157416666667,77.565695
2025-10-17 00:00:25.625,,,0.0041712747731447,,,,,,,,,,,,,,,,,,,,,,,,,13.0157416666667,77.565695
2025-10-17 00:00:25.625,,,,,,,,,,,,,,,,,,,,,,,,,0.0,,,13.0157416666667,77.565695
2025-10-17 00:00:25.718,,,,,,21.9607843137255,,,,,,,,,,,,,,,,,,,,,,13.0157416666667,77.565695
2025-10-17 00:00:25.761,873.700012207031,,,,,,,,,,,,,,,,,,,,,,,,,,,13.0157416666667,77.565695
2025-10-17 00:00:25.761,,,0.0041513162527037,,,,,,,,,,,,,,,,,,,,,,,,,13.0157416666667,77.565695
2025-10-17 00:00:25.761,,,,,,,,,,,,,,,,,,,,,,,,,0.0,,,13.0157416666667,77.565695
2025-10-17 00:00:25.802,,,,,-1.06240143090289,,,,,,,,,,,,,,,,,,,,,,,13.0157416666667,77.565695
2025-10-17 00:00:25.802,,,,,,,,,,,,,,,,,,,,,13.633547372658,,,,,,,13.0157416666667,77.565695
2025-10-17 00:00:25.894,,,,,,,,,,,800.0,,,,,,,,,,,,,,,,,13.0157416666667,77.565695
2025-10-17 00:00:25.894,,,,,,,,,,,,0.8,,,,,,,,,,,,,,,,13.0157416666667,77.565695
2025-10-17 00:00:25.970,,0.0,,,,,,,,,,,,,,,,,,,,,,,,,,13.0157416666667,77.565695
2025-10-17 00:00:25.970,,,,,,,,,0.0,,,,,,,,,,,,,,,,,,,13.0157416666667,77.565695
2025-10-17 00:00:25.970,,,,,,,,,,0.0,,,,,,,,,,,,,,,,,,13.0157416666667,77.565695
2025-10-17 00:00:25.970,,,,,,,,,,,,,,,,,,,,,,,,,,,0.0,13.0157416666667,77.565695
2025-10-17 00:00:26.043,,,,,,,,,,,,,,,,,,,,40.0,,,,,,,,13.0157416666667,77.565695
2025-10-17 00:00:26.137,,,,,,21.9607843137255,,,,,,,,,,,,,,,,,,,,,,13.0157416666667,77.565695
2025-10-17 00:00:26.183,,,,,,,,,,,,,75.0,,,,,,,,,,,,,,,13.0157416666667,77.565695
2025-10-17 00:00:26.231,,,,,-1.06240143090289,,,,,,,,,,,,,,,,,,,,,,,13.0157416666667,77.565695
2025-10-17 00:00:26.231,,,,,,,,,,,,,,,,,,,,,13.633547372658,,,,,,,13.0157416666667,77.565695
2025-10-17 00:00:26.284,,,,,,,,,,,798.0,,,,,,,,,,,,,,,,,13.0157416666667,77.565695
2025-10-17 00:00:26.284,,,,,,,,,,,,0.8,,,,,,,,,,,,,,,,13.0157416666667,77.565695
2025-10-17 00:00:26.334,,0.0,,,,,,,,,,,,,,,,,,,,,,,,,,13.0157416666667,77.565695
2025-10-17 00:00:26.334,,,,,,,,,0.0,,,,,,,,,,,,,,,,,,,13.0157416666667,77.565695
2025-10-17 00:00:26.334,,,,,,,,,,0.0,,,,,,,,,,,,,,,,,,13.0157416666667,77.565695
2025-10-17 00:00:26.334,,,,,,,,,,,,,,,,,,,,,,,,,,,0.0,13.0157416666667,77.565695
2025-10-17 00:00:26.389,,,,,,,,,,,,,,,,,,,,40.0,,,,,,,,13.0157416666667,77.565695
2025-10-17 00:00:26.527,,,,,,21.5686274509804,,,,,,,,,,,,,,,,,,,,,,13.0157416666667,77.565695
2025-10-17 00:00:26.578,,,,,-1.06240143090289,,,,,,,,,,,,,,,,,,,,,,,13.0157416666667,77.565695
2025-10-17 00:00:26.578,,,,,,,,,,,,,,,,,,,,,13.633547372658,,,,,,,13.0157416666667,77.565695
2025-10-17 00:00:26.590,859.0,,,,,,,,,,,,,,,,,,,,,,,,,,,13.015745,77.5656933333333
2025-10-17 00:00:26.593,859.0,,,,,,,,,,,,,,,,,,,,,,,,,,,13.015745,77.5656933333333
2025-10-17 00:00:26.593,,,0.0040334107953326,,,,,,,,,,,,,,,,,,,,,,,,,13.015745,77.5656933333333
2025-10-17 00:00:26.593,,,,,,,,,,,,,,,,,,,,,,,,,0.0,,,13.015745,77.5656933333333
2025-10-17 00:00:26.599,873.700012207031,,,,,,,,,,,,,,,,,,,,,,,,,,,13.015745,77.5656933333333
2025-10-17 00:00:26.599,,,0.0040325619099812,,,,,,,,,,,,,,,,,,,,,,,,,13.015745,77.5656933333333
2025-10-17 00:00:26.599,,,,,,,,,,,,,,,,,,,,,,,,,0.0,,,13.015745,77.5656933333333
2025-10-17 00:00:26.604,873.700012207031,,,,,,,,,,,,,,,,,,,,,,,,,,,13.015745,77.5656933333333
2025-10-17 00:00:26.604,,,0.0040318435626677,,,,,,,,,,,,,,,,,,,,,,,,,13.015745,77.5656933333333
2025-10-17 00:00:26.604,,,,,,,,,,,,,,,,,,,,,,,,,0.0,,,13.015745,77.5656933333333
2025-10-17 00:00:26.734,873.700012207031,,,,,,,,,,,,,,,,,,,,,,,,,,,13.015745,77.5656933333333
2025-10-17 00:00:26.734,,,0.0040140285224087,,,,,,,,,,,,,,,,,,,,,,,,,13.015745,77.5656933333333
2025-10-17 00:00:26.734,,,,,,,,,,,,,,,,,,,,,,,,,0.0,,,13.015745,77.5656933333333
2025-10-17 00:00:26.736,,,,,,21.9607843137255,,,,,,,,,,,,,,,,,,,,,,13.015745,77.5656933333333
2025-10-17 00:00:26.833,,,,,,,,,,,,,75.0,,,,,,,,,,,,,,,13.015745,77.5656933333333
2025-10-17 00:00:26.923,,,,,-1.06240143090289,,,,,,,,,,,,,,,,,,,,,,,13.015745,77.5656933333333
2025-10-17 00:00:26.923,,,,,,,,,,,,,,,,,,,,,13.633547372658,,,,,,,13.015745,77.5656933333333
2025-10-17 00:00:26.998,,,,,,,,,,,801.0,,,,,,,,,,,,,,,,,13.015745,77.5656933333333
2025-10-17 00:00:26.998,,,,,,,,,,,,0.8,,,,,,,,,,,,,,,,13.015745,77.5656933333333
2025-10-17 00:00:27.039,873.700012207031,,,,,,,,,,,,,,,,,,,,,,,,,,,13.015745,77.5656933333333
2025-10-17 00:00:27.039,,,0.0039728044562297,,,,,,,,,,,,,,,,,,,,,,,,,13.015745,77.5656933333333
2025-10-17 00:00:27.039,,,,,,,,,,,,,,,,,,,,,,,,,0.0,,,13.015745,77.5656933333333
2025-10-17 00:00:27.041,873.700012207031,,,,,,,,,,,,,,,,,,,,,,,,,,,13.015745,77.5656933333333
2025-10-17 00:00:27.041,,,0.0039726401159646,,,,,,,,,,,,,,,,,,,,,,,,,13.015745,77.5656933333333
2025-10-17 00:00:27.041,,,,,,,,,,,,,,,,,,,,,,,,,0.0,,,13.015745,77.5656933333333
2025-10-17 00:00:27.042,873.700012207031,,,,,,,,,,,,,,,,,,,,,,,,,,,13.0158695,77.565649
2025-10-17 00:00:27.043,873.700012207031,,,,,,,,,,,,,,,,,,,,,,,,,,,13.0158695,77.565649
2025-10-17 00:00:27.043,,,0.0039723085374107,,,,,,,,,,,,,,,,,,,,,,,,,13.0158695,77.565649
2025-10-17 00:00:27.043,,,,,,,,,,,,,,,,,,,,,,,,,0.0,,,13.0158695,77.565649
2025-10-17 00:00:27.071,,0.0,,,,,,,,,,,,,,,,,,,,,,,,,,13.0158695,77.565649
2025-10-17 00:00:27.071,,,,,,,,,0.0,,,,,,,,,,,,,,,,,,,13.0158695,77.565649
2025-10-17 00:00:27.071,,,,,,,,,,0.0,,,,,,,,,,,,,,,,,,13.0158695,77.565649
2025-10-17 00:00:27.071,,,,,,,,,,,,,,,,,,,,,,,,,,0.0,,13.0158695,77.565649
2025-10-17 00:00:27.071,,,,,,,,,,,,,,,,,,,,,,,,,,,0.0,13.0158695,77.565649
2025-10-17 00:00:27.153,,,,,,,,,,,,,,,,,,,,40.0,,,,,,,,13.0158695,77.565649
2025-10-17 00:00:27.226,,,,,,,0.863438914027149,,,,,,,,,,,,,,,,,,,,,13.0158695,77.565649
2025-10-17 00:00:27.226,,,,,,,,,,,,,,,,,,,3.82307061011587,,,,,,,,,13.0158695,77.565649
2025-10-17 00:00:27.226,,,,,,,,,,,,,,,,,,,,,,13.63,,,,,,13.0158695,77.565649
2025-10-17 00:00:27.226,,,,,,,,,,,,,,,,,,,,,,,,16.356,,,,13.0158695,77.565649
2025-10-17 00:00:27.343,,,,,,21.5686274509804,,,,,,,,,,,,,,,,,,,,,,13.0158695,77.565649
2025-10-17 00:00:27.406,,,,,-1.06240143090289,,,,,,,,,,,,,,,,,,,,,,,13.0158695,77.565649
2025-10-17 00:00:27.406,,,,,,,,,,,,,,,,,,,,,13.633547372658,,,,,,,13.0158695,77.565649
2025-10-17 00:00:27.459,,,,,,,,,,,798.0,,,,,,,,,,,,,,,,,13.0158695,77.565649
2025-10-17 00:00:27.459,,,,,,,,,,,,0.8,,,,,,,,,,,,,,,,13.0158695,77.565649
2025-10-17 00:00:27.513,,0.0,,,,,,,,,,,,,,,,,,,,,,,,,,13.0158695,77.565649
2025-10-17 00:00:27.513,,,,,,,,,0.0,,,,,,,,,,,,,,,,,,,13.0158695,77.565649
2025-10-17 00:00:27.513,,,,,,,,,,0.0,,,,,,,,,,,,,,,,,,13.0158695,77.565649
2025-10-17 00:00:27.513,,,,,,,,,,,,,,,,,,,,,,,,,,0.0,,13.0158695,77.565649
2025-10-17 00:00:27.513,,,,,,,,,,,,,,,,,,,,,,,,,,,0.0,13.0158695,77.565649
2025-10-17 00:00:27.566,,,,,,,,,,,,,,,,,,,,40.0,,,,,,,,13.0158695,77.565649
2025-10-17 00:00:27.604,,,0.0038987295273713,,,,,,,,,,,,,,,,,,,,,,,,,13.0158695,77.565649
2025-10-17 00:00:27.604,,,,,,,,,,,,,,,,,,,,,,,,,0.0,,,13.0158695,77.565649
2025-10-17 00:00:27.605,859.0,,,,,,,,,,,,,,,,,,,,,,,,,,,13.0158695,77.565649
2025-10-17 00:00:27.644,,,0.0038935652708674,,,,,,,,,,,,,,,,,,,,,,,,,13.0158695,77.565649
2025-10-17 00:00:27.644,,,,,,,,,,,,,,,,,,,,,,,,,0.0,,,13.0158695,77.565649
2025-10-17 00:00:27.645,873.700012207031,,,,,,,,,,,,,,,,,,,,,,,,,,,13.0158695,77.565649
2025-10-17 00:00:27.652,,,,,,,0.84802036199095,,,,,,,,,,,,,,,,,,,,,13.0158695,77.565649
2025-10-17 00:00:27.652,,,,,,,,,,,,,,,9.70072163712921e-05,,,,,,,,,,,,,13.0158695,77.565649
2025-10-17 00:00:27.652,,,,,,,,,,,,,,,,9.70072163712921e-05,,,,,,,,,,,,13.0158695,77.565649
2025-10-17 00:00:27.652,,,,,,,,,,,,,,,,,9.79772885350051e-05,,,,,,,,,,,13.0158695,77.565649
2025-10-17 00:00:27.652,,,,,,,,,,,,,,,,,,0.0,,,,,,,,,,13.0158695,77.565649
2025-10-17 00:00:27.652,,,,,,,,,,,,,,,,,,,3.75480149207809,,,,,,,,,13.0158695,77.565649
2025-10-17 00:00:27.652,,,,,,,,,,,,,,,,,,,,,,13.63,,,,,,13.0158695,77.565649
2025-10-17 00:00:27.652,,,,,,,,,,,,,,,,,,,,,,,,16.356,,,,13.0158695,77.565649
2025-10-17 00:00:27.784,,,,,,21.9607843137255,,,,,,,,,,,,,,,,,,,,,,13.0158695,77.565649
2025-10-17 00:00:27.834,,,,,,,,,,,,,75.0,,,,,,,,,,,,,,,13.0158695,77.565649
2025-10-17 00:00:27.894,,,,,-1.06240143090289,,,,,,,,,,,,,,,,,,,,,,,13.0158695,77.565649
2025-10-17 00:00:27.894,,,,,,,,,,,,,,,,,,,,,13.633547372658,,,,,,,13.0158695,77.565649
2025-10-17 00:00:27.943,,,,,,,,,,,799.0,,,,,,,,,,,,,,,,,13.0158695,77.565649
2025-10-17 00:00:27.943,,,,,,,,,,,,0.8,,,,,,,,,,,,,,,,13.0158695,77.565649
2025-10-17 00:00:27.995,,0.0,,,,,,,,,,,,,,,,,,,,,,,,,,13.0158695,77.565649
2025-10-17 00:00:27.995,,,,,,,,,0.0,,,,,,,,,,,,,,,,,,,13.0158695,77.565649
2025-10-17 00:00:27.995,,,,,,,,,,0.0,,,,,,,,,,,,,,,,,,13.0158695,77.565649
2025-10-17 00:00:27.995,,,,,,,,,,,,,,,,,,,,,,,,,,0.0,,13.0158695,77.565649
2025-10-17 00:00:27.995,,,,,,,,,,,,,,,,,,,,,,,,,,,0.0,13.0158695,77.565649
2025-10-17 00:00:28.043,,,,,,,,,,,,,,,,,,,,40.0,,,,,,,,13.0158695,77.565649
2025-10-17 00:00:28.111,,,,,,,0.862171945701358,,,,,,,,,,,,,,,,,,,,,13.0158695,77.565649
2025-10-17 00:00:28.111,,,,,,,,,,,,,,,0.0002069900129801,,,,,,,,,,,,,13.0158695,77.565649
2025-10-17 00:00:28.111,,,,,,,,,,,,,,,,0.0002069900129801,,,,,,,,,,,,13.0158695,77.565649
2025-10-17 00:00:28.111,,,,,,,,,,,,,,,,,0.0002090599131099,,,,,,,,,,,13.0158695,77.565649
2025-10-17 00:00:28.111,,,,,,,,,,,,,,,,,,0.0,,,,,,,,,,13.0158695,77.565649
2025-10-17 00:00:28.111,,,,,,,,,,,,,,,,,,,3.81746082198657,,,,,,,,,13.0158695,77.565649
2025-10-17 00:00:28.111,,,,,,,,,,,,,,,,,,,,,,13.61,,,,,,13.0158695,77.565649
2025-10-17 00:00:28.111,,,,,,,,,,,,,,,,,,,,,,,,16.332,,,,13.0158695,77.565649
2025-10-17 00:00:28.257,,,,,,21.9607843137255,,,,,,,,,,,,,,,,,,,,,,13.0158695,77.565649
2025-10-17 00:00:28.307,,,,,-1.06240143090289,,,,,,,,,,,,,,,,,,,,,,,13.0158695,77.565649
2025-10-17 00:00:28.307,,,,,,,,,,,,,,,,,,,,,13.633547372658,,,,,,,13.0158695,77.565649
2025-10-17 00:00:28.366,,,,,,,,,,,799.0,,,,,,,,,,,,,,,,,13.0158695,77.565649
2025-10-17 00:00:28.366,,,,,,,,,,,,0.8,,,,,,,,,,,,,,,,13.0158695,77.565649
2025-10-17 00:00:28.417,,0.0,,,,,,,,,,,,,,,,,,,,,,,,,,13.0158695,77.565649
2025-10-17 00:00:28.417,,,,,,,,,0.0,,,,,,,,,,,,,,,,,,,13.0158695,77.565649
2025-10-17 00:00:28.417,,,,,,,,,,0.0,,,,,,,,,,,,,,,,,,13.0158695,77.565649
2025-10-17 00:00:28.417,,,,,,,,,,,,,,,,,,,,,,,,,,0.0,,13.0158695,77.565649
2025-10-17 00:00:28.417,,,,,,,,,,,,,,,,,,,,,,,,,,,0.0,13.0158695,77.565649
2025-10-17 00:00:28.489,,,,,,,,,,,,,,,,,,,,40.0,,,,,,,,13.0158695,77.565649
2025-10-17 00:00:28.538,,,,,,,0.86027149321267,,,,,,,,,,,,,,,,,,,,,13.0158695,77.565649
2025-10-17 00:00:28.538,,,,,,,,,,,,,,,0.0003089303449007,,,,,,,,,,,,,13.0158695,77.565649
2025-10-17 00:00:28.538,,,,,,,,,,,,,,,,0.0003089303449007,,,,,,,,,,,,13.0158695,77.565649
2025-10-17 00:00:28.538,,,,,,,,,,,,,,,,,0.0003120196483497,,,,,,,,,,,13.0158695,77.565649
2025-10-17 00:00:28.538,,,,,,,,,,,,,,,,,,0.0,,,,,,,,,,13.0158695,77.565649
2025-10-17 00:00:28.538,,,,,,,,,,,,,,,,,,,3.80904613979263,,,,,,,,,13.0158695,77.565649
2025-10-17 00:00:28.538,,,,,,,,,,,,,,,,,,,,,,13.58,,,,,,13.0158695,77.565649
2025-10-17 00:00:28.538,,,,,,,,,,,,,,,,,,,,,,,,16.296,,,,13.0158695,77.565649
2025-10-17 00:00:28.587,,,0.0037762102222761,,,,,,,,,,,,,,,,,,,,,,,,,13.0158695,77.565649
2025-10-17 00:00:28.587,,,,,,,,,,,,,,,,,,,,,,,,,0.0,,,13.0158695,77.565649
2025-10-17 00:00:28.588,858.9,,,,,,,,,,,,,,,,,,,,,,,,,,,13.0158695,77.565649
2025-10-17 00:00:28.594,858.9,,,,,,,,,,,,,,,,,,,,,,,,,,,13.0157516666667,77.5656966666667
2025-10-17 00:00:28.594,858.9,,,,,,,,,,,,,,,,,,,,,,,,,,,13.0157516666667,77.5656966666667
2025-10-17 00:00:28.594,,,0.0037753658626335,,,,,,,,,,,,,,,,,,,,,,,,,13.0157516666667,77.5656966666667
2025-10-17 00:00:28.594,,,,,,,,,,,,,,,,,,,,,,,,,0.0,,,13.0157516666667,77.5656966666667
2025-10-17 00:00:28.601,,,0.00377449763788,,,,,,,,,,,,,,,,,,,,,,,,,13.0157516666667,77.5656966666667
2025-10-17 00:00:28.601,,,,,,,,,,,,,,,,,,,,,,,,,0.0,,,13.0157516666667,77.5656966666667
2025-10-17 00:00:28.602,873.700012207031,,,,,,,,,,,,,,,,,,,,,,,,,,,13.0157516666667,77.5656966666667
2025-10-17 00:00:28.603,873.700012207031,,,,,,,,,,,,,,,,,,,,,,,,,,,13.0157516666667,77.5656966666667
2025-10-17 00:00:28.603,873.700012207031,,,,,,,,,,,,,,,,,,,,,,,,,,,13.0157516666667,77.5656966666667
2025-10-17 00:00:28.603,,,0.0037743479676816,,,,,,,,,,,,,,,,,,,,,,,,,13.0157516666667,77.5656966666667
2025-10-17 00:00:28.603,,,0.0037742955075287,,,,,,,,,,,,,,,,,,,,,,,,,13.0157516666667,77.5656966666667
2025-10-17 00:00:28.603,,,,,,,,,,,,,,,,,,,,,,,,,0.0,,,13.0157516666667,77.5656966666667
2025-10-17 00:00:28.603,,,,,,,,,,,,,,,,,,,,,,,,,0.0,,,13.0157516666667,77.5656966666667
2025-10-17 00:00:28.606,873.700012207031,,,,,,,,,,,,,,,,,,,,,,,,,,,13.0157516666667,77.5656966666667
2025-10-17 00:00:28.606,,,0.0037739878912461,,,,,,,,,,,,,,,,,,,,,,,,,13.0157516666667,77.5656966666667
2025-10-17 00:00:28.606,,,,,,,,,,,,,,,,,,,,,,,,,0.0,,,13.0157516666667,77.5656966666667
2025-10-17 00:00:28.637,,,,,,21.9607843137255,,,,,,,,,,,,,,,,,,,,,,13.0157516666667,77.5656966666667
2025-10-17 00:00:28.688,,,,,,,,,,,,,75.0,,,,,,,,,,,,,,,13.0157516666667,77.5656966666667
2025-10-17 00:00:28.731,873.700012207031,,,,,,,,,,,,,,,,,,,,,,,,,,,13.0158695,77.565649
2025-10-17 00:00:28.735,,,,,-1.06240143090289,,,,,,,,,,,,,,,,,,,,,,,13.0158695,77.565649
2025-10-17 00:00:28.735,,,,,,,,,,,,,,,,,,,,,13.633547372658,,,,,,,13.0158695,77.565649
2025-10-17 00:00:28.785,,,,,,,,,,,799.0,,,,,,,,,,,,,,,,,13.0158695,77.565649
2025-10-17 00:00:28.785,,,,,,,,,,,,0.8,,,,,,,,,,,,,,,,13.0158695,77.565649
2025-10-17 00:00:28.835,,0.0,,,,,,,,,,,,,,,,,,,,,,,,,,13.0158695,77.565649
2025-10-17 00:00:28.835,,,,,,,,,0.0,,,,,,,,,,,,,,,,,,,13.0158695,77.565649
2025-10-17 00:00:28.835,,,,,,,,,,0.0,,,,,,,,,,,,,,,,,,13.0158695,77.565649
2025-10-17 00:00:28.835,,,,,,,,,,,,,,,,,,,,,,,,,,0.0,,13.0158695,77.565649
2025-10-17 00:00:28.835,,,,,,,,,,,,,,,,,,,,,,,,,,,0.0,13.0158695,77.565649
2025-10-17 00:00:28.887,,,,,,,,,,,,,,,,,,,,40.0,,,,,,,,13.0158695,77.565649
2025-10-17 00:00:28.937,,,,,,,0.86027149321267,,,,,,,,,,,,,,,,,,,,,13.0158695,77.565649
2025-10-17 00:00:28.937,,,,,,,,,,,,,,,0.0004044698506724,,,,,,,,,,,,,13.0158695,77.565649
2025-10-17 00:00:28.937,,,,,,,,,,,,,,,,0.0004044698506724,,,,,,,,,,,,13.0158695,77.565649
2025-10-17 00:00:28.937,,,,,,,,,,,,,,,,,0.0004085145491791,,,,,,,,,,,13.0158695,77.565649
2025-10-17 00:00:28.937,,,,,,,,,,,,,,,,,,0.0,,,,,,,,,,13.0158695,77.565649
2025-10-17 00:00:28.937,,,,,,,,,,,,,,,,,,,3.80904613979263,,,,,,,,,13.0158695,77.565649
2025-10-17 00:00:28.937,,,,,,,,,,,,,,,,,,,,,,13.58,,,,,,13.0158695,77.565649
2025-10-17 00:00:28.937,,,,,,,,,,,,,,,,,,,,,,,,16.296,,,,13.0158695,77.565649
2025-10-17 00:00:29.046,,,,,,21.9607843137255,,,,,,,,,,,,,,,,,,,,,,13.0158695,77.565649
2025-10-17 00:00:29.094,,,,,-1.06240143090289,,,,,,,,,,,,,,,,,,,,,,,13.0158695,77.565649
2025-10-17 00:00:29.094,,,,,,,,,,,,,,,,,,,,,13.633547372658,,,,,,,13.0158695,77.565649
2025-10-17 00:00:29.145,,,,,,,,,,,799.0,,,,,,,,,,,,,,,,,13.0158695,77.565649
2025-10-17 00:00:29.145,,,,,,,,,,,,0.8,,,,,,,,,,,,,,,,13.0158695,77.565649
2025-10-17 00:00:29.207,,0.0,,,,,,,,,,,,,,,,,,,,,,,,,,13.0158695,77.565649
2025-10-17 00:00:29.207,,,,,,,,,0.0,,,,,,,,,,,,,,,,,,,13.0158695,77.565649
2025-10-17 00:00:29.207,,,,,,,,,,0.0,,,,,,,,,,,,,,,,,,13.0158695,77.565649
2025-10-17 00:00:29.207,,,,,,,,,,,,,,,,,,,,,,,,,,0.0,,13.0158695,77.565649
2025-10-17 00:00:29.207,,,,,,,,,,,,,,,,,,,,,,,,,,,0.0,13.0158695,77.565649
2025-10-17 00:00:29.260,,,,,,,,,,,,,,,,,,,,40.0,,,,,,,,13.0158695,77.565649
2025-10-17 00:00:29.333,,,,,,,0.865339366515837,,,,,,,,,,,,,,,,,,,,,13.0158695,77.565649
2025-10-17 00:00:29.333,,,,,,,,,,,,,,,0.0004994640180128,,,,,,,,,,,,,13.0158695,77.565649
2025-10-17 00:00:29.333,,,,,,,,,,,,,,,,0.0004994640180128,,,,,,,,,,,,13.0158695,77.565649
2025-10-17 00:00:29.333,,,,,,,,,,,,,,,,,0.0005044586581929,,,,,,,,,,,13.0158695,77.565649
2025-10-17 00:00:29.333,,,,,,,,,,,,,,,,,,0.0,,,,,,,,,,13.0158695,77.565649
2025-10-17 00:00:29.333,,,,,,,,,,,,,,,,,,,3.83148529230982,,,,,,,,,13.0158695,77.565649
2025-10-17 00:00:29.333,,,,,,,,,,,,,,,,,,,,,,13.66,,,,,,13.0158695,77.565649
2025-10-17 00:00:29.333,,,,,,,,,,,,,,,,,,,,,,,,16.392,,,,13.0158695,77.565649
2025-10-17 00:00:29.467,,,,,,21.9607843137255,,,,,,,,,,,,,,,,,,,,,,13.0158695,77.565649
2025-10-17 00:00:29.518,,,,,,,,,,,,,75.0,,,,,,,,,,,,,,,13.0158695,77.565649
2025-10-17 00:00:29.569,,,,,-1.06240143090289,,,,,,,,,,,,,,,,,,,,,,,13.0158695,77.565649
2025-10-17 00:00:29.569,,,,,,,,,,,,,,,,,,,,,13.633547372658,,,,,,,13.0158695,77.565649
2025-10-17 00:00:29.585,,,0.0036594775245724,,,,,,,,,,,,,,,,,,,,,,,,,13.0158695,77.565649
2025-10-17 00:00:29.585,,,,,,,,,,,,,,,,,,,,,,,,,0.0,,,13.0158695,77.565649
2025-10-17 00:00:29.586,858.9,,,,,,,,,,,,,,,,,,,,,,,,,,,13.0158695,77.565649
2025-10-17 00:00:29.617,,,,,,,,,,,800.0,,,,,,,,,,,,,,,,,13.0158695,77.565649
2025-10-17 00:00:29.617,,,,,,,,,,,,0.8,,,,,,,,,,,,,,,,13.0158695,77.565649
2025-10-17 00:00:29.671,,0.0,,,,,,,,,,,,,,,,,,,,,,,,,,13.0158695,77.565649
2025-10-17 00:00:29.671,,,,,,,,,0.0,,,,,,,,,,,,,,,,,,,13.0158695,77.565649
2025-10-17 00:00:29.671,,,,,,,,,,0.0,,,,,,,,,,,,,,,,,,13.0158695,77.565649
2025-10-17 00:00:29.671,,,,,,,,,,,,,,,,,,,,,,,,,,0.0,,13.0158695,77.565649
2025-10-17 00:00:29.671,,,,,,,,,,,,,,,,,,,,,,,,,,,0.0,13.0158695,77.565649
2025-10-17 00:00:29.700,873.700012207031,,,,,,,,,,,,,,,,,,,,,,,,,,,13.0158695,77.565649
2025-10-17 00:00:29.700,,,0.0036465265964256,,,,,,,,,,,,,,,,,,,,,,,,,13.0158695,77.565649
2025-10-17 00:00:29.700,,,,,,,,,,,,,,,,,,,,,,,,,0.0,,,13.0158695,77.565649
2025-10-17 00:00:29.724,,,,,,,,,,,,,,,,,,,,40.0,,,,,,,,13.0158695,77.565649
2025-10-17 00:00:29.774,,,,,,,0.867239819004525,,,,,,,,,,,,,,,,,,,,,13.0158695,77.565649
2025-10-17 00:00:29.774,,,,,,,,,,,,,,,0.0006057918355718,,,,,,,,,,,,,13.0158695,77.565649
2025-10-17 00:00:29.774,,,,,,,,,,,,,,,,0.0006057918355718,,,,,,,,,,,,13.0158695,77.565649
2025-10-17 00:00:29.774,,,,,,,,,,,,,,,,,0.0006118497539276,,,,,,,,,,,13.0158695,77.565649
2025-10-17 00:00:29.774,,,,,,,,,,,,,,,,,,0.0,,,,,,,,,,13.0158695,77.565649
2025-10-17 00:00:29.774,,,,,,,,,,,,,,,,,,,3.83989997450376,,,,,,,,,13.0158695,77.565649
2025-10-17 00:00:29.774,,,,,,,,,,,,,,,,,,,,,,13.69,,,,,,13.0158695,77.565649
2025-10-17 00:00:29.774,,,,,,,,,,,,,,,,,,,,,,,,16.428,,,,13.0158695,77.565649
2025-10-17 00:00:29.889,,,,,,21.9607843137255,,,,,,,,,,,,,,,,,,,,,,13.0158695,77.565649
2025-10-17 00:00:29.941,,,,,-1.06240143090289,,,,,,,,,,,,,,,,,,,,,,,13.0158695,77.565649
2025-10-17 00:00:29.941,,,,,,,,,,,,,,,,,,,,,13.633547372658,,,,,,,13.0158695,77.565649
2025-10-17 00:00:29.988,,,,,,,,,,,799.0,,,,,,,,,,,,,,,,,13.0158695,77.565649
2025-10-17 00:00:29.988,,,,,,,,,,,,0.8,,,,,,,,,,,,,,,,13.0158695,77.565649
2025-10-17 00:00:30.037,,0.0,,,,,,,,,,,,,,,,,,,,,,,,,,13.0158695,77.565649
2025-10-17 00:00:30.037,,,,,,,,,0.0,,,,,,,,,,,,,,,,,,,13.0158695,77.565649
2025-10-17 00:00:30.037,,,,,,,,,,0.0,,,,,,,,,,,,,,,,,,13.0158695,77.565649
2025-10-17 00:00:30.037,,,,,,,,,,,,,,,,,,,,,,,,,,0.0,,13.0158695,77.565649
2025-10-17 00:00:30.037,,,,,,,,,,,,,,,,,,,,,,,,,,,0.0,13.0158695,77.565649
2025-10-17 00:00:30.087,,,,,,,,,,,,,,,,,,,,40.0,,,,,,,,13.0158695,77.565649
2025-10-17 00:00:30.134,,,,,,,0.863438914027149,,,,,,,,,,,,,,,,,,,,,13.0158695,77.565649
2025-10-17 00:00:30.134,,,,,,,,,,,,,,,0.0006921599992018,,,,,,,,,,,,,13.0158695,77.565649
2025-10-17 00:00:30.134,,,,,,,,,,,,,,,,0.0006921599992018,,,,,,,,,,,,13.0158695,77.565649
2025-10-17 00:00:30.134,,,,,,,,,,,,,,,,,0.0006990815991938,,,,,,,,,,,13.0158695,77.565649
2025-10-17 00:00:30.134,,,,,,,,,,,,,,,,,,0.0,,,,,,,,,,13.0158695,77.565649
2025-10-17 00:00:30.134,,,,,,,,,,,,,,,,,,,3.82307061011587,,,,,,,,,13.0158695,77.565649
2025-10-17 00:00:30.134,,,,,,,,,,,,,,,,,,,,,,13.63,,,,,,13.0158695,77.565649
2025-10-17 00:00:30.134,,,,,,,,,,,,,,,,,,,,,,,,16.356,,,,13.0158695,77.565649
2025-10-17 00:00:30.230,,,,,,21.9607843137255,,,,,,,,,,,,,,,,,,,,,,13.0158695,77.565649
2025-10-17 00:00:30.290,,,,,,,,,,,,,75.0,,,,,,,,,,,,,,,13.0158695,77.565649
2025-10-17 00:00:30.341,,,,,-1.06240143090289,,,,,,,,,,,,,,,,,,,,,,,13.0158695,77.565649
2025-10-17 00:00:30.341,,,,,,,,,,,,,,,,,,,,,13.633547372658,,,,,,,13.0158695,77.565649
2025-10-17 00:00:30.393,,,,,,,,,,,799.0,,,,,,,,,,,,,,,,,13.0158695,77.565649
2025-10-17 00:00:30.393,,,,,,,,,,,,0.8,,,,,,,,,,,,,,,,13.0158695,77.565649
2025-10-17 00:00:30.442,,0.0,,,,,,,,,,,,,,,,,,,,,,,,,,13.0158695,77.565649
2025-10-17 00:00:30.442,,,,,,,,,0.0,,,,,,,,,,,,,,,,,,,13.0158695,77.565649
2025-10-17 00:00:30.442,,,,,,,,,,0.0,,,,,,,,,,,,,,,,,,13.0158695,77.565649
2025-10-17 00:00:30.442,,,,,,,,,,,,,,,,,,,,,,,,,,0.0,,13.0158695,77.565649
2025-10-17 00:00:30.442,,,,,,,,,,,,,,,,,,,,,,,,,,,0.0,13.0158695,77.565649
2025-10-17 00:00:30.501,,,,,,,,,,,,,,,,,,,,40.0,,,,,,,,13.0158695,77.565649
2025-10-17 00:00:30.560,,,,,,,0.895113122171946,,,,,,,,,,,,,,,,,,,,,13.0158695,77.565649
2025-10-17 00:00:30.560,,,,,,,,,,,,,,,0.0007980888298353,,,,,,,,,,,,,13.0158695,77.565649
2025-10-17 00:00:30.560,,,,,,,,,,,,,,,,0.0007980888298353,,,,,,,,,,,,13.0158695,77.565649
2025-10-17 00:00:30.560,,,,,,,,,,,,,,,,,0.0008060697181336,,,,,,,,,,,13.0158695,77.565649
2025-10-17 00:00:30.560,,,,,,,,,,,,,,,,,,0.0,,,,,,,,,,13.0158695,77.565649
2025-10-17 00:00:30.560,,,,,,,,,,,,,,,,,,,3.9633153133483,,,,,,,,,13.0158695,77.565649
2025-10-17 00:00:30.560,,,,,,,,,,,,,,,,,,,,,,14.13,,,,,,13.0158695,77.565649
2025-10-17 00:00:30.560,,,,,,,,,,,,,,,,,,,,,,,,16.956,,,,13.0158695,77.565649
2025-10-17 00:00:30.598,858.9,,,,,,,,,,,,,,,,,,,,,,,,,,,13.0158695,77.565649
2025-10-17 00:00:30.598,,,0.0035481656824933,,,,,,,,,,,,,,,,,,,,,,,,,13.0158695,77.565649
2025-10-17 00:00:30.598,,,,,,,,,,,,,,,,,,,,,,,,,0.0,,,13.0158695,77.565649
2025-10-17 00:00:30.599,858.9,,,,,,,,,,,,,,,,,,,,,,,,,,,13.0158695,77.565649
2025-10-17 00:00:30.599,,,0.0035480644356589,,,,,,,,,,,,,,,,,,,,,,,,,13.0158695,77.565649
2025-10-17 00:00:30.599,,,,,,,,,,,,,,,,,,,,,,,,,0.0,,,13.0158695,77.565649
2025-10-17 00:00:30.605,873.700012207031,,,,,,,,,,,,,,,,,,,,,,,,,,,13.0158695,77.565649
2025-10-17 00:00:30.605,,,0.003547411052979,,,,,,,,,,,,,,,,,,,,,,,,,13.0158695,77.565649
2025-10-17 00:00:30.605,,,,,,,,,,,,,,,,,,,,,,,,,0.0,,,13.0158695,77.565649
2025-10-17 00:00:30.667,873.700012207031,,,,,,,,,,,,,,,,,,,,,,,,,,,13.0158695,77.565649
2025-10-17 00:00:30.667,,,0.0035408055256346,,,,,,,,,,,,,,,,,,,,,,,,,13.0158695,77.565649
2025-10-17 00:00:30.667,,,,,,,,,,,,,,,,,,,,,,,,,0.0,,,13.0158695,77.565649
2025-10-17 00:00:30.686,,,,,,86.2745098039216,,,,,,,,,,,,,,,,,,,,,,13.0158695,77.565649
2025-10-17 00:00:30.744,,,,,-1.06240143090289,,,,,,,,,,,,,,,,,,,,,,,13.0158695,77.565649
2025-10-17 00:00:30.744,,,,,,,,,,,,,,,,,,,,,13.633547372658,,,,,,,13.0158695,77.565649
2025-10-17 00:00:30.794,,,,,,,,,,,1091.0,,,,,,,,,,,,,,,,,13.0158695,77.565649
2025-10-17 00:00:30.794,,,,,,,,,,,,1.1,,,,,,,,,,,,,,,,13.0158695,77.565649
2025-10-17 00:00:30.854,,0.0,,,,,,,,,,,,,,,,,,,,,,,,,,13.0158695,77.565649
2025-10-17 00:00:30.854,,,,,,,,,0.0,,,,,,,,,,,,,,,,,,,13.0158695,77.565649
2025-10-17 00:00:30.854,,,,,,,,,,0.0,,,,,,,,,,,,,,,,,,13.0158695,77.565649
2025-10-17 00:00:30.854,,,,,,,,,,,,,,,,,,,,,,,,,,0.0,,13.0158695,77.565649
2025-10-17 00:00:30.854,,,,,,,,,,,,,,,,,,,,,,,,,,,0.0,13.0158695,77.565649
2025-10-17 00:00:30.906,,,,,,,,,,,,,,,,,,,,40.0,,,,,,,,13.0158695,77.565649
2025-10-17 00:00:30.957,,,,,,,6.80904977375566,,,,,,,,,,,,,,,,,,,,,13.0158695,77.565649
2025-10-17 00:00:30.957,,,,,,,,,,,,,,,0.0015478397311928,,,,,,,,,,,,,13.0158695,77.565649
2025-10-17 00:00:30.957,,,,,,,,,,,,,,,,0.0015478397311928,,,,,,,,,,,,13.0158695,77.565649
2025-10-17 00:00:30.957,,,,,,,,,,,,,,,,,0.0015633181285047,,,,,,,,,,,13.0158695,77.565649
2025-10-17 00:00:30.957,,,,,,,,,,,,,,,,,,0.0,,,,,,,,,,13.0158695,77.565649
2025-10-17 00:00:30.957,,,,,,,,,,,,,,,,,,,30.1486042034502,,,,,,,,,13.0158695,77.565649
2025-10-17 00:00:30.957,,,,,,,,,,,,,,,,,,,,,,27.36,,,,,,13.0158695,77.565649
2025-10-17 00:00:30.957,,,,,,,,,,,,,,,,,,,,,,,,32.832,,,,13.0158695,77.565649
2025-10-17 00:00:31.068,,,,,,29.8039215686275,,,,,,,,,,,,,,,,,,,,,,13.0158695,77.565649
2025-10-17 00:00:31.119,,,,,,,,,,,,,75.0,,,,,,,,,,,,,,,13.0158695,77.565649
2025-10-17 00:00:31.169,,,,,0.0979004731548731,,,,,,,,,,,,,,,,,,,,,,,13.0158695,77.565649
2025-10-17 00:00:31.169,,,,,,,,,,,,,,,,,,,,,14.793849276714,,,,,,,13.0158695,77.565649
2025-10-17 00:00:31.220,,,,,,,,,,,1894.0,,,,,,,,,,,,,,,,,13.0158695,77.565649
2025-10-17 00:00:31.220,,,,,,,,,,,,1.9,,,,,,,,,,,,,,,,13.0158695,77.565649
2025-10-17 00:00:31.280,,0.0,,,,,,,,,,,,,,,,,,,,,,,,,,13.0158695,77.565649
2025-10-17 00:00:31.280,,,,,,,,,0.0,,,,,,,,,,,,,,,,,,,13.0158695,77.565649
2025-10-17 00:00:31.280,,,,,,,,,,0.0,,,,,,,,,,,,,,,,,,13.0158695,77.565649
2025-10-17 00:00:31.280,,,,,,,,,,,,,,,,,,,,,,,,,,0.0,,13.0158695,77.565649
2025-10-17 00:00:31.280,,,,,,,,,,,,,,,,,,,,,,,,,,,0.0,13.0158695,77.565649
2025-10-17 00:00:31.336,,,,,,,,,,,,,,,,,,,,40.0,,,,,,,,13.0158695,77.565649
2025-10-17 00:00:31.387,,,,,,,2.75800904977376,,,,,,,,,,,,,,,,,,,,,13.0158695,77.565649
2025-10-17 00:00:31.387,,,,,,,,,,,,,,,0.0018776358647875,,,,,,,,,,,,,13.0158695,77.565649
2025-10-17 00:00:31.387,,,,,,,,,,,,,,,,0.0018776358647875,,,,,,,,,,,,13.0158695,77.565649
2025-10-17 00:00:31.387,,,,,,,,,,,,,,,,,0.0018964122234354,,,,,,,,,,,13.0158695,77.565649
2025-10-17 00:00:31.387,,,,,,,,,,,,,,,,,,0.0,,,,,,,,,,13.0158695,77.565649
2025-10-17 00:00:31.387,,,,,,,,,,,,,,,,,,,12.2117073591753,,,,,,,,,13.0158695,77.565649
2025-10-17 00:00:31.387,,,,,,,,,,,,,,,,,,,,,,32.08,,,,,,13.0158695,77.565649
2025-10-17 00:00:31.387,,,,,,,,,,,,,,,,,,,,,,,,38.496,,,,13.0158695,77.565649
2025-10-17 00:00:31.524,,,,,,0.784313725490196,,,,,,,,,,,,,,,,,,,,,,13.0158695,77.565649
2025-10-17 00:00:31.575,,,,,-0.772325954888447,,,,,,,,,,,,,,,,,,,,,,,13.0158695,77.565649
2025-10-17 00:00:31.575,,,,,,,,,,,,,,,,,,,,,13.923622848672,,,,,,,13.0158695,77.565649
2025-10-17 00:00:31.587,858.9,,,,,,,,,,,,,,,,,,,,,,,,,,,13.01576,77.5656833333333
2025-10-17 00:00:31.588,,,0.003445621974466,,,,,,,,,,,,,,,,,,,,,,,,,13.01576,77.5656833333333
2025-10-17 00:00:31.588,,,,,,,,,,,,,,,,,,,,,,,,,0.0,,,13.01576,77.5656833333333
2025-10-17 00:00:31.589,858.9,,,,,,,,,,,,,,,,,,,,,,,,,,,13.01576,77.5656833333333
2025-10-17 00:00:31.609,873.700012207031,,,,,,,,,,,,,,,,,,,,,,,,,,,13.01576,77.5656833333333
2025-10-17 00:00:31.609,,,0.0034435475468413,,,,,,,,,,,,,,,,,,,,,,,,,13.01576,77.5656833333333
2025-10-17 00:00:31.609,,,,,,,,,,,,,,,,,,,,,,,,,0.0,,,13.01576,77.5656833333333
2025-10-17 00:00:31.634,,,,,,,,,,,1541.0,,,,,,,,,,,,,,,,,13.01576,77.5656833333333
2025-10-17 00:00:31.634,,,,,,,,,,,,1.5,,,,,,,,,,,,,,,,13.01576,77.5656833333333
2025-10-17 00:00:31.686,,0.0,,,,,,,,,,,,,,,,,,,,,,,,,,13.01576,77.5656833333333
2025-10-17 00:00:31.686,,,,,,,,,0.0,,,,,,,,,,,,,,,,,,,13.01576,77.5656833333333
2025-10-17 00:00:31.686,,,,,,,,,,0.0,,,,,,,,,,,,,,,,,,13.01576,77.5656833333333
2025-10-17 00:00:31.686,,,,,,,,,,,,,,,,,,,,,,,,,,0.0,,13.01576,77.5656833333333
2025-10-17 00:00:31.686,,,,,,,,,,,,,,,,,,,,,,,,,,,0.0,13.01576,77.5656833333333
2025-10-17 00:00:31.741,,,,,,,,,,,,,,,,,,,,40.0,,,,,,,,13.01576,77.5656833333333
2025-10-17 00:00:31.793,,,,,,,0.0592533936651584,,,,,,,,,,,,,,,,,,,,,13.01576,77.5656833333333
2025-10-17 00:00:31.793,,,,,,,,,,,,,,,0.0018843213149176,,,,,,,,,,,,,13.01576,77.5656833333333
2025-10-17 00:00:31.793,,,,,,,,,,,,,,,,0.0018843213149176,,,,,,,,,,,,13.01576,77.5656833333333
2025-10-17 00:00:31.793,,,,,,,,,,,,,,,,,0.0019031645280668,,,,,,,,,,,13.01576,77.5656833333333
2025-10-17 00:00:31.793,,,,,,,,,,,,,,,,,,0.0,,,,,,,,,,13.01576,77.5656833333333
2025-10-17 00:00:31.793,,,,,,,,,,,,,,,,,,,0.262357769832656,,,,,,,,,13.01576,77.5656833333333
2025-10-17 00:00:31.793,,,,,,,,,,,,,,,,,,,,,,26.19,,,,,,13.01576,77.5656833333333
2025-10-17 00:00:31.793,,,,,,,,,,,,,,,,,,,,,,,,31.428,,,,13.01576,77.5656833333333
2025-10-17 00:00:31.919,,,,,,0.0,,,,,,,,,,,,,,,,,,,,,,13.01576,77.5656833333333
2025-10-17 00:00:31.978,,,,,,,,,,,,,75.0,,,,,,,,,,,,,,,13.01576,77.5656833333333
2025-10-17 00:00:32.031,,,,,-1.20743916891011,,,,,,,,,,,,,,,,,,,,,,,13.01576,77.5656833333333
2025-10-17 00:00:32.031,,,,,,,,,,,,,,,,,,,,,13.488509634651,,,,,,,13.01576,77.5656833333333
2025-10-17 00:00:32.091,873.700012207031,,,,,,,,,,,,,,,,,,,,,,,,,,,13.01576,77.5656833333333
2025-10-17 00:00:32.091,,,0.0033958461479347,,,,,,,,,,,,,,,,,,,,,,,,,13.01576,77.5656833333333
2025-10-17 00:00:32.091,,,,,,,,,,,,,,,,,,,,,,,,,0.0,,,13.01576,77.5656833333333
2025-10-17 00:00:32.100,873.700012207031,,,,,,,,,,,,,,,,,,,,,,,,,,,13.01576,77.5656833333333
2025-10-17 00:00:32.100,,,0.0033949558514403,,,,,,,,,,,,,,,,,,,,,,,,,13.01576,77.5656833333333
2025-10-17 00:00:32.100,,,,,,,,,,,,,,,,,,,,,,,,,0.0,,,13.01576,77.5656833333333
2025-10-17 00:00:32.102,873.700012207031,,,,,,,,,,,,,,,,,,,,,,,,,,,13.0158679,77.5656672
2025-10-17 00:00:32.102,,,0.003394730764903,,,,,,,,,,,,,,,,,,,,,,,,,13.0158679,77.5656672
2025-10-17 00:00:32.102,,,,,,,,,,,,,,,,,,,,,,,,,0.0,,,13.0158679,77.5656672
2025-10-17 00:00:32.103,873.700012207031,,,,,,,,,,,,,,,,,,,,,,,,,,,13.0158679,77.5656672
2025-10-17 00:00:32.108,,,,,,,,,,,1239.0,,,,,,,,,,,,,,,,,13.0158679,77.5656672
2025-10-17 00:00:32.108,,,,,,,,,,,,1.2,,,,,,,,,,,,,,,,13.0158679,77.5656672
2025-10-17 00:00:32.159,,0.0,,,,,,,,,,,,,,,,,,,,,,,,,,13.0158679,77.5656672
2025-10-17 00:00:32.159,,,,,,,,,0.0,,,,,,,,,,,,,,,,,,,13.0158679,77.5656672
2025-10-17 00:00:32.159,,,,,,,,,,0.0,,,,,,,,,,,,,,,,,,13.0158679,77.5656672
2025-10-17 00:00:32.159,,,,,,,,,,,,,,,,,,,,,,,,,,0.0,,13.0158679,77.5656672
2025-10-17 00:00:32.159,,,,,,,,,,,,,,,,,,,,,,,,,,,0.0,13.0158679,77.5656672
2025-10-17 00:00:32.214,,,,,,,,,,,,,,,,,,,,40.0,,,,,,,,13.0158679,77.5656672
2025-10-17 00:00:32.267,,,,,,,0.0,,,,,,,,,,,,,,,,,,,,,13.0158679,77.5656672
2025-10-17 00:00:32.267,,,,,,,,,,,,,,,0.0018843213149176,,,,,,,,,,,,,13.0158679,77.5656672
2025-10-17 00:00:32.267,,,,,,,,,,,,,,,,0.0018843213149176,,,,,,,,,,,,13.0158679,77.5656672
2025-10-17 00:00:32.267,,,,,,,,,,,,,,,,,0.0019031645280668,,,,,,,,,,,13.0158679,77.5656672
2025-10-17 00:00:32.267,,,,,,,,,,,,,,,,,,0.0,,,,,,,,,,13.0158679,77.5656672
2025-10-17 00:00:32.267,,,,,,,,,,,,,,,,,,,0.0,,,,,,,,,13.0158679,77.5656672
2025-10-17 00:00:32.267,,,,,,,,,,,,,,,,,,,,,,19.91,,,,,,13.0158679,77.5656672
2025-10-17 00:00:32.267,,,,,,,,,,,,,,,,,,,,,,,,23.892,,,,13.0158679,77.5656672
2025-10-17 00:00:32.384,,,,,,7.45098039215686,,,,,,,,,,,,,,,,,,,,,,13.0158679,77.5656672
2025-10-17 00:00:32.437,,,,,-1.35247690691733,,,,,,,,,,,,,,,,,,,,,,,13.0158679,77.5656672
2025-10-17 00:00:32.437,,,,,,,,,,,,,,,,,,,,,13.343471896644,,,,,,,13.0158679,77.5656672
2025-10-17 00:00:32.486,,,,,,,,,,,973.0,,,,,,,,,,,,,,,,,13.0158679,77.5656672
2025-10-17 00:00:32.486,,,,,,,,,,,,1.0,,,,,,,,,,,,,,,,13.0158679,77.5656672
2025-10-17 00:00:32.532,,0.0,,,,,,,,,,,,,,,,,,,,,,,,,,13.0158679,77.5656672
2025-10-17 00:00:32.532,,,,,,,,,0.0,,,,,,,,,,,,,,,,,,,13.0158679,77.5656672
2025-10-17 00:00:32.532,,,,,,,,,,0.0,,,,,,,,,,,,,,,,,,13.0158679,77.5656672
2025-10-17 00:00:32.532,,,,,,,,,,,,,,,,,,,,,,,,,,0.0,,13.0158679,77.5656672
2025-10-17 00:00:32.532,,,,,,,,,,,,,,,,,,,,,,,,,,,0.0,13.0158679,77.5656672
2025-10-17 00:00:32.582,,,0.0033485400612189,,,,,,,,,,,,,,,,,,,,,,,,,13.0158679,77.5656672
2025-10-17 00:00:32.582,,,,,,,,,,,,,,,,,,,,,,,,,0.0,,,13.0158679,77.5656672
2025-10-17 00:00:32.583,858.8,,,,,,,,,,,,,,,,,,,,,,,,,,,13.0158679,77.5656672
2025-10-17 00:00:32.584,,,,,,,,,,,,,,,,,,,,40.0,,,,,,,,13.0158679,77.5656672
2025-10-17 00:00:32.632,,,,,,,0.350984162895928,,,,,,,,,,,,,,,,,,,,,13.0158679,77.5656672
2025-10-17 00:00:32.632,,,,,,,,,,,,,,,0.0019198670702724,,,,,,,,,,,,,13.0158679,77.5656672
2025-10-17 00:00:32.632,,,,,,,,,,,,,,,,0.0019198670702724,,,,,,,,,,,,13.0158679,77.5656672
2025-10-17 00:00:32.632,,,,,,,,,,,,,,,,,0.0019390657409751,,,,,,,,,,,13.0158679,77.5656672
2025-10-17 00:00:32.632,,,,,,,,,,,,,,,,,,0.0,,,,,,,,,,13.0158679,77.5656672
2025-10-17 00:00:32.632,,,,,,,,,,,,,,,,,,,1.55406157399729,,,,,,,,,13.0158679,77.5656672
2025-10-17 00:00:32.632,,,,,,,,,,,,,,,,,,,,,,16.33,,,,,,13.0158679,77.5656672
2025-10-17 00:00:32.632,,,,,,,,,,,,,,,,,,,,,,,,19.596,,,,13.0158679,77.5656672
2025-10-17 00:00:32.684,873.700012207031,,,,,,,,,,,,,,,,,,,,,,,,,,,13.0158679,77.5656672
2025-10-17 00:00:32.684,,,0.003338953738347,,,,,,,,,,,,,,,,,,,,,,,,,13.0158679,77.5656672
2025-10-17 00:00:32.684,,,,,,,,,,,,,,,,,,,,,,,,,0.0,,,13.0158679,77.5656672
2025-10-17 00:00:32.737,,,,,,20.0,,,,,,,,,,,,,,,,,,,,,,13.0158679,77.5656672
2025-10-17 00:00:32.806,,,,,,,,,,,,,75.0,,,,,,,,,,,,,,,13.0158679,77.5656672
2025-10-17 00:00:32.855,,,,,-1.35247690691733,,,,,,,,,,,,,,,,,,,,,,,13.0158679,77.5656672
2025-10-17 00:00:32.855,,,,,,,,,,,,,,,,,,,,,13.343471896644,,,,,,,13.0158679,77.5656672
2025-10-17 00:00:32.905,,,,,,,,,,,896.0,,,,,,,,,,,,,,,,,13.0158679,77.5656672
2025-10-17 00:00:32.905,,,,,,,,,,,,0.9,,,,,,,,,,,,,,,,13.0158679,77.5656672
2025-10-17 00:00:32.956,,0.0,,,,,,,,,,,,,,,,,,,,,,,,,,13.0158679,77.5656672
2025-10-17 00:00:32.956,,,,,,,,,0.0,,,,,,,,,,,,,,,,,,,13.0158679,77.5656672
2025-10-17 00:00:32.956,,,,,,,,,,0.0,,,,,,,,,,,,,,,,,,13.0158679,77.5656672
2025-10-17 00:00:32.956,,,,,,,,,,,,,,,,,,,,,,,,,,0.0,,13.0158679,77.5656672
2025-10-17 00:00:32.956,,,,,,,,,,,,,,,,,,,,,,,,,,,0.0,13.0158679,77.5656672
2025-10-17 00:00:33.005,,,,,,,,,,,,,,,,,,,,40.0,,,,,,,,13.0158679,77.5656672
2025-10-17 00:00:33.078,,,,,,,0.868269230769231,,,,,,,,,,,,,,,,,,,,,13.0158679,77.5656672
2025-10-17 00:00:33.078,,,,,,,,,,,,,,,0.002027429444391,,,,,,,,,,,,,13.0158679,77.5656672
2025-10-17 00:00:33.078,,,,,,,,,,,,,,,,0.002027429444391,,,,,,,,,,,,13.0158679,77.5656672
2025-10-17 00:00:33.078,,,,,,,,,,,,,,,,,0.0020477037388349,,,,,,,,,,,13.0158679,77.5656672
2025-10-17 00:00:33.078,,,,,,,,,,,,,,,,,,0.0,,,,,,,,,,13.0158679,77.5656672
2025-10-17 00:00:33.078,,,,,,,,,,,,,,,,,,,3.84445792735882,,,,,,,,,13.0158679,77.5656672
2025-10-17 00:00:33.078,,,,,,,,,,,,,,,,,,,,,,15.05,,,,,,13.0158679,77.5656672
2025-10-17 00:00:33.078,,,,,,,,,,,,,,,,,,,,,,,,18.06,,,,13.0158679,77.5656672
2025-10-17 00:00:33.186,,,,,,31.3725490196078,,,,,,,,,,,,,,,,,,,,,,13.0158679,77.5656672
2025-10-17 00:00:33.232,,,,,-1.20743916891011,,,,,,,,,,,,,,,,,,,,,,,13.0158679,77.5656672
2025-10-17 00:00:33.232,,,,,,,,,,,,,,,,,,,,,13.488509634651,,,,,,,13.0158679,77.5656672
2025-10-17 00:00:33.276,,,,,,,,,,,864.0,,,,,,,,,,,,,,,,,13.0158679,77.5656672
2025-10-17 00:00:33.276,,,,,,,,,,,,0.9,,,,,,,,,,,,,,,,13.0158679,77.5656672
2025-10-17 00:00:33.331,,0.0,,,,,,,,,,,,,,,,,,,,,,,,,,13.0158679,77.5656672
2025-10-17 00:00:33.331,,,,,,,,,0.0,,,,,,,,,,,,,,,,,,,13.0158679,77.5656672
2025-10-17 00:00:33.331,,,,,,,,,,0.0,,,,,,,,,,,,,,,,,,13.0158679,77.5656672
2025-10-17 00:00:33.331,,,,,,,,,,,,,,,,,,,,,,,,,,0.0,,13.0158679,77.5656672
2025-10-17 00:00:33.331,,,,,,,,,,,,,,,,,,,,,,,,,,,0.0,13.0158679,77.5656672
2025-10-17 00:00:33.379,,,,,,,,,,,,,,,,,,,,40.0,,,,,,,,13.0158679,77.5656672
2025-10-17 00:00:33.481,,,,,,,1.31402714932127,,,,,,,,,,,,,,,,,,,,,13.0158679,77.5656672
2025-10-17 00:00:33.481,,,,,,,,,,,,,,,0.0021747933185991,,,,,,,,,,,,,13.0158679,77.5656672
2025-10-17 00:00:33.481,,,,,,,,,,,,,,,,0.0021747933185991,,,,,,,,,,,,13.0158679,77.5656672
2025-10-17 00:00:33.481,,,,,,,,,,,,,,,,,0.0021965412517851,,,,,,,,,,,13.0158679,77.5656672
2025-10-17 00:00:33.481,,,,,,,,,,,,,,,,,,0.0,,,,,,,,,,13.0158679,77.5656672
2025-10-17 00:00:33.481,,,,,,,,,,,,,,,,,,,5.81815168838512,,,,,,,,,13.0158679,77.5656672
2025-10-17 00:00:33.481,,,,,,,,,,,,,,,,,,,,,,14.52,,,,,,13.0158679,77.5656672
2025-10-17 00:00:33.481,,,,,,,,,,,,,,,,,,,,,,,,17.424,,,,13.0158679,77.5656672
2025-10-17 00:00:33.579,858.7,,,,,,,,,,,,,,,,,,,,,,,,,,,13.0158679,77.5656672
2025-10-17 00:00:33.579,,,0.0032565534321908,,,,,,,,,,,,,,,,,,,,,,,,,13.0158679,77.5656672
2025-10-17 00:00:33.579,,,,,,,,,,,,,,,,,,,,,,,,,0.0,,,13.0158679,77.5656672
2025-10-17 00:00:33.627,,,,,,34.5098039215686,,,,,,,,,,,,,,,,,,,,,,13.0158679,77.5656672
2025-10-17 00:00:33.660,873.700012207031,,,,,,,,,,,,,,,,,,,,,,,,,,,13.0158679,77.5656672
2025-10-17 00:00:33.660,,,0.0032492685086174,,,,,,,,,,,,,,,,,,,,,,,,,13.0158679,77.5656672
2025-10-17 00:00:33.660,,,,,,,,,,,,,,,,,,,,,,,,,0.0,,,13.0158679,77.5656672
2025-10-17 00:00:33.668,,,,,,,,,,,,,75.0,,,,,,,,,,,,,,,13.0158679,77.5656672
2025-10-17 00:00:33.719,,,,,-1.06240143090289,,,,,,,,,,,,,,,,,,,,,,,13.0158679,77.5656672
2025-10-17 00:00:33.719,,,,,,,,,,,,,,,,,,,,,13.633547372658,,,,,,,13.0158679,77.5656672
2025-10-17 00:00:33.782,,,,,,,,,,,833.0,,,,,,,,,,,,,,,,,13.0158679,77.5656672
2025-10-17 00:00:33.782,,,,,,,,,,,,0.8,,,,,,,,,,,,,,,,13.0158679,77.5656672
2025-10-17 00:00:33.829,,0.0,,,,,,,,,,,,,,,,,,,,,,,,,,13.0158679,77.5656672
2025-10-17 00:00:33.829,,,,,,,,,0.0,,,,,,,,,,,,,,,,,,,13.0158679,77.5656672
2025-10-17 00:00:33.829,,,,,,,,,,0.0,,,,,,,,,,,,,,,,,,13.0158679,77.5656672
2025-10-17 00:00:33.829,,,,,,,,,,,,,,,,,,,,,,,,,,0.0,,13.0158679,77.5656672
2025-10-17 00:00:33.829,,,,,,,,,,,,,,,,,,,,,,,,,,,0.0,13.0158679,77.5656672
2025-10-17 00:00:33.878,,,,,,,,,,,,,,,,,,,,40.0,,,,,,,,13.0158679,77.5656672
2025-10-17 00:00:33.928,,,,,,,1.39864253393665,,,,,,,,,,,,,,,,,,,,,13.0158679,77.5656672
2025-10-17 00:00:33.928,,,,,,,,,,,,,,,0.0023485735267565,,,,,,,,,,,,,13.0158679,77.5656672
2025-10-17 00:00:33.928,,,,,,,,,,,,,,,,0.0023485735267565,,,,,,,,,,,,13.0158679,77.5656672
2025-10-17 00:00:33.928,,,,,,,,,,,,,,,,,0.0023720592620241,,,,,,,,,,,13.0158679,77.5656672
2025-10-17 00:00:33.928,,,,,,,,,,,,,,,,,,0.0,,,,,,,,,,13.0158679,77.5656672
2025-10-17 00:00:33.928,,,,,,,,,,,,,,,,,,,6.19280539559174,,,,,,,,,13.0158679,77.5656672
2025-10-17 00:00:33.928,,,,,,,,,,,,,,,,,,,,,,14.05,,,,,,13.0158679,77.5656672
2025-10-17 00:00:33.928,,,,,,,,,,,,,,,,,,,,,,,,16.86,,,,13.0158679,77.5656672
2025-10-17 00:00:34.079,,,,,,36.078431372549,,,,,,,,,,,,,,,,,,,,,,13.0158679,77.5656672
2025-10-17 00:00:34.162,,,,,,,,,,,,,75.0,,,,,,,,,,,,,,,13.0158679,77.5656672
2025-10-17 00:00:34.249,,,,,-1.06240143090289,,,,,,,,,,,,,,,,,,,,,,,13.0158679,77.5656672
2025-10-17 00:00:34.249,,,,,,,,,,,,,,,,,,,,,13.633547372658,,,,,,,13.0158679,77.5656672
2025-10-17 00:00:34.322,,,,,,,,,,,825.0,,,,,,,,,,,,,,,,,13.0158679,77.5656672
2025-10-17 00:00:34.322,,,,,,,,,,,,0.8,,,,,,,,,,,,,,,,13.0158679,77.5656672
2025-10-17 00:00:34.408,,0.0,,,,,,,,,,,,,,,,,,,,,,,,,,13.0158679,77.5656672
2025-10-17 00:00:34.408,,,,,,,,,0.0,,,,,,,,,,,,,,,,,,,13.0158679,77.5656672
2025-10-17 00:00:34.408,,,,,,,,,,0.0,,,,,,,,,,,,,,,,,,13.0158679,77.5656672
2025-10-17 00:00:34.408,,,,,,,,,,,,,,,,,,,,,,,,,,0.0,,13.0158679,77.5656672
2025-10-17 00:00:34.408,,,,,,,,,,,,,,,,,,,,,,,,,,,0.0,13.0158679,77.5656672
2025-10-17 00:00:34.483,,,,,,,,,,,,,,,,,,,,40.0,,,,,,,,13.0158679,77.5656672
2025-10-17 00:00:34.566,,,,,,,1.47678733031674,,,,,,,,,,,,,,,,,,,,,13.0158679,77.5656672
2025-10-17 00:00:34.566,,,,,,,,,,,,,,,0.0026101222851388,,,,,,,,,,,,,13.0158679,77.5656672
2025-10-17 00:00:34.566,,,,,,,,,,,,,,,,0.0026101222851388,,,,,,,,,,,,13.0158679,77.5656672
2025-10-17 00:00:34.566,,,,,,,,,,,,,,,,,0.0026362235079902,,,,,,,,,,,13.0158679,77.5656672
2025-10-17 00:00:34.566,,,,,,,,,,,,,,,,,,0.0,,,,,,,,,,13.0158679,77.5656672
2025-10-17 00:00:34.566,,,,,,,,,,,,,,,,,,,6.53880911342373,,,,,,,,,13.0158679,77.5656672
2025-10-17 00:00:34.566,,,,,,,,,,,,,,,,,,,,,,14.19,,,,,,13.0158679,77.5656672
2025-10-17 00:00:34.566,,,,,,,,,,,,,,,,,,,,,,,,17.028,,,,13.0158679,77.5656672
2025-10-17 00:00:34.603,858.6,,,,,,,,,,,,,,,,,,,,,,,,,,,13.0158679,77.5656672
2025-10-17 00:00:34.603,,,0.0031671186084234,,,,,,,,,,,,,,,,,,,,,,,,,13.0158679,77.5656672
2025-10-17 00:00:34.603,,,,,,,,,,,,,,,,,,,,,,,,,0.0,,,13.0158679,77.5656672
2025-10-17 00:00:34.604,858.6,,,,,,,,,,,,,,,,,,,,,,,,,,,13.0158679,77.5656672
2025-10-17 00:00:34.604,,,0.0031670810758591,,,,,,,,,,,,,,,,,,,,,,,,,13.0158679,77.5656672
2025-10-17 00:00:34.604,,,,,,,,,,,,,,,,,,,,,,,,,0.0,,,13.0158679,77.5656672
2025-10-17 00:00:34.634,,,0.003164464821597,,,,,,,,,,,,,,,,,,,,,,,,,13.0158679,77.5656672
2025-10-17 00:00:34.634,,,,,,,,,,,,,,,,,,,,,,,,,0.0,,,13.0158679,77.5656672
2025-10-17 00:00:34.635,873.700012207031,,,,,,,,,,,,,,,,,,,,,,,,,,,13.0158679,77.5656672
2025-10-17 00:00:34.647,,,,,,,,0.0,,,,,,,,,,,,,,,,,,,,13.0158679,77.5656672
2025-10-17 00:00:34.696,873.700012207031,,,,,,,,,,,,,,,,,,,,,,,,,,,13.0158679,77.5656672
2025-10-17 00:00:34.696,,,0.0031592464419814,,,,,,,,,,,,,,,,,,,,,,,,,13.0158679,77.5656672
2025-10-17 00:00:34.696,,,,,,,,,,,,,,,,,,,,,,,,,0.0,,,13.0158679,77.5656672
2025-10-17 00:00:34.729,,,,,,,,,,,,,,4369.98704615091,,,,,,,,,,,,,,13.0158679,77.5656672
2025-10-17 00:00:34.837,,,,,,36.078431372549,,,,,,,,,,,,,,,,,,,,,,13.0158679,77.5656672
2025-10-17 00:00:34.888,,,,,-0.917363692895667,,,,,,,,,,,,,,,,,,,,,,,13.0158679,77.5656672
2025-10-17 00:00:34.888,,,,,,,,,,,,,,,,,,,,,13.778585110665,,,,,,,13.0158679,77.5656672
2025-10-17 00:00:34.940,,,,,,,,,,,824.0,,,,,,,,,,,,,,,,,13.0158679,77.5656672
2025-10-17 00:00:34.940,,,,,,,,,,,,0.8,,,,,,,,,,,,,,,,13.0158679,77.5656672
2025-10-17 00:00:34.993,,0.0,,,,,,,,,,,,,,,,,,,,,,,,,,13.0158679,77.5656672
2025-10-17 00:00:34.993,,,,,,,,,0.0,,,,,,,,,,,,,,,,,,,13.0158679,77.5656672
2025-10-17 00:00:34.993,,,,,,,,,,0.0,,,,,,,,,,,,,,,,,,13.0158679,77.5656672
2025-10-17 00:00:34.993,,,,,,,,,,,,,,,,,,,,,,,,,,0.0,,13.0158679,77.5656672
2025-10-17 00:00:34.993,,,,,,,,,,,,,,,,,,,,,,,,,,,0.0,13.0158679,77.5656672
2025-10-17 00:00:35.059,,,,,,,,,,,,,,,,,,,,40.0,,,,,,,,13.0158679,77.5656672
2025-10-17 00:00:35.143,,,,,,,1.46221719457014,,,,,,,,,,,,,,,,,,,,,13.0158679,77.5656672
2025-10-17 00:00:35.143,,,,,,,,,,,,,,,0.0028441841842967,,,,,,,,,,,,,13.0158679,77.5656672
2025-10-17 00:00:35.143,,,,,,,,,,,,,,,,0.0028441841842967,,,,,,,,,,,,13.0158679,77.5656672
2025-10-17 00:00:35.143,,,,,,,,,,,,,,,,,0.0028726260261397,,,,,,,,,,,13.0158679,77.5656672
2025-10-17 00:00:35.143,,,,,,,,,,,,,,,,,,0.0,,,,,,,,,,13.0158679,77.5656672
2025-10-17 00:00:35.143,,,,,,,,,,,,,,,,,,,6.47429654993682,,,,,,,,,13.0158679,77.5656672
2025-10-17 00:00:35.143,,,,,,,,,,,,,,,,,,,,,,14.05,,,,,,13.0158679,77.5656672
2025-10-17 00:00:35.143,,,,,,,,,,,,,,,,,,,,,,,,16.86,,,,13.0158679,77.5656672
2025-10-17 00:00:35.299,,,,,,35.6862745098039,,,,,,,,,,,,,,,,,,,,,,13.0158679,77.5656672
2025-10-17 00:00:35.381,,,,,,,,,,,,,75.0,,,,,,,,,,,,,,,13.0158679,77.5656672
2025-10-17 00:00:35.464,,,,,-0.917363692895667,,,,,,,,,,,,,,,,,,,,,,,13.0158679,77.5656672
2025-10-17 00:00:35.464,,,,,,,,,,,,,,,,,,,,,13.778585110665,,,,,,,13.0158679,77.5656672
2025-10-17 00:00:35.545,,,,,,,,,,,826.0,,,,,,,,,,,,,,,,,13.0158679,77.5656672
2025-10-17 00:00:35.545,,,,,,,,,,,,0.8,,,,,,,,,,,,,,,,13.0158679,77.5656672
2025-10-17 00:00:35.577,,,0.0135416462556364,,,,,,,,,,,,,,,,,,,,,,,,,13.0157683333333,77.5656783333333
2025-10-17 00:00:35.577,,,,,,,,,,,,,,,,,,,,,,,,,0.453985011577606,,,13.0157683333333,77.5656783333333
2025-10-17 00:00:35.578,858.6,,,,,,,,,,,,,,,,,,,,,,,,,,,13.0157683333333,77.5656783333333
2025-10-17 00:00:35.579,858.6,,,,,,,,,,,,,,,,,,,,,,,,,,,13.0157683333333,77.5656783333333
2025-10-17 00:00:35.579,,,0.0135560313663323,,,,,,,,,,,,,,,,,,,,,,,,,13.0157683333333,77.5656783333333
2025-10-17 00:00:35.579,,,,,,,,,,,,,,,,,,,,,,,,,0.453985011577606,,,13.0157683333333,77.5656783333333
2025-10-17 00:00:35.596,873.700012207031,,,,,,,,,,,,,,,,,,,,,,,,,,,13.0157683333333,77.5656783333333
2025-10-17 00:00:35.596,,,0.0135499213782546,,,,,,,,,,,,,,,,,,,,,,,,,13.0157683333333,77.5656783333333
2025-10-17 00:00:35.596,,,,,,,,,,,,,,,,,,,,,,,,,0.0,,,13.0157683333333,77.5656783333333
2025-10-17 00:00:35.614,,0.0,,,,,,,,,,,,,,,,,,,,,,,,,,13.0157683333333,77.5656783333333
2025-10-17 00:00:35.614,,,,,,,,,0.0,,,,,,,,,,,,,,,,,,,13.0157683333333,77.5656783333333
2025-10-17 00:00:35.614,,,,,,,,,,0.0,,,,,,,,,,,,,,,,,,13.0157683333333,77.5656783333333
2025-10-17 00:00:35.614,,,,,,,,,,,,,,,,,,,,,,,,,,0.0,,13.0157683333333,77.5656783333333
2025-10-17 00:00:35.614,,,,,,,,,,,,,,,,,,,,,,,,,,,0.0,13.0157683333333,77.5656783333333
2025-10-17 00:00:35.710,,,,,,,,,,,,,,,,,,,,40.0,,,,,,,,13.0157683333333,77.5656783333333
2025-10-17 00:00:35.793,,,,,,,1.46073529411765,,,,,,,,,,,,,,,,,,,,,13.0157683333333,77.5656783333333
2025-10-17 00:00:35.793,,,,,,,,,,,,,,,0.0031080393973359,,,,,,,,,,,,,13.0157683333333,77.5656783333333
2025-10-17 00:00:35.793,,,,,,,,,,,,,,,,0.0031080393973359,,,,,,,,,,,,13.0157683333333,77.5656783333333
2025-10-17 00:00:35.793,,,,,,,,,,,,,,,,,0.0031391197913093,,,,,,,,,,,13.0157683333333,77.5656783333333
2025-10-17 00:00:35.793,,,,,,,,,,,,,,,,,,0.0,,,,,,,,,,13.0157683333333,77.5656783333333
2025-10-17 00:00:35.793,,,,,,,,,,,,,,,,,,,6.4677351013213,,,,,,,,,13.0157683333333,77.5656783333333
2025-10-17 00:00:35.793,,,,,,,,,,,,,,,,,,,,,,14.19,,,,,,13.0157683333333,77.5656783333333
2025-10-17 00:00:35.793,,,,,,,,,,,,,,,,,,,,,,,,17.028,,,,13.0157683333333,77.5656783333333
2025-10-17 00:00:35.869,,,,,,,,0.0,,,,,,,,,,,,,,,,,,,,13.0157683333333,77.5656783333333
2025-10-17 00:00:35.943,,,,,,,,,,,,,,4210.44553434321,,,,,,,,,,,,,,13.0157683333333,77.5656783333333
2025-10-17 00:00:36.020,,,,13.05339642063,,,,,,,,,,,,,,,,,,,,,,,,13.0157683333333,77.5656783333333
2025-10-17 00:00:36.134,,,,,,35.6862745098039,,,,,,,,,,,,,,,,,,,,,,13.0157683333333,77.5656783333333
2025-10-17 00:00:36.184,,,,,0.7251886900361,,,,,,,,,,,,,,,,,,,,,,,13.0157683333333,77.5656783333333
2025-10-17 00:00:36.184,,,,,,,,,,,,,,,,,,,,,13.778585110665,,,,,,,13.0157683333333,77.5656783333333
2025-10-17 00:00:36.236,,,,,,,,,,,828.0,,,,,,,,,,,,,,,,,13.0157683333333,77.5656783333333
2025-10-17 00:00:36.236,,,,,,,,,,,,0.8,,,,,,,,,,,,,,,,13.0157683333333,77.5656783333333
2025-10-17 00:00:36.325,,,,,,36.078431372549,,,,,,,,,,,,,,,,,,,,,,13.0157683333333,77.5656783333333
2025-10-17 00:00:36.409,,,,,,,,,,,,,75.0,,,,,,,,,,,,,,,13.0157683333333,77.5656783333333
2025-10-17 00:00:36.482,,,,,0.7251886900361,,,,,,,,,,,,,,,,,,,,,,,13.0157683333333,77.5656783333333
2025-10-17 00:00:36.482,,,,,,,,,,,,,,,,,,,,,13.778585110665,,,,,,,13.0157683333333,77.5656783333333
2025-10-17 00:00:36.554,,,,,,,,,,,824.0,,,,,,,,,,,,,,,,,13.0157683333333,77.5656783333333
2025-10-17 00:00:36.554,,,,,,,,,,,,0.8,,,,,,,,,,,,,,,,13.0157683333333,77.5656783333333
2025-10-17 00:00:36.590,,,0.0132068747276956,,,,,,,,,,,,,,,,,,,,,,,,,13.015765,77.56568
2025-10-17 00:00:36.590,,,,,,,,,,,,,,,,,,,,,,,,,0.0,,,13.015765,77.56568
2025-10-17 00:00:36.591,859.1,,,,,,,,,,,,,,,,,,,,,,,,,,,13.015765,77.56568
2025-10-17 00:00:36.591,,,0.0132065644345573,,,,,,,,,,,,,,,,,,,,,,,,,13.015765,77.56568
2025-10-17 00:00:36.591,,,,,,,,,,,,,,,,,,,,,,,,,0.0,,,13.015765,77.56568
2025-10-17 00:00:36.592,859.1,,,,,,,,,,,,,,,,,,,,,,,,,,,13.015765,77.56568
2025-10-17 00:00:36.604,873.700012207031,,,,,,,,,,,,,,,,,,,,,,,,,,,13.015765,77.56568
2025-10-17 00:00:36.604,,,0.0132024308252676,,,,,,,,,,,,,,,,,,,,,,,,,13.015765,77.56568
2025-10-17 00:00:36.604,,,,,,,,,,,,,,,,,,,,,,,,,0.0,,,13.015765,77.56568
2025-10-17 00:00:36.622,,0.0,,,,,,,,,,,,,,,,,,,,,,,,,,13.015765,77.56568
2025-10-17 00:00:36.622,,,,,,,,,0.0,,,,,,,,,,,,,,,,,,,13.015765,77.56568
2025-10-17 00:00:36.622,,,,,,,,,,0.0,,,,,,,,,,,,,,,,,,13.015765,77.56568
2025-10-17 00:00:36.622,,,,,,,,,,,,,,,,,,,,,,,,,,0.0,,13.015765,77.56568
2025-10-17 00:00:36.622,,,,,,,,,,,,,,,,,,,,,,,,,,,0.0,13.015765,77.56568
2025-10-17 00:00:36.699,,,,,,,,,,,,,,,,,,,,40.0,,,,,,,,13.015765,77.56568
2025-10-17 00:00:36.782,,,,,,,1.46533936651584,,,,,,,,,,,,,,,,,,,,,13.015765,77.56568
2025-10-17 00:00:36.782,,,,,,,,,,,,,,,0.0035109122725496,,,,,,,,,,,,,13.015765,77.56568
2025-10-17 00:00:36.782,,,,,,,,,,,,,,,,0.0035109122725496,,,,,,,,,,,,13.015765,77.56568
2025-10-17 00:00:36.782,,,,,,,,,,,,,,,,,0.0035460213952751,,,,,,,,,,,13.015765,77.56568
2025-10-17 00:00:36.782,,,,,,,,,,,,,,,,,,0.0,,,,,,,,,,13.015765,77.56568
2025-10-17 00:00:36.782,,,,,,,,,,,,,,,,,,,6.48812067068402,,,,,,,,,13.015765,77.56568
2025-10-17 00:00:36.782,,,,,,,,,,,,,,,,,,,,,,14.08,,,,,,13.015765,77.56568
2025-10-17 00:00:36.782,,,,,,,,,,,,,,,,,,,,,,,,16.896,,,,13.015765,77.56568
2025-10-17 00:00:36.874,,,,,,,,0.0,,,,,,,,,,,,,,,,,,,,13.015765,77.56568
2025-10-17 00:00:36.961,,,,,,,,,,,,,,4306.17044142783,,,,,,,,,,,,,,13.015765,77.56568
2025-10-17 00:00:37.033,,,,13.05339642063,,,,,,,,,,,,,,,,,,,,,,,,13.015765,77.56568
2025-10-17 00:00:37.078,,,,,,35.6862745098039,,,,,,,,,,,,,,,,,,,,,,13.015765,77.56568
2025-10-17 00:00:37.123,,,,,0.7251886900361,,,,,,,,,,,,,,,,,,,,,,,13.015765,77.56568
2025-10-17 00:00:37.123,,,,,,,,,,,,,,,,,,,,,13.778585110665,,,,,,,13.015765,77.56568
2025-10-17 00:00:37.170,,,,,,,,,,,826.0,,,,,,,,,,,,,,,,,13.015765,77.56568
2025-10-17 00:00:37.170,,,,,,,,,,,,0.8,,,,,,,,,,,,,,,,13.015765,77.56568
2025-10-17 00:00:37.248,,0.0,,,,,,,,,,,,,,,,,,,,,,,,,,13.015765,77.56568
2025-10-17 00:00:37.248,,,,,,,,,0.0,,,,,,,,,,,,,,,,,,,13.015765,77.56568
2025-10-17 00:00:37.248,,,,,,,,,,0.0,,,,,,,,,,,,,,,,,,13.015765,77.56568
2025-10-17 00:00:37.248,,,,,,,,,,,,,,,,,,,,,,,,,,0.0,,13.015765,77.56568
2025-10-17 00:00:37.248,,,,,,,,,,,,,,,,,,,,,,,,,,,0.0,13.015765,77.56568
2025-10-17 00:00:37.336,,,,,,,,,,,,,,,,,,,,40.0,,,,,,,,13.015765,77.56568
2025-10-17 00:00:37.433,,,,,,,1.45455882352941,,,,,,,,,,,,,,,,,,,,,13.015765,77.56568
2025-10-17 00:00:37.433,,,,,,,,,,,,,,,0.0037737283850864,,,,,,,,,,,,,13.015765,77.56568
2025-10-17 00:00:37.433,,,,,,,,,,,,,,,,0.0037737283850864,,,,,,,,,,,,13.015765,77.56568
2025-10-17 00:00:37.433,,,,,,,,,,,,,,,,,0.0038114656689372,,,,,,,,,,,13.015765,77.56568
2025-10-17 00:00:37.433,,,,,,,,,,,,,,,,,,0.0,,,,,,,,,,13.015765,77.56568
2025-10-17 00:00:37.433,,,,,,,,,,,,,,,,,,,6.44038738419098,,,,,,,,,13.015765,77.56568
2025-10-17 00:00:37.433,,,,,,,,,,,,,,,,,,,,,,14.13,,,,,,13.015765,77.56568
2025-10-17 00:00:37.433,,,,,,,,,,,,,,,,,,,,,,,,16.956,,,,13.015765,77.56568
2025-10-17 00:00:37.459,873.700012207031,,,,,,,,,,,,,,,,,,,,,,,,,,,13.015765,77.56568
2025-10-17 00:00:37.459,,,0.0129211137792538,,,,,,,,,,,,,,,,,,,,,,,,,13.015765,77.56568
2025-10-17 00:00:37.459,,,,,,,,,,,,,,,,,,,,,,,,,0.0,,,13.015765,77.56568
2025-10-17 00:00:37.460,873.700012207031,,,,,,,,,,,,,,,,,,,,,,,,,,,13.0158602,77.5656731
2025-10-17 00:00:37.461,873.700012207031,,,,,,,,,,,,,,,,,,,,,,,,,,,13.0158602,77.5656731
2025-10-17 00:00:37.461,,,0.0129204898472011,,,,,,,,,,,,,,,,,,,,,,,,,13.0158602,77.5656731
2025-10-17 00:00:37.461,,,,,,,,,,,,,,,,,,,,,,,,,0.0,,,13.0158602,77.5656731
2025-10-17 00:00:37.462,873.700012207031,,,,,,,,,,,,,,,,,,,,,,,,,,,13.0158602,77.5656731
2025-10-17 00:00:37.462,,,0.0129202327622508,,,,,,,,,,,,,,,,,,,,,,,,,13.0158602,77.5656731
2025-10-17 00:00:37.462,,,,,,,,,,,,,,,,,,,,,,,,,0.0,,,13.0158602,77.5656731
2025-10-17 00:00:37.510,,,,,,,,0.0,,,,,,,,,,,,,,,,,,,,13.0158602,77.5656731
2025-10-17 00:00:37.583,,,,,,,,,,,,,,4401.89534851245,,,,,,,,,,,,,,13.0158602,77.5656731
2025-10-17 00:00:37.609,859.3,,,,,,,,,,,,,,,,,,,,,,,,,,,13.0157683333333,77.5656766666667
2025-10-17 00:00:37.610,859.3,,,,,,,,,,,,,,,,,,,,,,,,,,,13.0157683333333,77.5656766666667
2025-10-17 00:00:37.610,,,0.0128727892898055,,,,,,,,,,,,,,,,,,,,,,,,,13.0157683333333,77.5656766666667
2025-10-17 00:00:37.610,,,,,,,,,,,,,,,,,,,,,,,,,0.0,,,13.0157683333333,77.5656766666667
2025-10-17 00:00:37.611,873.700012207031,,,,,,,,,,,,,,,,,,,,,,,,,,,13.0157683333333,77.5656766666667
2025-10-17 00:00:37.611,,,0.0128724421185899,,,,,,,,,,,,,,,,,,,,,,,,,13.0157683333333,77.5656766666667
2025-10-17 00:00:37.611,,,,,,,,,,,,,,,,,,,,,,,,,0.0,,,13.0157683333333,77.5656766666667
2025-10-17 00:00:37.614,873.700012207031,,,,,,,,,,,,,,,,,,,,,,,,,,,13.0157683333333,77.5656766666667
2025-10-17 00:00:37.614,,,0.0128716488371746,,,,,,,,,,,,,,,,,,,,,,,,,13.0157683333333,77.5656766666667
2025-10-17 00:00:37.614,,,,,,,,,,,,,,,,,,,,,,,,,0.0,,,13.0157683333333,77.5656766666667
2025-10-17 00:00:37.618,873.700012207031,,,,,,,,,,,,,,,,,,,,,,,,,,,13.0157683333333,77.5656766666667
2025-10-17 00:00:37.618,,,0.0128702978651242,,,,,,,,,,,,,,,,,,,,,,,,,13.0157683333333,77.5656766666667
2025-10-17 00:00:37.618,,,,,,,,,,,,,,,,,,,,,,,,,0.0,,,13.0157683333333,77.5656766666667
2025-10-17 00:00:37.663,,,,13.05339642063,,,,,,,,,,,,,,,,,,,,,,,,13.0157683333333,77.5656766666667
2025-10-17 00:00:37.814,,,,,,36.078431372549,,,,,,,,,,,,,,,,,,,,,,13.0157683333333,77.5656766666667
2025-10-17 00:00:37.835,873.700012207031,,,,,,,,,,,,,,,,,,,,,,,,,,,13.0158602,77.5656731
2025-10-17 00:00:37.875,,0.0,,,,,,,,,,,,,,,,,,,,,,,,,,13.0158602,77.5656731
2025-10-17 00:00:37.875,,,,,,,,,0.0,,,,,,,,,,,,,,,,,,,13.0158602,77.5656731
2025-10-17 00:00:37.875,,,,,,,,,,0.0,,,,,,,,,,,,,,,,,,13.0158602,77.5656731
2025-10-17 00:00:37.875,,,,,,,,,,,,,,,,,,,,,,,,,,0.0,,13.0158602,77.5656731
2025-10-17 00:00:37.875,,,,,,,,,,,,,,,,,,,,,,,,,,,0.0,13.0158602,77.5656731
2025-10-17 00:00:37.928,,,,,,,,,,,,,,,,,,,,40.0,,,,,,,,13.0158602,77.5656731
2025-10-17 00:00:37.968,,,,,,,1.46846153846154,,,,,,,,,,,,,,,,,,,,,13.0158602,77.5656731
2025-10-17 00:00:37.968,,,,,,,,,,,,,,,0.003991869244018,,,,,,,,,,,,,13.0158602,77.5656731
2025-10-17 00:00:37.968,,,,,,,,,,,,,,,,0.003991869244018,,,,,,,,,,,,13.0158602,77.5656731
2025-10-17 00:00:37.968,,,,,,,,,,,,,,,,,0.0040317879364582,,,,,,,,,,,13.0158602,77.5656731
2025-10-17 00:00:37.968,,,,,,,,,,,,,,,,,,0.0,,,,,,,,,,13.0158602,77.5656731
2025-10-17 00:00:37.968,,,,,,,,,,,,,,,,,,,6.50194479143121,,,,,,,,,13.0158602,77.5656731
2025-10-17 00:00:37.968,,,,,,,,,,,,,,,,,,,,,,14.11,,,,,,13.0158602,77.5656731
2025-10-17 00:00:37.968,,,,,,,,,,,,,,,,,,,,,,,,16.932,,,,13.0158602,77.5656731
2025-10-17 00:00:38.039,,,,,,,,0.0,,,,,,,,,,,,,,,,,,,,13.0158602,77.5656731
2025-10-17 00:00:38.113,,,,,,,,,,,,,,4465.71195323553,,,,,,,,,,,,,,13.0158602,77.5656731
2025-10-17 00:00:38.200,,,,13.05339642063,,,,,,,,,,,,,,,,,,,,,,,,13.0158602,77.5656731
2025-10-17 00:00:38.262,,,,,,35.2941176470588,,,,,,,,,,,,,,,,,,,,,,13.0158602,77.5656731
2025-10-17 00:00:38.312,,0.0,,,,,,,,,,,,,,,,,,,,,,,,,,13.0158602,77.5656731
2025-10-17 00:00:38.312,,,,,,,,,0.0,,,,,,,,,,,,,,,,,,,13.0158602,77.5656731
2025-10-17 00:00:38.312,,,,,,,,,,0.0,,,,,,,,,,,,,,,,,,13.0158602,77.5656731
2025-10-17 00:00:38.312,,,,,,,,,,,,,,,,,,,,,,,,,,0.0,,13.0158602,77.5656731
2025-10-17 00:00:38.312,,,,,,,,,,,,,,,,,,,,,,,,,,,0.0,13.0158602,77.5656731
2025-10-17 00:00:38.360,,,,,,,,,,,,,,,,,,,,40.0,,,,,,,,13.0158602,77.5656731
2025-10-17 00:00:38.421,,,,,,,1.43042986425339,,,,,,,,,,,,,,,,,,,,,13.0158602,77.5656731
2025-10-17 00:00:38.421,,,,,,,,,,,,,,,0.0041718494658789,,,,,,,,,,,,,13.0158602,77.5656731
2025-10-17 00:00:38.421,,,,,,,,,,,,,,,,0.0041718494658789,,,,,,,,,,,,13.0158602,77.5656731
2025-10-17 00:00:38.421,,,,,,,,,,,,,,,,,0.0042135679605376,,,,,,,,,,,13.0158602,77.5656731
2025-10-17 00:00:38.421,,,,,,,,,,,,,,,,,,0.0,,,,,,,,,,13.0158602,77.5656731
2025-10-17 00:00:38.421,,,,,,,,,,,,,,,,,,,6.33355097276428,,,,,,,,,13.0158602,77.5656731
2025-10-17 00:00:38.421,,,,,,,,,,,,,,,,,,,,,,14.05,,,,,,13.0158602,77.5656731
2025-10-17 00:00:38.421,,,,,,,,,,,,,,,,,,,,,,,,16.86,,,,13.0158602,77.5656731
2025-10-17 00:00:38.476,,,,,,,,0.0,,,,,,,,,,,,,,,,,,,,13.0158602,77.5656731
2025-10-17 00:00:38.525,,,,,,,,,,,,,,4240.90345932468,,,,,,,,,,,,,,13.0158602,77.5656731
2025-10-17 00:00:38.582,,,,13.05339642063,,,,,,,,,,,,,,,,,,,,,,,,13.0158602,77.5656731
2025-10-17 00:00:38.591,,,0.0125668714987483,,,,,,,,,,,,,,,,,,,,,,,,,13.0158602,77.5656731
2025-10-17 00:00:38.591,,,,,,,,,,,,,,,,,,,,,,,,,0.0,,,13.0158602,77.5656731
2025-10-17 00:00:38.592,859.4,,,,,,,,,,,,,,,,,,,,,,,,,,,13.0158602,77.5656731
2025-10-17 00:00:38.632,,,,,,35.6862745098039,,,,,,,,,,,,,,,,,,,,,,13.0158602,77.5656731
2025-10-17 00:00:38.649,873.700012207031,,,,,,,,,,,,,,,,,,,,,,,,,,,13.0158602,77.5656731
2025-10-17 00:00:38.649,,,0.0125493307039636,,,,,,,,,,,,,,,,,,,,,,,,,13.0158602,77.5656731
2025-10-17 00:00:38.649,,,,,,,,,,,,,,,,,,,,,,,,,0.0,,,13.0158602,77.5656731
2025-10-17 00:00:38.692,,0.0,,,,,,,,,,,,,,,,,,,,,,,,,,13.0158602,77.5656731
2025-10-17 00:00:38.692,,,,,,,,,0.0,,,,,,,,,,,,,,,,,,,13.0158602,77.5656731
2025-10-17 00:00:38.692,,,,,,,,,,0.0,,,,,,,,,,,,,,,,,,13.0158602,77.5656731
2025-10-17 00:00:38.692,,,,,,,,,,,,,,,,,,,,,,,,,,0.0,,13.0158602,77.5656731
2025-10-17 00:00:38.692,,,,,,,,,,,,,,,,,,,,,,,,,,,0.0,13.0158602,77.5656731
2025-10-17 00:00:38.744,,,,,,,,,,,,,,,,,,,,40.0,,,,,,,,13.0158602,77.5656731
2025-10-17 00:00:38.792,,,,,,,1.4525,,,,,,,,,,,,,,,,,,,,,13.0158602,77.5656731
2025-10-17 00:00:38.792,,,,,,,,,,,,,,,0.0043217873289344,,,,,,,,,,,,,13.0158602,77.5656731
2025-10-17 00:00:38.792,,,,,,,,,,,,,,,,0.0043217873289344,,,,,,,,,,,,13.0158602,77.5656731
2025-10-17 00:00:38.792,,,,,,,,,,,,,,,,,0.0043650052022238,,,,,,,,,,,13.0158602,77.5656731
2025-10-17 00:00:38.792,,,,,,,,,,,,,,,,,,0.0,,,,,,,,,,13.0158602,77.5656731
2025-10-17 00:00:38.792,,,,,,,,,,,,,,,,,,,6.43127147848088,,,,,,,,,13.0158602,77.5656731
2025-10-17 00:00:38.792,,,,,,,,,,,,,,,,,,,,,,14.11,,,,,,13.0158602,77.5656731
2025-10-17 00:00:38.792,,,,,,,,,,,,,,,,,,,,,,,,16.932,,,,13.0158602,77.5656731
2025-10-17 00:00:38.848,,,,,,,,0.0,,,,,,,,,,,,,,,,,,,,13.0158602,77.5656731
2025-10-17 00:00:38.897,,,,,,,,,,,,,,4465.71195323553,,,,,,,,,,,,,,13.0158602,77.5656731
2025-10-17 00:00:38.953,,,,13.05339642063,,,,,,,,,,,,,,,,,,,,,,,,13.0158602,77.5656731
2025-10-17 00:00:38.996,,,,,,35.2941176470588,,,,,,,,,,,,,,,,,,,,,,13.0158602,77.5656731
2025-10-17 00:00:39.040,,0.0,,,,,,,,,,,,,,,,,,,,,,,,,,13.0158602,77.5656731
2025-10-17 00:00:39.040,,,,,,,,,0.0,,,,,,,,,,,,,,,,,,,13.0158602,77.5656731
2025-10-17 00:00:39.040,,,,,,,,,,0.0,,,,,,,,,,,,,,,,,,13.0158602,77.5656731
2025-10-17 00:00:39.040,,,,,,,,,,,,,,,,,,,,,,,,,,0.0,,13.0158602,77.5656731
2025-10-17 00:00:39.040,,,,,,,,,,,,,,,,,,,,,,,,,,,0.0,13.0158602,77.5656731
2025-10-17 00:00:39.085,,,,,,,,,,,,,,,,,,,,40.0,,,,,,,,13.0158602,77.5656731
2025-10-17 00:00:39.131,,,,,,,1.43857466063348,,,,,,,,,,,,,,,,,,,,,13.0158602,77.5656731
2025-10-17 00:00:39.131,,,,,,,,,,,,,,,0.0044572510315362,,,,,,,,,,,,,13.0158602,77.5656731
2025-10-17 00:00:39.131,,,,,,,,,,,,,,,,0.0044572510315362,,,,,,,,,,,,13.0158602,77.5656731
2025-10-17 00:00:39.131,,,,,,,,,,,,,,,,,0.0045018235418516,,,,,,,,,,,13.0158602,77.5656731
2025-10-17 00:00:39.131,,,,,,,,,,,,,,,,,,0.0,,,,,,,,,,13.0158602,77.5656731
2025-10-17 00:00:39.131,,,,,,,,,,,,,,,,,,,6.36961389645262,,,,,,,,,13.0158602,77.5656731
2025-10-17 00:00:39.131,,,,,,,,,,,,,,,,,,,,,,14.13,,,,,,13.0158602,77.5656731
2025-10-17 00:00:39.131,,,,,,,,,,,,,,,,,,,,,,,,16.956,,,,13.0158602,77.5656731
2025-10-17 00:00:39.192,,,,,,,,0.0,,,,,,,,,,,,,,,,,,,,13.0158602,77.5656731
2025-10-17 00:00:39.249,,,,,,,,,,,,,,4240.90345932468,,,,,,,,,,,,,,13.0158602,77.5656731
2025-10-17 00:00:39.293,,,,13.05339642063,,,,,,,,,,,,,,,,,,,,,,,,13.0158602,77.5656731
2025-10-17 00:00:39.379,,,,,,35.2941176470588,,,,,,,,,,,,,,,,,,,,,,13.0158602,77.5656731
2025-10-17 00:00:39.438,,0.0,,,,,,,,,,,,,,,,,,,,,,,,,,13.0158602,77.5656731
2025-10-17 00:00:39.438,,,,,,,,,0.0,,,,,,,,,,,,,,,,,,,13.0158602,77.5656731
2025-10-17 00:00:39.438,,,,,,,,,,0.0,,,,,,,,,,,,,,,,,,13.0158602,77.5656731
2025-10-17 00:00:39.438,,,,,,,,,,,,,,,,,,,,,,,,,,0.0,,13.0158602,77.5656731
2025-10-17 00:00:39.438,,,,,,,,,,,,,,,,,,,,,,,,,,,0.0,13.0158602,77.5656731
2025-10-17 00:00:39.489,,,,,,,,,,,,,,,,,,,,40.0,,,,,,,,13.0158602,77.5656731
2025-10-17 00:00:39.557,,,,,,,1.44162895927602,,,,,,,,,,,,,,,,,,,,,13.0158602,77.5656731
2025-10-17 00:00:39.557,,,,,,,,,,,,,,,0.0046275812550656,,,,,,,,,,,,,13.0158602,77.5656731
2025-10-17 00:00:39.557,,,,,,,,,,,,,,,,0.0046275812550656,,,,,,,,,,,,13.0158602,77.5656731
2025-10-17 00:00:39.557,,,,,,,,,,,,,,,,,0.0046738570676163,,,,,,,,,,,13.0158602,77.5656731
2025-10-17 00:00:39.557,,,,,,,,,,,,,,,,,,0.0,,,,,,,,,,13.0158602,77.5656731
2025-10-17 00:00:39.557,,,,,,,,,,,,,,,,,,,6.38313749283575,,,,,,,,,13.0158602,77.5656731
2025-10-17 00:00:39.557,,,,,,,,,,,,,,,,,,,,,,14.16,,,,,,13.0158602,77.5656731
2025-10-17 00:00:39.557,,,,,,,,,,,,,,,,,,,,,,,,16.992,,,,13.0158602,77.5656731
2025-10-17 00:00:39.589,859.6,,,,,,,,,,,,,,,,,,,,,,,,,,,13.0158602,77.5656731
2025-10-17 00:00:39.589,859.6,,,,,,,,,,,,,,,,,,,,,,,,,,,13.0158602,77.5656731
2025-10-17 00:00:39.589,,,0.0122703077895668,,,,,,,,,,,,,,,,,,,,,,,,,13.0158602,77.5656731
2025-10-17 00:00:39.589,,,0.0122701972258744,,,,,,,,,,,,,,,,,,,,,,,,,13.0158602,77.5656731
2025-10-17 00:00:39.589,,,,,,,,,,,,,,,,,,,,,,,,,0.0,,,13.0158602,77.5656731
2025-10-17 00:00:39.589,,,,,,,,,,,,,,,,,,,,,,,,,0.0,,,13.0158602,77.5656731
2025-10-17 00:00:39.600,873.700012207031,,,,,,,,,,,,,,,,,,,,,,,,,,,13.0158602,77.5656731
2025-10-17 00:00:39.600,,,0.0122671153032561,,,,,,,,,,,,,,,,,,,,,,,,,13.0158602,77.5656731
2025-10-17 00:00:39.600,,,,,,,,,,,,,,,,,,,,,,,,,0.0,,,13.0158602,77.5656731
2025-10-17 00:00:39.604,,,,,,,,0.0,,,,,,,,,,,,,,,,,,,,13.0158602,77.5656731
2025-10-17 00:00:39.667,873.700012207031,,,,,,,,,,,,,,,,,,,,,,,,,,,13.0158602,77.5656731
2025-10-17 00:00:39.667,,,0.0122477561016451,,,,,,,,,,,,,,,,,,,,,,,,,13.0158602,77.5656731
2025-10-17 00:00:39.667,,,,,,,,,,,,,,,,,,,,,,,,,0.0,,,13.0158602,77.5656731
2025-10-17 00:00:39.672,,,,,,,,,,,,,,4432.35327349392,,,,,,,,,,,,,,13.0158602,77.5656731
2025-10-17 00:00:39.745,,,,13.05339642063,,,,,,,,,,,,,,,,,,,,,,,,13.0158602,77.5656731
2025-10-17 00:00:39.795,,,,,,34.9019607843137,,,,,,,,,,,,,,,,,,,,,,13.0158602,77.5656731
2025-10-17 00:00:39.844,,0.0,,,,,,,,,,,,,,,,,,,,,,,,,,13.0158602,77.5656731
2025-10-17 00:00:39.844,,,,,,,,,0.0,,,,,,,,,,,,,,,,,,,13.0158602,77.5656731
2025-10-17 00:00:39.844,,,,,,,,,,0.0,,,,,,,,,,,,,,,,,,13.0158602,77.5656731
2025-10-17 00:00:39.844,,,,,,,,,,,,,,,,,,,,,,,,,,0.0,,13.0158602,77.5656731
2025-10-17 00:00:39.844,,,,,,,,,,,,,,,,,,,,,,,,,,,0.0,13.0158602,77.5656731
2025-10-17 00:00:39.895,,,,,,,,,,,,,,,,,,,,40.0,,,,,,,,13.0158602,77.5656731
2025-10-17 00:00:39.946,,,,,,,1.42057692307692,,,,,,,,,,,,,,,,,,,,,13.0158602,77.5656731
2025-10-17 00:00:39.946,,,,,,,,,,,,,,,0.0047810081796329,,,,,,,,,,,,,13.0158602,77.5656731
2025-10-17 00:00:39.946,,,,,,,,,,,,,,,,0.0047810081796329,,,,,,,,,,,,13.0158602,77.5656731
2025-10-17 00:00:39.946,,,,,,,,,,,,,,,,,0.0048288182614293,,,,,,,,,,,13.0158602,77.5656731
2025-10-17 00:00:39.946,,,,,,,,,,,,,,,,,,0.0,,,,,,,,,,13.0158602,77.5656731
2025-10-17 00:00:39.946,,,,,,,,,,,,,,,,,,,6.28992485258019,,,,,,,,,13.0158602,77.5656731
2025-10-17 00:00:39.946,,,,,,,,,,,,,,,,,,,,,,14.11,,,,,,13.0158602,77.5656731
2025-10-17 00:00:39.946,,,,,,,,,,,,,,,,,,,,,,,,16.932,,,,13.0158602,77.5656731
2025-10-17 00:00:39.994,,,,,,,,0.0,,,,,,,,,,,,,,,,,,,,13.0158602,77.5656731
2025-10-17 00:00:40.051,,,,,,,,,,,,,,4113.27024987852,,,,,,,,,,,,,,13.0158602,77.5656731
2025-10-17 00:00:40.108,,,,13.05339642063,,,,,,,,,,,,,,,,,,,,,,,,13.0158602,77.5656731
2025-10-17 00:00:40.147,,,,,,35.2941176470588,,,,,,,,,,,,,,,,,,,,,,13.0158602,77.5656731
2025-10-17 00:00:40.195,,0.0,,,,,,,,,,,,,,,,,,,,,,,,,,13.0158602,77.5656731
2025-10-17 00:00:40.195,,,,,,,,,0.0,,,,,,,,,,,,,,,,,,,13.0158602,77.5656731
2025-10-17 00:00:40.195,,,,,,,,,,0.0,,,,,,,,,,,,,,,,,,13.0158602,77.5656731
2025-10-17 00:00:40.195,,,,,,,,,,,,,,,,,,,,,,,,,,0.0,,13.0158602,77.5656731
2025-10-17 00:00:40.195,,,,,,,,,,,,,,,,,,,,,,,,,,,0.0,13.0158602,77.5656731
2025-10-17 00:00:40.245,,,,,,,,,,,,,,,,,,,,40.0,,,,,,,,13.0158602,77.5656731
2025-10-17 00:00:40.294,,,,,,,1.38257918552036,,,,,,,,,,,,,,,,,,,,,13.0158602,77.5656731
2025-10-17 00:00:40.294,,,,,,,,,,,,,,,0.0049146907980153,,,,,,,,,,,,,13.0158602,77.5656731
2025-10-17 00:00:40.294,,,,,,,,,,,,,,,,0.0049146907980153,,,,,,,,,,,,13.0158602,77.5656731
2025-10-17 00:00:40.294,,,,,,,,,,,,,,,,,0.0049638377059954,,,,,,,,,,,13.0158602,77.5656731
2025-10-17 00:00:40.294,,,,,,,,,,,,,,,,,,0.0,,,,,,,,,,13.0158602,77.5656731
2025-10-17 00:00:40.294,,,,,,,,,,,,,,,,,,,6.1216812960953,,,,,,,,,13.0158602,77.5656731
2025-10-17 00:00:40.294,,,,,,,,,,,,,,,,,,,,,,13.58,,,,,,13.0158602,77.5656731
2025-10-17 00:00:40.294,,,,,,,,,,,,,,,,,,,,,,,,16.296,,,,13.0158602,77.5656731
2025-10-17 00:00:40.353,,,,,,,,0.0,,,,,,,,,,,,,,,,,,,,13.0158602,77.5656731
2025-10-17 00:00:40.404,,,,,,,,,,,,,,4496.169878217,,,,,,,,,,,,,,13.0158602,77.5656731
2025-10-17 00:00:40.453,,,,13.05339642063,,,,,,,,,,,,,,,,,,,,,,,,13.0158602,77.5656731
2025-10-17 00:00:40.502,,,,,,36.078431372549,,,,,,,,,,,,,,,,,,,,,,13.0158602,77.5656731
2025-10-17 00:00:40.564,,0.0,,,,,,,,,,,,,,,,,,,,,,,,,,13.0158602,77.5656731
2025-10-17 00:00:40.564,,,,,,,,,0.0,,,,,,,,,,,,,,,,,,,13.0158602,77.5656731
2025-10-17 00:00:40.564,,,,,,,,,,0.0,,,,,,,,,,,,,,,,,,13.0158602,77.5656731
2025-10-17 00:00:40.564,,,,,,,,,,,,,,,,,,,,,,,,,,0.0,,13.0158602,77.5656731
2025-10-17 00:00:40.564,,,,,,,,,,,,,,,,,,,,,,,,,,,0.0,13.0158602,77.5656731
2025-10-17 00:00:40.599,859.7,,,,,,,,,,,,,,,,,,,,,,,,,,,13.0157733333333,77.5656733333333
2025-10-17 00:00:40.604,,,0.0119825519116413,,,,,,,,,,,,,,,,,,,,,,,,,13.0157733333333,77.5656733333333
2025-10-17 00:00:40.604,,,,,,,,,,,,,,,,,,,,,,,,,0.0,,,13.0157733333333,77.5656733333333
2025-10-17 00:00:40.605,859.7,,,,,,,,,,,,,,,,,,,,,,,,,,,13.0157733333333,77.5656733333333
2025-10-17 00:00:40.617,,,,,,,,,,,,,,,,,,,,40.0,,,,,,,,13.0157733333333,77.5656733333333
2025-10-17 00:00:40.634,,,0.011974275495739,,,,,,,,,,,,,,,,,,,,,,,,,13.0157733333333,77.5656733333333
2025-10-17 00:00:40.634,,,,,,,,,,,,,,,,,,,,,,,,,0.0,,,13.0157733333333,77.5656733333333
2025-10-17 00:00:40.635,873.700012207031,,,,,,,,,,,,,,,,,,,,,,,,,,,13.0157733333333,77.5656733333333
2025-10-17 00:00:40.698,,,,,,,1.35502262443439,,,,,,,,,,,,,,,,,,,,,13.0157733333333,77.5656733333333
2025-10-17 00:00:40.698,,,,,,,,,,,,,,,0.0050668979299308,,,,,,,,,,,,,13.0157733333333,77.5656733333333
2025-10-17 00:00:40.698,,,,,,,,,,,,,,,,0.0050668979299308,,,,,,,,,,,,13.0157733333333,77.5656733333333
2025-10-17 00:00:40.698,,,,,,,,,,,,,,,,,0.0051175669092301,,,,,,,,,,,13.0157733333333,77.5656733333333
2025-10-17 00:00:40.698,,,,,,,,,,,,,,,,,,0.0,,,,,,,,,,13.0157733333333,77.5656733333333
2025-10-17 00:00:40.698,,,,,,,,,,,,,,,,,,,5.99966840428309,,,,,,,,,13.0157733333333,77.5656733333333
2025-10-17 00:00:40.698,,,,,,,,,,,,,,,,,,,,,,13.02,,,,,,13.0157733333333,77.5656733333333
2025-10-17 00:00:40.698,,,,,,,,,,,,,,,,,,,,,,,,15.624,,,,13.0157733333333,77.5656733333333
2025-10-17 00:00:40.765,,,,,,,,0.0,,,,,,,,,,,,,,,,,,,,13.0157733333333,77.5656733333333
2025-10-17 00:00:40.815,,,,,,,,,,,,,,4240.90345932468,,,,,,,,,,,,,,13.0157733333333,77.5656733333333
2025-10-17 00:00:40.867,,,,13.05339642063,,,,,,,,,,,,,,,,,,,,,,,,13.0157733333333,77.5656733333333
2025-10-17 00:00:40.918,,,,,,36.4705882352941,,,,,,,,,,,,,,,,,,,,,,13.0157733333333,77.5656733333333
2025-10-17 00:00:40.969,,0.0,,,,,,,,,,,,,,,,,,,,,,,,,,13.0157733333333,77.5656733333333
2025-10-17 00:00:40.969,,,,,,,,,0.0,,,,,,,,,,,,,,,,,,,13.0157733333333,77.5656733333333
2025-10-17 00:00:40.969,,,,,,,,,,0.0,,,,,,,,,,,,,,,,,,13.0157733333333,77.5656733333333
2025-10-17 00:00:40.969,,,,,,,,,,,,,,,,,,,,,,,,,,0.0,,13.0157733333333,77.5656733333333
2025-10-17 00:00:40.969,,,,,,,,,,,,,,,,,,,,,,,,,,,0.0,13.0157733333333,77.5656733333333
2025-10-17 00:00:41.035,,,,,,,,,,,,,,,,,,,,40.0,,,,,,,,13.0157733333333,77.5656733333333
2025-10-17 00:00:41.084,,,,,,,1.30031674208145,,,,,,,,,,,,,,,,,,,,,13.0157733333333,77.5656733333333
2025-10-17 00:00:41.084,,,,,,,,,,,,,,,0.0052064651518878,,,,,,,,,,,,,13.0157733333333,77.5656733333333
2025-10-17 00:00:41.084,,,,,,,,,,,,,,,,0.0052064651518878,,,,,,,,,,,,13.0157733333333,77.5656733333333
2025-10-17 00:00:41.084,,,,,,,,,,,,,,,,,0.0052585298034067,,,,,,,,,,,13.0157733333333,77.5656733333333
2025-10-17 00:00:41.084,,,,,,,,,,,,,,,,,,0.0,,,,,,,,,,13.0157733333333,77.5656733333333
2025-10-17 00:00:41.084,,,,,,,,,,,,,,,,,,,5.75744576684309,,,,,,,,,13.0157733333333,77.5656733333333
2025-10-17 00:00:41.084,,,,,,,,,,,,,,,,,,,,,,12.36,,,,,,13.0157733333333,77.5656733333333
2025-10-17 00:00:41.084,,,,,,,,,,,,,,,,,,,,,,,,14.832,,,,13.0157733333333,77.5656733333333
2025-10-17 00:00:41.141,,,,,,,,0.0,,,,,,,,,,,,,,,,,,,,13.0157733333333,77.5656733333333
2025-10-17 00:00:41.192,,,,,,,,,,,,,,4432.35327349392,,,,,,,,,,,,,,13.0157733333333,77.5656733333333
2025-10-17 00:00:41.242,,,,13.05339642063,,,,,,,,,,,,,,,,,,,,,,,,13.0157733333333,77.5656733333333
2025-10-17 00:00:41.303,,,,,,38.0392156862745,,,,,,,,,,,,,,,,,,,,,,13.0157733333333,77.5656733333333
2025-10-17 00:00:41.353,,0.0,,,,,,,,,,,,,,,,,,,,,,,,,,13.0157733333333,77.5656733333333
2025-10-17 00:00:41.353,,,,,,,,,0.0,,,,,,,,,,,,,,,,,,,13.0157733333333,77.5656733333333
2025-10-17 00:00:41.353,,,,,,,,,,0.0,,,,,,,,,,,,,,,,,,13.0157733333333,77.5656733333333
2025-10-17 00:00:41.353,,,,,,,,,,,,,,,,,,,,,,,,,,0.0,,13.0157733333333,77.5656733333333
2025-10-17 00:00:41.353,,,,,,,,,,,,,,,,,,,,,,,,,,,0.0,13.0157733333333,77.5656733333333
2025-10-17 00:00:41.405,,,,,,,,,,,,,,,,,,,,40.0,,,,,,,,13.0157733333333,77.5656733333333
2025-10-17 00:00:41.454,,,,,,,1.33759049773756,,,,,,,,,,,,,,,,,,,,,13.0157733333333,77.5656733333333
2025-10-17 00:00:41.454,,,,,,,,,,,,,,,0.0053438524158867,,,,,,,,,,,,,13.0157733333333,77.5656733333333
2025-10-17 00:00:41.454,,,,,,,,,,,,,,,,0.0053438524158867,,,,,,,,,,,,13.0157733333333,77.5656733333333
2025-10-17 00:00:41.454,,,,,,,,,,,,,,,,,0.0053972909400456,,,,,,,,,,,13.0157733333333,77.5656733333333
2025-10-17 00:00:41.454,,,,,,,,,,,,,,,,,,0.0,,,,,,,,,,13.0157733333333,77.5656733333333
2025-10-17 00:00:41.454,,,,,,,,,,,,,,,,,,,5.92248373011124,,,,,,,,,13.0157733333333,77.5656733333333
2025-10-17 00:00:41.454,,,,,,,,,,,,,,,,,,,,,,12.19,,,,,,13.0157733333333,77.5656733333333
2025-10-17 00:00:41.454,,,,,,,,,,,,,,,,,,,,,,,,14.628,,,,13.0157733333333,77.5656733333333
2025-10-17 00:00:41.512,,,,,,,,0.0,,,,,,,,,,,,,,,,,,,,13.0157733333333,77.5656733333333
2025-10-17 00:00:41.570,,,,,,,,,,,,,,4177.0868546016,,,,,,,,,,,,,,13.0157733333333,77.5656733333333
2025-10-17 00:00:41.595,,,0.0222420817133487,,,,,,,,,,,,,,,,,,,,,,,,,13.0157733333333,77.5656716666667
2025-10-17 00:00:41.595,,,,,,,,,,,,,,,,,,,,,,,,,0.485486000776291,,,13.0157733333333,77.5656716666667
2025-10-17 00:00:41.596,859.7,,,,,,,,,,,,,,,,,,,,,,,,,,,13.0157733333333,77.5656716666667
2025-10-17 00:00:41.596,,,0.0222510559474565,,,,,,,,,,,,,,,,,,,,,,,,,13.0157733333333,77.5656716666667
2025-10-17 00:00:41.596,,,,,,,,,,,,,,,,,,,,,,,,,0.485486000776291,,,13.0157733333333,77.5656716666667
2025-10-17 00:00:41.614,,,,13.05339642063,,,,,,,,,,,,,,,,,,,,,,,,13.0157733333333,77.5656716666667
2025-10-17 00:00:41.615,873.700012207031,,,,,,,,,,,,,,,,,,,,,,,,,,,13.0157733333333,77.5656716666667
2025-10-17 00:00:41.615,,,0.0222415319795223,,,,,,,,,,,,,,,,,,,,,,,,,13.0157733333333,77.5656716666667
2025-10-17 00:00:41.615,,,,,,,,,,,,,,,,,,,,,,,,,0.0,,,13.0157733333333,77.5656716666667
2025-10-17 00:00:41.616,873.700012207031,,,,,,,,,,,,,,,,,,,,,,,,,,,13.0157733333333,77.5656716666667
2025-10-17 00:00:41.616,,,0.0222519972139299,,,,,,,,,,,,,,,,,,,,,,,,,13.0157733333333,77.5656716666667
2025-10-17 00:00:41.616,,,,,,,,,,,,,,,,,,,,,,,,,0.485486000776291,,,13.0157733333333,77.5656716666667
2025-10-17 00:00:41.661,,,,,,38.8235294117647,,,,,,,,,,,,,,,,,,,,,,13.0157733333333,77.5656716666667
2025-10-17 00:00:41.714,,0.0,,,,,,,,,,,,,,,,,,,,,,,,,,13.0157733333333,77.5656716666667
2025-10-17 00:00:41.714,,,,,,,,,0.0,,,,,,,,,,,,,,,,,,,13.0157733333333,77.5656716666667
2025-10-17 00:00:41.714,,,,,,,,,,0.0,,,,,,,,,,,,,,,,,,13.0157733333333,77.5656716666667
2025-10-17 00:00:41.714,,,,,,,,,,,,,,,,,,,,,,,,,,0.0,,13.0157733333333,77.5656716666667
2025-10-17 00:00:41.714,,,,,,,,,,,,,,,,,,,,,,,,,,,0.0,13.0157733333333,77.5656716666667
2025-10-17 00:00:41.733,873.700012207031,,,,,,,,,,,,,,,,,,,,,,,,,,,13.0157733333333,77.5656716666667
2025-10-17 00:00:41.733,,,0.0221932855682288,,,,,,,,,,,,,,,,,,,,,,,,,13.0157733333333,77.5656716666667
2025-10-17 00:00:41.733,,,,,,,,,,,,,,,,,,,,,,,,,0.0,,,13.0157733333333,77.5656716666667
2025-10-17 00:00:41.760,,,,,,,,,,,,,,,,,,,,40.0,,,,,,,,13.0157733333333,77.5656716666667
2025-10-17 00:00:41.811,,,,,,,1.3091742081448,,,,,,,,,,,,,,,,,,,,,13.0157733333333,77.5656716666667
2025-10-17 00:00:41.811,,,,,,,,,,,,,,,0.0054739537484122,,,,,,,,,,,,,13.0157733333333,77.5656716666667
2025-10-17 00:00:41.811,,,,,,,,,,,,,,,,0.0054739537484122,,,,,,,,,,,,13.0157733333333,77.5656716666667
2025-10-17 00:00:41.811,,,,,,,,,,,,,,,,,0.0055286932858963,,,,,,,,,,,13.0157733333333,77.5656716666667
2025-10-17 00:00:41.811,,,,,,,,,,,,,,,,,,0.0,,,,,,,,,,13.0157733333333,77.5656716666667
2025-10-17 00:00:41.811,,,,,,,,,,,,,,,,,,,5.79666419635415,,,,,,,,,13.0157733333333,77.5656716666667
2025-10-17 00:00:41.811,,,,,,,,,,,,,,,,,,,,,,11.69,,,,,,13.0157733333333,77.5656716666667
2025-10-17 00:00:41.811,,,,,,,,,,,,,,,,,,,,,,,,14.028,,,,13.0157733333333,77.5656716666667
2025-10-17 00:00:41.865,,,,,,,,0.0,,,,,,,,,,,,,,,,,,,,13.0157733333333,77.5656716666667
2025-10-17 00:00:41.914,,,,,,,,,,,,,,4496.169878217,,,,,,,,,,,,,,13.0157733333333,77.5656716666667
2025-10-17 00:00:41.961,,,,13.05339642063,,,,,,,,,,,,,,,,,,,,,,,,13.0157733333333,77.5656716666667
2025-10-17 00:00:42.033,,,,,,38.8235294117647,,,,,,,,,,,,,,,,,,,,,,13.0157733333333,77.5656716666667
2025-10-17 00:00:42.083,,0.0,,,,,,,,,,,,,,,,,,,,,,,,,,13.0157733333333,77.5656716666667
2025-10-17 00:00:42.083,,,,,,,,,0.0,,,,,,,,,,,,,,,,,,,13.0157733333333,77.5656716666667
2025-10-17 00:00:42.083,,,,,,,,,,0.0,,,,,,,,,,,,,,,,,,13.0157733333333,77.5656716666667
2025-10-17 00:00:42.083,,,,,,,,,,,,,,,,,,,,,,,,,,0.0,,13.0157733333333,77.5656716666667
2025-10-17 00:00:42.083,,,,,,,,,,,,,,,,,,,,,,,,,,,0.0,13.0157733333333,77.5656716666667
2025-10-17 00:00:42.132,,,,,,,,,,,,,,,,,,,,40.0,,,,,,,,13.0157733333333,77.5656716666667
2025-10-17 00:00:42.186,,,,,,,1.32485294117647,,,,,,,,,,,,,,,,,,,,,13.0157733333333,77.5656716666667
2025-10-17 00:00:42.186,,,,,,,,,,,,,,,0.0056117512244048,,,,,,,,,,,,,13.0157733333333,77.5656716666667
2025-10-17 00:00:42.186,,,,,,,,,,,,,,,,0.0056117512244048,,,,,,,,,,,,13.0157733333333,77.5656716666667
2025-10-17 00:00:42.186,,,,,,,,,,,,,,,,,0.0056678687366489,,,,,,,,,,,13.0157733333333,77.5656716666667
2025-10-17 00:00:42.186,,,,,,,,,,,,,,,,,,0.0,,,,,,,,,,13.0157733333333,77.5656716666667
2025-10-17 00:00:42.186,,,,,,,,,,,,,,,,,,,5.8660853244542,,,,,,,,,13.0157733333333,77.5656716666667
2025-10-17 00:00:42.186,,,,,,,,,,,,,,,,,,,,,,11.83,,,,,,13.0157733333333,77.5656716666667
2025-10-17 00:00:42.186,,,,,,,,,,,,,,,,,,,,,,,,14.196,,,,13.0157733333333,77.5656716666667
2025-10-17 00:00:42.249,,,,,,,,0.0,,,,,,,,,,,,,,,,,,,,13.0157733333333,77.5656716666667
2025-10-17 00:00:42.298,,,,,,,,,,,,,,4272.81176168622,,,,,,,,,,,,,,13.0157733333333,77.5656716666667
2025-10-17 00:00:42.348,,,,13.05339642063,,,,,,,,,,,,,,,,,,,,,,,,13.0157733333333,77.5656716666667
2025-10-17 00:00:42.397,,,,,,39.6078431372549,,,,,,,,,,,,,,,,,,,,,,13.0157733333333,77.5656716666667
2025-10-17 00:00:42.448,,0.0,,,,,,,,,,,,,,,,,,,,,,,,,,13.0157733333333,77.5656716666667
2025-10-17 00:00:42.448,,,,,,,,,0.0,,,,,,,,,,,,,,,,,,,13.0157733333333,77.5656716666667
2025-10-17 00:00:42.448,,,,,,,,,,0.0,,,,,,,,,,,,,,,,,,13.0157733333333,77.5656716666667
2025-10-17 00:00:42.448,,,,,,,,,,,,,,,,,,,,,,,,,,0.0,,13.0157733333333,77.5656716666667
2025-10-17 00:00:42.448,,,,,,,,,,,,,,,,,,,,,,,,,,,0.0,13.0157733333333,77.5656716666667
2025-10-17 00:00:42.506,,,,13.05339642063,,,,,,,,,,,,,,,,,,,,,,,,13.0157733333333,77.5656716666667
2025-10-17 00:00:42.525,,,0.0218043412515025,,,,,,,,,,,,,,,,,,,,,,,,,13.0157733333333,77.5656716666667
2025-10-17 00:00:42.525,,,,,,,,,,,,,,,,,,,,,,,,,0.0,,,13.0157733333333,77.5656716666667
2025-10-17 00:00:42.526,873.700012207031,,,,,,,,,,,,,,,,,,,,,,,,,,,13.0157733333333,77.5656716666667
2025-10-17 00:00:42.547,873.700012207031,,,,,,,,,,,,,,,,,,,,,,,,,,,13.0158602,77.5656731
2025-10-17 00:00:42.550,873.700012207031,,,,,,,,,,,,,,,,,,,,,,,,,,,13.0158602,77.5656731
2025-10-17 00:00:42.550,,,0.0217923821762124,,,,,,,,,,,,,,,,,,,,,,,,,13.0158602,77.5656731
2025-10-17 00:00:42.550,,,,,,,,,,,,,,,,,,,,,,,,,0.0,,,13.0158602,77.5656731
2025-10-17 00:00:42.569,,0.0,,,,,,,,,,,,,,,,,,,,,,,,,,13.0158602,77.5656731
2025-10-17 00:00:42.569,,,,,,,,,0.0,,,,,,,,,,,,,,,,,,,13.0158602,77.5656731
2025-10-17 00:00:42.569,,,,,,,,,,0.0,,,,,,,,,,,,,,,,,,13.0158602,77.5656731
2025-10-17 00:00:42.569,,,,,,,,,,,,,,,,,,,,,,,,,,0.0,,13.0158602,77.5656731
2025-10-17 00:00:42.569,,,,,,,,,,,,,,,,,,,,,,,,,,,0.0,13.0158602,77.5656731
2025-10-17 00:00:42.619,859.9,,,,,,,,,,,,,,,,,,,,,,,,,,,13.0158602,77.5656731
2025-10-17 00:00:42.619,,,0.0217594308011233,,,,,,,,,,,,,,,,,,,,,,,,,13.0158602,77.5656731
2025-10-17 00:00:42.619,,,,,,,,,,,,,,,,,,,,,,,,,0.0,,,13.0158602,77.5656731
2025-10-17 00:00:42.627,,,,,,39.6078431372549,,,,,,,,,,,,,,,,,,,,,,13.0158602,77.5656731
2025-10-17 00:00:42.687,873.700012207031,,,,,,,,,,,,,,,,,,,,,,,,,,,13.0158602,77.5656731
2025-10-17 00:00:42.687,,,0.0217265463687886,,,,,,,,,,,,,,,,,,,,,,,,,13.0158602,77.5656731
2025-10-17 00:00:42.687,,,,,,,,,,,,,,,,,,,,,,,,,0.0,,,13.0158602,77.5656731
2025-10-17 00:00:42.698,,,,,,,1.31619909502262,,,,,,,,,,,,,,,,,,,,,13.0158602,77.5656731
2025-10-17 00:00:42.698,,,,,,,,,,,,,,,0.0057990016048573,,,,,,,,,,,,,13.0158602,77.5656731
2025-10-17 00:00:42.698,,,,,,,,,,,,,,,,0.0057990016048573,,,,,,,,,,,,13.0158602,77.5656731
2025-10-17 00:00:42.698,,,,,,,,,,,,,,,,,0.0058569916209059,,,,,,,,,,,13.0158602,77.5656731
2025-10-17 00:00:42.698,,,,,,,,,,,,,,,,,,0.0,,,,,,,,,,13.0158602,77.5656731
2025-10-17 00:00:42.698,,,,,,,,,,,,,,,,,,,5.82776846803535,,,,,,,,,13.0158602,77.5656731
2025-10-17 00:00:42.698,,,,,,,,,,,,,,,,,,,,,,11.52,,,,,,13.0158602,77.5656731
2025-10-17 00:00:42.698,,,,,,,,,,,,,,,,,,,,,,,,13.824,,,,13.0158602,77.5656731
2025-10-17 00:00:42.769,,,,,0.43511321402166,,,,,,,,,,,,,,,,,,,,,,,13.0158602,77.5656731
2025-10-17 00:00:42.769,,,,,,,,,,,,,,,,,,,,,13.488509634651,,,,,,,13.0158602,77.5656731
2025-10-17 00:00:42.819,,,,13.05339642063,,,,,,,,,,,,,,,,,,,,,,,,13.0158602,77.5656731
2025-10-17 00:00:42.879,,0.0,,,,,,,,,,,,,,,,,,,,,,,,,,13.0158602,77.5656731
2025-10-17 00:00:42.879,,,,,,,,,0.0,,,,,,,,,,,,,,,,,,,13.0158602,77.5656731
2025-10-17 00:00:42.879,,,,,,,,,,0.0,,,,,,,,,,,,,,,,,,13.0158602,77.5656731
2025-10-17 00:00:42.879,,,,,,,,,,,,,,,,,,,,,,,,,,0.0,,13.0158602,77.5656731
2025-10-17 00:00:42.879,,,,,,,,,,,,,,,,,,,,,,,,,,,0.0,13.0158602,77.5656731
2025-10-17 00:00:42.933,,,,,,39.6078431372549,,,,,,,,,,,,,,,,,,,,,,13.0158602,77.5656731
2025-10-17 00:00:42.984,,,,,,,1.31048642533937,,,,,,,,,,,,,,,,,,,,,13.0158602,77.5656731
2025-10-17 00:00:42.984,,,,,,,,,,,,,,,0.0059032593909596,,,,,,,,,,,,,13.0158602,77.5656731
2025-10-17 00:00:42.984,,,,,,,,,,,,,,,,0.0059032593909596,,,,,,,,,,,,13.0158602,77.5656731
2025-10-17 00:00:42.984,,,,,,,,,,,,,,,,,0.0059622919848692,,,,,,,,,,,13.0158602,77.5656731
2025-10-17 00:00:42.984,,,,,,,,,,,,,,,,,,0.0,,,,,,,,,,13.0158602,77.5656731
2025-10-17 00:00:42.984,,,,,,,,,,,,,,,,,,,5.8024743340595,,,,,,,,,13.0158602,77.5656731
2025-10-17 00:00:42.984,,,,,,,,,,,,,,,,,,,,,,11.47,,,,,,13.0158602,77.5656731
2025-10-17 00:00:42.984,,,,,,,,,,,,,,,,,,,,,,,,13.764,,,,13.0158602,77.5656731
2025-10-17 00:00:43.043,,,,,0.43511321402166,,,,,,,,,,,,,,,,,,,,,,,13.0158602,77.5656731
2025-10-17 00:00:43.043,,,,,,,,,,,,,,,,,,,,,13.488509634651,,,,,,,13.0158602,77.5656731
2025-10-17 00:00:43.094,,,,13.05339642063,,,,,,,,,,,,,,,,,,,,,,,,13.0158602,77.5656731
2025-10-17 00:00:43.146,,0.0,,,,,,,,,,,,,,,,,,,,,,,,,,13.0158602,77.5656731
2025-10-17 00:00:43.146,,,,,,,,,0.0,,,,,,,,,,,,,,,,,,,13.0158602,77.5656731
2025-10-17 00:00:43.146,,,,,,,,,,0.0,,,,,,,,,,,,,,,,,,13.0158602,77.5656731
2025-10-17 00:00:43.146,,,,,,,,,,,,,,,,,,,,,,,,,,0.0,,13.0158602,77.5656731
2025-10-17 00:00:43.146,,,,,,,,,,,,,,,,,,,,,,,,,,,0.0,13.0158602,77.5656731
2025-10-17 00:00:43.205,,,,,,39.6078431372549,,,,,,,,,,,,,,,,,,,,,,13.0158602,77.5656731
2025-10-17 00:00:43.257,,,,,,,1.3002036199095,,,,,,,,,,,,,,,,,,,,,13.0158602,77.5656731
2025-10-17 00:00:43.257,,,,,,,,,,,,,,,0.0060020946580612,,,,,,,,,,,,,13.0158602,77.5656731
2025-10-17 00:00:43.257,,,,,,,,,,,,,,,,0.0060020946580612,,,,,,,,,,,,13.0158602,77.5656731
2025-10-17 00:00:43.257,,,,,,,,,,,,,,,,,0.0060621156046418,,,,,,,,,,,13.0158602,77.5656731
2025-10-17 00:00:43.257,,,,,,,,,,,,,,,,,,0.0,,,,,,,,,,13.0158602,77.5656731
2025-10-17 00:00:43.257,,,,,,,,,,,,,,,,,,,5.75694489290297,,,,,,,,,13.0158602,77.5656731
2025-10-17 00:00:43.257,,,,,,,,,,,,,,,,,,,,,,11.38,,,,,,13.0158602,77.5656731
2025-10-17 00:00:43.257,,,,,,,,,,,,,,,,,,,,,,,,13.656,,,,13.0158602,77.5656731
2025-10-17 00:00:43.338,,,,,0.43511321402166,,,,,,,,,,,,,,,,,,,,,,,13.0158602,77.5656731
2025-10-17 00:00:43.338,,,,,,,,,,,,,,,,,,,,,13.488509634651,,,,,,,13.0158602,77.5656731
2025-10-17 00:00:43.391,,,,13.05339642063,,,,,,,,,,,,,,,,,,,,,,,,13.0158602,77.5656731
2025-10-17 00:00:43.442,,0.0,,,,,,,,,,,,,,,,,,,,,,,,,,13.0158602,77.5656731
2025-10-17 00:00:43.442,,,,,,,,,0.0,,,,,,,,,,,,,,,,,,,13.0158602,77.5656731
2025-10-17 00:00:43.442,,,,,,,,,,0.0,,,,,,,,,,,,,,,,,,13.0158602,77.5656731
2025-10-17 00:00:43.442,,,,,,,,,,,,,,,,,,,,,,,,,,0.0,,13.0158602,77.5656731
2025-10-17 00:00:43.442,,,,,,,,,,,,,,,,,,,,,,,,,,,0.0,13.0158602,77.5656731
2025-10-17 00:00:43.510,,,,,,26.6666666666667,,,,,,,,,,,,,,,,,,,,,,13.0158602,77.5656731
2025-10-17 00:00:43.562,,,,,,,0.916153846153846,,,,,,,,,,,,,,,,,,,,,13.0158602,77.5656731
2025-10-17 00:00:43.562,,,,,,,,,,,,,,,0.006079555058574,,,,,,,,,,,,,13.0158602,77.5656731
2025-10-17 00:00:43.562,,,,,,,,,,,,,,,,0.006079555058574,,,,,,,,,,,,13.0158602,77.5656731
2025-10-17 00:00:43.562,,,,,,,,,,,,,,,,,0.0061403506091597,,,,,,,,,,,13.0158602,77.5656731
2025-10-17 00:00:43.562,,,,,,,,,,,,,,,,,,0.0,,,,,,,,,,13.0158602,77.5656731
2025-10-17 00:00:43.562,,,,,,,,,,,,,,,,,,,4.05647786620983,,,,,,,,,13.0158602,77.5656731
2025-10-17 00:00:43.562,,,,,,,,,,,,,,,,,,,,,,11.91,,,,,,13.0158602,77.5656731
2025-10-17 00:00:43.562,,,,,,,,,,,,,,,,,,,,,,,,14.292,,,,13.0158602,77.5656731
2025-10-17 00:00:43.607,860.0,,,,,,,,,,,,,,,,,,,,,,,,,,,13.0158602,77.5656731
2025-10-17 00:00:43.607,,,0.0212948500273742,,,,,,,,,,,,,,,,,,,,,,,,,13.0158602,77.5656731
2025-10-17 00:00:43.607,,,,,,,,,,,,,,,,,,,,,,,,,0.0,,,13.0158602,77.5656731
2025-10-17 00:00:43.613,,,,,0.43511321402166,,,,,,,,,,,,,,,,,,,,,,,13.0158602,77.5656731
2025-10-17 00:00:43.613,,,,,,,,,,,,,,,,,,,,,13.488509634651,,,,,,,13.0158602,77.5656731
2025-10-17 00:00:43.661,,,,13.05339642063,,,,,,,,,,,,,,,,,,,,,,,,13.0158602,77.5656731
2025-10-17 00:00:43.700,873.700012207031,,,,,,,,,,,,,,,,,,,,,,,,,,,13.0158602,77.5656731
2025-10-17 00:00:43.700,,,0.0212523090891372,,,,,,,,,,,,,,,,,,,,,,,,,13.0158602,77.5656731
2025-10-17 00:00:43.700,,,,,,,,,,,,,,,,,,,,,,,,,0.0,,,13.0158602,77.5656731
2025-10-17 00:00:43.720,,0.0,,,,,,,,,,,,,,,,,,,,,,,,,,13.0158602,77.5656731
2025-10-17 00:00:43.720,,,,,,,,,0.0,,,,,,,,,,,,,,,,,,,13.0158602,77.5656731
2025-10-17 00:00:43.720,,,,,,,,,,0.0,,,,,,,,,,,,,,,,,,13.0158602,77.5656731
2025-10-17 00:00:43.720,,,,,,,,,,,,,,,,,,,,,,,,,,0.0,,13.0158602,77.5656731
2025-10-17 00:00:43.720,,,,,,,,,,,,,,,,,,,,,,,,,,,0.0,13.0158602,77.5656731
2025-10-17 00:00:43.764,,,,,,22.7450980392157,,,,,,,,,,,,,,,,,,,,,,13.0158602,77.5656731
2025-10-17 00:00:43.811,,,,,,,0.81947963800905,,,,,,,,,,,,,,,,,,,,,13.0158602,77.5656731
2025-10-17 00:00:43.811,,,,,,,,,,,,,,,0.0061360103538725,,,,,,,,,,,,,13.0158602,77.5656731
2025-10-17 00:00:43.811,,,,,,,,,,,,,,,,0.0061360103538725,,,,,,,,,,,,13.0158602,77.5656731
2025-10-17 00:00:43.811,,,,,,,,,,,,,,,,,0.0061973704574112,,,,,,,,,,,13.0158602,77.5656731
2025-10-17 00:00:43.811,,,,,,,,,,,,,,,,,,0.0,,,,,,,,,,13.0158602,77.5656731
2025-10-17 00:00:43.811,,,,,,,,,,,,,,,,,,,3.62843099698687,,,,,,,,,13.0158602,77.5656731
2025-10-17 00:00:43.811,,,,,,,,,,,,,,,,,,,,,,12.49,,,,,,13.0158602,77.5656731
2025-10-17 00:00:43.811,,,,,,,,,,,,,,,,,,,,,,,,14.988,,,,13.0158602,77.5656731
2025-10-17 00:00:43.859,,,,,0.43511321402166,,,,,,,,,,,,,,,,,,,,,,,13.0158602,77.5656731
2025-10-17 00:00:43.859,,,,,,,,,,,,,,,,,,,,,13.488509634651,,,,,,,13.0158602,77.5656731
2025-10-17 00:00:43.907,,,,13.05339642063,,,,,,,,,,,,,,,,,,,,,,,,13.0158602,77.5656731
2025-10-17 00:00:43.993,,0.0,,,,,,,,,,,,,,,,,,,,,,,,,,13.0158602,77.5656731
2025-10-17 00:00:43.993,,,,,,,,,0.0,,,,,,,,,,,,,,,,,,,13.0158602,77.5656731
2025-10-17 00:00:43.993,,,,,,,,,,0.0,,,,,,,,,,,,,,,,,,13.0158602,77.5656731
2025-10-17 00:00:43.993,,,,,,,,,,,,,,,,,,,,,,,,,,0.0,,13.0158602,77.5656731
2025-10-17 00:00:43.993,,,,,,,,,,,,,,,,,,,,,,,,,,,0.0,13.0158602,77.5656731
2025-10-17 00:00:44.043,,,,,,21.9607843137255,,,,,,,,,,,,,,,,,,,,,,13.0158602,77.5656731
2025-10-17 00:00:44.095,,,,,,,0.777285067873303,,,,,,,,,,,,,,,,,,,,,13.0158602,77.5656731
2025-10-17 00:00:44.095,,,,,,,,,,,,,,,0.0061976009544457,,,,,,,,,,,,,13.0158602,77.5656731
2025-10-17 00:00:44.095,,,,,,,,,,,,,,,,0.0061976009544457,,,,,,,,,,,,13.0158602,77.5656731
2025-10-17 00:00:44.095,,,,,,,,,,,,,,,,,0.0062595769639901,,,,,,,,,,,13.0158602,77.5656731
2025-10-17 00:00:44.095,,,,,,,,,,,,,,,,,,0.0,,,,,,,,,,13.0158602,77.5656731
2025-10-17 00:00:44.095,,,,,,,,,,,,,,,,,,,3.44160501732368,,,,,,,,,13.0158602,77.5656731
2025-10-17 00:00:44.095,,,,,,,,,,,,,,,,,,,,,,12.27,,,,,,13.0158602,77.5656731
2025-10-17 00:00:44.095,,,,,,,,,,,,,,,,,,,,,,,,14.724,,,,13.0158602,77.5656731
2025-10-17 00:00:44.149,,,,,0.43511321402166,,,,,,,,,,,,,,,,,,,,,,,13.0158602,77.5656731
2025-10-17 00:00:44.149,,,,,,,,,,,,,,,,,,,,,13.488509634651,,,,,,,13.0158602,77.5656731
2025-10-17 00:00:44.200,,,,13.05339642063,,,,,,,,,,,,,,,,,,,,,,,,13.0158602,77.5656731
2025-10-17 00:00:44.250,,0.0,,,,,,,,,,,,,,,,,,,,,,,,,,13.0158602,77.5656731
2025-10-17 00:00:44.250,,,,,,,,,0.0,,,,,,,,,,,,,,,,,,,13.0158602,77.5656731
2025-10-17 00:00:44.250,,,,,,,,,,0.0,,,,,,,,,,,,,,,,,,13.0158602,77.5656731
2025-10-17 00:00:44.250,,,,,,,,,,,,,,,,,,,,,,,,,,0.0,,13.0158602,77.5656731
2025-10-17 00:00:44.250,,,,,,,,,,,,,,,,,,,,,,,,,,,0.0,13.0158602,77.5656731
2025-10-17 00:00:44.306,,,,,,22.7450980392157,,,,,,,,,,,,,,,,,,,,,,13.0158602,77.5656731
2025-10-17 00:00:44.357,,,,,,,0.786674208144796,,,,,,,,,,,,,,,,,,,,,13.0158602,77.5656731
2025-10-17 00:00:44.357,,,,,,,,,,,,,,,0.0062545883114976,,,,,,,,,,,,,13.0158602,77.5656731
2025-10-17 00:00:44.357,,,,,,,,,,,,,,,,0.0062545883114976,,,,,,,,,,,,13.0158602,77.5656731
2025-10-17 00:00:44.357,,,,,,,,,,,,,,,,,0.0063171341946125,,,,,,,,,,,13.0158602,77.5656731
2025-10-17 00:00:44.357,,,,,,,,,,,,,,,,,,0.0,,,,,,,,,,13.0158602,77.5656731
2025-10-17 00:00:44.357,,,,,,,,,,,,,,,,,,,3.48317755435329,,,,,,,,,13.0158602,77.5656731
2025-10-17 00:00:44.357,,,,,,,,,,,,,,,,,,,,,,11.99,,,,,,13.0158602,77.5656731
2025-10-17 00:00:44.357,,,,,,,,,,,,,,,,,,,,,,,,14.388,,,,13.0158602,77.5656731
2025-10-17 00:00:44.443,,0.0,,,,,,,,,,,,,,,,,,,,,,,,,,13.0158602,77.5656731
2025-10-17 00:00:44.443,,,,,,,,,0.0,,,,,,,,,,,,,,,,,,,13.0158602,77.5656731
2025-10-17 00:00:44.443,,,,,,,,,,0.0,,,,,,,,,,,,,,,,,,13.0158602,77.5656731
2025-10-17 00:00:44.443,,,,,,,,,,,,,,,,,,,,,,,,,,0.0,,13.0158602,77.5656731
2025-10-17 00:00:44.443,,,,,,,,,,,,,,,,,,,,,,,,,,,0.0,13.0158602,77.5656731
2025-10-17 00:00:44.527,,,,,,23.5294117647059,,,,,,,,,,,,,,,,,,,,,,13.0158602,77.5656731
2025-10-17 00:00:44.593,,,0.0208507347526507,,,,,,,,,,,,,,,,,,,,,,,,,13.0158602,77.5656731
2025-10-17 00:00:44.593,,,,,,,,,,,,,,,,,,,,,,,,,0.0,,,13.0158602,77.5656731
2025-10-17 00:00:44.594,860.2,,,,,,,,,,,,,,,,,,,,,,,,,,,13.0158602,77.5656731
2025-10-17 00:00:44.595,873.700012207031,,,,,,,,,,,,,,,,,,,,,,,,,,,13.0158602,77.5656731
2025-10-17 00:00:44.595,,,0.0208499723972439,,,,,,,,,,,,,,,,,,,,,,,,,13.0158602,77.5656731
2025-10-17 00:00:44.595,,,,,,,,,,,,,,,,,,,,,,,,,0.0,,,13.0158602,77.5656731
2025-10-17 00:00:44.596,,,0.0208493383928144,,,,,,,,,,,,,,,,,,,,,,,,,13.0158602,77.5656731
2025-10-17 00:00:44.596,,,,,,,,,,,,,,,,,,,,,,,,,0.0,,,13.0158602,77.5656731
2025-10-17 00:00:44.597,873.700012207031,,,,,,,,,,,,,,,,,,,,,,,,,,,13.0158602,77.5656731
2025-10-17 00:00:44.609,,,,,,,0.804977375565611,,,,,,,,,,,,,,,,,,,,,13.0158602,77.5656731
2025-10-17 00:00:44.609,,,,,,,,,,,,,,,0.0063110424257887,,,,,,,,,,,,,13.0158602,77.5656731
2025-10-17 00:00:44.609,,,,,,,,,,,,,,,,0.0063110424257887,,,,,,,,,,,,13.0158602,77.5656731
2025-10-17 00:00:44.609,,,,,,,,,,,,,,,,,0.0063741528500466,,,,,,,,,,,13.0158602,77.5656731
2025-10-17 00:00:44.609,,,,,,,,,,,,,,,,,,0.0,,,,,,,,,,13.0158602,77.5656731
2025-10-17 00:00:44.609,,,,,,,,,,,,,,,,,,,3.56421895786403,,,,,,,,,13.0158602,77.5656731
2025-10-17 00:00:44.609,,,,,,,,,,,,,,,,,,,,,,11.86,,,,,,13.0158602,77.5656731
2025-10-17 00:00:44.609,,,,,,,,,,,,,,,,,,,,,,,,14.232,,,,13.0158602,77.5656731
2025-10-17 00:00:44.684,,,,,0.43511321402166,,,,,,,,,,,,,,,,,,,,,,,13.0158602,77.5656731
2025-10-17 00:00:44.684,,,,,,,,,,,,,,,,,,,,,13.488509634651,,,,,,,13.0158602,77.5656731
2025-10-17 00:00:44.708,,,0.0208001155778774,,,,,,,,,,,,,,,,,,,,,,,,,13.0158602,77.5656731
2025-10-17 00:00:44.708,,,,,,,,,,,,,,,,,,,,,,,,,0.0,,,13.0158602,77.5656731
2025-10-17 00:00:44.709,873.700012207031,,,,,,,,,,,,,,,,,,,,,,,,,,,13.0158602,77.5656731
2025-10-17 00:00:44.793,,,,,,,,,,,804.0,,,,,,,,,,,,,,,,,13.0158602,77.5656731
2025-10-17 00:00:44.793,,,,,,,,,,,,0.8,,,,,,,,,,,,,,,,13.0158602,77.5656731
2025-10-17 00:00:44.845,,0.0,,,,,,,,,,,,,,,,,,,,,,,,,,13.0158602,77.5656731
2025-10-17 00:00:44.845,,,,,,,,,0.0,,,,,,,,,,,,,,,,,,,13.0158602,77.5656731
2025-10-17 00:00:44.845,,,,,,,,,,0.0,,,,,,,,,,,,,,,,,,13.0158602,77.5656731
2025-10-17 00:00:44.845,,,,,,,,,,,,,,,,,,,,,,,,,,0.0,,13.0158602,77.5656731
2025-10-17 00:00:44.845,,,,,,,,,,,,,,,,,,,,,,,,,,,0.0,13.0158602,77.5656731
2025-10-17 00:00:44.907,,,,,,23.5294117647059,,,,,,,,,,,,,,,,,,,,,,13.0158602,77.5656731
2025-10-17 00:00:44.957,,,,,,,0.791402714932127,,,,,,,,,,,,,,,,,,,,,13.0158602,77.5656731
2025-10-17 00:00:44.957,,,,,,,,,,,,,,,0.0063877007484508,,,,,,,,,,,,,13.0158602,77.5656731
2025-10-17 00:00:44.957,,,,,,,,,,,,,,,,0.0063877007484508,,,,,,,,,,,,13.0158602,77.5656731
2025-10-17 00:00:44.957,,,,,,,,,,,,,,,,,0.0064515777559353,,,,,,,,,,,13.0158602,77.5656731
2025-10-17 00:00:44.957,,,,,,,,,,,,,,,,,,0.0,,,,,,,,,,13.0158602,77.5656731
2025-10-17 00:00:44.957,,,,,,,,,,,,,,,,,,,3.50411408505013,,,,,,,,,13.0158602,77.5656731
2025-10-17 00:00:44.957,,,,,,,,,,,,,,,,,,,,,,11.66,,,,,,13.0158602,77.5656731
2025-10-17 00:00:44.957,,,,,,,,,,,,,,,,,,,,,,,,13.992,,,,13.0158602,77.5656731
2025-10-17 00:00:45.025,,,,,0.43511321402166,,,,,,,,,,,,,,,,,,,,,,,13.0158602,77.5656731
2025-10-17 00:00:45.025,,,,,,,,,,,,,,,,,,,,,13.488509634651,,,,,,,13.0158602,77.5656731
2025-10-17 00:00:45.086,,,,,,,,,,,802.0,,,,,,,,,,,,,,,,,13.0158602,77.5656731
2025-10-17 00:00:45.086,,,,,,,,,,,,0.8,,,,,,,,,,,,,,,,13.0158602,77.5656731
2025-10-17 00:00:45.139,,0.0,,,,,,,,,,,,,,,,,,,,,,,,,,13.0158602,77.5656731
2025-10-17 00:00:45.139,,,,,,,,,0.0,,,,,,,,,,,,,,,,,,,13.0158602,77.5656731
2025-10-17 00:00:45.139,,,,,,,,,,0.0,,,,,,,,,,,,,,,,,,13.0158602,77.5656731
2025-10-17 00:00:45.139,,,,,,,,,,,,,,,,,,,,,,,,,,0.0,,13.0158602,77.5656731
2025-10-17 00:00:45.139,,,,,,,,,,,,,,,,,,,,,,,,,,,0.0,13.0158602,77.5656731
2025-10-17 00:00:45.202,,,,,,23.5294117647059,,,,,,,,,,,,,,,,,,,,,,13.0158602,77.5656731
2025-10-17 00:00:45.252,,,,,,,0.779864253393665,,,,,,,,,,,,,,,,,,,,,13.0158602,77.5656731
2025-10-17 00:00:45.252,,,,,,,,,,,,,,,0.0064514864956228,,,,,,,,,,,,,13.0158602,77.5656731
2025-10-17 00:00:45.252,,,,,,,,,,,,,,,,0.0064514864956228,,,,,,,,,,,,13.0158602,77.5656731
2025-10-17 00:00:45.252,,,,,,,,,,,,,,,,,0.006516001360579,,,,,,,,,,,13.0158602,77.5656731
2025-10-17 00:00:45.252,,,,,,,,,,,,,,,,,,0.0,,,,,,,,,,13.0158602,77.5656731
2025-10-17 00:00:45.252,,,,,,,,,,,,,,,,,,,3.45302494315832,,,,,,,,,13.0158602,77.5656731
2025-10-17 00:00:45.252,,,,,,,,,,,,,,,,,,,,,,11.49,,,,,,13.0158602,77.5656731
2025-10-17 00:00:45.252,,,,,,,,,,,,,,,,,,,,,,,,13.788,,,,13.0158602,77.5656731
2025-10-17 00:00:45.318,,,,,0.43511321402166,,,,,,,,,,,,,,,,,,,,,,,13.0158602,77.5656731
2025-10-17 00:00:45.318,,,,,,,,,,,,,,,,,,,,,13.488509634651,,,,,,,13.0158602,77.5656731
2025-10-17 00:00:45.370,,,,,,,,,,,796.0,,,,,,,,,,,,,,,,,13.0158602,77.5656731
2025-10-17 00:00:45.370,,,,,,,,,,,,0.8,,,,,,,,,,,,,,,,13.0158602,77.5656731
2025-10-17 00:00:45.423,,0.0,,,,,,,,,,,,,,,,,,,,,,,,,,13.0158602,77.5656731
2025-10-17 00:00:45.423,,,,,,,,,0.0,,,,,,,,,,,,,,,,,,,13.0158602,77.5656731
2025-10-17 00:00:45.423,,,,,,,,,,0.0,,,,,,,,,,,,,,,,,,13.0158602,77.5656731
2025-10-17 00:00:45.423,,,,,,,,,,,,,,,,,,,,,,,,,,0.0,,13.0158602,77.5656731
2025-10-17 00:00:45.423,,,,,,,,,,,,,,,,,,,,,,,,,,,0.0,13.0158602,77.5656731
2025-10-17 00:00:45.475,,,,,,24.3137254901961,,,,,,,,,,,,,,,,,,,,,,13.0158602,77.5656731
2025-10-17 00:00:45.531,,,,,,,0.796742081447964,,,,,,,,,,,,,,,,,,,,,13.0158602,77.5656731
2025-10-17 00:00:45.531,,,,,,,,,,,,,,,0.0065133094097203,,,,,,,,,,,,,13.0158602,77.5656731
2025-10-17 00:00:45.531,,,,,,,,,,,,,,,,0.0065133094097203,,,,,,,,,,,,13.0158602,77.5656731
2025-10-17 00:00:45.531,,,,,,,,,,,,,,,,,0.0065784425038175,,,,,,,,,,,13.0158602,77.5656731
2025-10-17 00:00:45.531,,,,,,,,,,,,,,,,,,0.0,,,,,,,,,,13.0158602,77.5656731
2025-10-17 00:00:45.531,,,,,,,,,,,,,,,,,,,3.5277553350236,,,,,,,,,13.0158602,77.5656731
2025-10-17 00:00:45.531,,,,,,,,,,,,,,,,,,,,,,11.36,,,,,,13.0158602,77.5656731
2025-10-17 00:00:45.531,,,,,,,,,,,,,,,,,,,,,,,,13.632,,,,13.0158602,77.5656731
2025-10-17 00:00:45.588,,,,,0.43511321402166,,,,,,,,,,,,,,,,,,,,,,,13.0158602,77.5656731
2025-10-17 00:00:45.588,,,,,,,,,,,,,,,,,,,,,13.488509634651,,,,,,,13.0158602,77.5656731
2025-10-17 00:00:45.609,859.5,,,,,,,,,,,,,,,,,,,,,,,,,,,13.0158602,77.5656731
2025-10-17 00:00:45.609,,,0.020412389565925,,,,,,,,,,,,,,,,,,,,,,,,,13.0158602,77.5656731
2025-10-17 00:00:45.609,,,,,,,,,,,,,,,,,,,,,,,,,0.0,,,13.0158602,77.5656731
2025-10-17 00:00:45.613,873.700012207031,,,,,,,,,,,,,,,,,,,,,,,,,,,13.0158602,77.5656731
2025-10-17 00:00:45.613,,,0.0204107893278595,,,,,,,,,,,,,,,,,,,,,,,,,13.0158602,77.5656731
2025-10-17 00:00:45.613,,,,,,,,,,,,,,,,,,,,,,,,,0.0,,,13.0158602,77.5656731
2025-10-17 00:00:45.637,,,,,,,,,,,801.0,,,,,,,,,,,,,,,,,13.0158602,77.5656731
2025-10-17 00:00:45.637,,,,,,,,,,,,0.8,,,,,,,,,,,,,,,,13.0158602,77.5656731
2025-10-17 00:00:45.687,,0.0,,,,,,,,,,,,,,,,,,,,,,,,,,13.0158602,77.5656731
2025-10-17 00:00:45.687,,,,,,,,,0.0,,,,,,,,,,,,,,,,,,,13.0158602,77.5656731
2025-10-17 00:00:45.687,,,,,,,,,,0.0,,,,,,,,,,,,,,,,,,13.0158602,77.5656731
2025-10-17 00:00:45.687,,,,,,,,,,,,,,,,,,,,,,,,,,0.0,,13.0158602,77.5656731
2025-10-17 00:00:45.687,,,,,,,,,,,,,,,,,,,,,,,,,,,0.0,13.0158602,77.5656731
2025-10-17 00:00:45.743,,,,,,24.3137254901961,,,,,,,,,,,,,,,,,,,,,,13.0158602,77.5656731
2025-10-17 00:00:45.805,,,,,,,0.802352941176471,,,,,,,,,,,,,,,,,,,,,13.0158602,77.5656731
2025-10-17 00:00:45.805,,,,,,,,,,,,,,,0.0065742551361909,,,,,,,,,,,,,13.0158602,77.5656731
2025-10-17 00:00:45.805,,,,,,,,,,,,,,,,0.0065742551361909,,,,,,,,,,,,13.0158602,77.5656731
2025-10-17 00:00:45.805,,,,,,,,,,,,,,,,,0.0066399976875528,,,,,,,,,,,13.0158602,77.5656731
2025-10-17 00:00:45.805,,,,,,,,,,,,,,,,,,0.0,,,,,,,,,,13.0158602,77.5656731
2025-10-17 00:00:45.805,,,,,,,,,,,,,,,,,,,3.55259868245334,,,,,,,,,13.0158602,77.5656731
2025-10-17 00:00:45.805,,,,,,,,,,,,,,,,,,,,,,11.44,,,,,,13.0158602,77.5656731
2025-10-17 00:00:45.805,,,,,,,,,,,,,,,,,,,,,,,,13.728,,,,13.0158602,77.5656731
2025-10-17 00:00:45.860,,,,,0.43511321402166,,,,,,,,,,,,,,,,,,,,,,,13.0158602,77.5656731
2025-10-17 00:00:45.860,,,,,,,,,,,,,,,,,,,,,13.488509634651,,,,,,,13.0158602,77.5656731
2025-10-17 00:00:45.913,,,,,,,,,,,799.0,,,,,,,,,,,,,,,,,13.0158602,77.5656731
2025-10-17 00:00:45.913,,,,,,,,,,,,0.8,,,,,,,,,,,,,,,,13.0158602,77.5656731
2025-10-17 00:00:45.963,,0.0,,,,,,,,,,,,,,,,,,,,,,,,,,13.0158602,77.5656731
2025-10-17 00:00:45.963,,,,,,,,,0.0,,,,,,,,,,,,,,,,,,,13.0158602,77.5656731
2025-10-17 00:00:45.963,,,,,,,,,,0.0,,,,,,,,,,,,,,,,,,13.0158602,77.5656731
2025-10-17 00:00:45.963,,,,,,,,,,,,,,,,,,,,,,,,,,0.0,,13.0158602,77.5656731
2025-10-17 00:00:45.963,,,,,,,,,,,,,,,,,,,,,,,,,,,0.0,13.0158602,77.5656731
2025-10-17 00:00:46.018,,,,,,24.3137254901961,,,,,,,,,,,,,,,,,,,,,,13.0158602,77.5656731
2025-10-17 00:00:46.067,,,,,,,0.802352941176471,,,,,,,,,,,,,,,,,,,,,13.0158602,77.5656731
2025-10-17 00:00:46.067,,,,,,,,,,,,,,,0.0066328615135111,,,,,,,,,,,,,13.0158602,77.5656731
2025-10-17 00:00:46.067,,,,,,,,,,,,,,,,0.0066328615135111,,,,,,,,,,,,13.0158602,77.5656731
2025-10-17 00:00:46.067,,,,,,,,,,,,,,,,,0.0066991901286463,,,,,,,,,,,13.0158602,77.5656731
2025-10-17 00:00:46.067,,,,,,,,,,,,,,,,,,0.0,,,,,,,,,,13.0158602,77.5656731
2025-10-17 00:00:46.067,,,,,,,,,,,,,,,,,,,3.55259868245334,,,,,,,,,13.0158602,77.5656731
2025-10-17 00:00:46.067,,,,,,,,,,,,,,,,,,,,,,11.44,,,,,,13.0158602,77.5656731
2025-10-17 00:00:46.067,,,,,,,,,,,,,,,,,,,,,,,,13.728,,,,13.0158602,77.5656731
2025-10-17 00:00:46.123,,,,,0.43511321402166,,,,,,,,,,,,,,,,,,,,,,,13.0158602,77.5656731
2025-10-17 00:00:46.123,,,,,,,,,,,,,,,,,,,,,13.488509634651,,,,,,,13.0158602,77.5656731
2025-10-17 00:00:46.173,,,,,,,,,,,799.0,,,,,,,,,,,,,,,,,13.0158602,77.5656731
2025-10-17 00:00:46.173,,,,,,,,,,,,0.8,,,,,,,,,,,,,,,,13.0158602,77.5656731
2025-10-17 00:00:46.225,,0.0,,,,,,,,,,,,,,,,,,,,,,,,,,13.0158602,77.5656731
2025-10-17 00:00:46.225,,,,,,,,,0.0,,,,,,,,,,,,,,,,,,,13.0158602,77.5656731
2025-10-17 00:00:46.225,,,,,,,,,,0.0,,,,,,,,,,,,,,,,,,13.0158602,77.5656731
2025-10-17 00:00:46.225,,,,,,,,,,,,,,,,,,,,,,,,,,0.0,,13.0158602,77.5656731
2025-10-17 00:00:46.225,,,,,,,,,,,,,,,,,,,,,,,,,,,0.0,13.0158602,77.5656731
2025-10-17 00:00:46.280,,,,,,24.7058823529412,,,,,,,,,,,,,,,,,,,,,,13.0158602,77.5656731
2025-10-17 00:00:46.330,,,,,,,0.811018099547511,,,,,,,,,,,,,,,,,,,,,13.0158602,77.5656731
2025-10-17 00:00:46.330,,,,,,,,,,,,,,,0.0066920424954795,,,,,,,,,,,,,13.0158602,77.5656731
2025-10-17 00:00:46.330,,,,,,,,,,,,,,,,0.0066920424954795,,,,,,,,,,,,13.0158602,77.5656731
2025-10-17 00:00:46.330,,,,,,,,,,,,,,,,,0.0067589629204343,,,,,,,,,,,13.0158602,77.5656731
2025-10-17 00:00:46.330,,,,,,,,,,,,,,,,,,0.0,,,,,,,,,,13.0158602,77.5656731
2025-10-17 00:00:46.330,,,,,,,,,,,,,,,,,,,3.59096562626621,,,,,,,,,13.0158602,77.5656731
2025-10-17 00:00:46.330,,,,,,,,,,,,,,,,,,,,,,11.38,,,,,,13.0158602,77.5656731
2025-10-17 00:00:46.330,,,,,,,,,,,,,,,,,,,,,,,,13.656,,,,13.0158602,77.5656731
2025-10-17 00:00:46.388,,,,,0.43511321402166,,,,,,,,,,,,,,,,,,,,,,,13.0158602,77.5656731
2025-10-17 00:00:46.388,,,,,,,,,,,,,,,,,,,,,13.488509634651,,,,,,,13.0158602,77.5656731
2025-10-17 00:00:46.442,,,,,,,,,,,800.0,,,,,,,,,,,,,,,,,13.0158602,77.5656731
2025-10-17 00:00:46.442,,,,,,,,,,,,0.8,,,,,,,,,,,,,,,,13.0158602,77.5656731
2025-10-17 00:00:46.493,,0.0,,,,,,,,,,,,,,,,,,,,,,,,,,13.0158602,77.5656731
2025-10-17 00:00:46.493,,,,,,,,,0.0,,,,,,,,,,,,,,,,,,,13.0158602,77.5656731
2025-10-17 00:00:46.493,,,,,,,,,,0.0,,,,,,,,,,,,,,,,,,13.0158602,77.5656731
2025-10-17 00:00:46.493,,,,,,,,,,,,,,,,,,,,,,,,,,0.0,,13.0158602,77.5656731
2025-10-17 00:00:46.493,,,,,,,,,,,,,,,,,,,,,,,,,,,0.0,13.0158602,77.5656731
2025-10-17 00:00:46.549,,,,,,24.3137254901961,,,,,,,,,,,,,,,,,,,,,,13.0158602,77.5656731
2025-10-17 00:00:46.593,,,0.0200046727934618,,,,,,,,,,,,,,,,,,,,,,,,,13.015775,77.5656683333333
2025-10-17 00:00:46.593,,,,,,,,,,,,,,,,,,,,,,,,,0.0,,,13.015775,77.5656683333333
2025-10-17 00:00:46.595,859.1,,,,,,,,,,,,,,,,,,,,,,,,,,,13.015775,77.5656683333333
2025-10-17 00:00:46.599,859.1,,,,,,,,,,,,,,,,,,,,,,,,,,,13.015775,77.5656683333333
2025-10-17 00:00:46.599,,,0.020002499131906,,,,,,,,,,,,,,,,,,,,,,,,,13.015775,77.5656683333333
2025-10-17 00:00:46.599,,,,,,,0.800248868778281,,,,,,,,,,,,,,,,,,,,,13.015775,77.5656683333333
2025-10-17 00:00:46.599,,,,,,,,,,,,,,,0.0067517321027488,,,,,,,,,,,,,13.015775,77.5656683333333
2025-10-17 00:00:46.599,,,,,,,,,,,,,,,,0.0067517321027488,,,,,,,,,,,,13.015775,77.5656683333333
2025-10-17 00:00:46.599,,,,,,,,,,,,,,,,,0.0068192494237763,,,,,,,,,,,13.015775,77.5656683333333
2025-10-17 00:00:46.599,,,,,,,,,,,,,,,,,,0.0,,,,,,,,,,13.015775,77.5656683333333
2025-10-17 00:00:46.599,,,,,,,,,,,,,,,,,,,3.54328242716719,,,,,,,,,13.015775,77.5656683333333
2025-10-17 00:00:46.599,,,,,,,,,,,,,,,,,,,,,,11.41,,,,,,13.015775,77.5656683333333
2025-10-17 00:00:46.599,,,,,,,,,,,,,,,,,,,,,,,,13.692,,,,13.015775,77.5656683333333
2025-10-17 00:00:46.599,,,,,,,,,,,,,,,,,,,,,,,,,0.0,,,13.015775,77.5656683333333
2025-10-17 00:00:46.639,873.700012207031,,,,,,,,,,,,,,,,,,,,,,,,,,,13.015775,77.5656683333333
2025-10-17 00:00:46.639,,,0.0199862647872139,,,,,,,,,,,,,,,,,,,,,,,,,13.015775,77.5656683333333
2025-10-17 00:00:46.639,,,,,,,,,,,,,,,,,,,,,,,,,0.0,,,13.015775,77.5656683333333
2025-10-17 00:00:46.644,873.700012207031,,,,,,,,,,,,,,,,,,,,,,,,,,,13.015775,77.5656683333333
2025-10-17 00:00:46.644,,,0.0199842668650311,,,,,,,,,,,,,,,,,,,,,,,,,13.015775,77.5656683333333
2025-10-17 00:00:46.644,,,,,,,,,,,,,,,,,,,,,,,,,0.0,,,13.015775,77.5656683333333
2025-10-17 00:00:46.653,,,,,0.29007547601444,,,,,,,,,,,,,,,,,,,,,,,13.015775,77.5656683333333
2025-10-17 00:00:46.653,,,,,,,,,,,,,,,,,,,,,13.343471896644,,,,,,,13.015775,77.5656683333333
2025-10-17 00:00:46.702,,,,,,,,,,,801.0,,,,,,,,,,,,,,,,,13.015775,77.5656683333333
2025-10-17 00:00:46.702,,,,,,,,,,,,0.8,,,,,,,,,,,,,,,,13.015775,77.5656683333333
2025-10-17 00:00:46.722,,,0.0199524427716543,,,,,,,,,,,,,,,,,,,,,,,,,13.015775,77.5656683333333
2025-10-17 00:00:46.722,,,,,,,,,,,,,,,,,,,,,,,,,0.0,,,13.015775,77.5656683333333
2025-10-17 00:00:46.723,873.700012207031,,,,,,,,,,,,,,,,,,,,,,,,,,,13.015775,77.5656683333333
2025-10-17 00:00:46.754,,0.0,,,,,,,,,,,,,,,,,,,,,,,,,,13.015775,77.5656683333333
2025-10-17 00:00:46.754,,,,,,,,,0.0,,,,,,,,,,,,,,,,,,,13.015775,77.5656683333333
2025-10-17 00:00:46.754,,,,,,,,,,0.0,,,,,,,,,,,,,,,,,,13.015775,77.5656683333333
2025-10-17 00:00:46.754,,,,,,,,,,,,,,,,,,,,,,,,,,0.0,,13.015775,77.5656683333333
2025-10-17 00:00:46.754,,,,,,,,,,,,,,,,,,,,,,,,,,,0.0,13.015775,77.5656683333333
2025-10-17 00:00:46.801,,,,,,24.3137254901961,,,,,,,,,,,,,,,,,,,,,,13.015775,77.5656683333333
2025-10-17 00:00:46.852,,,,,,,0.800248868778281,,,,,,,,,,,,,,,,,,,,,13.015775,77.5656683333333
2025-10-17 00:00:46.852,,,,,,,,,,,,,,,0.0068080135167735,,,,,,,,,,,,,13.015775,77.5656683333333
2025-10-17 00:00:46.852,,,,,,,,,,,,,,,,0.0068080135167735,,,,,,,,,,,,13.015775,77.5656683333333
2025-10-17 00:00:46.852,,,,,,,,,,,,,,,,,0.0068760936519412,,,,,,,,,,,13.015775,77.5656683333333
2025-10-17 00:00:46.852,,,,,,,,,,,,,,,,,,0.0,,,,,,,,,,13.015775,77.5656683333333
2025-10-17 00:00:46.852,,,,,,,,,,,,,,,,,,,3.54328242716719,,,,,,,,,13.015775,77.5656683333333
2025-10-17 00:00:46.852,,,,,,,,,,,,,,,,,,,,,,11.41,,,,,,13.015775,77.5656683333333
2025-10-17 00:00:46.852,,,,,,,,,,,,,,,,,,,,,,,,13.692,,,,13.015775,77.5656683333333
2025-10-17 00:00:46.910,,,,,0.29007547601444,,,,,,,,,,,,,,,,,,,,,,,13.015775,77.5656683333333
2025-10-17 00:00:46.910,,,,,,,,,,,,,,,,,,,,,13.343471896644,,,,,,,13.015775,77.5656683333333
2025-10-17 00:00:46.963,,,,,,,,,,,801.0,,,,,,,,,,,,,,,,,13.015775,77.5656683333333
2025-10-17 00:00:46.963,,,,,,,,,,,,0.8,,,,,,,,,,,,,,,,13.015775,77.5656683333333
2025-10-17 00:00:47.015,,0.0,,,,,,,,,,,,,,,,,,,,,,,,,,13.015775,77.5656683333333
2025-10-17 00:00:47.015,,,,,,,,,0.0,,,,,,,,,,,,,,,,,,,13.015775,77.5656683333333
2025-10-17 00:00:47.015,,,,,,,,,,0.0,,,,,,,,,,,,,,,,,,13.015775,77.5656683333333
2025-10-17 00:00:47.015,,,,,,,,,,,,,,,,,,,,,,,,,,0.0,,13.015775,77.5656683333333
2025-10-17 00:00:47.015,,,,,,,,,,,,,,,,,,,,,,,,,,,0.0,13.015775,77.5656683333333
2025-10-17 00:00:47.068,,,,,,24.3137254901961,,,,,,,,,,,,,,,,,,,,,,13.015775,77.5656683333333
2025-10-17 00:00:47.130,,,,,,,0.798144796380091,,,,,,,,,,,,,,,,,,,,,13.015775,77.5656683333333
2025-10-17 00:00:47.130,,,,,,,,,,,,,,,0.0068697472454374,,,,,,,,,,,,,13.015775,77.5656683333333
2025-10-17 00:00:47.130,,,,,,,,,,,,,,,,0.0068697472454374,,,,,,,,,,,,13.015775,77.5656683333333
2025-10-17 00:00:47.130,,,,,,,,,,,,,,,,,0.0069384447178917,,,,,,,,,,,13.015775,77.5656683333333
2025-10-17 00:00:47.130,,,,,,,,,,,,,,,,,,0.0,,,,,,,,,,13.015775,77.5656683333333
2025-10-17 00:00:47.130,,,,,,,,,,,,,,,,,,,3.53396617188103,,,,,,,,,13.015775,77.5656683333333
2025-10-17 00:00:47.130,,,,,,,,,,,,,,,,,,,,,,11.38,,,,,,13.015775,77.5656683333333
2025-10-17 00:00:47.130,,,,,,,,,,,,,,,,,,,,,,,,13.656,,,,13.015775,77.5656683333333
2025-10-17 00:00:47.187,,,,,0.43511321402166,,,,,,,,,,,,,,,,,,,,,,,13.015775,77.5656683333333
2025-10-17 00:00:47.187,,,,,,,,,,,,,,,,,,,,,13.488509634651,,,,,,,13.015775,77.5656683333333
2025-10-17 00:00:47.240,,,,,,,,,,,801.0,,,,,,,,,,,,,,,,,13.015775,77.5656683333333
2025-10-17 00:00:47.240,,,,,,,,,,,,0.8,,,,,,,,,,,,,,,,13.015775,77.5656683333333
2025-10-17 00:00:47.292,,0.0,,,,,,,,,,,,,,,,,,,,,,,,,,13.015775,77.5656683333333
2025-10-17 00:00:47.292,,,,,,,,,0.0,,,,,,,,,,,,,,,,,,,13.015775,77.5656683333333
2025-10-17 00:00:47.292,,,,,,,,,,0.0,,,,,,,,,,,,,,,,,,13.015775,77.5656683333333
2025-10-17 00:00:47.292,,,,,,,,,,,,,,,,,,,,,,,,,,0.0,,13.015775,77.5656683333333
2025-10-17 00:00:47.292,,,,,,,,,,,,,,,,,,,,,,,,,,,0.0,13.015775,77.5656683333333
2025-10-17 00:00:47.345,,,,,,24.3137254901961,,,,,,,,,,,,,,,,,,,,,,13.015775,77.5656683333333
2025-10-17 00:00:47.394,,,,,,,0.796742081447964,,,,,,,,,,,,,,,,,,,,,13.015775,77.5656683333333
2025-10-17 00:00:47.394,,,,,,,,,,,,,,,0.0069279794200276,,,,,,,,,,,,,13.015775,77.5656683333333
2025-10-17 00:00:47.394,,,,,,,,,,,,,,,,0.0069279794200276,,,,,,,,,,,,13.015775,77.5656683333333
2025-10-17 00:00:47.394,,,,,,,,,,,,,,,,,0.0069972592142279,,,,,,,,,,,13.015775,77.5656683333333
2025-10-17 00:00:47.394,,,,,,,,,,,,,,,,,,0.0,,,,,,,,,,13.015775,77.5656683333333
2025-10-17 00:00:47.394,,,,,,,,,,,,,,,,,,,3.5277553350236,,,,,,,,,13.015775,77.5656683333333
2025-10-17 00:00:47.394,,,,,,,,,,,,,,,,,,,,,,11.36,,,,,,13.015775,77.5656683333333
2025-10-17 00:00:47.394,,,,,,,,,,,,,,,,,,,,,,,,13.632,,,,13.015775,77.5656683333333
2025-10-17 00:00:47.450,,,,,0.29007547601444,,,,,,,,,,,,,,,,,,,,,,,13.015775,77.5656683333333
2025-10-17 00:00:47.450,,,,,,,,,,,,,,,,,,,,,13.343471896644,,,,,,,13.015775,77.5656683333333
2025-10-17 00:00:47.514,,,,,,,,,,,800.0,,,,,,,,,,,,,,,,,13.015775,77.5656683333333
2025-10-17 00:00:47.514,,,,,,,,,,,,0.8,,,,,,,,,,,,,,,,13.015775,77.5656683333333
2025-10-17 00:00:47.567,,0.0,,,,,,,,,,,,,,,,,,,,,,,,,,13.015775,77.5656683333333
2025-10-17 00:00:47.567,,,,,,,,,0.0,,,,,,,,,,,,,,,,,,,13.015775,77.5656683333333
2025-10-17 00:00:47.567,,,,,,,,,,0.0,,,,,,,,,,,,,,,,,,13.015775,77.5656683333333
2025-10-17 00:00:47.567,,,,,,,,,,,,,,,,,,,,,,,,,,0.0,,13.015775,77.5656683333333
2025-10-17 00:00:47.567,,,,,,,,,,,,,,,,,,,,,,,,,,,0.0,13.015775,77.5656683333333
2025-10-17 00:00:47.607,858.9,,,,,,,,,,,,,,,,,,,,,,,,,,,13.015775,77.5656683333333
2025-10-17 00:00:47.607,,,0.0196015441184582,,,,,,,,,,,,,,,,,,,,,,,,,13.015775,77.5656683333333
2025-10-17 00:00:47.607,,,,,,,,,,,,,,,,,,,,,,,,,0.0,,,13.015775,77.5656683333333
2025-10-17 00:00:47.611,858.9,,,,,,,,,,,,,,,,,,,,,,,,,,,13.0157733333333,77.5656633333333
2025-10-17 00:00:47.613,,,0.0195992019882007,,,,,,,,,,,,,,,,,,,,,,,,,13.0157733333333,77.5656633333333
2025-10-17 00:00:47.613,,,,,,,,,,,,,,,,,,,,,,,,,0.0,,,13.0157733333333,77.5656633333333
2025-10-17 00:00:47.614,858.9,,,,,,,,,,,,,,,,,,,,,,,,,,,13.0157733333333,77.5656633333333
2025-10-17 00:00:47.631,,,,,,24.3137254901961,,,,,,,,,,,,,,,,,,,,,,13.0157733333333,77.5656633333333
2025-10-17 00:00:47.651,873.700012207031,,,,,,,,,,,,,,,,,,,,,,,,,,,13.0157733333333,77.5656633333333
2025-10-17 00:00:47.651,,,0.0195844400947002,,,,,,,,,,,,,,,,,,,,,,,,,13.0157733333333,77.5656633333333
2025-10-17 00:00:47.651,,,,,,,,,,,,,,,,,,,,,,,,,0.0,,,13.0157733333333,77.5656633333333
2025-10-17 00:00:47.652,873.700012207031,,,,,,,,,,,,,,,,,,,,,,,,,,,13.0157733333333,77.5656633333333
2025-10-17 00:00:47.652,,,0.0195839328420719,,,,,,,,,,,,,,,,,,,,,,,,,13.0157733333333,77.5656633333333
2025-10-17 00:00:47.652,,,,,,,,,,,,,,,,,,,,,,,,,0.0,,,13.0157733333333,77.5656633333333
2025-10-17 00:00:47.678,,,,,,,0.796742081447964,,,,,,,,,,,,,,,,,,,,,13.0157733333333,77.5656633333333
2025-10-17 00:00:47.678,,,,,,,,,,,,,,,0.0069909110671267,,,,,,,,,,,,,13.0157733333333,77.5656633333333
2025-10-17 00:00:47.678,,,,,,,,,,,,,,,,0.0069909110671267,,,,,,,,,,,,13.0157733333333,77.5656633333333
2025-10-17 00:00:47.678,,,,,,,,,,,,,,,,,0.0070608201777979,,,,,,,,,,,13.0157733333333,77.5656633333333
2025-10-17 00:00:47.678,,,,,,,,,,,,,,,,,,0.0,,,,,,,,,,13.0157733333333,77.5656633333333
2025-10-17 00:00:47.678,,,,,,,,,,,,,,,,,,,3.5277553350236,,,,,,,,,13.0157733333333,77.5656633333333
2025-10-17 00:00:47.678,,,,,,,,,,,,,,,,,,,,,,11.36,,,,,,13.0157733333333,77.5656633333333
2025-10-17 00:00:47.678,,,,,,,,,,,,,,,,,,,,,,,,13.632,,,,13.0157733333333,77.5656633333333
2025-10-17 00:00:47.731,,,,,0.29007547601444,,,,,,,,,,,,,,,,,,,,,,,13.0157733333333,77.5656633333333
2025-10-17 00:00:47.731,,,,,,,,,,,,,,,,,,,,,13.343471896644,,,,,,,13.0157733333333,77.5656633333333
2025-10-17 00:00:47.783,,,,,,,,,,,800.0,,,,,,,,,,,,,,,,,13.0157733333333,77.5656633333333
2025-10-17 00:00:47.783,,,,,,,,,,,,0.8,,,,,,,,,,,,,,,,13.0157733333333,77.5656633333333
2025-10-17 00:00:47.842,,0.0,,,,,,,,,,,,,,,,,,,,,,,,,,13.0157733333333,77.5656633333333
2025-10-17 00:00:47.842,,,,,,,,,0.0,,,,,,,,,,,,,,,,,,,13.0157733333333,77.5656633333333
2025-10-17 00:00:47.842,,,,,,,,,,0.0,,,,,,,,,,,,,,,,,,13.0157733333333,77.5656633333333
2025-10-17 00:00:47.842,,,,,,,,,,,,,,,,,,,,,,,,,,0.0,,13.0157733333333,77.5656633333333
2025-10-17 00:00:47.842,,,,,,,,,,,,,,,,,,,,,,,,,,,0.0,13.0157733333333,77.5656633333333
2025-10-17 00:00:47.858,873.700012207031,,,,,,,,,,,,,,,,,,,,,,,,,,,13.0157733333333,77.5656633333333
2025-10-17 00:00:47.858,,,0.0195041789158407,,,,,,,,,,,,,,,,,,,,,,,,,13.0157733333333,77.5656633333333
2025-10-17 00:00:47.858,,,,,,,,,,,,,,,,,,,,,,,,,0.0,,,13.0157733333333,77.5656633333333
2025-10-17 00:00:47.860,873.700012207031,,,,,,,,,,,,,,,,,,,,,,,,,,,13.0158893,77.5656529
2025-10-17 00:00:47.862,873.700012207031,,,,,,,,,,,,,,,,,,,,,,,,,,,13.0158893,77.5656529
2025-10-17 00:00:47.862,873.700012207031,,,,,,,,,,,,,,,,,,,,,,,,,,,13.0158893,77.5656529
2025-10-17 00:00:47.862,,,0.0195027792411844,,,,,,,,,,,,,,,,,,,,,,,,,13.0158893,77.5656529
2025-10-17 00:00:47.862,,,0.0195025176925103,,,,,,,,,,,,,,,,,,,,,,,,,13.0158893,77.5656529
2025-10-17 00:00:47.862,,,,,,,,,,,,,,,,,,,,,,,,,0.0,,,13.0158893,77.5656529
2025-10-17 00:00:47.862,,,,,,,,,,,,,,,,,,,,,,,,,0.0,,,13.0158893,77.5656529
2025-10-17 00:00:47.890,,,,,,24.3137254901961,,,,,,,,,,,,,,,,,,,,,,13.0158893,77.5656529
2025-10-17 00:00:47.963,,,,,,,0.792533936651584,,,,,,,,,,,,,,,,,,,,,13.0158893,77.5656529
2025-10-17 00:00:47.963,,,,,,,,,,,,,,,0.007053643474467,,,,,,,,,,,,,13.0158893,77.5656529
2025-10-17 00:00:47.963,,,,,,,,,,,,,,,,0.007053643474467,,,,,,,,,,,,13.0158893,77.5656529
2025-10-17 00:00:47.963,,,,,,,,,,,,,,,,,0.0071241799092117,,,,,,,,,,,13.0158893,77.5656529
2025-10-17 00:00:47.963,,,,,,,,,,,,,,,,,,0.0,,,,,,,,,,13.0158893,77.5656529
2025-10-17 00:00:47.963,,,,,,,,,,,,,,,,,,,3.50912282445129,,,,,,,,,13.0158893,77.5656529
2025-10-17 00:00:47.963,,,,,,,,,,,,,,,,,,,,,,11.3,,,,,,13.0158893,77.5656529
2025-10-17 00:00:47.963,,,,,,,,,,,,,,,,,,,,,,,,13.56,,,,13.0158893,77.5656529
2025-10-17 00:00:48.045,,,,,0.29007547601444,,,,,,,,,,,,,,,,,,,,,,,13.0158893,77.5656529
2025-10-17 00:00:48.045,,,,,,,,,,,,,,,,,,,,,13.343471896644,,,,,,,13.0158893,77.5656529
2025-10-17 00:00:48.100,,,,,,,,,,,803.0,,,,,,,,,,,,,,,,,13.0158893,77.5656529
2025-10-17 00:00:48.100,,,,,,,,,,,,0.8,,,,,,,,,,,,,,,,13.0158893,77.5656529
2025-10-17 00:00:48.151,,0.0,,,,,,,,,,,,,,,,,,,,,,,,,,13.0158893,77.5656529
2025-10-17 00:00:48.151,,,,,,,,,0.0,,,,,,,,,,,,,,,,,,,13.0158893,77.5656529
2025-10-17 00:00:48.151,,,,,,,,,,0.0,,,,,,,,,,,,,,,,,,13.0158893,77.5656529
2025-10-17 00:00:48.151,,,,,,,,,,,,,,,,,,,,,,,,,,0.0,,13.0158893,77.5656529
2025-10-17 00:00:48.151,,,,,,,,,,,,,,,,,,,,,,,,,,,0.0,13.0158893,77.5656529
2025-10-17 00:00:48.200,,,,,,23.921568627451,,,,,,,,,,,,,,,,,,,,,,13.0158893,77.5656529
2025-10-17 00:00:48.256,,,,,,,0.787341628959276,,,,,,,,,,,,,,,,,,,,,13.0158893,77.5656529
2025-10-17 00:00:48.256,,,,,,,,,,,,,,,0.0071175282430172,,,,,,,,,,,,,13.0158893,77.5656529
2025-10-17 00:00:48.256,,,,,,,,,,,,,,,,0.0071175282430172,,,,,,,,,,,,13.0158893,77.5656529
2025-10-17 00:00:48.256,,,,,,,,,,,,,,,,,0.0071887035254473,,,,,,,,,,,13.0158893,77.5656529
2025-10-17 00:00:48.256,,,,,,,,,,,,,,,,,,0.0,,,,,,,,,,13.0158893,77.5656529
2025-10-17 00:00:48.256,,,,,,,,,,,,,,,,,,,3.48613271059997,,,,,,,,,13.0158893,77.5656529
2025-10-17 00:00:48.256,,,,,,,,,,,,,,,,,,,,,,11.41,,,,,,13.0158893,77.5656529
2025-10-17 00:00:48.256,,,,,,,,,,,,,,,,,,,,,,,,13.692,,,,13.0158893,77.5656529
2025-10-17 00:00:48.313,,,,,0.29007547601444,,,,,,,,,,,,,,,,,,,,,,,13.0158893,77.5656529
2025-10-17 00:00:48.313,,,,,,,,,,,,,,,,,,,,,13.343471896644,,,,,,,13.0158893,77.5656529
2025-10-17 00:00:48.367,,,,,,,,,,,801.0,,,,,,,,,,,,,,,,,13.0158893,77.5656529
2025-10-17 00:00:48.367,,,,,,,,,,,,0.8,,,,,,,,,,,,,,,,13.0158893,77.5656529
2025-10-17 00:00:48.416,,0.0,,,,,,,,,,,,,,,,,,,,,,,,,,13.0158893,77.5656529
2025-10-17 00:00:48.416,,,,,,,,,0.0,,,,,,,,,,,,,,,,,,,13.0158893,77.5656529
2025-10-17 00:00:48.416,,,,,,,,,,0.0,,,,,,,,,,,,,,,,,,13.0158893,77.5656529
2025-10-17 00:00:48.416,,,,,,,,,,,,,,,,,,,,,,,,,,0.0,,13.0158893,77.5656529
2025-10-17 00:00:48.416,,,,,,,,,,,,,,,,,,,,,,,,,,,0.0,13.0158893,77.5656529
2025-10-17 00:00:48.476,,,,,,24.3137254901961,,,,,,,,,,,,,,,,,,,,,,13.0158893,77.5656529
2025-10-17 00:00:48.525,,,,,,,0.800248868778281,,,,,,,,,,,,,,,,,,,,,13.0158893,77.5656529
2025-10-17 00:00:48.525,,,,,,,,,,,,,,,0.0071776420266453,,,,,,,,,,,,,13.0158893,77.5656529
2025-10-17 00:00:48.525,,,,,,,,,,,,,,,,0.0071776420266453,,,,,,,,,,,,13.0158893,77.5656529
2025-10-17 00:00:48.525,,,,,,,,,,,,,,,,,0.0072494184469117,,,,,,,,,,,13.0158893,77.5656529
2025-10-17 00:00:48.525,,,,,,,,,,,,,,,,,,0.0,,,,,,,,,,13.0158893,77.5656529
2025-10-17 00:00:48.525,,,,,,,,,,,,,,,,,,,3.54328242716719,,,,,,,,,13.0158893,77.5656529
2025-10-17 00:00:48.525,,,,,,,,,,,,,,,,,,,,,,11.41,,,,,,13.0158893,77.5656529
2025-10-17 00:00:48.525,,,,,,,,,,,,,,,,,,,,,,,,13.692,,,,13.0158893,77.5656529
2025-10-17 00:00:48.582,,,,,0.29007547601444,,,,,,,,,,,,,,,,,,,,,,,13.0158893,77.5656529
2025-10-17 00:00:48.582,,,,,,,,,,,,,,,,,,,,,13.343471896644,,,,,,,13.0158893,77.5656529
2025-10-17 00:00:48.584,858.9,,,,,,,,,,,,,,,,,,,,,,,,,,,13.0158893,77.5656529
2025-10-17 00:00:48.584,,,0.0192279739041751,,,,,,,,,,,,,,,,,,,,,,,,,13.0158893,77.5656529
2025-10-17 00:00:48.584,,,,,,,,,,,,,,,,,,,,,,,,,0.0,,,13.0158893,77.5656529
2025-10-17 00:00:48.586,873.700012207031,,,,,,,,,,,,,,,,,,,,,,,,,,,13.0158893,77.5656529
2025-10-17 00:00:48.586,,,0.0192271804891253,,,,,,,,,,,,,,,,,,,,,,,,,13.0158893,77.5656529
2025-10-17 00:00:48.586,,,,,,,,,,,,,,,,,,,,,,,,,0.0,,,13.0158893,77.5656529
2025-10-17 00:00:48.590,873.700012207031,,,,,,,,,,,,,,,,,,,,,,,,,,,13.0158893,77.5656529
2025-10-17 00:00:48.590,,,0.0192257033217584,,,,,,,,,,,,,,,,,,,,,,,,,13.0158893,77.5656529
2025-10-17 00:00:48.590,,,,,,,,,,,,,,,,,,,,,,,,,0.0,,,13.0158893,77.5656529
2025-10-17 00:00:48.634,,,,,,,,,,,801.0,,,,,,,,,,,,,,,,,13.0158893,77.5656529
2025-10-17 00:00:48.634,,,,,,,,,,,,0.8,,,,,,,,,,,,,,,,13.0158893,77.5656529
2025-10-17 00:00:48.687,,0.0,,,,,,,,,,,,,,,,,,,,,,,,,,13.0158893,77.5656529
2025-10-17 00:00:48.687,,,,,,,,,0.0,,,,,,,,,,,,,,,,,,,13.0158893,77.5656529
2025-10-17 00:00:48.687,,,,,,,,,,0.0,,,,,,,,,,,,,,,,,,13.0158893,77.5656529
2025-10-17 00:00:48.687,,,,,,,,,,,,,,,,,,,,,,,,,,0.0,,13.0158893,77.5656529
2025-10-17 00:00:48.687,,,,,,,,,,,,,,,,,,,,,,,,,,,0.0,13.0158893,77.5656529
2025-10-17 00:00:48.718,,,0.0191778712291062,,,,,,,,,,,,,,,,,,,,,,,,,13.0158893,77.5656529
2025-10-17 00:00:48.718,,,,,,,,,,,,,,,,,,,,,,,,,0.0,,,13.0158893,77.5656529
2025-10-17 00:00:48.719,873.700012207031,,,,,,,,,,,,,,,,,,,,,,,,,,,13.0158893,77.5656529
2025-10-17 00:00:48.744,,,,,,24.3137254901961,,,,,,,,,,,,,,,,,,,,,,13.0158893,77.5656529
2025-10-17 00:00:48.794,,,,,,,0.796742081447964,,,,,,,,,,,,,,,,,,,,,13.0158893,77.5656529
2025-10-17 00:00:48.794,,,,,,,,,,,,,,,0.0072369373207528,,,,,,,,,,,,,13.0158893,77.5656529
2025-10-17 00:00:48.794,,,,,,,,,,,,,,,,0.0072369373207528,,,,,,,,,,,,13.0158893,77.5656529
2025-10-17 00:00:48.794,,,,,,,,,,,,,,,,,0.0073093066939604,,,,,,,,,,,13.0158893,77.5656529
2025-10-17 00:00:48.794,,,,,,,,,,,,,,,,,,0.0,,,,,,,,,,13.0158893,77.5656529
2025-10-17 00:00:48.794,,,,,,,,,,,,,,,,,,,3.5277553350236,,,,,,,,,13.0158893,77.5656529
2025-10-17 00:00:48.794,,,,,,,,,,,,,,,,,,,,,,11.36,,,,,,13.0158893,77.5656529
2025-10-17 00:00:48.794,,,,,,,,,,,,,,,,,,,,,,,,13.632,,,,13.0158893,77.5656529
2025-10-17 00:00:48.861,,,,,0.29007547601444,,,,,,,,,,,,,,,,,,,,,,,13.0158893,77.5656529
2025-10-17 00:00:48.861,,,,,,,,,,,,,,,,,,,,,13.343471896644,,,,,,,13.0158893,77.5656529
2025-10-17 00:00:48.914,,,,,,,,,,,800.0,,,,,,,,,,,,,,,,,13.0158893,77.5656529
2025-10-17 00:00:48.914,,,,,,,,,,,,0.8,,,,,,,,,,,,,,,,13.0158893,77.5656529
2025-10-17 00:00:48.993,,,,,,24.3137254901961,,,,,,,,,,,,,,,,,,,,,,13.0158893,77.5656529
2025-10-17 00:00:49.080,,,,,,,0.798144796380091,,,,,,,,,,,,,,,,,,,,,13.0158893,77.5656529
2025-10-17 00:00:49.080,,,,,,,,,,,,,,,0.0073004467220525,,,,,,,,,,,,,13.0158893,77.5656529
2025-10-17 00:00:49.080,,,,,,,,,,,,,,,,0.0073004467220525,,,,,,,,,,,,13.0158893,77.5656529
2025-10-17 00:00:49.080,,,,,,,,,,,,,,,,,0.007373451189273,,,,,,,,,,,13.0158893,77.5656529
2025-10-17 00:00:49.080,,,,,,,,,,,,,,,,,,0.0,,,,,,,,,,13.0158893,77.5656529
2025-10-17 00:00:49.080,,,,,,,,,,,,,,,,,,,3.53396617188103,,,,,,,,,13.0158893,77.5656529
2025-10-17 00:00:49.080,,,,,,,,,,,,,,,,,,,,,,11.38,,,,,,13.0158893,77.5656529
2025-10-17 00:00:49.080,,,,,,,,,,,,,,,,,,,,,,,,13.656,,,,13.0158893,77.5656529
2025-10-17 00:00:49.167,,0.0,,,,,,,,,,,,,,,,,,,,,,,,,,13.0158893,77.5656529
2025-10-17 00:00:49.167,,,,,,,,,0.0,,,,,,,,,,,,,,,,,,,13.0158893,77.5656529
2025-10-17 00:00:49.167,,,,,,,,,,0.0,,,,,,,,,,,,,,,,,,13.0158893,77.5656529
2025-10-17 00:00:49.167,,,,,,,,,,,,,,,,,,,,,,,,,,0.0,,13.0158893,77.5656529
2025-10-17 00:00:49.167,,,,,,,,,,,,,,,,,,,,,,,,,,,0.0,13.0158893,77.5656529
2025-10-17 00:00:49.238,,,,,0.29007547601444,,,,,,,,,,,,,,,,,,,,,,,13.0158893,77.5656529
2025-10-17 00:00:49.238,,,,,,,,,,,,,,,,,,,,,13.343471896644,,,,,,,13.0158893,77.5656529
2025-10-17 00:00:49.310,,,,,,,,,,,800.0,,,,,,,,,,,,,,,,,13.0158893,77.5656529
2025-10-17 00:00:49.310,,,,,,,,,,,,0.8,,,,,,,,,,,,,,,,13.0158893,77.5656529
2025-10-17 00:00:49.364,,,,,,24.3137254901961,,,,,,,,,,,,,,,,,,,,,,13.0158893,77.5656529
2025-10-17 00:00:49.415,,,,,,,0.790429864253394,,,,,,,,,,,,,,,,,,,,,13.0158893,77.5656529
2025-10-17 00:00:49.415,,,,,,,,,,,,,,,0.0073739381901954,,,,,,,,,,,,,13.0158893,77.5656529
2025-10-17 00:00:49.415,,,,,,,,,,,,,,,,0.0073739381901954,,,,,,,,,,,,13.0158893,77.5656529
2025-10-17 00:00:49.415,,,,,,,,,,,,,,,,,0.0074476775720974,,,,,,,,,,,13.0158893,77.5656529
2025-10-17 00:00:49.415,,,,,,,,,,,,,,,,,,0.0,,,,,,,,,,13.0158893,77.5656529
2025-10-17 00:00:49.415,,,,,,,,,,,,,,,,,,,3.49980656916513,,,,,,,,,13.0158893,77.5656529
2025-10-17 00:00:49.415,,,,,,,,,,,,,,,,,,,,,,11.27,,,,,,13.0158893,77.5656529
2025-10-17 00:00:49.415,,,,,,,,,,,,,,,,,,,,,,,,13.524,,,,13.0158893,77.5656529
2025-10-17 00:00:49.473,,0.0,,,,,,,,,,,,,,,,,,,,,,,,,,13.0158893,77.5656529
2025-10-17 00:00:49.473,,,,,,,,,0.0,,,,,,,,,,,,,,,,,,,13.0158893,77.5656529
2025-10-17 00:00:49.473,,,,,,,,,,0.0,,,,,,,,,,,,,,,,,,13.0158893,77.5656529
2025-10-17 00:00:49.473,,,,,,,,,,,,,,,,,,,,,,,,,,0.0,,13.0158893,77.5656529
2025-10-17 00:00:49.473,,,,,,,,,,,,,,,,,,,,,,,,,,,0.0,13.0158893,77.5656529
2025-10-17 00:00:49.526,,,,,0.29007547601444,,,,,,,,,,,,,,,,,,,,,,,13.0158893,77.5656529
2025-10-17 00:00:49.526,,,,,,,,,,,,,,,,,,,,,13.343471896644,,,,,,,13.0158893,77.5656529
2025-10-17 00:00:49.576,,,,,,,,,,,800.0,,,,,,,,,,,,,,,,,13.0158893,77.5656529
2025-10-17 00:00:49.576,,,,,,,,,,,,0.8,,,,,,,,,,,,,,,,13.0158893,77.5656529
2025-10-17 00:00:49.586,,,0.0188593163202024,,,,,,,,,,,,,,,,,,,,,,,,,13.0158893,77.5656529
2025-10-17 00:00:49.586,,,,,,,,,,,,,,,,,,,,,,,,,0.0,,,13.0158893,77.5656529
2025-10-17 00:00:49.587,858.9,,,,,,,,,,,,,,,,,,,,,,,,,,,13.0158893,77.5656529
2025-10-17 00:00:49.629,,,,,,24.3137254901961,,,,,,,,,,,,,,,,,,,,,,13.0158893,77.5656529
2025-10-17 00:00:49.680,,,,,,,0.796742081447964,,,,,,,,,,,,,,,,,,,,,13.0158893,77.5656529
2025-10-17 00:00:49.680,,,,,,,,,,,,,,,0.0074327515217389,,,,,,,,,,,,,13.0158893,77.5656529
2025-10-17 00:00:49.680,,,,,,,,,,,,,,,,0.0074327515217389,,,,,,,,,,,,13.0158893,77.5656529
2025-10-17 00:00:49.680,,,,,,,,,,,,,,,,,0.0075070790369563,,,,,,,,,,,13.0158893,77.5656529
2025-10-17 00:00:49.680,,,,,,,,,,,,,,,,,,0.0,,,,,,,,,,13.0158893,77.5656529
2025-10-17 00:00:49.680,,,,,,,,,,,,,,,,,,,3.5277553350236,,,,,,,,,13.0158893,77.5656529
2025-10-17 00:00:49.680,,,,,,,,,,,,,,,,,,,,,,11.36,,,,,,13.0158893,77.5656529
2025-10-17 00:00:49.680,,,,,,,,,,,,,,,,,,,,,,,,13.632,,,,13.0158893,77.5656529
2025-10-17 00:00:49.722,873.700012207031,,,,,,,,,,,,,,,,,,,,,,,,,,,13.0158893,77.5656529
2025-10-17 00:00:49.722,,,0.0188106069526023,,,,,,,,,,,,,,,,,,,,,,,,,13.0158893,77.5656529
2025-10-17 00:00:49.722,,,,,,,,,,,,,,,,,,,,,,,,,0.0,,,13.0158893,77.5656529
2025-10-17 00:00:49.762,,0.0,,,,,,,,,,,,,,,,,,,,,,,,,,13.0158893,77.5656529
2025-10-17 00:00:49.762,,,,,,,,,0.0,,,,,,,,,,,,,,,,,,,13.0158893,77.5656529
2025-10-17 00:00:49.762,,,,,,,,,,0.0,,,,,,,,,,,,,,,,,,13.0158893,77.5656529
2025-10-17 00:00:49.762,,,,,,,,,,,,,,,,,,,,,,,,,,0.0,,13.0158893,77.5656529
2025-10-17 00:00:49.762,,,,,,,,,,,,,,,,,,,,,,,,,,,0.0,13.0158893,77.5656529
2025-10-17 00:00:49.843,,,,,,24.3137254901961,,,,,,,,,,,,,,,,,,,,,,13.0158893,77.5656529
2025-10-17 00:00:49.920,,,,,,,0.794638009049774,,,,,,,,,,,,,,,,,,,,,13.0158893,77.5656529
2025-10-17 00:00:49.920,,,,,,,,,,,,,,,0.0074856735302105,,,,,,,,,,,,,13.0158893,77.5656529
2025-10-17 00:00:49.920,,,,,,,,,,,,,,,,0.0074856735302105,,,,,,,,,,,,13.0158893,77.5656529
2025-10-17 00:00:49.920,,,,,,,,,,,,,,,,,0.0075605302655126,,,,,,,,,,,13.0158893,77.5656529
2025-10-17 00:00:49.920,,,,,,,,,,,,,,,,,,0.0,,,,,,,,,,13.0158893,77.5656529
2025-10-17 00:00:49.920,,,,,,,,,,,,,,,,,,,3.51843907973744,,,,,,,,,13.0158893,77.5656529
2025-10-17 00:00:49.920,,,,,,,,,,,,,,,,,,,,,,11.33,,,,,,13.0158893,77.5656529
2025-10-17 00:00:49.920,,,,,,,,,,,,,,,,,,,,,,,,13.596,,,,13.0158893,77.5656529
2025-10-17 00:00:50.000,,,,,0.29007547601444,,,,,,,,,,,,,,,,,,,,,,,13.0158893,77.5656529
2025-10-17 00:00:50.000,,,,,,,,,,,,,,,,,,,,,13.343471896644,,,,,,,13.0158893,77.5656529
2025-10-17 00:00:50.083,,,,,,,,,,,800.0,,,,,,,,,,,,,,,,,13.0158893,77.5656529
2025-10-17 00:00:50.083,,,,,,,,,,,,0.8,,,,,,,,,,,,,,,,13.0158893,77.5656529
2025-10-17 00:00:50.134,,0.0,,,,,,,,,,,,,,,,,,,,,,,,,,13.0158893,77.5656529
2025-10-17 00:00:50.134,,,,,,,,,0.0,,,,,,,,,,,,,,,,,,,13.0158893,77.5656529
2025-10-17 00:00:50.134,,,,,,,,,,0.0,,,,,,,,,,,,,,,,,,13.0158893,77.5656529
2025-10-17 00:00:50.134,,,,,,,,,,,,,,,,,,,,,,,,,,0.0,,13.0158893,77.5656529
2025-10-17 00:00:50.134,,,,,,,,,,,,,,,,,,,,,,,,,,,0.0,13.0158893,77.5656529
2025-10-17 00:00:50.190,,,,,,23.921568627451,,,,,,,,,,,,,,,,,,,,,,13.0158893,77.5656529
2025-10-17 00:00:50.239,,,,,,,0.787341628959276,,,,,,,,,,,,,,,,,,,,,13.0158893,77.5656529
2025-10-17 00:00:50.239,,,,,,,,,,,,,,,0.0075553717887723,,,,,,,,,,,,,13.0158893,77.5656529
2025-10-17 00:00:50.239,,,,,,,,,,,,,,,,0.0075553717887723,,,,,,,,,,,,13.0158893,77.5656529
2025-10-17 00:00:50.239,,,,,,,,,,,,,,,,,0.00763092550666,,,,,,,,,,,13.0158893,77.5656529
2025-10-17 00:00:50.239,,,,,,,,,,,,,,,,,,0.0,,,,,,,,,,13.0158893,77.5656529
2025-10-17 00:00:50.239,,,,,,,,,,,,,,,,,,,3.48613271059997,,,,,,,,,13.0158893,77.5656529
2025-10-17 00:00:50.239,,,,,,,,,,,,,,,,,,,,,,11.41,,,,,,13.0158893,77.5656529
2025-10-17 00:00:50.239,,,,,,,,,,,,,,,,,,,,,,,,13.692,,,,13.0158893,77.5656529
2025-10-17 00:00:50.311,,,,,0.29007547601444,,,,,,,,,,,,,,,,,,,,,,,13.0158893,77.5656529
2025-10-17 00:00:50.311,,,,,,,,,,,,,,,,,,,,,13.343471896644,,,,,,,13.0158893,77.5656529
2025-10-17 00:00:50.440,,,,,,,,,,,801.0,,,,,,,,,,,,,,,,,13.0158893,77.5656529
2025-10-17 00:00:50.440,,,,,,,,,,,,0.8,,,,,,,,,,,,,,,,13.0158893,77.5656529
2025-10-17 00:00:50.495,,0.0,,,,,,,,,,,,,,,,,,,,,,,,,,13.0158893,77.5656529
2025-10-17 00:00:50.495,,,,,,,,,0.0,,,,,,,,,,,,,,,,,,,13.0158893,77.5656529
2025-10-17 00:00:50.495,,,,,,,,,,0.0,,,,,,,,,,,,,,,,,,13.0158893,77.5656529
2025-10-17 00:00:50.495,,,,,,,,,,,,,,,,,,,,,,,,,,0.0,,13.0158893,77.5656529
2025-10-17 00:00:50.495,,,,,,,,,,,,,,,,,,,,,,,,,,,0.0,13.0158893,77.5656529
2025-10-17 00:00:50.544,,,,,,24.3137254901961,,,,,,,,,,,,,,,,,,,,,,13.0158893,77.5656529
2025-10-17 00:00:50.567,858.9,,,,,,,,,,,,,,,,,,,,,,,,,,,13.0158893,77.5656529
2025-10-17 00:00:50.567,,,0.0185120480727678,,,,,,,,,,,,,,,,,,,,,,,,,13.0158893,77.5656529
2025-10-17 00:00:50.567,,,,,,,,,,,,,,,,,,,,,,,,,0.0,,,13.0158893,77.5656529
2025-10-17 00:00:50.581,873.700012207031,,,,,,,,,,,,,,,,,,,,,,,,,,,13.0158893,77.5656529
2025-10-17 00:00:50.581,,,0.018507215305599,,,,,,,,,,,,,,,,,,,,,,,,,13.0158893,77.5656529
2025-10-17 00:00:50.581,,,,,,,,,,,,,,,,,,,,,,,,,0.0,,,13.0158893,77.5656529
2025-10-17 00:00:50.588,,,,,,,0.788325791855204,,,,,,,,,,,,,,,,,,,,,13.0158893,77.5656529
2025-10-17 00:00:50.588,,,,,,,,,,,,,,,0.0076316306375329,,,,,,,,,,,,,13.0158893,77.5656529
2025-10-17 00:00:50.588,,,,,,,,,,,,,,,,0.0076316306375329,,,,,,,,,,,,13.0158893,77.5656529
2025-10-17 00:00:50.588,,,,,,,,,,,,,,,,,0.0077079469439083,,,,,,,,,,,13.0158893,77.5656529
2025-10-17 00:00:50.588,,,,,,,,,,,,,,,,,,0.0,,,,,,,,,,13.0158893,77.5656529
2025-10-17 00:00:50.588,,,,,,,,,,,,,,,,,,,3.49049031387898,,,,,,,,,13.0158893,77.5656529
2025-10-17 00:00:50.588,,,,,,,,,,,,,,,,,,,,,,11.24,,,,,,13.0158893,77.5656529
2025-10-17 00:00:50.588,,,,,,,,,,,,,,,,,,,,,,,,13.488,,,,13.0158893,77.5656529
2025-10-17 00:00:50.670,,,,,0.29007547601444,,,,,,,,,,,,,,,,,,,,,,,13.0158893,77.5656529
2025-10-17 00:00:50.670,,,,,,,,,,,,,,,,,,,,,13.343471896644,,,,,,,13.0158893,77.5656529
2025-10-17 00:00:50.715,,,,,,,,,,,799.0,,,,,,,,,,,,,,,,,13.0158893,77.5656529
2025-10-17 00:00:50.715,,,,,,,,,,,,0.8,,,,,,,,,,,,,,,,13.0158893,77.5656529
2025-10-17 00:00:50.770,,0.0,,,,,,,,,,,,,,,,,,,,,,,,,,13.0158893,77.5656529
2025-10-17 00:00:50.770,,,,,,,,,0.0,,,,,,,,,,,,,,,,,,,13.0158893,77.5656529
2025-10-17 00:00:50.770,,,,,,,,,,0.0,,,,,,,,,,,,,,,,,,13.0158893,77.5656529
2025-10-17 00:00:50.770,,,,,,,,,,,,,,,,,,,,,,,,,,0.0,,13.0158893,77.5656529
2025-10-17 00:00:50.770,,,,,,,,,,,,,,,,,,,,,,,,,,,0.0,13.0158893,77.5656529
2025-10-17 00:00:50.844,,,,,0.29007547601444,,,,,,,,,,,,,,,,,,,,,,,13.0158893,77.5656529
2025-10-17 00:00:50.844,,,,,,,,,,,,,,,,,,,,,13.343471896644,,,,,,,13.0158893,77.5656529
2025-10-17 00:00:50.922,,,,,,24.3137254901961,,,,,,,,,,,,,,,,,,,,,,13.0158893,77.5656529
2025-10-17 00:00:51.013,,,,,,,0.798144796380091,,,,,,,,,,,,,,,,,,,,,13.0158893,77.5656529
2025-10-17 00:00:51.013,,,,,,,,,,,,,,,0.0077260315237144,,,,,,,,,,,,,13.0158893,77.5656529
2025-10-17 00:00:51.013,,,,,,,,,,,,,,,,0.0077260315237144,,,,,,,,,,,,13.0158893,77.5656529
2025-10-17 00:00:51.013,,,,,,,,,,,,,,,,,0.0078032918389516,,,,,,,,,,,13.0158893,77.5656529
2025-10-17 00:00:51.013,,,,,,,,,,,,,,,,,,0.0,,,,,,,,,,13.0158893,77.5656529
2025-10-17 00:00:51.013,,,,,,,,,,,,,,,,,,,3.53396617188103,,,,,,,,,13.0158893,77.5656529
2025-10-17 00:00:51.013,,,,,,,,,,,,,,,,,,,,,,11.38,,,,,,13.0158893,77.5656529
2025-10-17 00:00:51.013,,,,,,,,,,,,,,,,,,,,,,,,13.656,,,,13.0158893,77.5656529
2025-10-17 00:00:51.097,,0.0,,,,,,,,,,,,,,,,,,,,,,,,,,13.0158893,77.5656529
2025-10-17 00:00:51.097,,,,,,,,,0.0,,,,,,,,,,,,,,,,,,,13.0158893,77.5656529
2025-10-17 00:00:51.097,,,,,,,,,,0.0,,,,,,,,,,,,,,,,,,13.0158893,77.5656529
2025-10-17 00:00:51.097,,,,,,,,,,,,,,,,,,,,,,,,,,0.0,,13.0158893,77.5656529
2025-10-17 00:00:51.097,,,,,,,,,,,,,,,,,,,,,,,,,,,0.0,13.0158893,77.5656529
2025-10-17 00:00:51.177,,,,,,,,,,,802.0,,,,,,,,,,,,,,,,,13.0158893,77.5656529
2025-10-17 00:00:51.177,,,,,,,,,,,,0.8,,,,,,,,,,,,,,,,13.0158893,77.5656529
2025-10-17 00:00:51.222,,,,,0.29007547601444,,,,,,,,,,,,,,,,,,,,,,,13.0158893,77.5656529
2025-10-17 00:00:51.222,,,,,,,,,,,,,,,,,,,,,13.343471896644,,,,,,,13.0158893,77.5656529
2025-10-17 00:00:51.281,,,,,,24.3137254901961,,,,,,,,,,,,,,,,,,,,,,13.0158893,77.5656529
2025-10-17 00:00:51.329,,,,,,,0.796742081447964,,,,,,,,,,,,,,,,,,,,,13.0158893,77.5656529
2025-10-17 00:00:51.329,,,,,,,,,,,,,,,0.0077957469206074,,,,,,,,,,,,,13.0158893,77.5656529
2025-10-17 00:00:51.329,,,,,,,,,,,,,,,,0.0077957469206074,,,,,,,,,,,,13.0158893,77.5656529
2025-10-17 00:00:51.329,,,,,,,,,,,,,,,,,0.0078737043898134,,,,,,,,,,,13.0158893,77.5656529
2025-10-17 00:00:51.329,,,,,,,,,,,,,,,,,,0.0,,,,,,,,,,13.0158893,77.5656529
2025-10-17 00:00:51.329,,,,,,,,,,,,,,,,,,,3.5277553350236,,,,,,,,,13.0158893,77.5656529
2025-10-17 00:00:51.329,,,,,,,,,,,,,,,,,,,,,,11.36,,,,,,13.0158893,77.5656529
2025-10-17 00:00:51.329,,,,,,,,,,,,,,,,,,,,,,,,13.632,,,,13.0158893,77.5656529
2025-10-17 00:00:51.384,,0.0,,,,,,,,,,,,,,,,,,,,,,,,,,13.0158893,77.5656529
2025-10-17 00:00:51.384,,,,,,,,,0.0,,,,,,,,,,,,,,,,,,,13.0158893,77.5656529
2025-10-17 00:00:51.384,,,,,,,,,,0.0,,,,,,,,,,,,,,,,,,13.0158893,77.5656529
2025-10-17 00:00:51.384,,,,,,,,,,,,,,,,,,,,,,,,,,0.0,,13.0158893,77.5656529
2025-10-17 00:00:51.384,,,,,,,,,,,,,,,,,,,,,,,,,,,0.0,13.0158893,77.5656529
2025-10-17 00:00:51.432,,,,,,,,,,,800.0,,,,,,,,,,,,,,,,,13.0158893,77.5656529
2025-10-17 00:00:51.432,,,,,,,,,,,,0.8,,,,,,,,,,,,,,,,13.0158893,77.5656529
2025-10-17 00:00:51.478,,,,,0.29007547601444,,,,,,,,,,,,,,,,,,,,,,,13.0158893,77.5656529
2025-10-17 00:00:51.478,,,,,,,,,,,,,,,,,,,,,13.343471896644,,,,,,,13.0158893,77.5656529
2025-10-17 00:00:51.525,,,,,,24.3137254901961,,,,,,,,,,,,,,,,,,,,,,13.0158893,77.5656529
2025-10-17 00:00:51.574,,,,,,,0.800248868778281,,,,,,,,,,,,,,,,,,,,,13.0158893,77.5656529
2025-10-17 00:00:51.574,,,,,,,,,,,,,,,0.007850413632477,,,,,,,,,,,,,13.0158893,77.5656529
2025-10-17 00:00:51.574,,,,,,,,,,,,,,,,0.007850413632477,,,,,,,,,,,,13.0158893,77.5656529
2025-10-17 00:00:51.574,,,,,,,,,,,,,,,,,0.0079289177688018,,,,,,,,,,,13.0158893,77.5656529
2025-10-17 00:00:51.574,,,,,,,,,,,,,,,,,,0.0,,,,,,,,,,13.0158893,77.5656529
2025-10-17 00:00:51.574,,,,,,,,,,,,,,,,,,,3.54328242716719,,,,,,,,,13.0158893,77.5656529
2025-10-17 00:00:51.574,,,,,,,,,,,,,,,,,,,,,,11.41,,,,,,13.0158893,77.5656529
2025-10-17 00:00:51.574,,,,,,,,,,,,,,,,,,,,,,,,13.692,,,,13.0158893,77.5656529
2025-10-17 00:00:51.604,858.9,,,,,,,,,,,,,,,,,,,,,,,,,,,13.0157733333333,77.5656633333333
2025-10-17 00:00:51.604,858.9,,,,,,,,,,,,,,,,,,,,,,,,,,,13.0157733333333,77.5656633333333
2025-10-17 00:00:51.604,,,0.0181586578913805,,,,,,,,,,,,,,,,,,,,,,,,,13.0157733333333,77.5656633333333
2025-10-17 00:00:51.604,,,,,,,,,,,,,,,,,,,,,,,,,0.0,,,13.0157733333333,77.5656633333333
2025-10-17 00:00:51.614,873.700012207031,,,,,,,,,,,,,,,,,,,,,,,,,,,13.0157733333333,77.5656633333333
2025-10-17 00:00:51.614,,,0.0181553148919051,,,,,,,,,,,,,,,,,,,,,,,,,13.0157733333333,77.5656633333333
2025-10-17 00:00:51.614,,,,,,,,,,,,,,,,,,,,,,,,,0.0,,,13.0157733333333,77.5656633333333
2025-10-17 00:00:51.625,,0.0,,,,,,,,,,,,,,,,,,,,,,,,,,13.0157733333333,77.5656633333333
2025-10-17 00:00:51.625,,,,,,,,,0.0,,,,,,,,,,,,,,,,,,,13.0157733333333,77.5656633333333
2025-10-17 00:00:51.625,,,,,,,,,,0.0,,,,,,,,,,,,,,,,,,13.0157733333333,77.5656633333333
2025-10-17 00:00:51.625,,,,,,,,,,,,,,,,,,,,,,,,,,0.0,,13.0157733333333,77.5656633333333
2025-10-17 00:00:51.625,,,,,,,,,,,,,,,,,,,,,,,,,,,0.0,13.0157733333333,77.5656633333333
2025-10-17 00:00:51.708,,,,,,24.3137254901961,,,,,,,,,,,,,,,,,,,,,,13.0157733333333,77.5656633333333
2025-10-17 00:00:51.786,,,,,,,0.794638009049774,,,,,,,,,,,,,,,,,,,,,13.0157733333333,77.5656633333333
2025-10-17 00:00:51.786,,,,,,,,,,,,,,,0.007897192007548,,,,,,,,,,,,,13.0157733333333,77.5656633333333
2025-10-17 00:00:51.786,,,,,,,,,,,,,,,,0.007897192007548,,,,,,,,,,,,13.0157733333333,77.5656633333333
2025-10-17 00:00:51.786,,,,,,,,,,,,,,,,,0.0079761639276235,,,,,,,,,,,13.0157733333333,77.5656633333333
2025-10-17 00:00:51.786,,,,,,,,,,,,,,,,,,0.0,,,,,,,,,,13.0157733333333,77.5656633333333
2025-10-17 00:00:51.786,,,,,,,,,,,,,,,,,,,3.51843907973744,,,,,,,,,13.0157733333333,77.5656633333333
2025-10-17 00:00:51.786,,,,,,,,,,,,,,,,,,,,,,11.33,,,,,,13.0157733333333,77.5656633333333
2025-10-17 00:00:51.786,,,,,,,,,,,,,,,,,,,,,,,,13.596,,,,13.0157733333333,77.5656633333333
2025-10-17 00:00:51.870,,0.0,,,,,,,,,,,,,,,,,,,,,,,,,,13.0157733333333,77.5656633333333
2025-10-17 00:00:51.870,,,,,,,,,0.0,,,,,,,,,,,,,,,,,,,13.0157733333333,77.5656633333333
2025-10-17 00:00:51.870,,,,,,,,,,0.0,,,,,,,,,,,,,,,,,,13.0157733333333,77.5656633333333
2025-10-17 00:00:51.870,,,,,,,,,,,,,,,,,,,,,,,,,,0.0,,13.0157733333333,77.5656633333333
2025-10-17 00:00:51.870,,,,,,,,,,,,,,,,,,,,,,,,,,,0.0,13.0157733333333,77.5656633333333
2025-10-17 00:00:51.931,,,,,,,,,,,798.0,,,,,,,,,,,,,,,,,13.0157733333333,77.5656633333333
2025-10-17 00:00:51.931,,,,,,,,,,,,0.8,,,,,,,,,,,,,,,,13.0157733333333,77.5656633333333
2025-10-17 00:00:51.976,,,,,,24.7058823529412,,,,,,,,,,,,,,,,,,,,,,13.0157733333333,77.5656633333333
2025-10-17 00:00:52.020,,,,,,,0.809592760180995,,,,,,,,,,,,,,,,,,,,,13.0157733333333,77.5656633333333
2025-10-17 00:00:52.020,,,,,,,,,,,,,,,0.0079497074338376,,,,,,,,,,,,,13.0157733333333,77.5656633333333
2025-10-17 00:00:52.020,,,,,,,,,,,,,,,,0.0079497074338376,,,,,,,,,,,,13.0157733333333,77.5656633333333
2025-10-17 00:00:52.020,,,,,,,,,,,,,,,,,0.008029204508176,,,,,,,,,,,13.0157733333333,77.5656633333333
2025-10-17 00:00:52.020,,,,,,,,,,,,,,,,,,0.0,,,,,,,,,,13.0157733333333,77.5656633333333
2025-10-17 00:00:52.020,,,,,,,,,,,,,,,,,,,3.58465461462075,,,,,,,,,13.0157733333333,77.5656633333333
2025-10-17 00:00:52.020,,,,,,,,,,,,,,,,,,,,,,11.36,,,,,,13.0157733333333,77.5656633333333
2025-10-17 00:00:52.020,,,,,,,,,,,,,,,,,,,,,,,,13.632,,,,13.0157733333333,77.5656633333333
2025-10-17 00:00:52.078,,0.0,,,,,,,,,,,,,,,,,,,,,,,,,,13.0157733333333,77.5656633333333
2025-10-17 00:00:52.078,,,,,,,,,0.0,,,,,,,,,,,,,,,,,,,13.0157733333333,77.5656633333333
2025-10-17 00:00:52.078,,,,,,,,,,0.0,,,,,,,,,,,,,,,,,,13.0157733333333,77.5656633333333
2025-10-17 00:00:52.078,,,,,,,,,,,,,,,,,,,,,,,,,,0.0,,13.0157733333333,77.5656633333333
2025-10-17 00:00:52.078,,,,,,,,,,,,,,,,,,,,,,,,,,,0.0,13.0157733333333,77.5656633333333
2025-10-17 00:00:52.123,,,,,,,,,,,800.0,,,,,,,,,,,,,,,,,13.0157733333333,77.5656633333333
2025-10-17 00:00:52.123,,,,,,,,,,,,0.8,,,,,,,,,,,,,,,,13.0157733333333,77.5656633333333
2025-10-17 00:00:52.167,,,,,,24.3137254901961,,,,,,,,,,,,,,,,,,,,,,13.0157733333333,77.5656633333333
2025-10-17 00:00:52.212,,,,,,,0.792533936651584,,,,,,,,,,,,,,,,,,,,,13.0157733333333,77.5656633333333
2025-10-17 00:00:52.212,,,,,,,,,,,,,,,0.0079920898372124,,,,,,,,,,,,,13.0157733333333,77.5656633333333
2025-10-17 00:00:52.212,,,,,,,,,,,,,,,,0.0079920898372124,,,,,,,,,,,,13.0157733333333,77.5656633333333
2025-10-17 00:00:52.212,,,,,,,,,,,,,,,,,0.0080720107355846,,,,,,,,,,,13.0157733333333,77.5656633333333
2025-10-17 00:00:52.212,,,,,,,,,,,,,,,,,,0.0,,,,,,,,,,13.0157733333333,77.5656633333333
2025-10-17 00:00:52.212,,,,,,,,,,,,,,,,,,,3.50912282445129,,,,,,,,,13.0157733333333,77.5656633333333
2025-10-17 00:00:52.212,,,,,,,,,,,,,,,,,,,,,,11.3,,,,,,13.0157733333333,77.5656633333333
2025-10-17 00:00:52.212,,,,,,,,,,,,,,,,,,,,,,,,13.56,,,,13.0157733333333,77.5656633333333
2025-10-17 00:00:52.269,,0.0,,,,,,,,,,,,,,,,,,,,,,,,,,13.0157733333333,77.5656633333333
2025-10-17 00:00:52.269,,,,,,,,,0.0,,,,,,,,,,,,,,,,,,,13.0157733333333,77.5656633333333
2025-10-17 00:00:52.269,,,,,,,,,,0.0,,,,,,,,,,,,,,,,,,13.0157733333333,77.5656633333333
2025-10-17 00:00:52.269,,,,,,,,,,,,,,,,,,,,,,,,,,0.0,,13.0157733333333,77.5656633333333
2025-10-17 00:00:52.269,,,,,,,,,,,,,,,,,,,,,,,,,,,0.0,13.0157733333333,77.5656633333333
2025-10-17 00:00:52.314,,,,,,,,,,,804.0,,,,,,,,,,,,,,,,,13.0157733333333,77.5656633333333
2025-10-17 00:00:52.314,,,,,,,,,,,,0.8,,,,,,,,,,,,,,,,13.0157733333333,77.5656633333333
2025-10-17 00:00:52.358,,,,,,23.921568627451,,,,,,,,,,,,,,,,,,,,,,13.0157733333333,77.5656633333333
2025-10-17 00:00:52.402,,,,,,,0.787341628959276,,,,,,,,,,,,,,,,,,,,,13.0157733333333,77.5656633333333
2025-10-17 00:00:52.402,,,,,,,,,,,,,,,0.0080335521222175,,,,,,,,,,,,,13.0157733333333,77.5656633333333
2025-10-17 00:00:52.402,,,,,,,,,,,,,,,,0.0080335521222175,,,,,,,,,,,,13.0157733333333,77.5656633333333
2025-10-17 00:00:52.402,,,,,,,,,,,,,,,,,0.0081138876434396,,,,,,,,,,,13.0157733333333,77.5656633333333
2025-10-17 00:00:52.402,,,,,,,,,,,,,,,,,,0.0,,,,,,,,,,13.0157733333333,77.5656633333333
2025-10-17 00:00:52.402,,,,,,,,,,,,,,,,,,,3.48613271059997,,,,,,,,,13.0157733333333,77.5656633333333
2025-10-17 00:00:52.402,,,,,,,,,,,,,,,,,,,,,,11.41,,,,,,13.0157733333333,77.5656633333333
2025-10-17 00:00:52.402,,,,,,,,,,,,,,,,,,,,,,,,13.692,,,,13.0157733333333,77.5656633333333
2025-10-17 00:00:52.449,,0.0,,,,,,,,,,,,,,,,,,,,,,,,,,13.0157733333333,77.5656633333333
2025-10-17 00:00:52.449,,,,,,,,,0.0,,,,,,,,,,,,,,,,,,,13.0157733333333,77.5656633333333
2025-10-17 00:00:52.449,,,,,,,,,,0.0,,,,,,,,,,,,,,,,,,13.0157733333333,77.5656633333333
2025-10-17 00:00:52.449,,,,,,,,,,,,,,,,,,,,,,,,,,0.0,,13.0157733333333,77.5656633333333
2025-10-17 00:00:52.449,,,,,,,,,,,,,,,,,,,,,,,,,,,0.0,13.0157733333333,77.5656633333333
2025-10-17 00:00:52.494,,,,,,,,,,,799.0,,,,,,,,,,,,,,,,,13.0157733333333,77.5656633333333
2025-10-17 00:00:52.494,,,,,,,,,,,,0.8,,,,,,,,,,,,,,,,13.0157733333333,77.5656633333333
2025-10-17 00:00:52.540,,,,,,24.3137254901961,,,,,,,,,,,,,,,,,,,,,,13.0157733333333,77.5656633333333
2025-10-17 00:00:52.571,858.9,,,,,,,,,,,,,,,,,,,,,,,,,,,13.0157733333333,77.5656633333333
2025-10-17 00:00:52.571,,,0.0178408254556612,,,,,,,,,,,,,,,,,,,,,,,,,13.0157733333333,77.5656633333333
2025-10-17 00:00:52.571,,,,,,,,,,,,,,,,,,,,,,,,,0.0,,,13.0157733333333,77.5656633333333
2025-10-17 00:00:52.585,873.700012207031,,,,,,,,,,,,,,,,,,,,,,,,,,,13.0157733333333,77.5656633333333
2025-10-17 00:00:52.585,,,0.0178363722448371,,,,,,,,,,,,,,,,,,,,,,,,,13.0157733333333,77.5656633333333
2025-10-17 00:00:52.585,,,,,,,,,,,,,,,,,,,,,,,,,0.0,,,13.0157733333333,77.5656633333333
2025-10-17 00:00:52.595,,,,,,,0.798144796380091,,,,,,,,,,,,,,,,,,,,,13.0157733333333,77.5656633333333
2025-10-17 00:00:52.595,,,,,,,,,,,,,,,0.0080763617934178,,,,,,,,,,,,,13.0157733333333,77.5656633333333
2025-10-17 00:00:52.595,,,,,,,,,,,,,,,,0.0080763617934178,,,,,,,,,,,,13.0157733333333,77.5656633333333
2025-10-17 00:00:52.595,,,,,,,,,,,,,,,,,0.008157125411352,,,,,,,,,,,13.0157733333333,77.5656633333333
2025-10-17 00:00:52.595,,,,,,,,,,,,,,,,,,0.0,,,,,,,,,,13.0157733333333,77.5656633333333
2025-10-17 00:00:52.595,,,,,,,,,,,,,,,,,,,3.53396617188103,,,,,,,,,13.0157733333333,77.5656633333333
2025-10-17 00:00:52.595,,,,,,,,,,,,,,,,,,,,,,11.38,,,,,,13.0157733333333,77.5656633333333
2025-10-17 00:00:52.595,,,,,,,,,,,,,,,,,,,,,,,,13.656,,,,13.0157733333333,77.5656633333333
2025-10-17 00:00:52.642,,0.0,,,,,,,,,,,,,,,,,,,,,,,,,,13.0157733333333,77.5656633333333
2025-10-17 00:00:52.642,,,,,,,,,0.0,,,,,,,,,,,,,,,,,,,13.0157733333333,77.5656633333333
2025-10-17 00:00:52.642,,,,,,,,,,0.0,,,,,,,,,,,,,,,,,,13.0157733333333,77.5656633333333
2025-10-17 00:00:52.642,,,,,,,,,,,,,,,,,,,,,,,,,,0.0,,13.0157733333333,77.5656633333333
2025-10-17 00:00:52.642,,,,,,,,,,,,,,,,,,,,,,,,,,,0.0,13.0157733333333,77.5656633333333
2025-10-17 00:00:52.697,,,,,,,,,,,800.0,,,,,,,,,,,,,,,,,13.0157733333333,77.5656633333333
2025-10-17 00:00:52.697,,,,,,,,,,,,0.8,,,,,,,,,,,,,,,,13.0157733333333,77.5656633333333
2025-10-17 00:00:52.865,873.700012207031,,,,,,,,,,,,,,,,,,,,,,,,,,,13.0158817,77.5656577
2025-10-17 00:00:53.122,873.700012207031,,,,,,,,,,,,,,,,,,,,,,,,,,,13.0158817,77.5656577
2025-10-17 00:00:53.122,,,0.017664729544311,,,,,,,,,,,,,,,,,,,,,,,,,13.0158817,77.5656577
2025-10-17 00:00:53.122,,,,,,,,,,,,,,,,,,,,,,,,,0.0,,,13.0158817,77.5656577
2025-10-17 00:00:53.128,873.700012207031,,,,,,,,,,,,,,,,,,,,,,,,,,,13.0158817,77.5656577
2025-10-17 00:00:53.128,,,0.017662767571071,,,,,,,,,,,,,,,,,,,,,,,,,13.0158817,77.5656577
2025-10-17 00:00:53.128,,,,,,,,,,,,,,,,,,,,,,,,,0.0,,,13.0158817,77.5656577
2025-10-17 00:00:53.224,,,,,,24.3137254901961,,,,,,,,,,,,,,,,,,,,,,13.0158817,77.5656577
2025-10-17 00:00:53.292,,,,,,24.3137254901961,,,,,,,,,,,,,,,,,,,,,,13.0158817,77.5656577
2025-10-17 00:00:53.383,,,,,,,0.792533936651584,,,,,,,,,,,,,,,,,,,,,13.0158817,77.5656577
2025-10-17 00:00:53.383,,,,,,,,,,,,,,,0.0082500284560812,,,,,,,,,,,,,13.0158817,77.5656577
2025-10-17 00:00:53.383,,,,,,,,,,,,,,,,0.0082500284560812,,,,,,,,,,,,13.0158817,77.5656577
2025-10-17 00:00:53.383,,,,,,,,,,,,,,,,,0.008332528740642,,,,,,,,,,,13.0158817,77.5656577
2025-10-17 00:00:53.383,,,,,,,,,,,,,,,,,,0.0,,,,,,,,,,13.0158817,77.5656577
2025-10-17 00:00:53.383,,,,,,,,,,,,,,,,,,,3.50912282445129,,,,,,,,,13.0158817,77.5656577
2025-10-17 00:00:53.383,,,,,,,,,,,,,,,,,,,,,,11.3,,,,,,13.0158817,77.5656577
2025-10-17 00:00:53.383,,,,,,,,,,,,,,,,,,,,,,,,13.56,,,,13.0158817,77.5656577
2025-10-17 00:00:53.447,,0.0,,,,,,,,,,,,,,,,,,,,,,,,,,13.0158817,77.5656577
2025-10-17 00:00:53.447,,,,,,,,,0.0,,,,,,,,,,,,,,,,,,,13.0158817,77.5656577
2025-10-17 00:00:53.447,,,,,,,,,,0.0,,,,,,,,,,,,,,,,,,13.0158817,77.5656577
2025-10-17 00:00:53.447,,,,,,,,,,,,,,,,,,,,,,,,,,0.0,,13.0158817,77.5656577
2025-10-17 00:00:53.447,,,,,,,,,,,,,,,,,,,,,,,,,,,0.0,13.0158817,77.5656577
2025-10-17 00:00:53.530,,,,,0.29007547601444,,,,,,,,,,,,,,,,,,,,,,,13.0158817,77.5656577
2025-10-17 00:00:53.530,,,,,,,,,,,,,,,,,,,,,13.343471896644,,,,,,,13.0158817,77.5656577
2025-10-17 00:00:53.614,,,,13.05339642063,,,,,,,,,,,,,,,,,,,,,,,,13.0158817,77.5656577
2025-10-17 00:00:53.687,,,,,,,,,,,,,,4272.81176168622,,,,,,,,,,,,,,13.0158817,77.5656577
2025-10-17 00:00:53.762,,,,,,,,0.0,,,,,,,,,,,,,,,,,,,,13.0158817,77.5656577
2025-10-17 00:00:53.813,,,,,,24.3137254901961,,,,,,,,,,,,,,,,,,,,,,13.0158817,77.5656577
2025-10-17 00:00:53.863,,,,,,,0.792533936651584,,,,,,,,,,,,,,,,,,,,,13.0158817,77.5656577
2025-10-17 00:00:53.863,,,,,,,,,,,,,,,0.0083555258185247,,,,,,,,,,,,,13.0158817,77.5656577
2025-10-17 00:00:53.863,,,,,,,,,,,,,,,,0.0083555258185247,,,,,,,,,,,,13.0158817,77.5656577
2025-10-17 00:00:53.863,,,,,,,,,,,,,,,,,0.0084390810767099,,,,,,,,,,,13.0158817,77.5656577
2025-10-17 00:00:53.863,,,,,,,,,,,,,,,,,,0.0,,,,,,,,,,13.0158817,77.5656577
2025-10-17 00:00:53.863,,,,,,,,,,,,,,,,,,,3.50912282445129,,,,,,,,,13.0158817,77.5656577
2025-10-17 00:00:53.863,,,,,,,,,,,,,,,,,,,,,,11.3,,,,,,13.0158817,77.5656577
2025-10-17 00:00:53.863,,,,,,,,,,,,,,,,,,,,,,,,13.56,,,,13.0158817,77.5656577
2025-10-17 00:00:53.928,,0.0,,,,,,,,,,,,,,,,,,,,,,,,,,13.0158817,77.5656577
2025-10-17 00:00:53.928,,,,,,,,,0.0,,,,,,,,,,,,,,,,,,,13.0158817,77.5656577
2025-10-17 00:00:53.928,,,,,,,,,,0.0,,,,,,,,,,,,,,,,,,13.0158817,77.5656577
2025-10-17 00:00:53.928,,,,,,,,,,,,,,,,,,,,,,,,,,0.0,,13.0158817,77.5656577
2025-10-17 00:00:53.928,,,,,,,,,,,,,,,,,,,,,,,,,,,0.0,13.0158817,77.5656577
2025-10-17 00:00:53.978,,,,,0.29007547601444,,,,,,,,,,,,,,,,,,,,,,,13.0158817,77.5656577
2025-10-17 00:00:53.978,,,,,,,,,,,,,,,,,,,,,13.343471896644,,,,,,,13.0158817,77.5656577
2025-10-17 00:00:54.031,,,,13.05339642063,,,,,,,,,,,,,,,,,,,,,,,,13.0158817,77.5656577
2025-10-17 00:00:54.081,,,,,,,,,,,,,,4369.98704615091,,,,,,,,,,,,,,13.0158817,77.5656577
2025-10-17 00:00:54.128,,,,,,,,0.0,,,,,,,,,,,,,,,,,,,,13.0158817,77.5656577
2025-10-17 00:00:54.178,,,,,,24.3137254901961,,,,,,,,,,,,,,,,,,,,,,13.0158817,77.5656577
2025-10-17 00:00:54.227,,,,,,,0.796742081447964,,,,,,,,,,,,,,,,,,,,,13.0158817,77.5656577
2025-10-17 00:00:54.227,,,,,,,,,,,,,,,0.008436186415498,,,,,,,,,,,,,13.0158817,77.5656577
2025-10-17 00:00:54.227,,,,,,,,,,,,,,,,0.008436186415498,,,,,,,,,,,,13.0158817,77.5656577
2025-10-17 00:00:54.227,,,,,,,,,,,,,,,,,0.008520548279653,,,,,,,,,,,13.0158817,77.5656577
2025-10-17 00:00:54.227,,,,,,,,,,,,,,,,,,0.0,,,,,,,,,,13.0158817,77.5656577
2025-10-17 00:00:54.227,,,,,,,,,,,,,,,,,,,3.5277553350236,,,,,,,,,13.0158817,77.5656577
2025-10-17 00:00:54.227,,,,,,,,,,,,,,,,,,,,,,11.36,,,,,,13.0158817,77.5656577
2025-10-17 00:00:54.227,,,,,,,,,,,,,,,,,,,,,,,,13.632,,,,13.0158817,77.5656577
2025-10-17 00:00:54.277,,0.0,,,,,,,,,,,,,,,,,,,,,,,,,,13.0158817,77.5656577
2025-10-17 00:00:54.277,,,,,,,,,0.0,,,,,,,,,,,,,,,,,,,13.0158817,77.5656577
2025-10-17 00:00:54.277,,,,,,,,,,0.0,,,,,,,,,,,,,,,,,,13.0158817,77.5656577
2025-10-17 00:00:54.277,,,,,,,,,,,,,,,,,,,,,,,,,,0.0,,13.0158817,77.5656577
2025-10-17 00:00:54.277,,,,,,,,,,,,,,,,,,,,,,,,,,,0.0,13.0158817,77.5656577
2025-10-17 00:00:54.328,,,,,0.29007547601444,,,,,,,,,,,,,,,,,,,,,,,13.0158817,77.5656577
2025-10-17 00:00:54.328,,,,,,,,,,,,,,,,,,,,,13.343471896644,,,,,,,13.0158817,77.5656577
2025-10-17 00:00:54.380,,,,13.05339642063,,,,,,,,,,,,,,,,,,,,,,,,13.0158817,77.5656577
2025-10-17 00:00:54.442,,,,,,,,,,,,,,4465.71195323553,,,,,,,,,,,,,,13.0158817,77.5656577
2025-10-17 00:00:54.494,,,,,,,,0.0,,,,,,,,,,,,,,,,,,,,13.0158817,77.5656577
2025-10-17 00:00:54.542,,,,,,24.3137254901961,,,,,,,,,,,,,,,,,,,,,,13.0158817,77.5656577
2025-10-17 00:00:54.591,,,,,,,0.796742081447964,,,,,,,,,,,,,,,,,,,,,13.0158817,77.5656577
2025-10-17 00:00:54.591,,,,,,,,,,,,,,,0.0085168951711038,,,,,,,,,,,,,13.0158817,77.5656577
2025-10-17 00:00:54.591,,,,,,,,,,,,,,,,0.0085168951711038,,,,,,,,,,,,13.0158817,77.5656577
2025-10-17 00:00:54.591,,,,,,,,,,,,,,,,,0.0086020641228149,,,,,,,,,,,13.0158817,77.5656577
2025-10-17 00:00:54.591,,,,,,,,,,,,,,,,,,0.0,,,,,,,,,,13.0158817,77.5656577
2025-10-17 00:00:54.591,,,,,,,,,,,,,,,,,,,3.5277553350236,,,,,,,,,13.0158817,77.5656577
2025-10-17 00:00:54.591,,,,,,,,,,,,,,,,,,,,,,11.36,,,,,,13.0158817,77.5656577
2025-10-17 00:00:54.591,,,,,,,,,,,,,,,,,,,,,,,,13.632,,,,13.0158817,77.5656577
2025-10-17 00:00:54.647,,0.0,,,,,,,,,,,,,,,,,,,,,,,,,,13.0158817,77.5656577
2025-10-17 00:00:54.647,,,,,,,,,0.0,,,,,,,,,,,,,,,,,,,13.0158817,77.5656577
2025-10-17 00:00:54.647,,,,,,,,,,0.0,,,,,,,,,,,,,,,,,,13.0158817,77.5656577
2025-10-17 00:00:54.647,,,,,,,,,,,,,,,,,,,,,,,,,,0.0,,13.0158817,77.5656577
2025-10-17 00:00:54.647,,,,,,,,,,,,,,,,,,,,,,,,,,,0.0,13.0158817,77.5656577
2025-10-17 00:00:54.723,,,,,0.29007547601444,,,,,,,,,,,,,,,,,,,,,,,13.0158817,77.5656577
2025-10-17 00:00:54.723,,,,,,,,,,,,,,,,,,,,,13.343471896644,,,,,,,13.0158817,77.5656577
2025-10-17 00:00:54.773,,,,13.05339642063,,,,,,,,,,,,,,,,,,,,,,,,13.0158817,77.5656577
2025-10-17 00:00:54.856,,,,,,,,,,,,,,4336.6283664093,,,,,,,,,,,,,,13.0158817,77.5656577
2025-10-17 00:00:54.903,,,,,,,,0.0,,,,,,,,,,,,,,,,,,,,13.0158817,77.5656577
2025-10-17 00:00:54.945,,,,,,24.3137254901961,,,,,,,,,,,,,,,,,,,,,,13.0158817,77.5656577
2025-10-17 00:00:55.019,,,,,,,0.792533936651584,,,,,,,,,,,,,,,,,,,,,13.0158817,77.5656577
2025-10-17 00:00:55.019,,,,,,,,,,,,,,,0.0086106988714306,,,,,,,,,,,,,13.0158817,77.5656577
2025-10-17 00:00:55.019,,,,,,,,,,,,,,,,0.0086106988714306,,,,,,,,,,,,13.0158817,77.5656577
2025-10-17 00:00:55.019,,,,,,,,,,,,,,,,,0.0086968058601449,,,,,,,,,,,13.0158817,77.5656577
2025-10-17 00:00:55.019,,,,,,,,,,,,,,,,,,0.0,,,,,,,,,,13.0158817,77.5656577
2025-10-17 00:00:55.019,,,,,,,,,,,,,,,,,,,3.50912282445129,,,,,,,,,13.0158817,77.5656577
2025-10-17 00:00:55.019,,,,,,,,,,,,,,,,,,,,,,11.3,,,,,,13.0158817,77.5656577
2025-10-17 00:00:55.019,,,,,,,,,,,,,,,,,,,,,,,,13.56,,,,13.0158817,77.5656577
2025-10-17 00:00:55.061,,0.0,,,,,,,,,,,,,,,,,,,,,,,,,,13.0158817,77.5656577
2025-10-17 00:00:55.061,,,,,,,,,0.0,,,,,,,,,,,,,,,,,,,13.0158817,77.5656577
2025-10-17 00:00:55.061,,,,,,,,,,0.0,,,,,,,,,,,,,,,,,,13.0158817,77.5656577
2025-10-17 00:00:55.061,,,,,,,,,,,,,,,,,,,,,,,,,,0.0,,13.0158817,77.5656577
2025-10-17 00:00:55.061,,,,,,,,,,,,,,,,,,,,,,,,,,,0.0,13.0158817,77.5656577
2025-10-17 00:00:55.130,,,,,0.43511321402166,,,,,,,,,,,,,,,,,,,,,,,13.0158817,77.5656577
2025-10-17 00:00:55.130,,,,,,,,,,,,,,,,,,,,,13.488509634651,,,,,,,13.0158817,77.5656577
2025-10-17 00:00:55.179,,,,13.05339642063,,,,,,,,,,,,,,,,,,,,,,,,13.0158817,77.5656577
2025-10-17 00:00:55.235,,,,,,,,,,,,,,4401.89534851245,,,,,,,,,,,,,,13.0158817,77.5656577
2025-10-17 00:00:55.246,856.3,,,,,,,,,,,,,,,,,,,,,,,,,,,13.0158817,77.5656577
2025-10-17 00:00:55.246,856.3,,,,,,,,,,,,,,,,,,,,,,,,,,,13.0158817,77.5656577
2025-10-17 00:00:55.246,,,0.0170171408165293,,,,,,,,,,,,,,,,,,,,,,,,,13.0158817,77.5656577
2025-10-17 00:00:55.246,,,0.0170170764957493,,,,,,,,,,,,,,,,,,,,,,,,,13.0158817,77.5656577
2025-10-17 00:00:55.246,,,,,,,,,,,,,,,,,,,,,,,,,0.0,,,13.0158817,77.5656577
2025-10-17 00:00:55.246,,,,,,,,,,,,,,,,,,,,,,,,,0.0,,,13.0158817,77.5656577
2025-10-17 00:00:55.256,873.700012207031,,,,,,,,,,,,,,,,,,,,,,,,,,,13.0158817,77.5656577
2025-10-17 00:00:55.256,,,0.0170142809207872,,,,,,,,,,,,,,,,,,,,,,,,,13.0158817,77.5656577
2025-10-17 00:00:55.256,,,,,,,,,,,,,,,,,,,,,,,,,0.0,,,13.0158817,77.5656577
2025-10-17 00:00:55.280,,,,,,,,0.0,,,,,,,,,,,,,,,,,,,,13.0158817,77.5656577
2025-10-17 00:00:55.309,873.700012207031,,,,,,,,,,,,,,,,,,,,,,,,,,,13.0158817,77.5656577
2025-10-17 00:00:55.309,,,0.0169987083064375,,,,,,,,,,,,,,,,,,,,,,,,,13.0158817,77.5656577
2025-10-17 00:00:55.309,,,,,,,,,,,,,,,,,,,,,,,,,0.0,,,13.0158817,77.5656577
2025-10-17 00:00:55.326,,,,,,28.6274509803922,,,,,,,,,,,,,,,,,,,,,,13.0158817,77.5656577
2025-10-17 00:00:55.378,,,,,,,0.886900452488688,,,,,,,,,,,,,,,,,,,,,13.0158817,77.5656577
2025-10-17 00:00:55.378,,,,,,,,,,,,,,,0.0086994139469812,,,,,,,,,,,,,13.0158817,77.5656577
2025-10-17 00:00:55.378,,,,,,,,,,,,,,,,0.0086994139469812,,,,,,,,,,,,13.0158817,77.5656577
2025-10-17 00:00:55.378,,,,,,,,,,,,,,,,,0.008786408086451,,,,,,,,,,,13.0158817,77.5656577
2025-10-17 00:00:55.378,,,,,,,,,,,,,,,,,,0.0,,,,,,,,,,13.0158817,77.5656577
2025-10-17 00:00:55.378,,,,,,,,,,,,,,,,,,,3.92695186529589,,,,,,,,,13.0158817,77.5656577
2025-10-17 00:00:55.378,,,,,,,,,,,,,,,,,,,,,,10.74,,,,,,13.0158817,77.5656577
2025-10-17 00:00:55.378,,,,,,,,,,,,,,,,,,,,,,,,12.888,,,,13.0158817,77.5656577
2025-10-17 00:00:55.431,,0.0,,,,,,,,,,,,,,,,,,,,,,,,,,13.0158817,77.5656577
2025-10-17 00:00:55.431,,,,,,,,,0.0,,,,,,,,,,,,,,,,,,,13.0158817,77.5656577
2025-10-17 00:00:55.431,,,,,,,,,,0.0,,,,,,,,,,,,,,,,,,13.0158817,77.5656577
2025-10-17 00:00:55.431,,,,,,,,,,,,,,,,,,,,,,,,,,0.0,,13.0158817,77.5656577
2025-10-17 00:00:55.431,,,,,,,,,,,,,,,,,,,,,,,,,,,0.0,13.0158817,77.5656577
2025-10-17 00:00:55.482,,,,,0.29007547601444,,,,,,,,,,,,,,,,,,,,,,,13.0158817,77.5656577
2025-10-17 00:00:55.482,,,,,,,,,,,,,,,,,,,,,13.343471896644,,,,,,,13.0158817,77.5656577
2025-10-17 00:00:55.535,,,,13.05339642063,,,,,,,,,,,,,,,,,,,,,,,,13.0158817,77.5656577
2025-10-17 00:00:55.587,,,,,,,,,,,,,,4306.17044142783,,,,,,,,,,,,,,13.0158817,77.5656577
2025-10-17 00:00:55.638,,,,,,,,0.0,,,,,,,,,,,,,,,,,,,,13.0158817,77.5656577
2025-10-17 00:00:55.689,,,,,,40.3921568627451,,,,,,,,,,,,,,,,,,,,,,13.0158817,77.5656577
2025-10-17 00:00:55.740,,,,,,,1.23856334841629,,,,,,,,,,,,,,,,,,,,,13.0158817,77.5656577
2025-10-17 00:00:55.740,,,,,,,,,,,,,,,0.0088240217801344,,,,,,,,,,,,,13.0158817,77.5656577
2025-10-17 00:00:55.740,,,,,,,,,,,,,,,,0.0088240217801344,,,,,,,,,,,,13.0158817,77.5656577
2025-10-17 00:00:55.740,,,,,,,,,,,,,,,,,0.0089122619979358,,,,,,,,,,,13.0158817,77.5656577
2025-10-17 00:00:55.740,,,,,,,,,,,,,,,,,,0.0,,,,,,,,,,13.0158817,77.5656577
2025-10-17 00:00:55.740,,,,,,,,,,,,,,,,,,,5.48401868293387,,,,,,,,,13.0158817,77.5656577
2025-10-17 00:00:55.740,,,,,,,,,,,,,,,,,,,,,,10.63,,,,,,13.0158817,77.5656577
2025-10-17 00:00:55.740,,,,,,,,,,,,,,,,,,,,,,,,12.756,,,,13.0158817,77.5656577
2025-10-17 00:00:55.753,856.4,,,,,,,,,,,,,,,,,,,,,,,,,,,13.0158817,77.5656577
2025-10-17 00:00:55.753,,,0.0168696282773781,,,,,,,,,,,,,,,,,,,,,,,,,13.0158817,77.5656577
2025-10-17 00:00:55.753,,,,,,,,,,,,,,,,,,,,,,,,,0.0,,,13.0158817,77.5656577
2025-10-17 00:00:55.793,,0.0,,,,,,,,,,,,,,,,,,,,,,,,,,13.0158817,77.5656577
2025-10-17 00:00:55.793,,,,,,,,,0.0,,,,,,,,,,,,,,,,,,,13.0158817,77.5656577
2025-10-17 00:00:55.793,,,,,,,,,,0.0,,,,,,,,,,,,,,,,,,13.0158817,77.5656577
2025-10-17 00:00:55.793,,,,,,,,,,,,,,,,,,,,,,,,,,0.0,,13.0158817,77.5656577
2025-10-17 00:00:55.793,,,,,,,,,,,,,,,,,,,,,,,,,,,0.0,13.0158817,77.5656577
2025-10-17 00:00:55.844,,,,,0.29007547601444,,,,,,,,,,,,,,,,,,,,,,,13.0158817,77.5656577
2025-10-17 00:00:55.844,,,,,,,,,,,,,,,,,,,,,13.343471896644,,,,,,,13.0158817,77.5656577
2025-10-17 00:00:55.851,873.700012207031,,,,,,,,,,,,,,,,,,,,,,,,,,,13.0158817,77.5656577
2025-10-17 00:00:55.851,,,0.0168412152228807,,,,,,,,,,,,,,,,,,,,,,,,,13.0158817,77.5656577
2025-10-17 00:00:55.851,,,,,,,,,,,,,,,,,,,,,,,,,0.0,,,13.0158817,77.5656577
2025-10-17 00:00:55.927,,,,13.05339642063,,,,,,,,,,,,,,,,,,,,,,,,13.0158817,77.5656577
2025-10-17 00:00:55.964,,,,,,,,,,,,,,4496.169878217,,,,,,,,,,,,,,13.0158817,77.5656577
2025-10-17 00:00:56.024,,,,,,,,0.0,,,,,,,,,,,,,,,,,,,,13.0158817,77.5656577
2025-10-17 00:00:56.072,,,,,,43.5294117647059,,,,,,,,,,,,,,,,,,,,,,13.0158817,77.5656577
2025-10-17 00:00:56.118,,,,,,,1.39503393665158,,,,,,,,,,,,,,,,,,,,,13.0158817,77.5656577
2025-10-17 00:00:56.118,,,,,,,,,,,,,,,0.0089703236779352,,,,,,,,,,,,,13.0158817,77.5656577
2025-10-17 00:00:56.118,,,,,,,,,,,,,,,,0.0089703236779352,,,,,,,,,,,,13.0158817,77.5656577
2025-10-17 00:00:56.118,,,,,,,,,,,,,,,,,0.0090600269147145,,,,,,,,,,,13.0158817,77.5656577
2025-10-17 00:00:56.118,,,,,,,,,,,,,,,,,,0.0,,,,,,,,,,13.0158817,77.5656577
2025-10-17 00:00:56.118,,,,,,,,,,,,,,,,,,,6.17682751690205,,,,,,,,,13.0158817,77.5656577
2025-10-17 00:00:56.118,,,,,,,,,,,,,,,,,,,,,,11.11,,,,,,13.0158817,77.5656577
2025-10-17 00:00:56.118,,,,,,,,,,,,,,,,,,,,,,,,13.332,,,,13.0158817,77.5656577
2025-10-17 00:00:56.165,,0.0,,,,,,,,,,,,,,,,,,,,,,,,,,13.0158817,77.5656577
2025-10-17 00:00:56.165,,,,,,,,,0.0,,,,,,,,,,,,,,,,,,,13.0158817,77.5656577
2025-10-17 00:00:56.165,,,,,,,,,,0.0,,,,,,,,,,,,,,,,,,13.0158817,77.5656577
2025-10-17 00:00:56.165,,,,,,,,,,,,,,,,,,,,,,,,,,0.0,,13.0158817,77.5656577
2025-10-17 00:00:56.165,,,,,,,,,,,,,,,,,,,,,,,,,,,0.0,13.0158817,77.5656577
2025-10-17 00:00:56.215,,,,,0.29007547601444,,,,,,,,,,,,,,,,,,,,,,,13.0158817,77.5656577
2025-10-17 00:00:56.215,,,,,,,,,,,,,,,,,,,,,13.343471896644,,,,,,,13.0158817,77.5656577
2025-10-17 00:00:56.267,,,,13.05339642063,,,,,,,,,,,,,,,,,,,,,,,,13.0158817,77.5656577
2025-10-17 00:00:56.317,,,,,,,,,,,,,,4465.71195323553,,,,,,,,,,,,,,13.0158817,77.5656577
2025-10-17 00:00:56.382,,,,,,,,0.0,,,,,,,,,,,,,,,,,,,,13.0158817,77.5656577
2025-10-17 00:00:56.431,,,,,,41.5686274509804,,,,,,,,,,,,,,,,,,,,,,13.0158817,77.5656577
2025-10-17 00:00:56.483,,,,,,,1.34178733031674,,,,,,,,,,,,,,,,,,,,,13.0158817,77.5656577
2025-10-17 00:00:56.483,,,,,,,,,,,,,,,0.0091064317147885,,,,,,,,,,,,,13.0158817,77.5656577
2025-10-17 00:00:56.483,,,,,,,,,,,,,,,,0.0091064317147885,,,,,,,,,,,,13.0158817,77.5656577
2025-10-17 00:00:56.483,,,,,,,,,,,,,,,,,0.0091974960319364,,,,,,,,,,,13.0158817,77.5656577
2025-10-17 00:00:56.483,,,,,,,,,,,,,,,,,,0.0,,,,,,,,,,13.0158817,77.5656577
2025-10-17 00:00:56.483,,,,,,,,,,,,,,,,,,,5.94106615328954,,,,,,,,,13.0158817,77.5656577
2025-10-17 00:00:56.483,,,,,,,,,,,,,,,,,,,,,,11.19,,,,,,13.0158817,77.5656577
2025-10-17 00:00:56.483,,,,,,,,,,,,,,,,,,,,,,,,13.428,,,,13.0158817,77.5656577
2025-10-17 00:00:56.548,,0.0,,,,,,,,,,,,,,,,,,,,,,,,,,13.0158817,77.5656577
2025-10-17 00:00:56.548,,,,,,,,,0.0,,,,,,,,,,,,,,,,,,,13.0158817,77.5656577
2025-10-17 00:00:56.548,,,,,,,,,,0.0,,,,,,,,,,,,,,,,,,13.0158817,77.5656577
2025-10-17 00:00:56.548,,,,,,,,,,,,,,,,,,,,,,,,,,0.0,,13.0158817,77.5656577
2025-10-17 00:00:56.548,,,,,,,,,,,,,,,,,,,,,,,,,,,0.0,13.0158817,77.5656577
2025-10-17 00:00:56.596,856.5,,,,,,,,,,,,,,,,,,,,,,,,,,,13.0157683333333,77.5656633333333
2025-10-17 00:00:56.602,856.5,,,,,,,,,,,,,,,,,,,,,,,,,,,13.0157683333333,77.5656633333333
2025-10-17 00:00:56.602,,,0.0166279530795353,,,,,,,,,,,,,,,,,,,,,,,,,13.0157683333333,77.5656633333333
2025-10-17 00:00:56.602,,,,,,,,,,,,,,,,,,,,,,,,,0.0,,,13.0157683333333,77.5656633333333
2025-10-17 00:00:56.610,,,,,0.29007547601444,,,,,,,,,,,,,,,,,,,,,,,13.0157683333333,77.5656633333333
2025-10-17 00:00:56.610,,,,,,,,,,,,,,,,,,,,,13.343471896644,,,,,,,13.0157683333333,77.5656633333333
2025-10-17 00:00:56.613,873.700012207031,,,,,,,,,,,,,,,,,,,,,,,,,,,13.0157683333333,77.5656633333333
2025-10-17 00:00:56.613,,,0.016625001313043,,,,,,,,,,,,,,,,,,,,,,,,,13.0157683333333,77.5656633333333
2025-10-17 00:00:56.613,,,,,,,,,,,,,,,,,,,,,,,,,0.0,,,13.0157683333333,77.5656633333333
2025-10-17 00:00:56.615,873.700012207031,,,,,,,,,,,,,,,,,,,,,,,,,,,13.0157683333333,77.5656633333333
2025-10-17 00:00:56.615,,,0.016624322398013,,,,,,,,,,,,,,,,,,,,,,,,,13.0157683333333,77.5656633333333
2025-10-17 00:00:56.615,,,,,,,,,,,,,,,,,,,,,,,,,0.0,,,13.0157683333333,77.5656633333333
2025-10-17 00:00:56.659,,,,13.05339642063,,,,,,,,,,,,,,,,,,,,,,,,13.0157683333333,77.5656633333333
2025-10-17 00:00:56.709,,,,,,,,,,,,,,4336.6283664093,,,,,,,,,,,,,,13.0157683333333,77.5656633333333
2025-10-17 00:00:56.739,873.700012207031,,,,,,,,,,,,,,,,,,,,,,,,,,,13.0157683333333,77.5656633333333
2025-10-17 00:00:56.739,,,0.0165895366337267,,,,,,,,,,,,,,,,,,,,,,,,,13.0157683333333,77.5656633333333
2025-10-17 00:00:56.739,,,,,,,,,,,,,,,,,,,,,,,,,0.0,,,13.0157683333333,77.5656633333333
2025-10-17 00:00:56.756,,,,,,,,0.0,,,,,,,,,,,,,,,,,,,,13.0157683333333,77.5656633333333
2025-10-17 00:00:56.803,,,,,,41.5686274509804,,,,,,,,,,,,,,,,,,,,,,13.0157683333333,77.5656633333333
2025-10-17 00:00:56.855,,,,,,,1.33219457013575,,,,,,,,,,,,,,,,,,,,,13.0157683333333,77.5656633333333
2025-10-17 00:00:56.855,,,,,,,,,,,,,,,0.0092441596142706,,,,,,,,,,,,,13.0157683333333,77.5656633333333
2025-10-17 00:00:56.855,,,,,,,,,,,,,,,,0.0092441596142706,,,,,,,,,,,,13.0157683333333,77.5656633333333
2025-10-17 00:00:56.855,,,,,,,,,,,,,,,,,0.0093366012104133,,,,,,,,,,,13.0157683333333,77.5656633333333
2025-10-17 00:00:56.855,,,,,,,,,,,,,,,,,,0.0,,,,,,,,,,13.0157683333333,77.5656633333333
2025-10-17 00:00:56.855,,,,,,,,,,,,,,,,,,,5.89859204316772,,,,,,,,,13.0157683333333,77.5656633333333
2025-10-17 00:00:56.855,,,,,,,,,,,,,,,,,,,,,,11.11,,,,,,13.0157683333333,77.5656633333333
2025-10-17 00:00:56.855,,,,,,,,,,,,,,,,,,,,,,,,13.332,,,,13.0157683333333,77.5656633333333
2025-10-17 00:00:56.906,,0.0,,,,,,,,,,,,,,,,,,,,,,,,,,13.0157683333333,77.5656633333333
2025-10-17 00:00:56.906,,,,,,,,,0.0,,,,,,,,,,,,,,,,,,,13.0157683333333,77.5656633333333
2025-10-17 00:00:56.906,,,,,,,,,,0.0,,,,,,,,,,,,,,,,,,13.0157683333333,77.5656633333333
2025-10-17 00:00:56.906,,,,,,,,,,,,,,,,,,,,,,,,,,0.0,,13.0157683333333,77.5656633333333
2025-10-17 00:00:56.906,,,,,,,,,,,,,,,,,,,,,,,,,,,0.0,13.0157683333333,77.5656633333333
2025-10-17 00:00:56.956,,,,,0.43511321402166,,,,,,,,,,,,,,,,,,,,,,,13.0157683333333,77.5656633333333
2025-10-17 00:00:56.956,,,,,,,,,,,,,,,,,,,,,13.488509634651,,,,,,,13.0157683333333,77.5656633333333
2025-10-17 00:00:57.008,,,,13.05339642063,,,,,,,,,,,,,,,,,,,,,,,,13.0157683333333,77.5656633333333
2025-10-17 00:00:57.058,,,,,,,,,,,,,,4432.35327349392,,,,,,,,,,,,,,13.0157683333333,77.5656633333333
2025-10-17 00:00:57.107,,,,,,,,0.0,,,,,,,,,,,,,,,,,,,,13.0157683333333,77.5656633333333
2025-10-17 00:00:57.158,,,,,,41.5686274509804,,,,,,,,,,,,,,,,,,,,,,13.0157683333333,77.5656633333333
2025-10-17 00:00:57.207,,,,,,,1.334592760181,,,,,,,,,,,,,,,,,,,,,13.0157683333333,77.5656633333333
2025-10-17 00:00:57.207,,,,,,,,,,,,,,,0.0093748847916594,,,,,,,,,,,,,13.0157683333333,77.5656633333333
2025-10-17 00:00:57.207,,,,,,,,,,,,,,,,0.0093748847916594,,,,,,,,,,,,13.0157683333333,77.5656633333333
2025-10-17 00:00:57.207,,,,,,,,,,,,,,,,,0.009468633639576,,,,,,,,,,,13.0157683333333,77.5656633333333
2025-10-17 00:00:57.207,,,,,,,,,,,,,,,,,,0.0,,,,,,,,,,13.0157683333333,77.5656633333333
2025-10-17 00:00:57.207,,,,,,,,,,,,,,,,,,,5.90921057069818,,,,,,,,,13.0157683333333,77.5656633333333
2025-10-17 00:00:57.207,,,,,,,,,,,,,,,,,,,,,,11.13,,,,,,13.0157683333333,77.5656633333333
2025-10-17 00:00:57.207,,,,,,,,,,,,,,,,,,,,,,,,13.356,,,,13.0157683333333,77.5656633333333
2025-10-17 00:00:57.261,,0.0,,,,,,,,,,,,,,,,,,,,,,,,,,13.0157683333333,77.5656633333333
2025-10-17 00:00:57.261,,,,,,,,,0.0,,,,,,,,,,,,,,,,,,,13.0157683333333,77.5656633333333
2025-10-17 00:00:57.261,,,,,,,,,,0.0,,,,,,,,,,,,,,,,,,13.0157683333333,77.5656633333333
2025-10-17 00:00:57.261,,,,,,,,,,,,,,,,,,,,,,,,,,0.0,,13.0157683333333,77.5656633333333
2025-10-17 00:00:57.261,,,,,,,,,,,,,,,,,,,,,,,,,,,0.0,13.0157683333333,77.5656633333333
2025-10-17 00:00:57.315,,,,,0.29007547601444,,,,,,,,,,,,,,,,,,,,,,,13.0157683333333,77.5656633333333
2025-10-17 00:00:57.315,,,,,,,,,,,,,,,,,,,,,13.343471896644,,,,,,,13.0157683333333,77.5656633333333
2025-10-17 00:00:57.366,,,,13.05339642063,,,,,,,,,,,,,,,,,,,,,,,,13.0157683333333,77.5656633333333
2025-10-17 00:00:57.425,,,,,,,,,,,,,,4113.27024987852,,,,,,,,,,,,,,13.0157683333333,77.5656633333333
2025-10-17 00:00:57.473,,,,,,,,0.0,,,,,,,,,,,,,,,,,,,,13.0157683333333,77.5656633333333
2025-10-17 00:00:57.523,,,,,,41.5686274509804,,,,,,,,,,,,,,,,,,,,,,13.0157683333333,77.5656633333333
2025-10-17 00:00:57.571,,,,,,,1.34538461538462,,,,,,,,,,,,,,,,,,,,,13.0157683333333,77.5656633333333
2025-10-17 00:00:57.571,,,,,,,,,,,,,,,0.0095106096208261,,,,,,,,,,,,,13.0157683333333,77.5656633333333
2025-10-17 00:00:57.571,,,,,,,,,,,,,,,,0.0095106096208261,,,,,,,,,,,,13.0157683333333,77.5656633333333
2025-10-17 00:00:57.571,,,,,,,,,,,,,,,,,0.0096057157170343,,,,,,,,,,,13.0157683333333,77.5656633333333
2025-10-17 00:00:57.571,,,,,,,,,,,,,,,,,,0.0,,,,,,,,,,13.0157683333333,77.5656633333333
2025-10-17 00:00:57.571,,,,,,,,,,,,,,,,,,,5.95699394458522,,,,,,,,,13.0157683333333,77.5656633333333
2025-10-17 00:00:57.571,,,,,,,,,,,,,,,,,,,,,,11.22,,,,,,13.0157683333333,77.5656633333333
2025-10-17 00:00:57.571,,,,,,,,,,,,,,,,,,,,,,,,13.464,,,,13.0157683333333,77.5656633333333
2025-10-17 00:00:57.574,856.1,,,,,,,,,,,,,,,,,,,,,,,,,,,13.0157683333333,77.5656633333333
2025-10-17 00:00:57.574,,,0.0163598433386383,,,,,,,,,,,,,,,,,,,,,,,,,13.0157683333333,77.5656633333333
2025-10-17 00:00:57.574,,,,,,,,,,,,,,,,,,,,,,,,,0.0,,,13.0157683333333,77.5656633333333
2025-10-17 00:00:57.581,856.1,,,,,,,,,,,,,,,,,,,,,,,,,,,13.0157683333333,77.5656766666667
2025-10-17 00:00:57.582,856.1,,,,,,,,,,,,,,,,,,,,,,,,,,,13.0157683333333,77.5656766666667
2025-10-17 00:00:57.582,,,0.0163576169164126,,,,,,,,,,,,,,,,,,,,,,,,,13.0157683333333,77.5656766666667
2025-10-17 00:00:57.582,,,,,,,,,,,,,,,,,,,,,,,,,0.0,,,13.0157683333333,77.5656766666667
2025-10-17 00:00:57.590,873.700012207031,,,,,,,,,,,,,,,,,,,,,,,,,,,13.0157683333333,77.5656766666667
2025-10-17 00:00:57.590,,,0.0163554027662107,,,,,,,,,,,,,,,,,,,,,,,,,13.0157683333333,77.5656766666667
2025-10-17 00:00:57.590,,,,,,,,,,,,,,,,,,,,,,,,,0.0,,,13.0157683333333,77.5656766666667
2025-10-17 00:00:57.594,873.700012207031,,,,,,,,,,,,,,,,,,,,,,,,,,,13.0157683333333,77.5656766666667
2025-10-17 00:00:57.594,,,0.016354526226063,,,,,,,,,,,,,,,,,,,,,,,,,13.0157683333333,77.5656766666667
2025-10-17 00:00:57.594,,,,,,,,,,,,,,,,,,,,,,,,,0.0,,,13.0157683333333,77.5656766666667
2025-10-17 00:00:57.622,,0.0,,,,,,,,,,,,,,,,,,,,,,,,,,13.0157683333333,77.5656766666667
2025-10-17 00:00:57.622,,,,,,,,,0.0,,,,,,,,,,,,,,,,,,,13.0157683333333,77.5656766666667
2025-10-17 00:00:57.622,,,,,,,,,,0.0,,,,,,,,,,,,,,,,,,13.0157683333333,77.5656766666667
2025-10-17 00:00:57.622,,,,,,,,,,,,,,,,,,,,,,,,,,0.0,,13.0157683333333,77.5656766666667
2025-10-17 00:00:57.622,,,,,,,,,,,,,,,,,,,,,,,,,,,0.0,13.0157683333333,77.5656766666667
2025-10-17 00:00:57.671,,,,,0.43511321402166,,,,,,,,,,,,,,,,,,,,,,,13.0157683333333,77.5656766666667
2025-10-17 00:00:57.671,,,,,,,,,,,,,,,,,,,,,13.488509634651,,,,,,,13.0157683333333,77.5656766666667
2025-10-17 00:00:57.734,,,,13.05339642063,,,,,,,,,,,,,,,,,,,,,,,,13.0157683333333,77.5656766666667
2025-10-17 00:00:57.785,,,,,,,,,,,,,,4465.71195323553,,,,,,,,,,,,,,13.0157683333333,77.5656766666667
2025-10-17 00:00:57.836,,,,,,,,0.0,,,,,,,,,,,,,,,,,,,,13.0157683333333,77.5656766666667
2025-10-17 00:00:57.887,,,,,,41.1764705882353,,,,,,,,,,,,,,,,,,,,,,13.0157683333333,77.5656766666667
2025-10-17 00:00:57.937,,,,,,,1.33269230769231,,,,,,,,,,,,,,,,,,,,,13.0157683333333,77.5656766666667
2025-10-17 00:00:57.937,,,,,,,,,,,,,,,0.0096462491559222,,,,,,,,,,,,,13.0157683333333,77.5656766666667
2025-10-17 00:00:57.937,,,,,,,,,,,,,,,,0.0096462491559222,,,,,,,,,,,,13.0157683333333,77.5656766666667
2025-10-17 00:00:57.937,,,,,,,,,,,,,,,,,0.0097427116474814,,,,,,,,,,,13.0157683333333,77.5656766666667
2025-10-17 00:00:57.937,,,,,,,,,,,,,,,,,,0.0,,,,,,,,,,13.0157683333333,77.5656766666667
2025-10-17 00:00:57.937,,,,,,,,,,,,,,,,,,,5.90079588850423,,,,,,,,,13.0157683333333,77.5656766666667
2025-10-17 00:00:57.937,,,,,,,,,,,,,,,,,,,,,,11.22,,,,,,13.0157683333333,77.5656766666667
2025-10-17 00:00:57.937,,,,,,,,,,,,,,,,,,,,,,,,13.464,,,,13.0157683333333,77.5656766666667
2025-10-17 00:00:57.991,,0.0,,,,,,,,,,,,,,,,,,,,,,,,,,13.0157683333333,77.5656766666667
2025-10-17 00:00:57.991,,,,,,,,,0.0,,,,,,,,,,,,,,,,,,,13.0157683333333,77.5656766666667
2025-10-17 00:00:57.991,,,,,,,,,,0.0,,,,,,,,,,,,,,,,,,13.0157683333333,77.5656766666667
2025-10-17 00:00:57.991,,,,,,,,,,,,,,,,,,,,,,,,,,0.0,,13.0157683333333,77.5656766666667
2025-10-17 00:00:57.991,,,,,,,,,,,,,,,,,,,,,,,,,,,0.0,13.0157683333333,77.5656766666667
2025-10-17 00:00:58.042,,,,,0.43511321402166,,,,,,,,,,,,,,,,,,,,,,,13.0157683333333,77.5656766666667
2025-10-17 00:00:58.042,,,,,,,,,,,,,,,,,,,,,13.488509634651,,,,,,,13.0157683333333,77.5656766666667
2025-10-17 00:00:58.092,,,,13.05339642063,,,,,,,,,,,,,,,,,,,,,,,,13.0157683333333,77.5656766666667
2025-10-17 00:00:58.144,,,,,,,,,,,,,,4432.35327349392,,,,,,,,,,,,,,13.0157683333333,77.5656766666667
2025-10-17 00:00:58.194,,,,,,,,0.0,,,,,,,,,,,,,,,,,,,,13.0157683333333,77.5656766666667
2025-10-17 00:00:58.241,,,,,,41.1764705882353,,,,,,,,,,,,,,,,,,,,,,13.0157683333333,77.5656766666667
2025-10-17 00:00:58.258,873.700012207031,,,,,,,,,,,,,,,,,,,,,,,,,,,13.0157683333333,77.5656766666667
2025-10-17 00:00:58.258,,,0.0161763075612372,,,,,,,,,,,,,,,,,,,,,,,,,13.0157683333333,77.5656766666667
2025-10-17 00:00:58.258,,,,,,,,,,,,,,,,,,,,,,,,,0.0,,,13.0157683333333,77.5656766666667
2025-10-17 00:00:58.263,873.700012207031,,,,,,,,,,,,,,,,,,,,,,,,,,,13.0158617,77.5656665
2025-10-17 00:00:58.266,873.700012207031,,,,,,,,,,,,,,,,,,,,,,,,,,,13.0158617,77.5656665
2025-10-17 00:00:58.266,,,0.0161741146257061,,,,,,,,,,,,,,,,,,,,,,,,,13.0158617,77.5656665
2025-10-17 00:00:58.266,,,,,,,,,,,,,,,,,,,,,,,,,0.0,,,13.0158617,77.5656665
2025-10-17 00:00:58.267,873.700012207031,,,,,,,,,,,,,,,,,,,,,,,,,,,13.0158617,77.5656665
2025-10-17 00:00:58.267,,,0.016173942697526,,,,,,,,,,,,,,,,,,,,,,,,,13.0158617,77.5656665
2025-10-17 00:00:58.267,,,,,,,,,,,,,,,,,,,,,,,,,0.0,,,13.0158617,77.5656665
2025-10-17 00:00:58.290,,,,,,,1.32556561085973,,,,,,,,,,,,,,,,,,,,,13.0158617,77.5656665
2025-10-17 00:00:58.290,,,,,,,,,,,,,,,0.0097762523462503,,,,,,,,,,,,,13.0158617,77.5656665
2025-10-17 00:00:58.290,,,,,,,,,,,,,,,,0.0097762523462503,,,,,,,,,,,,13.0158617,77.5656665
2025-10-17 00:00:58.290,,,,,,,,,,,,,,,,,0.0098740148697128,,,,,,,,,,,13.0158617,77.5656665
2025-10-17 00:00:58.290,,,,,,,,,,,,,,,,,,0.0,,,,,,,,,,13.0158617,77.5656665
2025-10-17 00:00:58.290,,,,,,,,,,,,,,,,,,,5.86924083027693,,,,,,,,,13.0158617,77.5656665
2025-10-17 00:00:58.290,,,,,,,,,,,,,,,,,,,,,,11.16,,,,,,13.0158617,77.5656665
2025-10-17 00:00:58.290,,,,,,,,,,,,,,,,,,,,,,,,13.392,,,,13.0158617,77.5656665
2025-10-17 00:00:58.341,,0.0,,,,,,,,,,,,,,,,,,,,,,,,,,13.0158617,77.5656665
2025-10-17 00:00:58.341,,,,,,,,,0.0,,,,,,,,,,,,,,,,,,,13.0158617,77.5656665
2025-10-17 00:00:58.341,,,,,,,,,,0.0,,,,,,,,,,,,,,,,,,13.0158617,77.5656665
2025-10-17 00:00:58.341,,,,,,,,,,,,,,,,,,,,,,,,,,0.0,,13.0158617,77.5656665
2025-10-17 00:00:58.341,,,,,,,,,,,,,,,,,,,,,,,,,,,0.0,13.0158617,77.5656665
2025-10-17 00:00:58.393,,,,,0.43511321402166,,,,,,,,,,,,,,,,,,,,,,,13.0158617,77.5656665
2025-10-17 00:00:58.393,,,,,,,,,,,,,,,,,,,,,13.488509634651,,,,,,,13.0158617,77.5656665
2025-10-17 00:00:58.443,,,,13.05339642063,,,,,,,,,,,,,,,,,,,,,,,,13.0158617,77.5656665
2025-10-17 00:00:58.500,,,,,,,,,,,,,,4272.81176168622,,,,,,,,,,,,,,13.0158617,77.5656665
2025-10-17 00:00:58.561,,,,,,,,0.0,,,,,,,,,,,,,,,,,,,,13.0158617,77.5656665
2025-10-17 00:00:58.564,855.8,,,,,,,,,,,,,,,,,,,,,,,,,,,13.0158617,77.5656665
2025-10-17 00:00:58.564,,,0.0172748111140303,,,,,,,,,,,,,,,,,,,,,,,,,13.0158617,77.5656665
2025-10-17 00:00:58.564,,,,,,,,,,,,,,,,,,,,,,,,,0.242743000388145,,,13.0158617,77.5656665
2025-10-17 00:00:58.612,,,,,,41.1764705882353,,,,,,,,,,,,,,,,,,,,,,13.0158617,77.5656665
2025-10-17 00:00:58.659,,,,,,,1.32912895927602,,,,,,,,,,,,,,,,,,,,,13.0158617,77.5656665
2025-10-17 00:00:58.659,,,,,,,,,,,,,,,0.0099124660231875,,,,,,,,,,,,,13.0158617,77.5656665
2025-10-17 00:00:58.659,,,,,,,,,,,,,,,,0.0099124660231875,,,,,,,,,,,,13.0158617,77.5656665
2025-10-17 00:00:58.659,,,,,,,,,,,,,,,,,0.0100115906834194,,,,,,,,,,,13.0158617,77.5656665
2025-10-17 00:00:58.659,,,,,,,,,,,,,,,,,,0.0,,,,,,,,,,13.0158617,77.5656665
2025-10-17 00:00:58.659,,,,,,,,,,,,,,,,,,,5.88501835939058,,,,,,,,,13.0158617,77.5656665
2025-10-17 00:00:58.659,,,,,,,,,,,,,,,,,,,,,,11.19,,,,,,13.0158617,77.5656665
2025-10-17 00:00:58.659,,,,,,,,,,,,,,,,,,,,,,,,13.428,,,,13.0158617,77.5656665
2025-10-17 00:00:58.712,,0.0,,,,,,,,,,,,,,,,,,,,,,,,,,13.0158617,77.5656665
2025-10-17 00:00:58.712,,,,,,,,,0.0,,,,,,,,,,,,,,,,,,,13.0158617,77.5656665
2025-10-17 00:00:58.712,,,,,,,,,,0.0,,,,,,,,,,,,,,,,,,13.0158617,77.5656665
2025-10-17 00:00:58.712,,,,,,,,,,,,,,,,,,,,,,,,,,0.0,,13.0158617,77.5656665
2025-10-17 00:00:58.712,,,,,,,,,,,,,,,,,,,,,,,,,,,0.0,13.0158617,77.5656665
2025-10-17 00:00:58.766,,,,,0.43511321402166,,,,,,,,,,,,,,,,,,,,,,,13.0158617,77.5656665
2025-10-17 00:00:58.766,,,,,,,,,,,,,,,,,,,,,13.488509634651,,,,,,,13.0158617,77.5656665
2025-10-17 00:00:58.767,873.700012207031,,,,,,,,,,,,,,,,,,,,,,,,,,,13.0158617,77.5656665
2025-10-17 00:00:58.767,,,0.0172177322855611,,,,,,,,,,,,,,,,,,,,,,,,,13.0158617,77.5656665
2025-10-17 00:00:58.767,,,,,,,,,,,,,,,,,,,,,,,,,0.0,,,13.0158617,77.5656665
2025-10-17 00:00:58.822,,,,13.05339642063,,,,,,,,,,,,,,,,,,,,,,,,13.0158617,77.5656665
2025-10-17 00:00:58.869,,,,,,,,,,,,,,4432.35327349392,,,,,,,,,,,,,,13.0158617,77.5656665
2025-10-17 00:00:58.929,,,,,,,,0.0,,,,,,,,,,,,,,,,,,,,13.0158617,77.5656665
2025-10-17 00:00:58.982,,,,,,40.7843137254902,,,,,,,,,,,,,,,,,,,,,,13.0158617,77.5656665
2025-10-17 00:00:59.056,,,,,,,1.33294117647059,,,,,,,,,,,,,,,,,,,,,13.0158617,77.5656665
2025-10-17 00:00:59.056,,,,,,,,,,,,,,,0.0100594903235797,,,,,,,,,,,,,13.0158617,77.5656665
2025-10-17 00:00:59.056,,,,,,,,,,,,,,,,0.0100594903235797,,,,,,,,,,,,13.0158617,77.5656665
2025-10-17 00:00:59.056,,,,,,,,,,,,,,,,,0.0101600852268155,,,,,,,,,,,13.0158617,77.5656665
2025-10-17 00:00:59.056,,,,,,,,,,,,,,,,,,0.0,,,,,,,,,,13.0158617,77.5656665
2025-10-17 00:00:59.056,,,,,,,,,,,,,,,,,,,5.90189781117249,,,,,,,,,13.0158617,77.5656665
2025-10-17 00:00:59.056,,,,,,,,,,,,,,,,,,,,,,11.33,,,,,,13.0158617,77.5656665
2025-10-17 00:00:59.056,,,,,,,,,,,,,,,,,,,,,,,,13.596,,,,13.0158617,77.5656665
2025-10-17 00:00:59.108,,0.0,,,,,,,,,,,,,,,,,,,,,,,,,,13.0158617,77.5656665
2025-10-17 00:00:59.108,,,,,,,,,0.0,,,,,,,,,,,,,,,,,,,13.0158617,77.5656665
2025-10-17 00:00:59.108,,,,,,,,,,0.0,,,,,,,,,,,,,,,,,,13.0158617,77.5656665
2025-10-17 00:00:59.108,,,,,,,,,,,,,,,,,,,,,,,,,,0.0,,13.0158617,77.5656665
2025-10-17 00:00:59.108,,,,,,,,,,,,,,,,,,,,,,,,,,,0.0,13.0158617,77.5656665
2025-10-17 00:00:59.156,,,,,0.43511321402166,,,,,,,,,,,,,,,,,,,,,,,13.0158617,77.5656665
2025-10-17 00:00:59.156,,,,,,,,,,,,,,,,,,,,,13.488509634651,,,,,,,13.0158617,77.5656665
2025-10-17 00:00:59.216,,,,13.05339642063,,,,,,,,,,,,,,,,,,,,,,,,13.0158617,77.5656665
2025-10-17 00:00:59.266,,,,,,,,,,,,,,4240.90345932468,,,,,,,,,,,,,,13.0158617,77.5656665
2025-10-17 00:00:59.312,,,,,,,,0.0,,,,,,,,,,,,,,,,,,,,13.0158617,77.5656665
2025-10-17 00:00:59.358,,,,,,41.1764705882353,,,,,,,,,,,,,,,,,,,,,,13.0158617,77.5656665
2025-10-17 00:00:59.408,,,,,,,1.32912895927602,,,,,,,,,,,,,,,,,,,,,13.0158617,77.5656665
2025-10-17 00:00:59.408,,,,,,,,,,,,,,,0.0101890239460486,,,,,,,,,,,,,13.0158617,77.5656665
2025-10-17 00:00:59.408,,,,,,,,,,,,,,,,0.0101890239460486,,,,,,,,,,,,13.0158617,77.5656665
2025-10-17 00:00:59.408,,,,,,,,,,,,,,,,,0.0102909141855091,,,,,,,,,,,13.0158617,77.5656665
2025-10-17 00:00:59.408,,,,,,,,,,,,,,,,,,0.0,,,,,,,,,,13.0158617,77.5656665
2025-10-17 00:00:59.408,,,,,,,,,,,,,,,,,,,5.88501835939058,,,,,,,,,13.0158617,77.5656665
2025-10-17 00:00:59.408,,,,,,,,,,,,,,,,,,,,,,11.19,,,,,,13.0158617,77.5656665
2025-10-17 00:00:59.408,,,,,,,,,,,,,,,,,,,,,,,,13.428,,,,13.0158617,77.5656665
2025-10-17 00:00:59.458,,0.0,,,,,,,,,,,,,,,,,,,,,,,,,,13.0158617,77.5656665
2025-10-17 00:00:59.458,,,,,,,,,0.0,,,,,,,,,,,,,,,,,,,13.0158617,77.5656665
2025-10-17 00:00:59.458,,,,,,,,,,0.0,,,,,,,,,,,,,,,,,,13.0158617,77.5656665
2025-10-17 00:00:59.458,,,,,,,,,,,,,,,,,,,,,,,,,,0.0,,13.0158617,77.5656665
2025-10-17 00:00:59.458,,,,,,,,,,,,,,,,,,,,,,,,,,,0.0,13.0158617,77.5656665
2025-10-17 00:00:59.509,,,,,0.43511321402166,,,,,,,,,,,,,,,,,,,,,,,13.0158617,77.5656665
2025-10-17 00:00:59.509,,,,,,,,,,,,,,,,,,,,,13.488509634651,,,,,,,13.0158617,77.5656665
2025-10-17 00:00:59.566,,,,13.05339642063,,,,,,,,,,,,,,,,,,,,,,,,13.0158617,77.5656665
2025-10-17 00:00:59.585,855.4,,,,,,,,,,,,,,,,,,,,,,,,,,,13.0158617,77.5656665
2025-10-17 00:00:59.585,,,0.0197656477158826,,,,,,,,,,,,,,,,,,,,,,,,,13.0158617,77.5656665
2025-10-17 00:00:59.585,,,,,,,,,,,,,,,,,,,,,,,,,0.211241997778416,,,13.0158617,77.5656665
2025-10-17 00:00:59.586,855.4,,,,,,,,,,,,,,,,,,,,,,,,,,,13.0158617,77.5656665
2025-10-17 00:00:59.586,,,0.0197672279907495,,,,,,,,,,,,,,,,,,,,,,,,,13.0158617,77.5656665
2025-10-17 00:00:59.586,,,,,,,,,,,,,,,,,,,,,,,,,0.211241997778416,,,13.0158617,77.5656665
2025-10-17 00:00:59.601,873.700012207031,,,,,,,,,,,,,,,,,,,,,,,,,,,13.0158617,77.5656665
2025-10-17 00:00:59.601,,,0.0198144643186898,,,,,,,,,,,,,,,,,,,,,,,,,13.0158617,77.5656665
2025-10-17 00:00:59.601,,,,,,,,,,,,,,,,,,,,,,,,,0.211241997778416,,,13.0158617,77.5656665
2025-10-17 00:00:59.614,,,,,,,,,,,,,,4465.71195323553,,,,,,,,,,,,,,13.0158617,77.5656665
2025-10-17 00:00:59.663,,,,,,,,0.0,,,,,,,,,,,,,,,,,,,,13.0158617,77.5656665
2025-10-17 00:00:59.712,873.700012207031,,,,,,,,,,,,,,,,,,,,,,,,,,,13.0158617,77.5656665
2025-10-17 00:00:59.712,,,0.0197792638950717,,,,,,,,,,,,,,,,,,,,,,,,,13.0158617,77.5656665
2025-10-17 00:00:59.712,,,,,,,,,,,,,,,,,,,,,,,,,0.0,,,13.0158617,77.5656665
2025-10-17 00:00:59.713,,,,,,41.1764705882353,,,,,,,,,,,,,,,,,,,,,,13.0158617,77.5656665
2025-10-17 00:00:59.761,,,,,,,1.33269230769231,,,,,,,,,,,,,,,,,,,,,13.0158617,77.5656665
2025-10-17 00:00:59.761,,,,,,,,,,,,,,,0.0103200785383563,,,,,,,,,,,,,13.0158617,77.5656665
2025-10-17 00:00:59.761,,,,,,,,,,,,,,,,0.0103200785383563,,,,,,,,,,,,13.0158617,77.5656665
2025-10-17 00:00:59.761,,,,,,,,,,,,,,,,,0.0104232793237398,,,,,,,,,,,13.0158617,77.5656665
2025-10-17 00:00:59.761,,,,,,,,,,,,,,,,,,0.0,,,,,,,,,,13.0158617,77.5656665
2025-10-17 00:00:59.761,,,,,,,,,,,,,,,,,,,5.90079588850423,,,,,,,,,13.0158617,77.5656665
2025-10-17 00:00:59.761,,,,,,,,,,,,,,,,,,,,,,11.22,,,,,,13.0158617,77.5656665
2025-10-17 00:00:59.761,,,,,,,,,,,,,,,,,,,,,,,,13.464,,,,13.0158617,77.5656665
2025-10-17 00:00:59.812,,0.0,,,,,,,,,,,,,,,,,,,,,,,,,,13.0158617,77.5656665
2025-10-17 00:00:59.812,,,,,,,,,0.0,,,,,,,,,,,,,,,,,,,13.0158617,77.5656665
2025-10-17 00:00:59.812,,,,,,,,,,0.0,,,,,,,,,,,,,,,,,,13.0158617,77.5656665
2025-10-17 00:00:59.812,,,,,,,,,,,,,,,,,,,,,,,,,,0.0,,13.0158617,77.5656665
2025-10-17 00:00:59.812,,,,,,,,,,,,,,,,,,,,,,,,,,,0.0,13.0158617,77.5656665
2025-10-17 00:00:59.865,,,,,0.43511321402166,,,,,,,,,,,,,,,,,,,,,,,13.0158617,77.5656665
2025-10-17 00:00:59.865,,,,,,,,,,,,,,,,,,,,,13.488509634651,,,,,,,13.0158617,77.5656665
2025-10-17 00:00:59.923,,,,13.05339642063,,,,,,,,,,,,,,,,,,,,,,,,13.0158617,77.5656665
2025-10-17 00:00:59.975,,,,,,,,,,,,,,4210.44553434321,,,,,,,,,,,,,,13.0158617,77.5656665
2025-10-17 00:01:00.024,,,,,,,,0.0,,,,,,,,,,,,,,,,,,,,13.0158617,77.5656665
2025-10-17 00:01:00.075,,,,,,40.7843137254902,,,,,,,,,,,,,,,,,,,,,,13.0158617,77.5656665
2025-10-17 00:01:00.139,,,,,,,1.32588235294118,,,,,,,,,,,,,,,,,,,,,13.0158617,77.5656665
2025-10-17 00:01:00.139,,,,,,,,,,,,,,,0.0104593463479641,,,,,,,,,,,,,13.0158617,77.5656665
2025-10-17 00:01:00.139,,,,,,,,,,,,,,,,0.0104593463479641,,,,,,,,,,,,13.0158617,77.5656665
2025-10-17 00:01:00.139,,,,,,,,,,,,,,,,,0.0105639398114438,,,,,,,,,,,13.0158617,77.5656665
2025-10-17 00:01:00.139,,,,,,,,,,,,,,,,,,0.0,,,,,,,,,,13.0158617,77.5656665
2025-10-17 00:01:00.139,,,,,,,,,,,,,,,,,,,5.87064327730926,,,,,,,,,13.0158617,77.5656665
2025-10-17 00:01:00.139,,,,,,,,,,,,,,,,,,,,,,11.27,,,,,,13.0158617,77.5656665
2025-10-17 00:01:00.139,,,,,,,,,,,,,,,,,,,,,,,,13.524,,,,13.0158617,77.5656665
2025-10-17 00:01:00.192,,0.0,,,,,,,,,,,,,,,,,,,,,,,,,,13.0158617,77.5656665
2025-10-17 00:01:00.192,,,,,,,,,0.0,,,,,,,,,,,,,,,,,,,13.0158617,77.5656665
2025-10-17 00:01:00.192,,,,,,,,,,0.0,,,,,,,,,,,,,,,,,,13.0158617,77.5656665
2025-10-17 00:01:00.192,,,,,,,,,,,,,,,,,,,,,,,,,,0.0,,13.0158617,77.5656665
2025-10-17 00:01:00.192,,,,,,,,,,,,,,,,,,,,,,,,,,,0.0,13.0158617,77.5656665
2025-10-17 00:01:00.244,,,,,0.43511321402166,,,,,,,,,,,,,,,,,,,,,,,13.0158617,77.5656665
2025-10-17 00:01:00.244,,,,,,,,,,,,,,,,,,,,,13.488509634651,,,,,,,13.0158617,77.5656665
2025-10-17 00:01:00.296,,,,13.05339642063,,,,,,,,,,,,,,,,,,,,,,,,13.0158617,77.5656665
2025-10-17 00:01:00.346,,,,,,,,,,,,,,4496.169878217,,,,,,,,,,,,,,13.0158617,77.5656665
2025-10-17 00:01:00.398,,,,,,,,0.0,,,,,,,,,,,,,,,,,,,,13.0158617,77.5656665
2025-10-17 00:01:00.446,,,,,,40.7843137254902,,,,,,,,,,,,,,,,,,,,,,13.0158617,77.5656665
2025-10-17 00:01:00.494,,,,,,,1.32588235294118,,,,,,,,,,,,,,,,,,,,,13.0158617,77.5656665
2025-10-17 00:01:00.494,,,,,,,,,,,,,,,0.0105906992292059,,,,,,,,,,,,,13.0158617,77.5656665
2025-10-17 00:01:00.494,,,,,,,,,,,,,,,,0.0105906992292059,,,,,,,,,,,,13.0158617,77.5656665
2025-10-17 00:01:00.494,,,,,,,,,,,,,,,,,0.010696606221498,,,,,,,,,,,13.0158617,77.5656665
2025-10-17 00:01:00.494,,,,,,,,,,,,,,,,,,0.0,,,,,,,,,,13.0158617,77.5656665
2025-10-17 00:01:00.494,,,,,,,,,,,,,,,,,,,5.87064327730926,,,,,,,,,13.0158617,77.5656665
2025-10-17 00:01:00.494,,,,,,,,,,,,,,,,,,,,,,11.27,,,,,,13.0158617,77.5656665
2025-10-17 00:01:00.494,,,,,,,,,,,,,,,,,,,,,,,,13.524,,,,13.0158617,77.5656665
2025-10-17 00:01:00.550,,0.0,,,,,,,,,,,,,,,,,,,,,,,,,,13.0158617,77.5656665
2025-10-17 00:01:00.550,,,,,,,,,0.0,,,,,,,,,,,,,,,,,,,13.0158617,77.5656665
2025-10-17 00:01:00.550,,,,,,,,,,0.0,,,,,,,,,,,,,,,,,,13.0158617,77.5656665
2025-10-17 00:01:00.550,,,,,,,,,,,,,,,,,,,,,,,,,,0.0,,13.0158617,77.5656665
2025-10-17 00:01:00.550,,,,,,,,,,,,,,,,,,,,,,,,,,,0.0,13.0158617,77.5656665
2025-10-17 00:01:00.599,,,,,0.43511321402166,,,,,,,,,,,,,,,,,,,,,,,13.0158617,77.5656665
2025-10-17 00:01:00.599,,,,,,,,,,,,,,,,,,,,,13.488509634651,,,,,,,13.0158617,77.5656665
2025-10-17 00:01:00.604,855.3,,,,,,,,,,,,,,,,,,,,,,,,,,,13.0158617,77.5656665
2025-10-17 00:01:00.604,,,0.0215888992682456,,,,,,,,,,,,,,,,,,,,,,,,,13.0158617,77.5656665
2025-10-17 00:01:00.604,,,,,,,,,,,,,,,,,,,,,,,,,0.148240005970001,,,13.0158617,77.5656665
2025-10-17 00:01:00.612,873.700012207031,,,,,,,,,,,,,,,,,,,,,,,,,,,13.0158617,77.5656665
2025-10-17 00:01:00.612,,,0.0215858856495601,,,,,,,,,,,,,,,,,,,,,,,,,13.0158617,77.5656665
2025-10-17 00:01:00.612,,,,,,,,,,,,,,,,,,,,,,,,,0.0,,,13.0158617,77.5656665
2025-10-17 00:01:00.614,873.700012207031,,,,,,,,,,,,,,,,,,,,,,,,,,,13.0158617,77.5656665
2025-10-17 00:01:00.614,,,0.0215894367131432,,,,,,,,,,,,,,,,,,,,,,,,,13.0158617,77.5656665
2025-10-17 00:01:00.614,,,,,,,,,,,,,,,,,,,,,,,,,0.148240005970001,,,13.0158617,77.5656665
2025-10-17 00:01:00.649,,,,13.05339642063,,,,,,,,,,,,,,,,,,,,,,,,13.0158617,77.5656665
2025-10-17 00:01:00.699,,,,,,,,,,,,,,4369.98704615091,,,,,,,,,,,,,,13.0158617,77.5656665
2025-10-17 00:01:00.744,873.700012207031,,,,,,,,,,,,,,,,,,,,,,,,,,,13.0158617,77.5656665
2025-10-17 00:01:00.744,,,0.0215454304369145,,,,,,,,,,,,,,,,,,,,,,,,,13.0158617,77.5656665
2025-10-17 00:01:00.744,,,,,,,,,,,,,,,,,,,,,,,,,0.0,,,13.0158617,77.5656665
2025-10-17 00:01:00.746,,,,,,,,0.0,,,,,,,,,,,,,,,,,,,,13.0158617,77.5656665
2025-10-17 00:01:00.791,,,,,,40.7843137254902,,,,,,,,,,,,,,,,,,,,,,13.0158617,77.5656665
2025-10-17 00:01:00.836,,,,,,,1.32,,,,,,,,,,,,,,,,,,,,,13.0158617,77.5656665
2025-10-17 00:01:00.836,,,,,,,,,,,,,,,0.0107153293758726,,,,,,,,,,,,,13.0158617,77.5656665
2025-10-17 00:01:00.836,,,,,,,,,,,,,,,,0.0107153293758726,,,,,,,,,,,,13.0158617,77.5656665
2025-10-17 00:01:00.836,,,,,,,,,,,,,,,,,0.0108224826696313,,,,,,,,,,,13.0158617,77.5656665
2025-10-17 00:01:00.836,,,,,,,,,,,,,,,,,,0.0,,,,,,,,,,13.0158617,77.5656665
2025-10-17 00:01:00.836,,,,,,,,,,,,,,,,,,,5.84459783242324,,,,,,,,,13.0158617,77.5656665
2025-10-17 00:01:00.836,,,,,,,,,,,,,,,,,,,,,,11.22,,,,,,13.0158617,77.5656665
2025-10-17 00:01:00.836,,,,,,,,,,,,,,,,,,,,,,,,13.464,,,,13.0158617,77.5656665
2025-10-17 00:01:00.884,,0.0,,,,,,,,,,,,,,,,,,,,,,,,,,13.0158617,77.5656665
2025-10-17 00:01:00.884,,,,,,,,,0.0,,,,,,,,,,,,,,,,,,,13.0158617,77.5656665
2025-10-17 00:01:00.884,,,,,,,,,,0.0,,,,,,,,,,,,,,,,,,13.0158617,77.5656665
2025-10-17 00:01:00.884,,,,,,,,,,,,,,,,,,,,,,,,,,0.0,,13.0158617,77.5656665
2025-10-17 00:01:00.884,,,,,,,,,,,,,,,,,,,,,,,,,,,0.0,13.0158617,77.5656665
2025-10-17 00:01:00.931,,,,,0.43511321402166,,,,,,,,,,,,,,,,,,,,,,,13.0158617,77.5656665
2025-10-17 00:01:00.931,,,,,,,,,,,,,,,,,,,,,13.488509634651,,,,,,,13.0158617,77.5656665
2025-10-17 00:01:00.977,,,,13.05339642063,,,,,,,,,,,,,,,,,,,,,,,,13.0158617,77.5656665
2025-10-17 00:01:01.044,,,,,,,,,,,,,,4306.17044142783,,,,,,,,,,,,,,13.0158617,77.5656665
2025-10-17 00:01:01.093,,,,,,,,0.0,,,,,,,,,,,,,,,,,,,,13.0158617,77.5656665
2025-10-17 00:01:01.144,,,,,,41.1764705882353,,,,,,,,,,,,,,,,,,,,,,13.0158617,77.5656665
2025-10-17 00:01:01.196,,,,,,,1.33269230769231,,,,,,,,,,,,,,,,,,,,,13.0158617,77.5656665
2025-10-17 00:01:01.196,,,,,,,,,,,,,,,0.0108488631830842,,,,,,,,,,,,,13.0158617,77.5656665
2025-10-17 00:01:01.196,,,,,,,,,,,,,,,,0.0108488631830842,,,,,,,,,,,,13.0158617,77.5656665
2025-10-17 00:01:01.196,,,,,,,,,,,,,,,,,0.010957351814915,,,,,,,,,,,13.0158617,77.5656665
2025-10-17 00:01:01.196,,,,,,,,,,,,,,,,,,0.0,,,,,,,,,,13.0158617,77.5656665
2025-10-17 00:01:01.196,,,,,,,,,,,,,,,,,,,5.90079588850423,,,,,,,,,13.0158617,77.5656665
2025-10-17 00:01:01.196,,,,,,,,,,,,,,,,,,,,,,11.22,,,,,,13.0158617,77.5656665
2025-10-17 00:01:01.196,,,,,,,,,,,,,,,,,,,,,,,,13.464,,,,13.0158617,77.5656665
2025-10-17 00:01:01.250,,0.0,,,,,,,,,,,,,,,,,,,,,,,,,,13.0158617,77.5656665
2025-10-17 00:01:01.250,,,,,,,,,0.0,,,,,,,,,,,,,,,,,,,13.0158617,77.5656665
2025-10-17 00:01:01.250,,,,,,,,,,0.0,,,,,,,,,,,,,,,,,,13.0158617,77.5656665
2025-10-17 00:01:01.250,,,,,,,,,,,,,,,,,,,,,,,,,,0.0,,13.0158617,77.5656665
2025-10-17 00:01:01.250,,,,,,,,,,,,,,,,,,,,,,,,,,,0.0,13.0158617,77.5656665
2025-10-17 00:01:01.303,,,,,0.43511321402166,,,,,,,,,,,,,,,,,,,,,,,13.0158617,77.5656665
2025-10-17 00:01:01.303,,,,,,,,,,,,,,,,,,,,,13.488509634651,,,,,,,13.0158617,77.5656665
2025-10-17 00:01:01.352,,,,13.05339642063,,,,,,,,,,,,,,,,,,,,,,,,13.0158617,77.5656665
2025-10-17 00:01:01.401,,,,,,,,,,,,,,4496.169878217,,,,,,,,,,,,,,13.0158617,77.5656665
2025-10-17 00:01:01.451,,,,,,,,0.0,,,,,,,,,,,,,,,,,,,,13.0158617,77.5656665
2025-10-17 00:01:01.530,,,,,,40.0,,,,,,,,,,,,,,,,,,,,,,13.0158617,77.5656665
2025-10-17 00:01:01.577,,,,,,,1.31653846153846,,,,,,,,,,,,,,,,,,,,,13.0158617,77.5656665
2025-10-17 00:01:01.577,,,,,,,,,,,,,,,0.0109877996080201,,,,,,,,,,,,,13.0158617,77.5656665
2025-10-17 00:01:01.577,,,,,,,,,,,,,,,,0.0109877996080201,,,,,,,,,,,,13.0158617,77.5656665
2025-10-17 00:01:01.577,,,,,,,,,,,,,,,,,0.0110976776041003,,,,,,,,,,,13.0158617,77.5656665
2025-10-17 00:01:01.577,,,,,,,,,,,,,,,,,,0.0,,,,,,,,,,13.0158617,77.5656665
2025-10-17 00:01:01.577,,,,,,,,,,,,,,,,,,,5.82927108985569,,,,,,,,,13.0158617,77.5656665
2025-10-17 00:01:01.577,,,,,,,,,,,,,,,,,,,,,,11.41,,,,,,13.0158617,77.5656665
2025-10-17 00:01:01.577,,,,,,,,,,,,,,,,,,,,,,,,13.692,,,,13.0158617,77.5656665
2025-10-17 00:01:01.598,,,0.0247570463443936,,,,,,,,,,,,,,,,,,,,,,,,,13.015785,77.5656816666667
2025-10-17 00:01:01.598,,,,,,,,,,,,,,,,,,,,,,,,,0.263125991821289,,,13.015785,77.5656816666667
2025-10-17 00:01:01.599,855.2,,,,,,,,,,,,,,,,,,,,,,,,,,,13.015785,77.5656816666667
2025-10-17 00:01:01.601,855.2,,,,,,,,,,,,,,,,,,,,,,,,,,,13.015785,77.5656816666667
2025-10-17 00:01:01.601,,,0.0247659998439852,,,,,,,,,,,,,,,,,,,,,,,,,13.015785,77.5656816666667
2025-10-17 00:01:01.601,,,,,,,,,,,,,,,,,,,,,,,,,0.263125991821289,,,13.015785,77.5656816666667
2025-10-17 00:01:01.614,873.700012207031,,,,,,,,,,,,,,,,,,,,,,,,,,,13.015785,77.5656816666667
2025-10-17 00:01:01.615,,,0.0247606764228977,,,,,,,,,,,,,,,,,,,,,,,,,13.015785,77.5656816666667
2025-10-17 00:01:01.615,,,,,,,,,,,,,,,,,,,,,,,,,0.0,,,13.015785,77.5656816666667
2025-10-17 00:01:01.616,873.700012207031,,,,,,,,,,,,,,,,,,,,,,,,,,,13.015785,77.5656816666667
2025-10-17 00:01:01.616,,,0.0247678262396121,,,,,,,,,,,,,,,,,,,,,,,,,13.015785,77.5656816666667
2025-10-17 00:01:01.616,,,,,,,,,,,,,,,,,,,,,,,,,0.263125991821289,,,13.015785,77.5656816666667
2025-10-17 00:01:01.655,,0.0,,,,,,,,,,,,,,,,,,,,,,,,,,13.015785,77.5656816666667
2025-10-17 00:01:01.655,,,,,,,,,0.0,,,,,,,,,,,,,,,,,,,13.015785,77.5656816666667
2025-10-17 00:01:01.655,,,,,,,,,,0.0,,,,,,,,,,,,,,,,,,13.015785,77.5656816666667
2025-10-17 00:01:01.655,,,,,,,,,,,,,,,,,,,,,,,,,,0.0,,13.015785,77.5656816666667
2025-10-17 00:01:01.655,,,,,,,,,,,,,,,,,,,,,,,,,,,0.0,13.015785,77.5656816666667
2025-10-17 00:01:01.703,,,,,0.43511321402166,,,,,,,,,,,,,,,,,,,,,,,13.015785,77.5656816666667
2025-10-17 00:01:01.703,,,,,,,,,,,,,,,,,,,,,13.488509634651,,,,,,,13.015785,77.5656816666667
2025-10-17 00:01:01.732,873.700012207031,,,,,,,,,,,,,,,,,,,,,,,,,,,13.015785,77.5656816666667
2025-10-17 00:01:01.732,,,0.0247234683534065,,,,,,,,,,,,,,,,,,,,,,,,,13.015785,77.5656816666667
2025-10-17 00:01:01.732,,,,,,,,,,,,,,,,,,,,,,,,,0.0,,,13.015785,77.5656816666667
2025-10-17 00:01:01.748,,,,13.05339642063,,,,,,,,,,,,,,,,,,,,,,,,13.015785,77.5656816666667
2025-10-17 00:01:01.808,,,,,,,,,,,,,,4240.90345932468,,,,,,,,,,,,,,13.015785,77.5656816666667
2025-10-17 00:01:01.857,,,,,,,,0.0,,,,,,,,,,,,,,,,,,,,13.015785,77.5656816666667
2025-10-17 00:01:01.921,,,,,,40.3921568627451,,,,,,,,,,,,,,,,,,,,,,13.015785,77.5656816666667
2025-10-17 00:01:01.963,,,,,,,1.32012443438914,,,,,,,,,,,,,,,,,,,,,13.015785,77.5656816666667
2025-10-17 00:01:01.963,,,,,,,,,,,,,,,0.0111294582740413,,,,,,,,,,,,,13.015785,77.5656816666667
2025-10-17 00:01:01.963,,,,,,,,,,,,,,,,0.0111294582740413,,,,,,,,,,,,13.015785,77.5656816666667
2025-10-17 00:01:01.963,,,,,,,,,,,,,,,,,0.0112407528567817,,,,,,,,,,,13.015785,77.5656816666667
2025-10-17 00:01:01.963,,,,,,,,,,,,,,,,,,0.0,,,,,,,,,,13.015785,77.5656816666667
2025-10-17 00:01:01.963,,,,,,,,,,,,,,,,,,,5.84514879375736,,,,,,,,,13.015785,77.5656816666667
2025-10-17 00:01:01.963,,,,,,,,,,,,,,,,,,,,,,11.33,,,,,,13.015785,77.5656816666667
2025-10-17 00:01:01.963,,,,,,,,,,,,,,,,,,,,,,,,13.596,,,,13.015785,77.5656816666667
2025-10-17 00:01:02.043,,0.0,,,,,,,,,,,,,,,,,,,,,,,,,,13.015785,77.5656816666667
2025-10-17 00:01:02.043,,,,,,,,,0.0,,,,,,,,,,,,,,,,,,,13.015785,77.5656816666667
2025-10-17 00:01:02.043,,,,,,,,,,0.0,,,,,,,,,,,,,,,,,,13.015785,77.5656816666667
2025-10-17 00:01:02.043,,,,,,,,,,,,,,,,,,,,,,,,,,0.0,,13.015785,77.5656816666667
2025-10-17 00:01:02.043,,,,,,,,,,,,,,,,,,,,,,,,,,,0.0,13.015785,77.5656816666667
2025-10-17 00:01:02.104,,,,,0.43511321402166,,,,,,,,,,,,,,,,,,,,,,,13.015785,77.5656816666667
2025-10-17 00:01:02.104,,,,,,,,,,,,,,,,,,,,,13.488509634651,,,,,,,13.015785,77.5656816666667
2025-10-17 00:01:02.166,,,,13.05339642063,,,,,,,,,,,,,,,,,,,,,,,,13.015785,77.5656816666667
2025-10-17 00:01:02.215,,,,,,,,,,,,,,4272.81176168622,,,,,,,,,,,,,,13.015785,77.5656816666667
2025-10-17 00:01:02.266,,,,,,,,0.0,,,,,,,,,,,,,,,,,,,,13.015785,77.5656816666667
2025-10-17 00:01:02.318,,,,,,40.3921568627451,,,,,,,,,,,,,,,,,,,,,,13.015785,77.5656816666667
2025-10-17 00:01:02.367,,,,,,,1.3131334841629,,,,,,,,,,,,,,,,,,,,,13.015785,77.5656816666667
2025-10-17 00:01:02.367,,,,,,,,,,,,,,,0.0112769229454572,,,,,,,,,,,,,13.015785,77.5656816666667
2025-10-17 00:01:02.367,,,,,,,,,,,,,,,,0.0112769229454572,,,,,,,,,,,,13.015785,77.5656816666667
2025-10-17 00:01:02.367,,,,,,,,,,,,,,,,,0.0113896921749118,,,,,,,,,,,13.015785,77.5656816666667
2025-10-17 00:01:02.367,,,,,,,,,,,,,,,,,,0.0,,,,,,,,,,13.015785,77.5656816666667
2025-10-17 00:01:02.367,,,,,,,,,,,,,,,,,,,5.81419478425821,,,,,,,,,13.015785,77.5656816666667
2025-10-17 00:01:02.367,,,,,,,,,,,,,,,,,,,,,,11.27,,,,,,13.015785,77.5656816666667
2025-10-17 00:01:02.367,,,,,,,,,,,,,,,,,,,,,,,,13.524,,,,13.015785,77.5656816666667
2025-10-17 00:01:02.422,,0.0,,,,,,,,,,,,,,,,,,,,,,,,,,13.015785,77.5656816666667
2025-10-17 00:01:02.422,,,,,,,,,0.0,,,,,,,,,,,,,,,,,,,13.015785,77.5656816666667
2025-10-17 00:01:02.422,,,,,,,,,,0.0,,,,,,,,,,,,,,,,,,13.015785,77.5656816666667
2025-10-17 00:01:02.422,,,,,,,,,,,,,,,,,,,,,,,,,,0.0,,13.015785,77.5656816666667
2025-10-17 00:01:02.422,,,,,,,,,,,,,,,,,,,,,,,,,,,0.0,13.015785,77.5656816666667
2025-10-17 00:01:02.472,,,,,0.43511321402166,,,,,,,,,,,,,,,,,,,,,,,13.015785,77.5656816666667
2025-10-17 00:01:02.472,,,,,,,,,,,,,,,,,,,,,13.488509634651,,,,,,,13.015785,77.5656816666667
2025-10-17 00:01:02.522,,,,13.05339642063,,,,,,,,,,,,,,,,,,,,,,,,13.015785,77.5656816666667
2025-10-17 00:01:02.569,,,,,,,,,,,,,,4177.0868546016,,,,,,,,,,,,,,13.015785,77.5656816666667
2025-10-17 00:01:02.587,,,0.0315383582766365,,,,,,,,,,,,,,,,,,,,,,,,,13.01579,77.56568
2025-10-17 00:01:02.587,,,,,,,,,,,,,,,,,,,,,,,,,0.544782024621964,,,13.01579,77.56568
2025-10-17 00:01:02.588,855.3,,,,,,,,,,,,,,,,,,,,,,,,,,,13.01579,77.56568
2025-10-17 00:01:02.592,855.3,,,,,,,,,,,,,,,,,,,,,,,,,,,13.01579,77.56568
2025-10-17 00:01:02.592,,,0.0315725795199449,,,,,,,,,,,,,,,,,,,,,,,,,13.01579,77.56568
2025-10-17 00:01:02.592,,,,,,,,,,,,,,,,,,,,,,,,,0.544782024621964,,,13.01579,77.56568
2025-10-17 00:01:02.593,855.3,,,,,,,,,,,,,,,,,,,,,,,,,,,13.01579,77.56568
2025-10-17 00:01:02.593,,,0.0315835846931318,,,,,,,,,,,,,,,,,,,,,,,,,13.01579,77.56568
2025-10-17 00:01:02.593,,,,,,,,,,,,,,,,,,,,,,,,,0.544782024621964,,,13.01579,77.56568
2025-10-17 00:01:02.606,873.700012207031,,,,,,,,,,,,,,,,,,,,,,,,,,,13.01579,77.56568
2025-10-17 00:01:02.606,,,0.0315773308332408,,,,,,,,,,,,,,,,,,,,,,,,,13.01579,77.56568
2025-10-17 00:01:02.606,,,,,,,,,,,,,,,,,,,,,,,,,0.0,,,13.01579,77.56568
2025-10-17 00:01:02.609,873.700012207031,,,,,,,,,,,,,,,,,,,,,,,,,,,13.01579,77.56568
2025-10-17 00:01:02.609,,,0.0316026362374387,,,,,,,,,,,,,,,,,,,,,,,,,13.01579,77.56568
2025-10-17 00:01:02.609,,,,,,,,,,,,,,,,,,,,,,,,,0.544782024621964,,,13.01579,77.56568
2025-10-17 00:01:02.610,873.700012207031,,,,,,,,,,,,,,,,,,,,,,,,,,,13.01579,77.56568
2025-10-17 00:01:02.610,,,0.0316087264512573,,,,,,,,,,,,,,,,,,,,,,,,,13.01579,77.56568
2025-10-17 00:01:02.610,,,,,,,,,,,,,,,,,,,,,,,,,0.544782024621964,,,13.01579,77.56568
2025-10-17 00:01:02.617,,,,,,,,0.0,,,,,,,,,,,,,,,,,,,,13.01579,77.56568
2025-10-17 00:01:02.667,,,,,,40.3921568627451,,,,,,,,,,,,,,,,,,,,,,13.01579,77.56568
2025-10-17 00:01:02.790,,,,,,,1.30963800904977,,,,,,,,,,,,,,,,,,,,,13.01579,77.56568
2025-10-17 00:01:02.790,,,,,,,,,,,,,,,0.0114306132221427,,,,,,,,,,,,,13.01579,77.56568
2025-10-17 00:01:02.790,,,,,,,,,,,,,,,,0.0114306132221427,,,,,,,,,,,,13.01579,77.56568
2025-10-17 00:01:02.790,,,,,,,,,,,,,,,,,0.0115449193543642,,,,,,,,,,,13.01579,77.56568
2025-10-17 00:01:02.790,,,,,,,,,,,,,,,,,,0.0,,,,,,,,,,13.01579,77.56568
2025-10-17 00:01:02.790,,,,,,,,,,,,,,,,,,,5.79871777950863,,,,,,,,,13.01579,77.56568
2025-10-17 00:01:02.790,,,,,,,,,,,,,,,,,,,,,,11.24,,,,,,13.01579,77.56568
2025-10-17 00:01:02.790,,,,,,,,,,,,,,,,,,,,,,,,13.488,,,,13.01579,77.56568
2025-10-17 00:01:02.829,873.700012207031,,,,,,,,,,,,,,,,,,,,,,,,,,,13.01579,77.56568
2025-10-17 00:01:02.829,,,0.0315030622385918,,,,,,,,,,,,,,,,,,,,,,,,,13.01579,77.56568
2025-10-17 00:01:02.829,,,,,,,,,,,,,,,,,,,,,,,,,0.0,,,13.01579,77.56568
2025-10-17 00:01:02.843,,0.0,,,,,,,,,,,,,,,,,,,,,,,,,,13.01579,77.56568
2025-10-17 00:01:02.843,,,,,,,,,0.0,,,,,,,,,,,,,,,,,,,13.01579,77.56568
2025-10-17 00:01:02.843,,,,,,,,,,0.0,,,,,,,,,,,,,,,,,,13.01579,77.56568
2025-10-17 00:01:02.843,,,,,,,,,,,,,,,,,,,,,,,,,,0.0,,13.01579,77.56568
2025-10-17 00:01:02.843,,,,,,,,,,,,,,,,,,,,,,,,,,,0.0,13.01579,77.56568
2025-10-17 00:01:02.930,,,,,0.43511321402166,,,,,,,,,,,,,,,,,,,,,,,13.01579,77.56568
2025-10-17 00:01:02.930,,,,,,,,,,,,,,,,,,,,,13.488509634651,,,,,,,13.01579,77.56568
2025-10-17 00:01:02.982,,,,13.05339642063,,,,,,,,,,,,,,,,,,,,,,,,13.01579,77.56568
2025-10-17 00:01:03.033,,,,,,,,,,,,,,4272.81176168622,,,,,,,,,,,,,,13.01579,77.56568
2025-10-17 00:01:03.084,,,,,,,,0.0,,,,,,,,,,,,,,,,,,,,13.01579,77.56568
2025-10-17 00:01:03.145,,,,,,35.6862745098039,,,,,,,,,,,,,,,,,,,,,,13.01579,77.56568
2025-10-17 00:01:03.197,,,,,,,1.4175,,,,,,,,,,,,,,,,,,,,,13.01579,77.56568
2025-10-17 00:01:03.197,,,,,,,,,,,,,,,0.0115909000665177,,,,,,,,,,,,,13.01579,77.56568
2025-10-17 00:01:03.197,,,,,,,,,,,,,,,,0.0115909000665177,,,,,,,,,,,,13.01579,77.56568
2025-10-17 00:01:03.197,,,,,,,,,,,,,,,,,0.0117068090671829,,,,,,,,,,,13.01579,77.56568
2025-10-17 00:01:03.197,,,,,,,,,,,,,,,,,,0.0,,,,,,,,,,13.01579,77.56568
2025-10-17 00:01:03.197,,,,,,,,,,,,,,,,,,,6.27630108140904,,,,,,,,,13.01579,77.56568
2025-10-17 00:01:03.197,,,,,,,,,,,,,,,,,,,,,,13.77,,,,,,13.01579,77.56568
2025-10-17 00:01:03.197,,,,,,,,,,,,,,,,,,,,,,,,16.524,,,,13.01579,77.56568
2025-10-17 00:01:03.260,,0.0,,,,,,,,,,,,,,,,,,,,,,,,,,13.01579,77.56568
2025-10-17 00:01:03.260,,,,,,,,,0.0,,,,,,,,,,,,,,,,,,,13.01579,77.56568
2025-10-17 00:01:03.260,,,,,,,,,,0.0,,,,,,,,,,,,,,,,,,13.01579,77.56568
2025-10-17 00:01:03.260,,,,,,,,,,,,,,,,,,,,,,,,,,0.0,,13.01579,77.56568
2025-10-17 00:01:03.260,,,,,,,,,,,,,,,,,,,,,,,,,,,0.0,13.01579,77.56568
2025-10-17 00:01:03.310,,,,,0.43511321402166,,,,,,,,,,,,,,,,,,,,,,,13.01579,77.56568
2025-10-17 00:01:03.310,,,,,,,,,,,,,,,,,,,,,13.488509634651,,,,,,,13.01579,77.56568
2025-10-17 00:01:03.314,873.700012207031,,,,,,,,,,,,,,,,,,,,,,,,,,,13.01579,77.56568
2025-10-17 00:01:03.314,,,0.031271777504461,,,,,,,,,,,,,,,,,,,,,,,,,13.01579,77.56568
2025-10-17 00:01:03.314,,,,,,,,,,,,,,,,,,,,,,,,,0.0,,,13.01579,77.56568
2025-10-17 00:01:03.317,873.700012207031,,,,,,,,,,,,,,,,,,,,,,,,,,,13.01579,77.56568
2025-10-17 00:01:03.317,,,0.0312700720560558,,,,,,,,,,,,,,,,,,,,,,,,,13.01579,77.56568
2025-10-17 00:01:03.317,,,,,,,,,,,,,,,,,,,,,,,,,0.0,,,13.01579,77.56568
2025-10-17 00:01:03.320,873.700012207031,,,,,,,,,,,,,,,,,,,,,,,,,,,13.0158704,77.5656616
2025-10-17 00:01:03.320,873.700012207031,,,,,,,,,,,,,,,,,,,,,,,,,,,13.0158704,77.5656616
2025-10-17 00:01:03.320,,,0.0312688873526508,,,,,,,,,,,,,,,,,,,,,,,,,13.0158704,77.5656616
2025-10-17 00:01:03.320,,,,,,,,,,,,,,,,,,,,,,,,,0.0,,,13.0158704,77.5656616
2025-10-17 00:01:03.358,,,,13.05339642063,,,,,,,,,,,,,,,,,,,,,,,,13.0158704,77.5656616
2025-10-17 00:01:03.408,,,,,,,,,,,,,,4306.17044142783,,,,,,,,,,,,,,13.0158704,77.5656616
2025-10-17 00:01:03.459,,,,,,,,0.0,,,,,,,,,,,,,,,,,,,,13.0158704,77.5656616
2025-10-17 00:01:03.521,,,,,,35.2941176470588,,,,,,,,,,,,,,,,,,,,,,13.0158704,77.5656616
2025-10-17 00:01:03.572,,,,,,,1.42432126696833,,,,,,,,,,,,,,,,,,,,,13.0158704,77.5656616
2025-10-17 00:01:03.572,,,,,,,,,,,,,,,0.011739642332072,,,,,,,,,,,,,13.0158704,77.5656616
2025-10-17 00:01:03.572,,,,,,,,,,,,,,,,0.011739642332072,,,,,,,,,,,,13.0158704,77.5656616
2025-10-17 00:01:03.572,,,,,,,,,,,,,,,,,0.0118570387553927,,,,,,,,,,,13.0158704,77.5656616
2025-10-17 00:01:03.572,,,,,,,,,,,,,,,,,,0.0,,,,,,,,,,13.0158704,77.5656616
2025-10-17 00:01:03.572,,,,,,,,,,,,,,,,,,,6.30650377999803,,,,,,,,,13.0158704,77.5656616
2025-10-17 00:01:03.572,,,,,,,,,,,,,,,,,,,,,,13.99,,,,,,13.0158704,77.5656616
2025-10-17 00:01:03.572,,,,,,,,,,,,,,,,,,,,,,,,16.788,,,,13.0158704,77.5656616
2025-10-17 00:01:03.625,,0.0,,,,,,,,,,,,,,,,,,,,,,,,,,13.0158704,77.5656616
2025-10-17 00:01:03.625,,,,,,,,,0.0,,,,,,,,,,,,,,,,,,,13.0158704,77.5656616
2025-10-17 00:01:03.625,,,,,,,,,,0.0,,,,,,,,,,,,,,,,,,13.0158704,77.5656616
2025-10-17 00:01:03.625,,,,,,,,,,,,,,,,,,,,,,,,,,0.0,,13.0158704,77.5656616
2025-10-17 00:01:03.625,,,,,,,,,,,,,,,,,,,,,,,,,,,0.0,13.0158704,77.5656616
2025-10-17 00:01:03.643,855.3,,,,,,,,,,,,,,,,,,,,,,,,,,,13.0158704,77.5656616
2025-10-17 00:01:03.643,,,0.0325599396725354,,,,,,,,,,,,,,,,,,,,,,,,,13.0158704,77.5656616
2025-10-17 00:01:03.643,,,,,,,,,,,,,,,,,,,,,,,,,0.296480011940002,,,13.0158704,77.5656616
2025-10-17 00:01:03.677,,,,,0.58015095202888,,,,,,,,,,,,,,,,,,,,,,,13.0158704,77.5656616
2025-10-17 00:01:03.677,,,,,,,,,,,,,,,,,,,,,13.633547372658,,,,,,,13.0158704,77.5656616
2025-10-17 00:01:03.737,,,,13.05339642063,,,,,,,,,,,,,,,,,,,,,,,,13.0158704,77.5656616
2025-10-17 00:01:03.764,873.700012207031,,,,,,,,,,,,,,,,,,,,,,,,,,,13.0158704,77.5656616
2025-10-17 00:01:03.764,,,0.0325006348467806,,,,,,,,,,,,,,,,,,,,,,,,,13.0158704,77.5656616
2025-10-17 00:01:03.764,,,,,,,,,,,,,,,,,,,,,,,,,0.0,,,13.0158704,77.5656616
2025-10-17 00:01:03.785,,,,,,,,,,,,,,4401.89534851245,,,,,,,,,,,,,,13.0158704,77.5656616
2025-10-17 00:01:03.858,,,,,,,,0.0,,,,,,,,,,,,,,,,,,,,13.0158704,77.5656616
2025-10-17 00:01:03.909,,,,,,34.9019607843137,,,,,,,,,,,,,,,,,,,,,,13.0158704,77.5656616
2025-10-17 00:01:03.959,,,,,,,1.42057692307692,,,,,,,,,,,,,,,,,,,,,13.0158704,77.5656616
2025-10-17 00:01:03.959,,,,,,,,,,,,,,,0.0118923213228893,,,,,,,,,,,,,13.0158704,77.5656616
2025-10-17 00:01:03.959,,,,,,,,,,,,,,,,0.0118923213228893,,,,,,,,,,,,13.0158704,77.5656616
2025-10-17 00:01:03.959,,,,,,,,,,,,,,,,,0.0120112445361182,,,,,,,,,,,13.0158704,77.5656616
2025-10-17 00:01:03.959,,,,,,,,,,,,,,,,,,0.0,,,,,,,,,,13.0158704,77.5656616
2025-10-17 00:01:03.959,,,,,,,,,,,,,,,,,,,6.28992485258019,,,,,,,,,13.0158704,77.5656616
2025-10-17 00:01:03.959,,,,,,,,,,,,,,,,,,,,,,14.11,,,,,,13.0158704,77.5656616
2025-10-17 00:01:03.959,,,,,,,,,,,,,,,,,,,,,,,,16.932,,,,13.0158704,77.5656616
2025-10-17 00:01:04.012,,0.0,,,,,,,,,,,,,,,,,,,,,,,,,,13.0158704,77.5656616
2025-10-17 00:01:04.012,,,,,,,,,0.0,,,,,,,,,,,,,,,,,,,13.0158704,77.5656616
2025-10-17 00:01:04.012,,,,,,,,,,0.0,,,,,,,,,,,,,,,,,,13.0158704,77.5656616
2025-10-17 00:01:04.012,,,,,,,,,,,,,,,,,,,,,,,,,,0.0,,13.0158704,77.5656616
2025-10-17 00:01:04.012,,,,,,,,,,,,,,,,,,,,,,,,,,,0.0,13.0158704,77.5656616
2025-10-17 00:01:04.062,,,,,0.58015095202888,,,,,,,,,,,,,,,,,,,,,,,13.0158704,77.5656616
2025-10-17 00:01:04.062,,,,,,,,,,,,,,,,,,,,,13.633547372658,,,,,,,13.0158704,77.5656616
2025-10-17 00:01:04.111,,,,13.05339642063,,,,,,,,,,,,,,,,,,,,,,,,13.0158704,77.5656616
2025-10-17 00:01:04.171,,,,,,,,,,,,,,4306.17044142783,,,,,,,,,,,,,,13.0158704,77.5656616
2025-10-17 00:01:04.221,,,,,,,,0.0,,,,,,,,,,,,,,,,,,,,13.0158704,77.5656616
2025-10-17 00:01:04.271,,,,,,34.9019607843137,,,,,,,,,,,,,,,,,,,,,,13.0158704,77.5656616
2025-10-17 00:01:04.322,,,,,,,1.42057692307692,,,,,,,,,,,,,,,,,,,,,13.0158704,77.5656616
2025-10-17 00:01:04.322,,,,,,,,,,,,,,,0.0120356660578893,,,,,,,,,,,,,13.0158704,77.5656616
2025-10-17 00:01:04.322,,,,,,,,,,,,,,,,0.0120356660578893,,,,,,,,,,,,13.0158704,77.5656616
2025-10-17 00:01:04.322,,,,,,,,,,,,,,,,,0.0121560227184682,,,,,,,,,,,13.0158704,77.5656616
2025-10-17 00:01:04.322,,,,,,,,,,,,,,,,,,0.0,,,,,,,,,,13.0158704,77.5656616
2025-10-17 00:01:04.322,,,,,,,,,,,,,,,,,,,6.28992485258019,,,,,,,,,13.0158704,77.5656616
2025-10-17 00:01:04.322,,,,,,,,,,,,,,,,,,,,,,14.11,,,,,,13.0158704,77.5656616
2025-10-17 00:01:04.322,,,,,,,,,,,,,,,,,,,,,,,,16.932,,,,13.0158704,77.5656616
2025-10-17 00:01:04.399,,0.0,,,,,,,,,,,,,,,,,,,,,,,,,,13.0158704,77.5656616
2025-10-17 00:01:04.399,,,,,,,,,0.0,,,,,,,,,,,,,,,,,,,13.0158704,77.5656616
2025-10-17 00:01:04.399,,,,,,,,,,0.0,,,,,,,,,,,,,,,,,,13.0158704,77.5656616
2025-10-17 00:01:04.399,,,,,,,,,,,,,,,,,,,,,,,,,,0.0,,13.0158704,77.5656616
2025-10-17 00:01:04.399,,,,,,,,,,,,,,,,,,,,,,,,,,,0.0,13.0158704,77.5656616
2025-10-17 00:01:04.452,,,,,0.58015095202888,,,,,,,,,,,,,,,,,,,,,,,13.0158704,77.5656616
2025-10-17 00:01:04.452,,,,,,,,,,,,,,,,,,,,,13.633547372658,,,,,,,13.0158704,77.5656616
2025-10-17 00:01:04.526,,,,13.05339642063,,,,,,,,,,,,,,,,,,,,,,,,13.0158704,77.5656616
2025-10-17 00:01:04.584,,,,,,,,,,,,,,4272.81176168622,,,,,,,,,,,,,,13.0158704,77.5656616
2025-10-17 00:01:04.601,855.4,,,,,,,,,,,,,,,,,,,,,,,,,,,13.0158704,77.5656616
2025-10-17 00:01:04.601,,,0.0344707468731856,,,,,,,,,,,,,,,,,,,,,,,,,13.0158704,77.5656616
2025-10-17 00:01:04.601,,,,,,,,,,,,,,,,,,,,,,,,,0.190859006345272,,,13.0158704,77.5656616
2025-10-17 00:01:04.632,,,,,,,,0.0,,,,,,,,,,,,,,,,,,,,13.0158704,77.5656616
2025-10-17 00:01:04.637,873.700012207031,,,,,,,,,,,,,,,,,,,,,,,,,,,13.0158704,77.5656616
2025-10-17 00:01:04.637,,,0.0344521228319385,,,,,,,,,,,,,,,,,,,,,,,,,13.0158704,77.5656616
2025-10-17 00:01:04.637,,,,,,,,,,,,,,,,,,,,,,,,,0.0,,,13.0158704,77.5656616
2025-10-17 00:01:04.679,,,,,,35.2941176470588,,,,,,,,,,,,,,,,,,,,,,13.0158704,77.5656616
2025-10-17 00:01:04.760,,,,,,,1.4222850678733,,,,,,,,,,,,,,,,,,,,,13.0158704,77.5656616
2025-10-17 00:01:04.760,,,,,,,,,,,,,,,0.012208648279128,,,,,,,,,,,,,13.0158704,77.5656616
2025-10-17 00:01:04.760,,,,,,,,,,,,,,,,0.012208648279128,,,,,,,,,,,,13.0158704,77.5656616
2025-10-17 00:01:04.760,,,,,,,,,,,,,,,,,0.0123307347619193,,,,,,,,,,,13.0158704,77.5656616
2025-10-17 00:01:04.760,,,,,,,,,,,,,,,,,,0.0,,,,,,,,,,13.0158704,77.5656616
2025-10-17 00:01:04.760,,,,,,,,,,,,,,,,,,,6.29748804907594,,,,,,,,,13.0158704,77.5656616
2025-10-17 00:01:04.760,,,,,,,,,,,,,,,,,,,,,,13.97,,,,,,13.0158704,77.5656616
2025-10-17 00:01:04.760,,,,,,,,,,,,,,,,,,,,,,,,16.764,,,,13.0158704,77.5656616
2025-10-17 00:01:04.813,,0.0,,,,,,,,,,,,,,,,,,,,,,,,,,13.0158704,77.5656616
2025-10-17 00:01:04.813,,,,,,,,,0.0,,,,,,,,,,,,,,,,,,,13.0158704,77.5656616
2025-10-17 00:01:04.813,,,,,,,,,,0.0,,,,,,,,,,,,,,,,,,13.0158704,77.5656616
2025-10-17 00:01:04.813,,,,,,,,,,,,,,,,,,,,,,,,,,0.0,,13.0158704,77.5656616
2025-10-17 00:01:04.813,,,,,,,,,,,,,,,,,,,,,,,,,,,0.0,13.0158704,77.5656616
2025-10-17 00:01:04.875,,,,,0.7251886900361,,,,,,,,,,,,,,,,,,,,,,,13.0158704,77.5656616
2025-10-17 00:01:04.875,,,,,,,,,,,,,,,,,,,,,13.778585110665,,,,,,,13.0158704,77.5656616
2025-10-17 00:01:04.924,,,,13.05339642063,,,,,,,,,,,,,,,,,,,,,,,,13.0158704,77.5656616
2025-10-17 00:01:04.977,,,,,,,,,,,,,,4272.81176168622,,,,,,,,,,,,,,13.0158704,77.5656616
2025-10-17 00:01:05.026,,,,,,,,0.0,,,,,,,,,,,,,,,,,,,,13.0158704,77.5656616
2025-10-17 00:01:05.087,,,,,,34.9019607843137,,,,,,,,,,,,,,,,,,,,,,13.0158704,77.5656616
2025-10-17 00:01:05.137,,,,,,,1.42259049773756,,,,,,,,,,,,,,,,,,,,,13.0158704,77.5656616
2025-10-17 00:01:05.137,,,,,,,,,,,,,,,0.0123574265474397,,,,,,,,,,,,,13.0158704,77.5656616
2025-10-17 00:01:05.137,,,,,,,,,,,,,,,,0.0123574265474397,,,,,,,,,,,,13.0158704,77.5656616
2025-10-17 00:01:05.137,,,,,,,,,,,,,,,,,0.0124810008129141,,,,,,,,,,,13.0158704,77.5656616
2025-10-17 00:01:05.137,,,,,,,,,,,,,,,,,,0.0,,,,,,,,,,13.0158704,77.5656616
2025-10-17 00:01:05.137,,,,,,,,,,,,,,,,,,,6.29884040871426,,,,,,,,,13.0158704,77.5656616
2025-10-17 00:01:05.137,,,,,,,,,,,,,,,,,,,,,,14.13,,,,,,13.0158704,77.5656616
2025-10-17 00:01:05.137,,,,,,,,,,,,,,,,,,,,,,,,16.956,,,,13.0158704,77.5656616
2025-10-17 00:01:05.188,,0.0,,,,,,,,,,,,,,,,,,,,,,,,,,13.0158704,77.5656616
2025-10-17 00:01:05.188,,,,,,,,,0.0,,,,,,,,,,,,,,,,,,,13.0158704,77.5656616
2025-10-17 00:01:05.188,,,,,,,,,,0.0,,,,,,,,,,,,,,,,,,13.0158704,77.5656616
2025-10-17 00:01:05.188,,,,,,,,,,,,,,,,,,,,,,,,,,0.0,,13.0158704,77.5656616
2025-10-17 00:01:05.188,,,,,,,,,,,,,,,,,,,,,,,,,,,0.0,13.0158704,77.5656616
2025-10-17 00:01:05.239,,,,,0.7251886900361,,,,,,,,,,,,,,,,,,,,,,,13.0158704,77.5656616
2025-10-17 00:01:05.239,,,,,,,,,,,,,,,,,,,,,13.778585110665,,,,,,,13.0158704,77.5656616
2025-10-17 00:01:05.289,,,,13.05339642063,,,,,,,,,,,,,,,,,,,,,,,,13.0158704,77.5656616
2025-10-17 00:01:05.340,,,,,,,,,,,,,,4272.81176168622,,,,,,,,,,,,,,13.0158704,77.5656616
2025-10-17 00:01:05.386,,,,,,,,0.0,,,,,,,,,,,,,,,,,,,,13.0158704,77.5656616
2025-10-17 00:01:05.428,,,,,,34.9019607843137,,,,,,,,,,,,,,,,,,,,,,13.0158704,77.5656616
2025-10-17 00:01:05.472,,,,,,,1.42259049773756,,,,,,,,,,,,,,,,,,,,,13.0158704,77.5656616
2025-10-17 00:01:05.472,,,,,,,,,,,,,,,0.0124897586026546,,,,,,,,,,,,,13.0158704,77.5656616
2025-10-17 00:01:05.472,,,,,,,,,,,,,,,,0.0124897586026546,,,,,,,,,,,,13.0158704,77.5656616
2025-10-17 00:01:05.472,,,,,,,,,,,,,,,,,0.0126146561886811,,,,,,,,,,,13.0158704,77.5656616
2025-10-17 00:01:05.472,,,,,,,,,,,,,,,,,,0.0,,,,,,,,,,13.0158704,77.5656616
2025-10-17 00:01:05.472,,,,,,,,,,,,,,,,,,,6.29884040871426,,,,,,,,,13.0158704,77.5656616
2025-10-17 00:01:05.472,,,,,,,,,,,,,,,,,,,,,,14.13,,,,,,13.0158704,77.5656616
2025-10-17 00:01:05.472,,,,,,,,,,,,,,,,,,,,,,,,16.956,,,,13.0158704,77.5656616
2025-10-17 00:01:05.520,,0.0,,,,,,,,,,,,,,,,,,,,,,,,,,13.0158704,77.5656616
2025-10-17 00:01:05.520,,,,,,,,,0.0,,,,,,,,,,,,,,,,,,,13.0158704,77.5656616
2025-10-17 00:01:05.520,,,,,,,,,,0.0,,,,,,,,,,,,,,,,,,13.0158704,77.5656616
2025-10-17 00:01:05.520,,,,,,,,,,,,,,,,,,,,,,,,,,0.0,,13.0158704,77.5656616
2025-10-17 00:01:05.520,,,,,,,,,,,,,,,,,,,,,,,,,,,0.0,13.0158704,77.5656616
2025-10-17 00:01:09.572,855.4,,,,,,,,,,,,,,,,,,,,,,,,,,,13.0157933333333,77.5656816666667
2025-10-17 00:01:09.572,,,0.0320996820309871,,,,,,,,,,,,,,,,,,,,,,,,,13.0157933333333,77.5656816666667
2025-10-17 00:01:09.572,,,,,,,,,,,,,,,,,,,,,,,,,0.0,,,13.0157933333333,77.5656816666667
2025-10-17 00:01:14.075,,,0.0346734547336722,,,,,,,,,,,,,,,,,,,,,,,,,13.0157933333333,77.565675
2025-10-17 00:01:14.075,,,,,,,,,,,,,,,,,,,,,,,,,0.0759730003774166,,,13.0157933333333,77.565675
2025-10-17 00:01:15.330,,,0.0346224210983448,,,,,,,,,,,,,,,,,,,,,,,,,13.015795,77.565675
2025-10-17 00:01:15.330,,,,,,,,,,,,,,,,,,,,,,,,,0.0315009992569685,,,13.015795,77.565675
2025-10-17 00:01:15.331,855.5,,,,,,,,,,,,,,,,,,,,,,,,,,,13.015795,77.565675
2025-10-17 00:01:16.599,,,0.0340686254552837,,,,,,,,,,,,,,,,,,,,,,,,,13.015795,77.5656716666667
2025-10-17 00:01:16.599,,,,,,,,,,,,,,,,,,,,,,,,,0.0,,,13.015795,77.5656716666667
2025-10-17 00:01:18.357,855.6,,,,,,,,,,,,,,,,,,,,,,,,,,,13.0158,77.5656733333333
2025-10-17 00:01:23.356,855.5,,,,,,,,,,,,,,,,,,,,,,,,,,,13.0157933333333,77.5656683333333
2025-10-17 00:01:24.470,874.299987792969,,,,,,,,,,,,,,,,,,,,,,,,,,,13.0157455,77.5656115
2025-10-17 00:01:32.543,,,0.0541140945998543,,,,,,,,,,,,,,,,,,,,,,,,,13.01581,77.5656616666667
2025-10-17 00:01:32.543,,,,,,,,,,,,,,,,,,,,,,,,,0.153799004852772,,,13.01581,77.5656616666667
2025-10-17 00:01:32.544,854.5,,,,,,,,,,,,,,,,,,,,,,,,,,,13.01581,77.5656616666667
2025-10-17 00:01:33.814,,,0.0534015259288559,,,,,,,,,,,,,,,,,,,,,,,,,13.01581,77.5656583333333
2025-10-17 00:01:33.814,,,,,,,,,,,,,,,,,,,,,,,,,0.0,,,13.01581,77.5656583333333
2025-10-17 00:01:36.324,854.7,,,,,,,,,,,,,,,,,,,,,,,,,,,13.0158133333333,77.5656583333333
2025-10-17 00:01:37.587,,,0.0520198400208919,,,,,,,,,,,,,,,,,,,,,,,,,13.0158133333333,77.5656583333333
2025-10-17 00:01:37.587,,,,,,,,,,,,,,,,,,,,,,,,,0.0166770000010729,,,13.0158133333333,77.5656583333333
2025-10-17 00:01:38.849,,,0.0513733962702718,,,,,,,,,,,,,,,,,,,,,,,,,13.0158133333333,77.5656566666667
2025-10-17 00:01:38.849,,,,,,,,,,,,,,,,,,,,,,,,,0.0,,,13.0158133333333,77.5656566666667
2025-10-17 00:01:40.610,855.1,,,,,,,,,,,,,,,,,,,,,,,,,,,13.015825,77.5656666666667
2025-10-17 00:01:41.860,,,0.0506410532460892,,,,,,,,,,,,,,,,,,,,,,,,,13.0158266666667,77.5656666666667
2025-10-17 00:01:41.860,,,,,,,,,,,,,,,,,,,,,,,,,0.025942000374198,,,13.0158266666667,77.5656666666667
2025-10-17 00:01:43.123,,,0.0507444110808368,,,,,,,,,,,,,,,,,,,,,,,,,13.0158266666667,77.5656683333333
2025-10-17 00:01:43.123,,,,,,,,,,,,,,,,,,,,,,,,,0.0592959970235825,,,13.0158266666667,77.5656683333333
2025-10-17 00:01:43.124,855.3,,,,,,,,,,,,,,,,,,,,,,,,,,,13.0158266666667,77.5656683333333
2025-10-17 00:01:44.886,855.2,,,,,,,,,,,,,,,,,,,,,,,,,,,13.0158233333333,77.5656716666667
2025-10-17 00:01:44.886,,,0.052706019528154,,,,,,,,,,,,,,,,,,,,,,,,,13.0158233333333,77.5656716666667
2025-10-17 00:01:44.886,,,,,,,,,,,,,,,,,,,,,,,,,0.170476001501083,,,13.0158233333333,77.5656716666667
2025-10-17 00:01:45.757,873.700012207031,,,,,,,,,,,,,,,,,,,,,,,,,,,13.0158315,77.5656888
2025-10-17 00:01:50.427,856.0,,,,,,,,,,,,,,,,,,,,,,,,,,,13.0158366666667,77.5656816666667
2025-10-17 00:01:50.427,,,0.0540272035844166,,,,,,,,,,,,,,,,,,,,,,,,,13.0158366666667,77.5656816666667
2025-10-17 00:01:50.427,,,,,,,,,,,,,,,,,,,,,,,,,0.0796790018677711,,,13.0158366666667,77.5656816666667
2025-10-17 00:01:52.175,855.8,,,,,,,,,,,,,,,,,,,,,,,,,,,13.0158333333333,77.5656833333333
2025-10-17 00:01:52.175,,,0.0539663994022565,,,,,,,,,,,,,,,,,,,,,,,,,13.0158333333333,77.5656833333333
2025-10-17 00:01:52.175,,,,,,,,,,,,,,,,,,,,,,,,,0.0500310000032187,,,13.0158333333333,77.5656833333333
2025-10-17 00:01:53.430,,,0.0537836096223361,,,,,,,,,,,,,,,,,,,,,,,,,13.0158233333333,77.5656766666667
2025-10-17 00:01:53.430,,,,,,,,,,,,,,,,,,,,,,,,,0.0370600014925003,,,13.0158233333333,77.5656766666667
2025-10-17 00:01:53.431,855.7,,,,,,,,,,,,,,,,,,,,,,,,,,,13.0158233333333,77.5656766666667
2025-10-17 00:01:54.672,,,0.0539400294038069,,,,,,,,,,,,,,,,,,,,,,,,,13.0158183333333,77.5656733333333
2025-10-17 00:01:54.672,,,,,,,,,,,,,,,,,,,,,,,,,0.0685609973967075,,,13.0158183333333,77.5656733333333
2025-10-17 00:01:54.673,855.5,,,,,,,,,,,,,,,,,,,,,,,,,,,13.0158183333333,77.5656733333333
2025-10-17 00:01:55.917,855.7,,,,,,,,,,,,,,,,,,,,,,,,,,,13.01582,77.5656633333333
2025-10-17 00:01:55.917,,,0.0533740851531185,,,,,,,,,,,,,,,,,,,,,,,,,13.01582,77.5656633333333
2025-10-17 00:01:55.917,,,,,,,,,,,,,,,,,,,,,,,,,0.0,,,13.01582,77.5656633333333
2025-10-17 00:01:57.163,855.5,,,,,,,,,,,,,,,,,,,,,,,,,,,13.0158133333333,77.5656583333333
2025-10-17 00:01:58.919,856.0,,,,,,,,,,,,,,,,,,,,,,,,,,,13.01581,77.5656616666667
2025-10-17 00:02:00.683,855.8,,,,,,,,,,,,,,,,,,,,,,,,,,,13.0158,77.56565
2025-10-17 00:02:02.434,856.0,,,,,,,,,,,,,,,,,,,,,,,,,,,13.015805,77.5656516666667
2025-10-17 00:02:04.873,855.2,,,,,,,,,,,,,,,,,,,,,,,,,,,13.0157866666667,77.565635
2025-10-17 00:02:06.081,855.6,,,,,,,,,,,,,,,,,,,,,,,,,,,13.0157866666667,77.5656466666667
2025-10-17 00:02:06.839,873.700012207031,,,,,,,,,,,,,,,,,,,,,,,,,,,13.0157771,77.5656033
2025-10-17 00:02:15.685,855.6,,,,,,,,,,,,,,,,,,,,,,,,,,,13.0157866666667,77.5656466666667
2025-10-17 00:02:20.807,873.700012207031,,,,,,,,,,,,,,,,,,,,,,,,,,,13.0157771,77.5656033
2025-10-17 00:02:25.070,,,0.1265635154205,,,,,,,,,,,,,,,,,,,,,,,,,13.0157933333333,77.5656583333333
2025-10-17 00:02:25.070,,,,,,,,,,,,,,,,,,,,,,,,,0.42433699965477,,,13.0157933333333,77.5656583333333
2025-10-17 00:02:25.071,854.7,,,,,,,,,,,,,,,,,,,,,,,,,,,13.0157933333333,77.5656583333333
2025-10-17 00:02:26.362,,,0.126189337700048,,,,,,,,,,,,,,,,,,,,,,,,,13.0157916666667,77.5656583333333
2025-10-17 00:02:26.362,,,,,,,,,,,,,,,,,,,,,,,,,0.0833849966526032,,,13.0157916666667,77.5656583333333
2025-10-17 00:02:26.363,854.5,,,,,,,,,,,,,,,,,,,,,,,,,,,13.0157916666667,77.5656583333333
2025-10-17 00:02:27.638,,,0.125479804827538,,,,,,,,,,,,,,,,,,,,,,,,,13.0157916666667,77.5656616666667
2025-10-17 00:02:27.638,,,,,,,,,,,,,,,,,,,,,,,,,0.0426190003752708,,,13.0157916666667,77.5656616666667
2025-10-17 00:02:27.639,854.6,,,,,,,,,,,,,,,,,,,,,,,,,,,13.0157916666667,77.5656616666667
2025-10-17 00:02:28.897,,,0.125145628502727,,,,,,,,,,,,,,,,,,,,,,,,,13.0157933333333,77.5656683333333
2025-10-17 00:02:28.897,,,,,,,,,,,,,,,,,,,,,,,,,0.0852380007505417,,,13.0157933333333,77.5656683333333
2025-10-17 00:02:29.487,873.700012207031,,,,,,,,,,,,,,,,,,,,,,,,,,,13.015818,77.5656947
2025-10-17 00:02:33.801,,,0.121224005532353,,,,,,,,,,,,,,,,,,,,,,,,,13.0157916666667,77.5656716666667
2025-10-17 00:02:33.801,,,,,,,,,,,,,,,,,,,,,,,,,0.0,,,13.0157916666667,77.5656716666667
2025-10-17 00:02:33.802,854.7,,,,,,,,,,,,,,,,,,,,,,,,,,,13.0157916666667,77.5656716666667
2025-10-17 00:02:35.563,855.2,,,,,,,,,,,,,,,,,,,,,,,,,,,13.0158066666667,77.5656633333333
2025-10-17 00:02:39.084,855.4,,,,,,,,,,,,,,,,,,,,,,,,,,,13.015805,77.5656633333333
2025-10-17 00:02:40.843,855.3,,,,,,,,,,,,,,,,,,,,,,,,,,,13.015795,77.565665
2025-10-17 00:02:43.577,855.5,,,,,,,,,,,,,,,,,,,,,,,,,,,13.0157916666667,77.5656616666667
2025-10-17 00:02:46.326,856.2,,,,,,,,,,,,,,,,,,,,,,,,,,,13.0157733333333,77.56566
2025-10-17 00:02:49.623,857.1,,,,,,,,,,,,,,,,,,,,,,,,,,,13.0157433333333,77.5656466666667
2025-10-17 00:02:50.649,873.700012207031,,,,,,,,,,,,,,,,,,,,,,,,,,,13.0158713,77.5656574
2025-10-17 00:02:56.408,857.2,,,,,,,,,,,,,,,,,,,,,,,,,,,13.01574,77.5656466666667
2025-10-17 00:02:58.188,856.9,,,,,,,,,,,,,,,,,,,,,,,,,,,13.0157433333333,77.5656433333333
2025-10-17 00:03:00.443,856.6,,,,,,,,,,,,,,,,,,,,,,,,,,,13.0157483333333,77.565645
2025-10-17 00:03:03.959,,,,,,20.7843137254902,,,,,,,,,,,,,,,,,,,,,,13.0157483333333,77.565645
2025-10-17 00:03:04.053,,,,,,,,,,,,,78.0,,,,,,,,,,,,,,,13.0157483333333,77.565645
2025-10-17 00:03:04.095,,,,,,21.1764705882353,,,,,,,,,,,,,,,,,,,,,,13.0157483333333,77.565645
2025-10-17 00:03:04.138,,,,,,20.7843137254902,,,,,,,,,,,,,,,,,,,,,,13.0157483333333,77.565645
2025-10-17 00:03:04.181,,,,,,,,,,,,,78.0,,,,,,,,,,,,,,,13.0157483333333,77.565645
2025-10-17 00:03:04.225,,,,,,21.1764705882353,,,,,,,,,,,,,,,,,,,,,,13.0157483333333,77.565645
2025-10-17 00:03:04.267,,,,,,21.5686274509804,,,,,,,,,,,,,,,,,,,,,,13.0157483333333,77.565645
2025-10-17 00:03:04.330,,,,,,,,,,,,,78.0,,,,,,,,,,,,,,,13.0157483333333,77.565645
2025-10-17 00:03:04.373,,,,,,21.1764705882353,,,,,,,,,,,,,,,,,,,,,,13.0157483333333,77.565645
2025-10-17 00:03:04.426,,,,,,21.5686274509804,,,,,,,,,,,,,,,,,,,,,,13.0157483333333,77.565645
2025-10-17 00:03:04.469,,,,,,,,,,,,,78.0,,,,,,,,,,,,,,,13.0157483333333,77.565645
2025-10-17 00:03:04.522,,,,,,21.5686274509804,,,,,,,,,,,,,,,,,,,,,,13.0157483333333,77.565645
2025-10-17 00:03:04.564,,,,,,21.5686274509804,,,,,,,,,,,,,,,,,,,,,,13.0157483333333,77.565645
2025-10-17 00:03:04.651,,,,,,,,,,,,,78.0,,,,,,,,,,,,,,,13.0157483333333,77.565645
2025-10-17 00:03:04.693,,,,,,21.5686274509804,,,,,,,,,,,,,,,,,,,,,,13.0157483333333,77.565645
2025-10-17 00:03:04.735,,,,,,21.5686274509804,,,,,,,,,,,,,,,,,,,,,,13.0157483333333,77.565645
2025-10-17 00:03:04.777,,,,,,,,,,,,,78.0,,,,,,,,,,,,,,,13.0157483333333,77.565645
2025-10-17 00:03:04.820,,,,,,21.5686274509804,,,,,,,,,,,,,,,,,,,,,,13.0157483333333,77.565645
2025-10-17 00:03:04.893,,,,,,21.5686274509804,,,,,,,,,,,,,,,,,,,,,,13.0157483333333,77.565645
2025-10-17 00:03:04.935,,,,,,,,,,,,,78.0,,,,,,,,,,,,,,,13.0157483333333,77.565645
2025-10-17 00:03:04.978,,,,,,21.5686274509804,,,,,,,,,,,,,,,,,,,,,,13.0157483333333,77.565645
2025-10-17 00:03:05.034,,,,,,21.5686274509804,,,,,,,,,,,,,,,,,,,,,,13.0157483333333,77.565645
2025-10-17 00:03:05.097,,,,,,,,,,,,,78.0,,,,,,,,,,,,,,,13.0157483333333,77.565645
2025-10-17 00:03:05.139,,,,,,21.5686274509804,,,,,,,,,,,,,,,,,,,,,,13.0157483333333,77.565645
2025-10-17 00:03:05.181,,,,,,21.5686274509804,,,,,,,,,,,,,,,,,,,,,,13.0157483333333,77.565645
2025-10-17 00:03:05.233,,,,,,,,,,,,,78.0,,,,,,,,,,,,,,,13.0157483333333,77.565645
2025-10-17 00:03:05.330,,,,,,21.1764705882353,,,,,,,,,,,,,,,,,,,,,,13.0157483333333,77.565645
2025-10-17 00:03:05.372,,,,,,21.1764705882353,,,,,,,,,,,,,,,,,,,,,,13.0157483333333,77.565645
2025-10-17 00:03:05.437,,,,,,,,,,,,,78.0,,,,,,,,,,,,,,,13.0157483333333,77.565645
2025-10-17 00:03:05.481,,,,,,21.9607843137255,,,,,,,,,,,,,,,,,,,,,,13.0157483333333,77.565645
2025-10-17 00:03:05.541,,,,,,21.5686274509804,,,,,,,,,,,,,,,,,,,,,,13.0157483333333,77.565645
2025-10-17 00:03:05.586,,,,,,,,,,,,,78.0,,,,,,,,,,,,,,,13.0157483333333,77.565645
2025-10-17 00:03:05.640,,,,,,21.9607843137255,,,,,,,,,,,,,,,,,,,,,,13.0157483333333,77.565645
2025-10-17 00:03:05.683,,,,,,21.5686274509804,,,,,,,,,,,,,,,,,,,,,,13.0157483333333,77.565645
2025-10-17 00:03:05.736,,,,,,,,,,,,,78.0,,,,,,,,,,,,,,,13.0157483333333,77.565645
2025-10-17 00:03:05.781,,,,,,21.5686274509804,,,,,,,,,,,,,,,,,,,,,,13.0157483333333,77.565645
2025-10-17 00:03:05.846,,,,,,21.5686274509804,,,,,,,,,,,,,,,,,,,,,,13.0157483333333,77.565645
2025-10-17 00:03:05.889,,,,,,,,,,,,,78.0,,,,,,,,,,,,,,,13.0157483333333,77.565645
2025-10-17 00:03:05.942,,,,,,21.5686274509804,,,,,,,,,,,,,,,,,,,,,,13.0157483333333,77.565645
2025-10-17 00:03:05.985,,,,,,21.1764705882353,,,,,,,,,,,,,,,,,,,,,,13.0157483333333,77.565645
2025-10-17 00:03:06.037,,,,,,,,,,,,,78.0,,,,,,,,,,,,,,,13.0157483333333,77.565645
2025-10-17 00:03:06.081,,,,,,21.1764705882353,,,,,,,,,,,,,,,,,,,,,,13.0157483333333,77.565645
2025-10-17 00:03:06.134,,,,,,21.1764705882353,,,,,,,,,,,,,,,,,,,,,,13.0157483333333,77.565645
2025-10-17 00:03:06.209,,,,,,,,,,,,,78.0,,,,,,,,,,,,,,,13.0157483333333,77.565645
2025-10-17 00:03:06.254,,,,,,21.1764705882353,,,,,,,,,,,,,,,,,,,,,,13.0157483333333,77.565645
2025-10-17 00:03:06.329,,,,,,21.1764705882353,,,,,,,,,,,,,,,,,,,,,,13.0157483333333,77.565645
2025-10-17 00:03:06.373,,,,,,,,,,,,,78.0,,,,,,,,,,,,,,,13.0157483333333,77.565645
2025-10-17 00:03:06.428,,,,,,21.1764705882353,,,,,,,,,,,,,,,,,,,,,,13.0157483333333,77.565645
2025-10-17 00:03:06.489,,,,,,21.5686274509804,,,,,,,,,,,,,,,,,,,,,,13.0157483333333,77.565645
2025-10-17 00:03:06.533,,,,,,,,,,,,,78.0,,,,,,,,,,,,,,,13.0157483333333,77.565645
2025-10-17 00:03:06.576,,,,,,21.1764705882353,,,,,,,,,,,,,,,,,,,,,,13.0157483333333,77.565645
2025-10-17 00:03:06.633,,,,,,21.1764705882353,,,,,,,,,,,,,,,,,,,,,,13.0157483333333,77.565645
2025-10-17 00:03:06.677,,,,,,,,,,,,,78.0,,,,,,,,,,,,,,,13.0157483333333,77.565645
2025-10-17 00:03:06.732,,,,,,21.1764705882353,,,,,,,,,,,,,,,,,,,,,,13.0157483333333,77.565645
2025-10-17 00:03:06.777,,,,,,21.5686274509804,,,,,,,,,,,,,,,,,,,,,,13.0157483333333,77.565645
2025-10-17 00:03:06.835,,,,,,,,,,,,,78.0,,,,,,,,,,,,,,,13.0157483333333,77.565645
2025-10-17 00:03:06.886,,,,,,21.5686274509804,,,,,,,,,,,,,,,,,,,,,,13.0157483333333,77.565645
2025-10-17 00:03:06.988,,,,,,21.1764705882353,,,,,,,,,,,,,,,,,,,,,,13.0157483333333,77.565645
2025-10-17 00:03:07.037,,,,,,,,,,,,,78.0,,,,,,,,,,,,,,,13.0157483333333,77.565645
2025-10-17 00:03:07.085,,,,,,21.1764705882353,,,,,,,,,,,,,,,,,,,,,,13.0157483333333,77.565645
2025-10-17 00:03:07.136,,,,,,21.1764705882353,,,,,,,,,,,,,,,,,,,,,,13.0157483333333,77.565645
2025-10-17 00:03:07.199,,,,,,,,,,,,,78.0,,,,,,,,,,,,,,,13.0157483333333,77.565645
2025-10-17 00:03:07.251,,,,,,21.5686274509804,,,,,,,,,,,,,,,,,,,,,,13.0157483333333,77.565645
2025-10-17 00:03:07.310,,,,,,21.1764705882353,,,,,,,,,,,,,,,,,,,,,,13.0157483333333,77.565645
2025-10-17 00:03:07.358,,,,,,,,,,,,,78.0,,,,,,,,,,,,,,,13.0157483333333,77.565645
2025-10-17 00:03:07.417,,,,,,21.5686274509804,,,,,,,,,,,,,,,,,,,,,,13.0157483333333,77.565645
2025-10-17 00:03:07.466,,,,,,21.5686274509804,,,,,,,,,,,,,,,,,,,,,,13.0157483333333,77.565645
2025-10-17 00:03:07.546,,,,,,,,,,,,,78.0,,,,,,,,,,,,,,,13.0157483333333,77.565645
2025-10-17 00:03:07.606,,,,,,21.1764705882353,,,,,,,,,,,,,,,,,,,,,,13.0157483333333,77.565645
2025-10-17 00:03:07.655,,,,,,21.1764705882353,,,,,,,,,,,,,,,,,,,,,,13.0157483333333,77.565645
2025-10-17 00:03:07.741,,,,,,,,,,,,,78.0,,,,,,,,,,,,,,,13.0157483333333,77.565645
2025-10-17 00:03:07.793,,,,,,21.1764705882353,,,,,,,,,,,,,,,,,,,,,,13.0157483333333,77.565645
2025-10-17 00:03:07.842,,,,,,21.1764705882353,,,,,,,,,,,,,,,,,,,,,,13.0157483333333,77.565645
2025-10-17 00:03:07.899,,,,,,,,,,,,,78.0,,,,,,,,,,,,,,,13.0157483333333,77.565645
2025-10-17 00:03:07.947,,,,,,21.1764705882353,,,,,,,,,,,,,,,,,,,,,,13.0157483333333,77.565645
2025-10-17 00:03:08.029,,,,,,21.5686274509804,,,,,,,,,,,,,,,,,,,,,,13.0157483333333,77.565645
2025-10-17 00:03:08.078,,,,,,,,,,,,,78.0,,,,,,,,,,,,,,,13.0157483333333,77.565645
2025-10-17 00:03:08.128,,,,,,21.5686274509804,,,,,,,,,,,,,,,,,,,,,,13.0157483333333,77.565645
2025-10-17 00:03:08.177,,,,,,21.5686274509804,,,,,,,,,,,,,,,,,,,,,,13.0157483333333,77.565645
2025-10-17 00:03:08.224,,,,,,,,,,,,,78.0,,,,,,,,,,,,,,,13.0157483333333,77.565645
2025-10-17 00:03:08.275,,,,,,21.1764705882353,,,,,,,,,,,,,,,,,,,,,,13.0157483333333,77.565645
2025-10-17 00:03:08.333,,,,,,21.1764705882353,,,,,,,,,,,,,,,,,,,,,,13.0157483333333,77.565645
2025-10-17 00:03:08.381,,,,,,,,,,,,,78.0,,,,,,,,,,,,,,,13.0157483333333,77.565645
2025-10-17 00:03:08.431,,,,,,21.1764705882353,,,,,,,,,,,,,,,,,,,,,,13.0157483333333,77.565645
2025-10-17 00:03:08.481,,,,,,21.1764705882353,,,,,,,,,,,,,,,,,,,,,,13.0157483333333,77.565645
2025-10-17 00:03:08.533,,,,,,,,,,,,,78.0,,,,,,,,,,,,,,,13.0157483333333,77.565645
2025-10-17 00:03:08.583,,,,,,21.1764705882353,,,,,,,,,,,,,,,,,,,,,,13.0157483333333,77.565645
2025-10-17 00:03:08.633,,,,,,21.1764705882353,,,,,,,,,,,,,,,,,,,,,,13.0157483333333,77.565645
2025-10-17 00:03:08.746,,,,,,,,,,,,,78.0,,,,,,,,,,,,,,,13.0157483333333,77.565645
2025-10-17 00:03:08.794,,,,,,21.1764705882353,,,,,,,,,,,,,,,,,,,,,,13.0157483333333,77.565645
2025-10-17 00:03:08.843,,,,,,21.1764705882353,,,,,,,,,,,,,,,,,,,,,,13.0157483333333,77.565645
2025-10-17 00:03:08.925,,,,,,,,,,,,,78.0,,,,,,,,,,,,,,,13.0157483333333,77.565645
2025-10-17 00:03:08.977,,,,,,21.5686274509804,,,,,,,,,,,,,,,,,,,,,,13.0157483333333,77.565645
2025-10-17 00:03:09.034,,,,,,21.5686274509804,,,,,,,,,,,,,,,,,,,,,,13.0157483333333,77.565645
2025-10-17 00:03:09.083,,,,,,,,,,,,,78.0,,,,,,,,,,,,,,,13.0157483333333,77.565645
2025-10-17 00:03:09.142,,,,,,21.1764705882353,,,,,,,,,,,,,,,,,,,,,,13.0157483333333,77.565645
2025-10-17 00:03:09.187,,,,,,21.5686274509804,,,,,,,,,,,,,,,,,,,,,,13.0157483333333,77.565645
2025-10-17 00:03:09.237,,,,,,,,,,,,,78.0,,,,,,,,,,,,,,,13.0157483333333,77.565645
2025-10-17 00:03:09.283,,,,,,21.5686274509804,,,,,,,,,,,,,,,,,,,,,,13.0157483333333,77.565645
2025-10-17 00:03:09.330,,,,,,21.1764705882353,,,,,,,,,,,,,,,,,,,,,,13.0157483333333,77.565645
2025-10-17 00:03:09.379,,,,,,,,,,,,,78.0,,,,,,,,,,,,,,,13.0157483333333,77.565645
2025-10-17 00:03:09.430,,,,,,21.1764705882353,,,,,,,,,,,,,,,,,,,,,,13.0157483333333,77.565645
2025-10-17 00:03:09.481,,,,,,21.5686274509804,,,,,,,,,,,,,,,,,,,,,,13.0157483333333,77.565645
2025-10-17 00:03:09.540,,,,,,,,,,,,,78.0,,,,,,,,,,,,,,,13.0157483333333,77.565645
2025-10-17 00:03:09.588,,,,,,21.1764705882353,,,,,,,,,,,,,,,,,,,,,,13.0157483333333,77.565645
2025-10-17 00:03:09.634,,,,,,21.5686274509804,,,,,,,,,,,,,,,,,,,,,,13.0157483333333,77.565645
2025-10-17 00:03:09.683,,,,,,,,,,,,,78.0,,,,,,,,,,,,,,,13.0157483333333,77.565645
2025-10-17 00:03:09.734,,,,,,21.1764705882353,,,,,,,,,,,,,,,,,,,,,,13.0157483333333,77.565645
2025-10-17 00:03:09.782,,,,,,21.1764705882353,,,,,,,,,,,,,,,,,,,,,,13.0157483333333,77.565645
2025-10-17 00:03:09.831,,,,,,,,,,,,,78.0,,,,,,,,,,,,,,,13.0157483333333,77.565645
2025-10-17 00:03:09.881,,,,,,21.5686274509804,,,,,,,,,,,,,,,,,,,,,,13.0157483333333,77.565645
2025-10-17 00:03:09.928,,,,,,21.1764705882353,,,,,,,,,,,,,,,,,,,,,,13.0157483333333,77.565645
2025-10-17 00:03:09.978,,,,,,,,,,,,,78.0,,,,,,,,,,,,,,,13.0157483333333,77.565645
2025-10-17 00:03:10.036,,,,,,21.1764705882353,,,,,,,,,,,,,,,,,,,,,,13.0157483333333,77.565645
2025-10-17 00:03:10.086,,,,,,21.5686274509804,,,,,,,,,,,,,,,,,,,,,,13.0157483333333,77.565645
2025-10-17 00:03:10.210,,,,,,,,,,,,,78.0,,,,,,,,,,,,,,,13.0157483333333,77.565645
2025-10-17 00:03:10.261,,,,,,21.1764705882353,,,,,,,,,,,,,,,,,,,,,,13.0157483333333,77.565645
2025-10-17 00:03:10.311,,,,,,20.7843137254902,,,,,,,,,,,,,,,,,,,,,,13.0157483333333,77.565645
2025-10-17 00:03:10.371,,,,,,,,,,,,,78.0,,,,,,,,,,,,,,,13.0157483333333,77.565645
2025-10-17 00:03:10.412,,,,,,21.1764705882353,,,,,,,,,,,,,,,,,,,,,,13.0157483333333,77.565645
2025-10-17 00:03:10.462,,,,,,21.1764705882353,,,,,,,,,,,,,,,,,,,,,,13.0157483333333,77.565645
2025-10-17 00:03:10.511,,,,,,,,,,,,,78.0,,,,,,,,,,,,,,,13.0157483333333,77.565645
2025-10-17 00:03:10.561,,,,,,21.1764705882353,,,,,,,,,,,,,,,,,,,,,,13.0157483333333,77.565645
2025-10-17 00:03:10.630,,,,,,21.1764705882353,,,,,,,,,,,,,,,,,,,,,,13.0157483333333,77.565645
2025-10-17 00:03:10.685,,,,,,,,,,,,,78.0,,,,,,,,,,,,,,,13.0157483333333,77.565645
2025-10-17 00:03:10.733,,,,,,21.1764705882353,,,,,,,,,,,,,,,,,,,,,,13.0157483333333,77.565645
2025-10-17 00:03:10.799,,,,,,20.7843137254902,,,,,,,,,,,,,,,,,,,,,,13.0157483333333,77.565645
2025-10-17 00:03:10.846,,,,,,,,,,,,,78.0,,,,,,,,,,,,,,,13.0157483333333,77.565645
2025-10-17 00:03:10.895,,,,,,21.1764705882353,,,,,,,,,,,,,,,,,,,,,,13.0157483333333,77.565645
2025-10-17 00:03:10.940,,,,,,21.1764705882353,,,,,,,,,,,,,,,,,,,,,,13.0157483333333,77.565645
2025-10-17 00:03:11.009,,,,,,,,,,,,,78.0,,,,,,,,,,,,,,,13.0157483333333,77.565645
2025-10-17 00:03:11.057,,,,,,21.1764705882353,,,,,,,,,,,,,,,,,,,,,,13.0157483333333,77.565645
2025-10-17 00:03:11.117,,,,,,21.1764705882353,,,,,,,,,,,,,,,,,,,,,,13.0157483333333,77.565645
2025-10-17 00:03:11.165,,,,,,,,,,,,,78.0,,,,,,,,,,,,,,,13.0157483333333,77.565645
2025-10-17 00:03:11.235,,,,,,21.1764705882353,,,,,,,,,,,,,,,,,,,,,,13.0157483333333,77.565645
2025-10-17 00:03:11.284,,,,,,21.1764705882353,,,,,,,,,,,,,,,,,,,,,,13.0157483333333,77.565645
2025-10-17 00:03:11.331,,,,,,,,,,,,,78.0,,,,,,,,,,,,,,,13.0157483333333,77.565645
2025-10-17 00:03:11.379,,,,,,21.1764705882353,,,,,,,,,,,,,,,,,,,,,,13.0157483333333,77.565645
2025-10-17 00:03:11.437,,,,,,21.1764705882353,,,,,,,,,,,,,,,,,,,,,,13.0157483333333,77.565645
2025-10-17 00:03:11.488,,,,,,,,,,,,,78.0,,,,,,,,,,,,,,,13.0157483333333,77.565645
2025-10-17 00:03:11.538,,,,,,21.1764705882353,,,,,,,,,,,,,,,,,,,,,,13.0157483333333,77.565645
2025-10-17 00:03:11.589,,,,,,21.1764705882353,,,,,,,,,,,,,,,,,,,,,,13.0157483333333,77.565645
2025-10-17 00:03:11.638,,,,,,,,,,,,,78.0,,,,,,,,,,,,,,,13.0157483333333,77.565645
2025-10-17 00:03:11.687,,,,,,21.1764705882353,,,,,,,,,,,,,,,,,,,,,,13.0157483333333,77.565645
2025-10-17 00:03:11.736,,,,,,21.1764705882353,,,,,,,,,,,,,,,,,,,,,,13.0157483333333,77.565645
2025-10-17 00:03:11.838,,,,,,,,,,,,,78.0,,,,,,,,,,,,,,,13.0157483333333,77.565645
2025-10-17 00:03:11.853,873.700012207031,,,,,,,,,,,,,,,,,,,,,,,,,,,13.0157977,77.5656174
2025-10-17 00:03:11.913,,,,,,21.5686274509804,,,,,,,,,,,,,,,,,,,,,,13.0157977,77.5656174
2025-10-17 00:03:11.961,,,,,,21.5686274509804,,,,,,,,,,,,,,,,,,,,,,13.0157977,77.5656174
2025-10-17 00:03:12.040,,,,,,,,,,,,,78.0,,,,,,,,,,,,,,,13.0157977,77.5656174
2025-10-17 00:03:12.089,,,,,,21.5686274509804,,,,,,,,,,,,,,,,,,,,,,13.0157977,77.5656174
2025-10-17 00:03:12.135,,,,,,21.5686274509804,,,,,,,,,,,,,,,,,,,,,,13.0157977,77.5656174
2025-10-17 00:03:12.205,,,,,,,,,,,,,78.0,,,,,,,,,,,,,,,13.0157977,77.5656174
2025-10-17 00:03:12.254,,,,,,21.1764705882353,,,,,,,,,,,,,,,,,,,,,,13.0157977,77.5656174
2025-10-17 00:03:12.309,,,,,,21.1764705882353,,,,,,,,,,,,,,,,,,,,,,13.0157977,77.5656174
2025-10-17 00:03:12.355,,,,,,,,,,,,,78.0,,,,,,,,,,,,,,,13.0157977,77.5656174
2025-10-17 00:03:12.403,,,,,,21.5686274509804,,,,,,,,,,,,,,,,,,,,,,13.0157977,77.5656174
2025-10-17 00:03:12.454,,,,,,21.1764705882353,,,,,,,,,,,,,,,,,,,,,,13.0157977,77.5656174
2025-10-17 00:03:12.503,,,,,,,,,,,,,78.0,,,,,,,,,,,,,,,13.0157977,77.5656174
2025-10-17 00:03:12.549,,,,,,21.1764705882353,,,,,,,,,,,,,,,,,,,,,,13.0157977,77.5656174
2025-10-17 00:03:12.593,,,,,,21.5686274509804,,,,,,,,,,,,,,,,,,,,,,13.0157977,77.5656174
2025-10-17 00:03:12.638,,,,,,,,,,,,,78.0,,,,,,,,,,,,,,,13.0157977,77.5656174
2025-10-17 00:03:12.683,,,,,,21.5686274509804,,,,,,,,,,,,,,,,,,,,,,13.0157977,77.5656174
2025-10-17 00:03:12.741,,,,,,21.5686274509804,,,,,,,,,,,,,,,,,,,,,,13.0157977,77.5656174
2025-10-17 00:03:12.789,,,,,,,,,,,,,78.0,,,,,,,,,,,,,,,13.0157977,77.5656174
2025-10-17 00:03:12.845,,,,,,21.1764705882353,,,,,,,,,,,,,,,,,,,,,,13.0157977,77.5656174
2025-10-17 00:03:12.891,,,,,,21.5686274509804,,,,,,,,,,,,,,,,,,,,,,13.0157977,77.5656174
2025-10-17 00:03:12.939,,,,,,,,,,,,,78.0,,,,,,,,,,,,,,,13.0157977,77.5656174
2025-10-17 00:03:12.985,,,,,,21.1764705882353,,,,,,,,,,,,,,,,,,,,,,13.0157977,77.5656174
2025-10-17 00:03:13.044,,,,,,21.1764705882353,,,,,,,,,,,,,,,,,,,,,,13.0157977,77.5656174
2025-10-17 00:03:13.094,,,,,,,,,,,,,78.0,,,,,,,,,,,,,,,13.0157977,77.5656174
2025-10-17 00:03:13.151,,,,,,20.7843137254902,,,,,,,,,,,,,,,,,,,,,,13.0157977,77.5656174
2025-10-17 00:03:13.287,,,,,,21.1764705882353,,,,,,,,,,,,,,,,,,,,,,13.0157977,77.5656174
2025-10-17 00:03:13.328,,,,,,,,,,,,,78.0,,,,,,,,,,,,,,,13.0157977,77.5656174
2025-10-17 00:03:13.373,,,,,,21.1764705882353,,,,,,,,,,,,,,,,,,,,,,13.0157977,77.5656174
2025-10-17 00:03:13.435,,,,,,21.1764705882353,,,,,,,,,,,,,,,,,,,,,,13.0157977,77.5656174
2025-10-17 00:03:13.504,,,,,,,,,,,,,78.0,,,,,,,,,,,,,,,13.0157977,77.5656174
2025-10-17 00:03:13.550,,,,,,21.5686274509804,,,,,,,,,,,,,,,,,,,,,,13.0157977,77.5656174
2025-10-17 00:03:13.597,,,,,,21.1764705882353,,,,,,,,,,,,,,,,,,,,,,13.0157977,77.5656174
2025-10-17 00:03:13.642,,,,,,,,,,,,,78.0,,,,,,,,,,,,,,,13.0157977,77.5656174
2025-10-17 00:03:13.690,,,,,,21.1764705882353,,,,,,,,,,,,,,,,,,,,,,13.0157977,77.5656174
2025-10-17 00:03:13.738,,,,,,21.1764705882353,,,,,,,,,,,,,,,,,,,,,,13.0157977,77.5656174
2025-10-17 00:03:13.784,,,,,,,,,,,,,78.0,,,,,,,,,,,,,,,13.0157977,77.5656174
2025-10-17 00:03:13.842,,,,,,21.1764705882353,,,,,,,,,,,,,,,,,,,,,,13.0157977,77.5656174
2025-10-17 00:03:13.890,,,,,,21.1764705882353,,,,,,,,,,,,,,,,,,,,,,13.0157977,77.5656174
2025-10-17 00:03:13.938,,,,,,,,,,,,,78.0,,,,,,,,,,,,,,,13.0157977,77.5656174
2025-10-17 00:03:13.983,,,,,,21.1764705882353,,,,,,,,,,,,,,,,,,,,,,13.0157977,77.5656174
2025-10-17 00:03:14.031,,,,,,21.1764705882353,,,,,,,,,,,,,,,,,,,,,,13.0157977,77.5656174
2025-10-17 00:03:14.088,,,,,,,,,,,,,78.0,,,,,,,,,,,,,,,13.0157977,77.5656174
2025-10-17 00:03:14.137,,,,,,21.1764705882353,,,,,,,,,,,,,,,,,,,,,,13.0157977,77.5656174
2025-10-17 00:03:14.183,,,,,,21.1764705882353,,,,,,,,,,,,,,,,,,,,,,13.0157977,77.5656174
2025-10-17 00:03:14.230,,,,,,,,,,,,,78.0,,,,,,,,,,,,,,,13.0157977,77.5656174
2025-10-17 00:03:14.286,,,,,,21.1764705882353,,,,,,,,,,,,,,,,,,,,,,13.0157977,77.5656174
2025-10-17 00:03:14.343,,,,,,21.1764705882353,,,,,,,,,,,,,,,,,,,,,,13.0157977,77.5656174
2025-10-17 00:03:14.391,,,,,,,,,,,,,78.0,,,,,,,,,,,,,,,13.0157977,77.5656174
2025-10-17 00:03:14.440,,,,,,21.1764705882353,,,,,,,,,,,,,,,,,,,,,,13.0157977,77.5656174
2025-10-17 00:03:14.488,,,,,,21.1764705882353,,,,,,,,,,,,,,,,,,,,,,13.0157977,77.5656174
2025-10-17 00:03:16.343,,,,,,36.8627450980392,,,,,,,,,,,,,,,,,,,,,,13.0157977,77.5656174
2025-10-17 00:03:16.451,,,,,,,,,,,,,78.0,,,,,,,,,,,,,,,13.0157977,77.5656174
2025-10-17 00:03:16.503,,,,,,36.078431372549,,,,,,,,,,,,,,,,,,,,,,13.0157977,77.5656174
2025-10-17 00:03:16.565,,,,,,35.2941176470588,,,,,,,,,,,,,,,,,,,,,,13.0157977,77.5656174
2025-10-17 00:03:16.617,,,,,,,,,,,,,78.0,,,,,,,,,,,,,,,13.0157977,77.5656174
2025-10-17 00:03:16.680,,,,,,34.9019607843137,,,,,,,,,,,,,,,,,,,,,,13.0157977,77.5656174
2025-10-17 00:03:16.728,,,,,,34.9019607843137,,,,,,,,,,,,,,,,,,,,,,13.0157977,77.5656174
2025-10-17 00:03:16.791,,,,,,,,,,,,,78.0,,,,,,,,,,,,,,,13.0157977,77.5656174
2025-10-17 00:03:16.840,,,,,,34.5098039215686,,,,,,,,,,,,,,,,,,,,,,13.0157977,77.5656174
2025-10-17 00:03:16.889,,,,,,34.9019607843137,,,,,,,,,,,,,,,,,,,,,,13.0157977,77.5656174
2025-10-17 00:03:16.954,,,,,,,,,,,,,78.0,,,,,,,,,,,,,,,13.0157977,77.5656174
2025-10-17 00:03:17.007,,,,,,34.9019607843137,,,,,,,,,,,,,,,,,,,,,,13.0157977,77.5656174
2025-10-17 00:03:17.058,,,,,,35.2941176470588,,,,,,,,,,,,,,,,,,,,,,13.0157977,77.5656174
2025-10-17 00:03:17.106,,,,,,,,,,,,,78.0,,,,,,,,,,,,,,,13.0157977,77.5656174
2025-10-17 00:03:17.167,,,,,,35.2941176470588,,,,,,,,,,,,,,,,,,,,,,13.0157977,77.5656174
2025-10-17 00:03:17.220,,,,,,35.2941176470588,,,,,,,,,,,,,,,,,,,,,,13.0157977,77.5656174
2025-10-17 00:03:17.292,,,,,,,,,,,,,78.0,,,,,,,,,,,,,,,13.0157977,77.5656174
2025-10-17 00:03:17.377,,,,,,35.2941176470588,,,,,,,,,,,,,,,,,,,,,,13.0157977,77.5656174
2025-10-17 00:03:17.428,,,,,,34.9019607843137,,,,,,,,,,,,,,,,,,,,,,13.0157977,77.5656174
2025-10-17 00:03:17.479,,,,,,,,,,,,,78.0,,,,,,,,,,,,,,,13.0157977,77.5656174
2025-10-17 00:03:17.528,,,,,,35.2941176470588,,,,,,,,,,,,,,,,,,,,,,13.0157977,77.5656174
2025-10-17 00:03:17.588,,,,,,34.9019607843137,,,,,,,,,,,,,,,,,,,,,,13.0157977,77.5656174
2025-10-17 00:03:19.606,856.5,,,,,,,,,,,,,,,,,,,,,,,,,,,13.015795,77.5656233333333
2025-10-17 00:03:21.852,855.9,,,,,,,,,,,,,,,,,,,,,,,,,,,13.0158,77.565625
2025-10-17 00:03:24.853,856.2,,,,,,,,,,,,,,,,,,,,,,,,,,,13.0157983333333,77.5656233333333
2025-10-17 00:03:26.619,855.9,,,,,,,,,,,,,,,,,,,,,,,,,,,13.0158083333333,77.565625
2025-10-17 00:03:28.214,,,,,,,,,,,,,,,,,,,,,,,,,,0.0,,13.0158083333333,77.565625
2025-10-17 00:03:28.214,,,,,,,,,,,,,,,,,,,,,,,,,,,0.0,13.0158083333333,77.565625
2025-10-17 00:03:28.315,,,,,,21.1764705882353,,,,,,,,,,,,,,,,,,,,,,13.0158083333333,77.565625
2025-10-17 00:03:28.413,,,,,,,0.834434389140272,,,,,,,,,,,,,,,,,,,,,13.0158083333333,77.565625
2025-10-17 00:03:28.413,,,,,,,,,,,,,,,,,,,3.69464653187018,,,,,,,,,13.0158083333333,77.565625
2025-10-17 00:03:28.413,,,,,,,,,,,,,,,,,,,,,,13.66,,,,,,13.0158083333333,77.565625
2025-10-17 00:03:28.413,,,,,,,,,,,,,,,,,,,,,,,,16.392,,,,13.0158083333333,77.565625
2025-10-17 00:03:28.466,,,,,,,,,0.0,,,,,,,,,,,,,,,,,,,13.0158083333333,77.565625
2025-10-17 00:03:28.466,,,,,,,,,,0.0,,,,,,,,,,,,,,,,,,13.0158083333333,77.565625
2025-10-17 00:03:28.466,,,,,,,,,,,,,,,,,,,,,,,,,,0.0,,13.0158083333333,77.565625
2025-10-17 00:03:28.466,,,,,,,,,,,,,,,,,,,,,,,,,,,0.0,13.0158083333333,77.565625
2025-10-17 00:03:28.516,,,,,,21.5686274509804,,,,,,,,,,,,,,,,,,,,,,13.0158083333333,77.565625
2025-10-17 00:03:28.580,,,,,,,0.849886877828054,,,,,,,,,,,,,,,,,,,,,13.0158083333333,77.565625
2025-10-17 00:03:28.580,,,,,,,,,,,,,,,0.0125291534563185,,,,,,,,,,,,,13.0158083333333,77.565625
2025-10-17 00:03:28.580,,,,,,,,,,,,,,,,0.0125291534563185,,,,,,,,,,,,13.0158083333333,77.565625
2025-10-17 00:03:28.580,,,,,,,,,,,,,,,,,0.0126544449908817,,,,,,,,,,,13.0158083333333,77.565625
2025-10-17 00:03:28.580,,,,,,,,,,,,,,,,,,0.01,,,,,,,,,,13.0158083333333,77.565625
2025-10-17 00:03:28.580,,,,,,,,,,,,,,,,,,,3.76306591209,,,,,,,,,13.0158083333333,77.565625
2025-10-17 00:03:28.580,,,,,,,,,,,,,,,,,,,,,,13.66,,,,,,13.0158083333333,77.565625
2025-10-17 00:03:28.580,,,,,,,,,,,,,,,,,,,,,,,,16.392,,,,13.0158083333333,77.565625
2025-10-17 00:03:28.651,,0.0,,,,,,,,,,,,,,,,,,,,,,,,,,13.0158083333333,77.565625
2025-10-17 00:03:28.651,,,,,,,,,0.0,,,,,,,,,,,,,,,,,,,13.0158083333333,77.565625
2025-10-17 00:03:28.651,,,,,,,,,,0.0,,,,,,,,,,,,,,,,,,13.0158083333333,77.565625
2025-10-17 00:03:28.651,,,,,,,,,,,,,,,,,,,,,,,,,,0.0,,13.0158083333333,77.565625
2025-10-17 00:03:28.651,,,,,,,,,,,,,,,,,,,,,,,,,,,0.0,13.0158083333333,77.565625
2025-10-17 00:03:28.716,,,,,,21.1764705882353,,,,,,,,,,,,,,,,,,,,,,13.0158083333333,77.565625
2025-10-17 00:03:28.777,,,,,,,0.832601809954751,,,,,,,,,,,,,,,,,,,,,13.0158083333333,77.565625
2025-10-17 00:03:28.777,,,,,,,,,,,,,,,0.0125745971637676,,,,,,,,,,,,,13.0158083333333,77.565625
2025-10-17 00:03:28.777,,,,,,,,,,,,,,,,0.0125745971637676,,,,,,,,,,,,13.0158083333333,77.565625
2025-10-17 00:03:28.777,,,,,,,,,,,,,,,,,0.0127003431354053,,,,,,,,,,,13.0158083333333,77.565625
2025-10-17 00:03:28.777,,,,,,,,,,,,,,,,,,0.01,,,,,,,,,,13.0158083333333,77.565625
2025-10-17 00:03:28.777,,,,,,,,,,,,,,,,,,,3.6865323740403,,,,,,,,,13.0158083333333,77.565625
2025-10-17 00:03:28.777,,,,,,,,,,,,,,,,,,,,,,13.63,,,,,,13.0158083333333,77.565625
2025-10-17 00:03:28.777,,,,,,,,,,,,,,,,,,,,,,,,16.356,,,,13.0158083333333,77.565625
2025-10-17 00:03:28.823,,0.0,,,,,,,,,,,,,,,,,,,,,,,,,,13.0158083333333,77.565625
2025-10-17 00:03:28.823,,,,,,,,,0.0,,,,,,,,,,,,,,,,,,,13.0158083333333,77.565625
2025-10-17 00:03:28.823,,,,,,,,,,0.0,,,,,,,,,,,,,,,,,,13.0158083333333,77.565625
2025-10-17 00:03:28.823,,,,,,,,,,,,,,,,,,,,,,,,,,0.0,,13.0158083333333,77.565625
2025-10-17 00:03:28.823,,,,,,,,,,,,,,,,,,,,,,,,,,,0.0,13.0158083333333,77.565625
2025-10-17 00:03:28.864,855.3,,,,,,,,,,,,,,,,,,,,,,,,,,,13.01582,77.56562
2025-10-17 00:03:28.883,,,,,,21.5686274509804,,,,,,,,,,,,,,,,,,,,,,13.01582,77.56562
2025-10-17 00:03:28.932,,,,,,,0.84802036199095,,,,,,,,,,,,,,,,,,,,,13.01582,77.56562
2025-10-17 00:03:28.932,,,,,,,,,,,,,,,0.0126110337013194,,,,,,,,,,,,,13.01582,77.56562
2025-10-17 00:03:28.932,,,,,,,,,,,,,,,,0.0126110337013194,,,,,,,,,,,,13.01582,77.56562
2025-10-17 00:03:28.932,,,,,,,,,,,,,,,,,0.0127371440383326,,,,,,,,,,,13.01582,77.56562
2025-10-17 00:03:28.932,,,,,,,,,,,,,,,,,,0.01,,,,,,,,,,13.01582,77.56562
2025-10-17 00:03:28.932,,,,,,,,,,,,,,,,,,,3.75480149207809,,,,,,,,,13.01582,77.56562
2025-10-17 00:03:28.932,,,,,,,,,,,,,,,,,,,,,,13.63,,,,,,13.01582,77.56562
2025-10-17 00:03:28.932,,,,,,,,,,,,,,,,,,,,,,,,16.356,,,,13.01582,77.56562
2025-10-17 00:03:29.069,,0.0,,,,,,,,,,,,,,,,,,,,,,,,,,13.01582,77.56562
2025-10-17 00:03:29.069,,,,,,,,,0.0,,,,,,,,,,,,,,,,,,,13.01582,77.56562
2025-10-17 00:03:29.069,,,,,,,,,,0.0,,,,,,,,,,,,,,,,,,13.01582,77.56562
2025-10-17 00:03:29.069,,,,,,,,,,,,,,,,,,,,,,,,,,0.0,,13.01582,77.56562
2025-10-17 00:03:29.069,,,,,,,,,,,,,,,,,,,,,,,,,,,0.0,13.01582,77.56562
2025-10-17 00:03:29.117,,,,,,20.7843137254902,,,,,,,,,,,,,,,,,,,,,,13.01582,77.56562
2025-10-17 00:03:29.182,,,,,,,0.829174208144797,,,,,,,,,,,,,,,,,,,,,13.01582,77.56562
2025-10-17 00:03:29.182,,,,,,,,,,,,,,,0.012668580233974,,,,,,,,,,,,,13.01582,77.56562
2025-10-17 00:03:29.182,,,,,,,,,,,,,,,,0.012668580233974,,,,,,,,,,,,13.01582,77.56562
2025-10-17 00:03:29.182,,,,,,,,,,,,,,,,,0.0127952660363138,,,,,,,,,,,13.01582,77.56562
2025-10-17 00:03:29.182,,,,,,,,,,,,,,,,,,0.01,,,,,,,,,,13.01582,77.56562
2025-10-17 00:03:29.182,,,,,,,,,,,,,,,,,,,3.6713558936548,,,,,,,,,13.01582,77.56562
2025-10-17 00:03:29.182,,,,,,,,,,,,,,,,,,,,,,13.83,,,,,,13.01582,77.56562
2025-10-17 00:03:29.182,,,,,,,,,,,,,,,,,,,,,,,,16.596,,,,13.01582,77.56562
2025-10-17 00:03:29.235,,0.0,,,,,,,,,,,,,,,,,,,,,,,,,,13.01582,77.56562
2025-10-17 00:03:29.235,,,,,,,,,0.0,,,,,,,,,,,,,,,,,,,13.01582,77.56562
2025-10-17 00:03:29.235,,,,,,,,,,0.0,,,,,,,,,,,,,,,,,,13.01582,77.56562
2025-10-17 00:03:29.235,,,,,,,,,,,,,,,,,,,,,,,,,,0.0,,13.01582,77.56562
2025-10-17 00:03:29.235,,,,,,,,,,,,,,,,,,,,,,,,,,,0.0,13.01582,77.56562
2025-10-17 00:03:29.286,,,,,,21.1764705882353,,,,,,,,,,,,,,,,,,,,,,13.01582,77.56562
2025-10-17 00:03:29.336,,,,,,,0.841153846153846,,,,,,,,,,,,,,,,,,,,,13.01582,77.56562
2025-10-17 00:03:29.336,,,,,,,,,,,,,,,0.0127045891656087,,,,,,,,,,,,,13.01582,77.56562
2025-10-17 00:03:29.336,,,,,,,,,,,,,,,,0.0127045891656087,,,,,,,,,,,,13.01582,77.56562
2025-10-17 00:03:29.336,,,,,,,,,,,,,,,,,0.0128316350572647,,,,,,,,,,,13.01582,77.56562
2025-10-17 00:03:29.336,,,,,,,,,,,,,,,,,,0.01,,,,,,,,,,13.01582,77.56562
2025-10-17 00:03:29.336,,,,,,,,,,,,,,,,,,,3.72439844391306,,,,,,,,,13.01582,77.56562
2025-10-17 00:03:29.336,,,,,,,,,,,,,,,,,,,,,,13.77,,,,,,13.01582,77.56562
2025-10-17 00:03:29.336,,,,,,,,,,,,,,,,,,,,,,,,16.524,,,,13.01582,77.56562
2025-10-17 00:03:29.389,,0.0,,,,,,,,,,,,,,,,,,,,,,,,,,13.01582,77.56562
2025-10-17 00:03:29.389,,,,,,,,,0.0,,,,,,,,,,,,,,,,,,,13.01582,77.56562
2025-10-17 00:03:29.389,,,,,,,,,,0.0,,,,,,,,,,,,,,,,,,13.01582,77.56562
2025-10-17 00:03:29.389,,,,,,,,,,,,,,,,,,,,,,,,,,0.0,,13.01582,77.56562
2025-10-17 00:03:29.389,,,,,,,,,,,,,,,,,,,,,,,,,,,0.0,13.01582,77.56562
2025-10-17 00:03:29.439,,,,,,21.1764705882353,,,,,,,,,,,,,,,,,,,,,,13.01582,77.56562
2025-10-17 00:03:29.488,,,,,,,0.839321266968326,,,,,,,,,,,,,,,,,,,,,13.01582,77.56562
2025-10-17 00:03:29.488,,,,,,,,,,,,,,,0.0127401590413553,,,,,,,,,,,,,13.01582,77.56562
2025-10-17 00:03:29.488,,,,,,,,,,,,,,,,0.0127401590413553,,,,,,,,,,,,13.01582,77.56562
2025-10-17 00:03:29.488,,,,,,,,,,,,,,,,,0.0128675606317688,,,,,,,,,,,13.01582,77.56562
2025-10-17 00:03:29.488,,,,,,,,,,,,,,,,,,0.01,,,,,,,,,,13.01582,77.56562
2025-10-17 00:03:29.488,,,,,,,,,,,,,,,,,,,3.71628428608318,,,,,,,,,13.01582,77.56562
2025-10-17 00:03:29.488,,,,,,,,,,,,,,,,,,,,,,13.74,,,,,,13.01582,77.56562
2025-10-17 00:03:29.488,,,,,,,,,,,,,,,,,,,,,,,,16.488,,,,13.01582,77.56562
2025-10-17 00:03:29.541,,0.0,,,,,,,,,,,,,,,,,,,,,,,,,,13.01582,77.56562
2025-10-17 00:03:29.541,,,,,,,,,0.0,,,,,,,,,,,,,,,,,,,13.01582,77.56562
2025-10-17 00:03:29.541,,,,,,,,,,0.0,,,,,,,,,,,,,,,,,,13.01582,77.56562
2025-10-17 00:03:29.541,,,,,,,,,,,,,,,,,,,,,,,,,,0.0,,13.01582,77.56562
2025-10-17 00:03:29.541,,,,,,,,,,,,,,,,,,,,,,,,,,,0.0,13.01582,77.56562
2025-10-17 00:03:29.615,,,,,,21.5686274509804,,,,,,,,,,,,,,,,,,,,,,13.01582,77.56562
2025-10-17 00:03:29.664,,,,,,,0.853619909502263,,,,,,,,,,,,,,,,,,,,,13.01582,77.56562
2025-10-17 00:03:29.664,,,,,,,,,,,,,,,0.0127818054020767,,,,,,,,,,,,,13.01582,77.56562
2025-10-17 00:03:29.664,,,,,,,,,,,,,,,,0.0127818054020767,,,,,,,,,,,,13.01582,77.56562
2025-10-17 00:03:29.664,,,,,,,,,,,,,,,,,0.0129096234560975,,,,,,,,,,,13.01582,77.56562
2025-10-17 00:03:29.664,,,,,,,,,,,,,,,,,,0.01,,,,,,,,,,13.01582,77.56562
2025-10-17 00:03:29.664,,,,,,,,,,,,,,,,,,,3.77959475211382,,,,,,,,,13.01582,77.56562
2025-10-17 00:03:29.664,,,,,,,,,,,,,,,,,,,,,,13.72,,,,,,13.01582,77.56562
2025-10-17 00:03:29.664,,,,,,,,,,,,,,,,,,,,,,,,16.464,,,,13.01582,77.56562
2025-10-17 00:03:29.712,,0.0,,,,,,,,,,,,,,,,,,,,,,,,,,13.01582,77.56562
2025-10-17 00:03:29.712,,,,,,,,,0.0,,,,,,,,,,,,,,,,,,,13.01582,77.56562
2025-10-17 00:03:29.712,,,,,,,,,,0.0,,,,,,,,,,,,,,,,,,13.01582,77.56562
2025-10-17 00:03:29.712,,,,,,,,,,,,,,,,,,,,,,,,,,0.0,,13.01582,77.56562
2025-10-17 00:03:29.712,,,,,,,,,,,,,,,,,,,,,,,,,,,0.0,13.01582,77.56562
2025-10-17 00:03:29.767,,,,,,21.5686274509804,,,,,,,,,,,,,,,,,,,,,,13.01582,77.56562
2025-10-17 00:03:29.815,,,,,,,0.849886877828054,,,,,,,,,,,,,,,,,,,,,13.01582,77.56562
2025-10-17 00:03:29.815,,,,,,,,,,,,,,,0.0128172403022653,,,,,,,,,,,,,13.01582,77.56562
2025-10-17 00:03:29.815,,,,,,,,,,,,,,,,0.0128172403022653,,,,,,,,,,,,13.01582,77.56562
2025-10-17 00:03:29.815,,,,,,,,,,,,,,,,,0.0129454127052879,,,,,,,,,,,13.01582,77.56562
2025-10-17 00:03:29.815,,,,,,,,,,,,,,,,,,0.01,,,,,,,,,,13.01582,77.56562
2025-10-17 00:03:29.815,,,,,,,,,,,,,,,,,,,3.76306591209,,,,,,,,,13.01582,77.56562
2025-10-17 00:03:29.815,,,,,,,,,,,,,,,,,,,,,,13.66,,,,,,13.01582,77.56562
2025-10-17 00:03:29.815,,,,,,,,,,,,,,,,,,,,,,,,16.392,,,,13.01582,77.56562
2025-10-17 00:03:29.872,,0.0,,,,,,,,,,,,,,,,,,,,,,,,,,13.01582,77.56562
2025-10-17 00:03:29.872,,,,,,,,,0.0,,,,,,,,,,,,,,,,,,,13.01582,77.56562
2025-10-17 00:03:29.872,,,,,,,,,,0.0,,,,,,,,,,,,,,,,,,13.01582,77.56562
2025-10-17 00:03:29.872,,,,,,,,,,,,,,,,,,,,,,,,,,0.0,,13.01582,77.56562
2025-10-17 00:03:29.872,,,,,,,,,,,,,,,,,,,,,,,,,,,0.0,13.01582,77.56562
2025-10-17 00:03:29.946,,,,,,21.1764705882353,,,,,,,,,,,,,,,,,,,,,,13.01582,77.56562
2025-10-17 00:03:29.995,,,,,,,0.841153846153846,,,,,,,,,,,,,,,,,,,,,13.01582,77.56562
2025-10-17 00:03:29.995,,,,,,,,,,,,,,,0.012859466458996,,,,,,,,,,,,,13.01582,77.56562
2025-10-17 00:03:29.995,,,,,,,,,,,,,,,,0.012859466458996,,,,,,,,,,,,13.01582,77.56562
2025-10-17 00:03:29.995,,,,,,,,,,,,,,,,,0.012988061123586,,,,,,,,,,,13.01582,77.56562
2025-10-17 00:03:29.995,,,,,,,,,,,,,,,,,,0.01,,,,,,,,,,13.01582,77.56562
2025-10-17 00:03:29.995,,,,,,,,,,,,,,,,,,,3.72439844391306,,,,,,,,,13.01582,77.56562
2025-10-17 00:03:29.995,,,,,,,,,,,,,,,,,,,,,,13.77,,,,,,13.01582,77.56562
2025-10-17 00:03:29.995,,,,,,,,,,,,,,,,,,,,,,,,16.524,,,,13.01582,77.56562
2025-10-17 00:03:30.048,,0.0,,,,,,,,,,,,,,,,,,,,,,,,,,13.01582,77.56562
2025-10-17 00:03:30.048,,,,,,,,,0.0,,,,,,,,,,,,,,,,,,,13.01582,77.56562
2025-10-17 00:03:30.048,,,,,,,,,,0.0,,,,,,,,,,,,,,,,,,13.01582,77.56562
2025-10-17 00:03:30.048,,,,,,,,,,,,,,,,,,,,,,,,,,0.0,,13.01582,77.56562
2025-10-17 00:03:30.048,,,,,,,,,,,,,,,,,,,,,,,,,,,0.0,13.01582,77.56562
2025-10-17 00:03:30.110,,,,,,21.1764705882353,,,,,,,,,,,,,,,,,,,,,,13.01582,77.56562
2025-10-17 00:03:30.161,,,,,,,0.838099547511312,,,,,,,,,,,,,,,,,,,,,13.01582,77.56562
2025-10-17 00:03:30.161,,,,,,,,,,,,,,,0.0128980527018467,,,,,,,,,,,,,13.01582,77.56562
2025-10-17 00:03:30.161,,,,,,,,,,,,,,,,0.0128980527018467,,,,,,,,,,,,13.01582,77.56562
2025-10-17 00:03:30.161,,,,,,,,,,,,,,,,,0.0130270332288652,,,,,,,,,,,13.01582,77.56562
2025-10-17 00:03:30.161,,,,,,,,,,,,,,,,,,0.01,,,,,,,,,,13.01582,77.56562
2025-10-17 00:03:30.161,,,,,,,,,,,,,,,,,,,3.71087484752993,,,,,,,,,13.01582,77.56562
2025-10-17 00:03:30.161,,,,,,,,,,,,,,,,,,,,,,13.72,,,,,,13.01582,77.56562
2025-10-17 00:03:30.161,,,,,,,,,,,,,,,,,,,,,,,,16.464,,,,13.01582,77.56562
2025-10-17 00:03:30.234,,0.0,,,,,,,,,,,,,,,,,,,,,,,,,,13.01582,77.5656216666667
2025-10-17 00:03:30.234,,,,,,,,,0.0,,,,,,,,,,,,,,,,,,,13.01582,77.5656216666667
2025-10-17 00:03:30.234,,,,,,,,,,0.0,,,,,,,,,,,,,,,,,,13.01582,77.5656216666667
2025-10-17 00:03:30.234,,,,,,,,,,,,,,,,,,,,,,,,,,0.0,,13.01582,77.5656216666667
2025-10-17 00:03:30.234,,,,,,,,,,,,,,,,,,,,,,,,,,,0.0,13.01582,77.5656216666667
2025-10-17 00:03:30.283,,,,,,21.5686274509804,,,,,,,,,,,,,,,,,,,,,,13.01582,77.5656216666667
2025-10-17 00:03:30.342,,,,,,,0.856730769230769,,,,,,,,,,,,,,,,,,,,,13.01582,77.5656216666667
2025-10-17 00:03:30.342,,,,,,,,,,,,,,,0.0129412877391063,,,,,,,,,,,,,13.01582,77.5656216666667
2025-10-17 00:03:30.342,,,,,,,,,,,,,,,,0.0129412877391063,,,,,,,,,,,,13.01582,77.5656216666667
2025-10-17 00:03:30.342,,,,,,,,,,,,,,,,,0.0130707006164974,,,,,,,,,,,13.01582,77.5656216666667
2025-10-17 00:03:30.342,,,,,,,,,,,,,,,,,,0.01,,,,,,,,,,13.01582,77.5656216666667
2025-10-17 00:03:30.342,,,,,,,,,,,,,,,,,,,3.793368785467,,,,,,,,,13.01582,77.5656216666667
2025-10-17 00:03:30.342,,,,,,,,,,,,,,,,,,,,,,13.77,,,,,,13.01582,77.5656216666667
2025-10-17 00:03:30.342,,,,,,,,,,,,,,,,,,,,,,,,16.524,,,,13.01582,77.5656216666667
2025-10-17 00:03:30.393,,0.0,,,,,,,,,,,,,,,,,,,,,,,,,,13.01582,77.5656216666667
2025-10-17 00:03:30.393,,,,,,,,,0.0,,,,,,,,,,,,,,,,,,,13.01582,77.5656216666667
2025-10-17 00:03:30.393,,,,,,,,,,0.0,,,,,,,,,,,,,,,,,,13.01582,77.5656216666667
2025-10-17 00:03:30.393,,,,,,,,,,,,,,,,,,,,,,,,,,0.0,,13.01582,77.5656216666667
2025-10-17 00:03:30.393,,,,,,,,,,,,,,,,,,,,,,,,,,,0.0,13.01582,77.5656216666667
2025-10-17 00:03:30.442,,,,,,21.5686274509804,,,,,,,,,,,,,,,,,,,,,,13.01582,77.5656216666667
2025-10-17 00:03:30.514,,,,,,,0.851753393665158,,,,,,,,,,,,,,,,,,,,,13.01582,77.5656216666667
2025-10-17 00:03:30.514,,,,,,,,,,,,,,,0.0129820294225874,,,,,,,,,,,,,13.01582,77.5656216666667
2025-10-17 00:03:30.514,,,,,,,,,,,,,,,,0.0129820294225874,,,,,,,,,,,,13.01582,77.5656216666667
2025-10-17 00:03:30.514,,,,,,,,,,,,,,,,,0.0131118497168132,,,,,,,,,,,13.01582,77.5656216666667
2025-10-17 00:03:30.514,,,,,,,,,,,,,,,,,,0.01,,,,,,,,,,13.01582,77.5656216666667
2025-10-17 00:03:30.514,,,,,,,,,,,,,,,,,,,3.77133033210191,,,,,,,,,13.01582,77.5656216666667
2025-10-17 00:03:30.514,,,,,,,,,,,,,,,,,,,,,,13.69,,,,,,13.01582,77.5656216666667
2025-10-17 00:03:30.514,,,,,,,,,,,,,,,,,,,,,,,,16.428,,,,13.01582,77.5656216666667
2025-10-17 00:03:30.569,,0.0,,,,,,,,,,,,,,,,,,,,,,,,,,13.01582,77.5656216666667
2025-10-17 00:03:30.569,,,,,,,,,0.0,,,,,,,,,,,,,,,,,,,13.01582,77.5656216666667
2025-10-17 00:03:30.569,,,,,,,,,,0.0,,,,,,,,,,,,,,,,,,13.01582,77.5656216666667
2025-10-17 00:03:30.569,,,,,,,,,,,,,,,,,,,,,,,,,,0.0,,13.01582,77.5656216666667
2025-10-17 00:03:30.569,,,,,,,,,,,,,,,,,,,,,,,,,,,0.0,13.01582,77.5656216666667
2025-10-17 00:03:30.619,,,,,,21.1764705882353,,,,,,,,,,,,,,,,,,,,,,13.01582,77.5656216666667
2025-10-17 00:03:30.666,,,,,,,0.831380090497737,,,,,,,,,,,,,,,,,,,,,13.01582,77.5656216666667
2025-10-17 00:03:30.666,,,,,,,,,,,,,,,0.013016997846541,,,,,,,,,,,,,13.01582,77.5656216666667
2025-10-17 00:03:30.666,,,,,,,,,,,,,,,,0.013016997846541,,,,,,,,,,,,13.01582,77.5656216666667
2025-10-17 00:03:30.666,,,,,,,,,,,,,,,,,0.0131471678250064,,,,,,,,,,,13.01582,77.5656216666667
2025-10-17 00:03:30.666,,,,,,,,,,,,,,,,,,0.01,,,,,,,,,,13.01582,77.5656216666667
2025-10-17 00:03:30.666,,,,,,,,,,,,,,,,,,,3.68112293548705,,,,,,,,,13.01582,77.5656216666667
2025-10-17 00:03:30.666,,,,,,,,,,,,,,,,,,,,,,13.61,,,,,,13.01582,77.5656216666667
2025-10-17 00:03:30.666,,,,,,,,,,,,,,,,,,,,,,,,16.332,,,,13.01582,77.5656216666667
2025-10-17 00:03:30.718,,0.0,,,,,,,,,,,,,,,,,,,,,,,,,,13.01582,77.5656216666667
2025-10-17 00:03:30.718,,,,,,,,,0.0,,,,,,,,,,,,,,,,,,,13.01582,77.5656216666667
2025-10-17 00:03:30.718,,,,,,,,,,0.0,,,,,,,,,,,,,,,,,,13.01582,77.5656216666667
2025-10-17 00:03:30.718,,,,,,,,,,,,,,,,,,,,,,,,,,0.0,,13.01582,77.5656216666667
2025-10-17 00:03:30.718,,,,,,,,,,,,,,,,,,,,,,,,,,,0.0,13.01582,77.5656216666667
2025-10-17 00:03:30.771,,,,,,21.1764705882353,,,,,,,,,,,,,,,,,,,,,,13.01582,77.5656216666667
2025-10-17 00:03:30.821,,,,,,,0.834434389140272,,,,,,,,,,,,,,,,,,,,,13.01582,77.5656216666667
2025-10-17 00:03:30.821,,,,,,,,,,,,,,,0.0130528406512242,,,,,,,,,,,,,13.01582,77.5656216666667
2025-10-17 00:03:30.821,,,,,,,,,,,,,,,,0.0130528406512242,,,,,,,,,,,,13.01582,77.5656216666667
2025-10-17 00:03:30.821,,,,,,,,,,,,,,,,,0.0131833690577365,,,,,,,,,,,13.01582,77.5656216666667
2025-10-17 00:03:30.821,,,,,,,,,,,,,,,,,,0.01,,,,,,,,,,13.01582,77.5656216666667
2025-10-17 00:03:30.821,,,,,,,,,,,,,,,,,,,3.69464653187018,,,,,,,,,13.01582,77.5656216666667
2025-10-17 00:03:30.821,,,,,,,,,,,,,,,,,,,,,,13.66,,,,,,13.01582,77.5656216666667
2025-10-17 00:03:30.821,,,,,,,,,,,,,,,,,,,,,,,,16.392,,,,13.01582,77.5656216666667
2025-10-17 00:03:30.874,,0.0,,,,,,,,,,,,,,,,,,,,,,,,,,13.01582,77.5656216666667
2025-10-17 00:03:30.874,,,,,,,,,0.0,,,,,,,,,,,,,,,,,,,13.01582,77.5656216666667
2025-10-17 00:03:30.874,,,,,,,,,,0.0,,,,,,,,,,,,,,,,,,13.01582,77.5656216666667
2025-10-17 00:03:30.874,,,,,,,,,,,,,,,,,,,,,,,,,,0.0,,13.01582,77.5656216666667
2025-10-17 00:03:30.874,,,,,,,,,,,,,,,,,,,,,,,,,,,0.0,13.01582,77.5656216666667
2025-10-17 00:03:30.925,,,,,,21.5686274509804,,,,,,,,,,,,,,,,,,,,,,13.01582,77.5656216666667
2025-10-17 00:03:30.975,,,,,,,0.846776018099548,,,,,,,,,,,,,,,,,,,,,13.01582,77.5656216666667
2025-10-17 00:03:30.975,,,,,,,,,,,,,,,0.0130891094323297,,,,,,,,,,,,,13.01582,77.5656216666667
2025-10-17 00:03:30.975,,,,,,,,,,,,,,,,0.0130891094323297,,,,,,,,,,,,13.01582,77.5656216666667
2025-10-17 00:03:30.975,,,,,,,,,,,,,,,,,0.013220000526653,,,,,,,,,,,13.01582,77.5656216666667
2025-10-17 00:03:30.975,,,,,,,,,,,,,,,,,,0.01,,,,,,,,,,13.01582,77.5656216666667
2025-10-17 00:03:30.975,,,,,,,,,,,,,,,,,,,3.74929187873682,,,,,,,,,13.01582,77.5656216666667
2025-10-17 00:03:30.975,,,,,,,,,,,,,,,,,,,,,,13.61,,,,,,13.01582,77.5656216666667
2025-10-17 00:03:30.975,,,,,,,,,,,,,,,,,,,,,,,,16.332,,,,13.01582,77.5656216666667
2025-10-17 00:03:31.027,,0.0,,,,,,,,,,,,,,,,,,,,,,,,,,13.01582,77.5656216666667
2025-10-17 00:03:31.027,,,,,,,,,0.0,,,,,,,,,,,,,,,,,,,13.01582,77.5656216666667
2025-10-17 00:03:31.027,,,,,,,,,,0.0,,,,,,,,,,,,,,,,,,13.01582,77.5656216666667
2025-10-17 00:03:31.027,,,,,,,,,,,,,,,,,,,,,,,,,,0.0,,13.01582,77.5656216666667
2025-10-17 00:03:31.027,,,,,,,,,,,,,,,,,,,,,,,,,,,0.0,13.01582,77.5656216666667
2025-10-17 00:03:31.078,,,,,,21.5686274509804,,,,,,,,,,,,,,,,,,,,,,13.01582,77.5656216666667
2025-10-17 00:03:31.128,,,,,,,0.851753393665158,,,,,,,,,,,,,,,,,,,,,13.01582,77.5656216666667
2025-10-17 00:03:31.128,,,,,,,,,,,,,,,0.0131253587318144,,,,,,,,,,,,,13.01582,77.5656216666667
2025-10-17 00:03:31.128,,,,,,,,,,,,,,,,0.0131253587318144,,,,,,,,,,,,13.01582,77.5656216666667
2025-10-17 00:03:31.128,,,,,,,,,,,,,,,,,0.0132566123191325,,,,,,,,,,,13.01582,77.5656216666667
2025-10-17 00:03:31.128,,,,,,,,,,,,,,,,,,0.01,,,,,,,,,,13.01582,77.5656216666667
2025-10-17 00:03:31.128,,,,,,,,,,,,,,,,,,,3.77133033210191,,,,,,,,,13.01582,77.5656216666667
2025-10-17 00:03:31.128,,,,,,,,,,,,,,,,,,,,,,13.69,,,,,,13.01582,77.5656216666667
2025-10-17 00:03:31.128,,,,,,,,,,,,,,,,,,,,,,,,16.428,,,,13.01582,77.5656216666667
2025-10-17 00:03:31.181,,0.0,,,,,,,,,,,,,,,,,,,,,,,,,,13.01582,77.5656216666667
2025-10-17 00:03:31.181,,,,,,,,,0.0,,,,,,,,,,,,,,,,,,,13.01582,77.5656216666667
2025-10-17 00:03:31.181,,,,,,,,,,0.0,,,,,,,,,,,,,,,,,,13.01582,77.5656216666667
2025-10-17 00:03:31.181,,,,,,,,,,,,,,,,,,,,,,,,,,0.0,,13.01582,77.5656216666667
2025-10-17 00:03:31.181,,,,,,,,,,,,,,,,,,,,,,,,,,,0.0,13.01582,77.5656216666667
2025-10-17 00:03:31.232,,,,,,21.5686274509804,,,,,,,,,,,,,,,,,,,,,,13.01582,77.5656216666667
2025-10-17 00:03:31.279,,,,,,,0.849886877828054,,,,,,,,,,,,,,,,,,,,,13.01582,77.5656216666667
2025-10-17 00:03:31.279,,,,,,,,,,,,,,,0.0131611388041151,,,,,,,,,,,,,13.01582,77.5656216666667
2025-10-17 00:03:31.279,,,,,,,,,,,,,,,,0.0131611388041151,,,,,,,,,,,,13.01582,77.5656216666667
2025-10-17 00:03:31.279,,,,,,,,,,,,,,,,,0.0132927501921563,,,,,,,,,,,13.01582,77.5656216666667
2025-10-17 00:03:31.279,,,,,,,,,,,,,,,,,,0.01,,,,,,,,,,13.01582,77.5656216666667
2025-10-17 00:03:31.279,,,,,,,,,,,,,,,,,,,3.76306591209,,,,,,,,,13.01582,77.5656216666667
2025-10-17 00:03:31.279,,,,,,,,,,,,,,,,,,,,,,13.66,,,,,,13.01582,77.5656216666667
2025-10-17 00:03:31.279,,,,,,,,,,,,,,,,,,,,,,,,16.392,,,,13.01582,77.5656216666667
2025-10-17 00:03:31.331,,0.0,,,,,,,,,,,,,,,,,,,,,,,,,,13.01582,77.5656216666667
2025-10-17 00:03:31.331,,,,,,,,,0.0,,,,,,,,,,,,,,,,,,,13.01582,77.5656216666667
2025-10-17 00:03:31.331,,,,,,,,,,0.0,,,,,,,,,,,,,,,,,,13.01582,77.5656216666667
2025-10-17 00:03:31.331,,,,,,,,,,,,,,,,,,,,,,,,,,0.0,,13.01582,77.5656216666667
2025-10-17 00:03:31.331,,,,,,,,,,,,,,,,,,,,,,,,,,,0.0,13.01582,77.5656216666667
2025-10-17 00:03:31.393,,,,,,21.1764705882353,,,,,,,,,,,,,,,,,,,,,,13.01582,77.5656216666667
2025-10-17 00:03:31.445,,,,,,,0.838099547511312,,,,,,,,,,,,,,,,,,,,,13.01582,77.5656216666667
2025-10-17 00:03:31.445,,,,,,,,,,,,,,,0.0131997504925993,,,,,,,,,,,,,13.01582,77.5656216666667
2025-10-17 00:03:31.445,,,,,,,,,,,,,,,,0.0131997504925993,,,,,,,,,,,,13.01582,77.5656216666667
2025-10-17 00:03:31.445,,,,,,,,,,,,,,,,,0.0133317479975253,,,,,,,,,,,13.01582,77.5656216666667
2025-10-17 00:03:31.445,,,,,,,,,,,,,,,,,,0.01,,,,,,,,,,13.01582,77.5656216666667
2025-10-17 00:03:31.445,,,,,,,,,,,,,,,,,,,3.71087484752993,,,,,,,,,13.01582,77.5656216666667
2025-10-17 00:03:31.445,,,,,,,,,,,,,,,,,,,,,,13.72,,,,,,13.01582,77.5656216666667
2025-10-17 00:03:31.445,,,,,,,,,,,,,,,,,,,,,,,,16.464,,,,13.01582,77.5656216666667
2025-10-17 00:03:31.520,,0.0,,,,,,,,,,,,,,,,,,,,,,,,,,13.01582,77.5656216666667
2025-10-17 00:03:31.520,,,,,,,,,0.0,,,,,,,,,,,,,,,,,,,13.01582,77.5656216666667
2025-10-17 00:03:31.520,,,,,,,,,,0.0,,,,,,,,,,,,,,,,,,13.01582,77.5656216666667
2025-10-17 00:03:31.520,,,,,,,,,,,,,,,,,,,,,,,,,,0.0,,13.01582,77.5656216666667
2025-10-17 00:03:31.520,,,,,,,,,,,,,,,,,,,,,,,,,,,0.0,13.01582,77.5656216666667
2025-10-17 00:03:31.582,,,,,,21.5686274509804,,,,,,,,,,,,,,,,,,,,,,13.01582,77.5656216666667
2025-10-17 00:03:31.631,,,,,,,0.853619909502263,,,,,,,,,,,,,,,,,,,,,13.01582,77.5656216666667
2025-10-17 00:03:31.631,,,,,,,,,,,,,,,0.013243702717813,,,,,,,,,,,,,13.01582,77.5656216666667
2025-10-17 00:03:31.631,,,,,,,,,,,,,,,,0.013243702717813,,,,,,,,,,,,13.01582,77.5656216666667
2025-10-17 00:03:31.631,,,,,,,,,,,,,,,,,0.0133761397449911,,,,,,,,,,,13.01582,77.5656216666667
2025-10-17 00:03:31.631,,,,,,,,,,,,,,,,,,0.01,,,,,,,,,,13.01582,77.5656216666667
2025-10-17 00:03:31.631,,,,,,,,,,,,,,,,,,,3.77959475211382,,,,,,,,,13.01582,77.5656216666667
2025-10-17 00:03:31.631,,,,,,,,,,,,,,,,,,,,,,13.72,,,,,,13.01582,77.5656216666667
2025-10-17 00:03:31.631,,,,,,,,,,,,,,,,,,,,,,,,16.464,,,,13.01582,77.5656216666667
2025-10-17 00:03:31.716,,0.0,,,,,,,,,,,,,,,,,,,,,,,,,,13.01582,77.5656216666667
2025-10-17 00:03:31.716,,,,,,,,,0.0,,,,,,,,,,,,,,,,,,,13.01582,77.5656216666667
2025-10-17 00:03:31.716,,,,,,,,,,0.0,,,,,,,,,,,,,,,,,,13.01582,77.5656216666667
2025-10-17 00:03:31.716,,,,,,,,,,,,,,,,,,,,,,,,,,0.0,,13.01582,77.5656216666667
2025-10-17 00:03:31.716,,,,,,,,,,,,,,,,,,,,,,,,,,,0.0,13.01582,77.5656216666667
2025-10-17 00:03:31.766,,,,,,21.5686274509804,,,,,,,,,,,,,,,,,,,,,,13.01582,77.5656216666667
2025-10-17 00:03:31.828,,,,,,,0.849886877828054,,,,,,,,,,,,,,,,,,,,,13.01582,77.5656216666667
2025-10-17 00:03:31.828,,,,,,,,,,,,,,,0.0132902282168137,,,,,,,,,,,,,13.01582,77.5656216666667
2025-10-17 00:03:31.828,,,,,,,,,,,,,,,,0.0132902282168137,,,,,,,,,,,,13.01582,77.5656216666667
2025-10-17 00:03:31.828,,,,,,,,,,,,,,,,,0.0134231304989819,,,,,,,,,,,13.01582,77.5656216666667
2025-10-17 00:03:31.828,,,,,,,,,,,,,,,,,,0.01,,,,,,,,,,13.01582,77.5656216666667
2025-10-17 00:03:31.828,,,,,,,,,,,,,,,,,,,3.76306591209,,,,,,,,,13.01582,77.5656216666667
2025-10-17 00:03:31.828,,,,,,,,,,,,,,,,,,,,,,13.66,,,,,,13.01582,77.5656216666667
2025-10-17 00:03:31.828,,,,,,,,,,,,,,,,,,,,,,,,16.392,,,,13.01582,77.5656216666667
2025-10-17 00:03:31.880,,0.0,,,,,,,,,,,,,,,,,,,,,,,,,,13.01582,77.5656216666667
2025-10-17 00:03:31.880,,,,,,,,,0.0,,,,,,,,,,,,,,,,,,,13.01582,77.5656216666667
2025-10-17 00:03:31.880,,,,,,,,,,0.0,,,,,,,,,,,,,,,,,,13.01582,77.5656216666667
2025-10-17 00:03:31.880,,,,,,,,,,,,,,,,,,,,,,,,,,0.0,,13.01582,77.5656216666667
2025-10-17 00:03:31.880,,,,,,,,,,,,,,,,,,,,,,,,,,,0.0,13.01582,77.5656216666667
2025-10-17 00:03:31.952,,,,,,21.5686274509804,,,,,,,,,,,,,,,,,,,,,,13.01582,77.5656216666667
2025-10-17 00:03:31.968,855.5,,,,,,,,,,,,,,,,,,,,,,,,,,,13.01582,77.5656183333333
2025-10-17 00:03:32.010,,,,,,,0.853619909502263,,,,,,,,,,,,,,,,,,,,,13.01582,77.5656183333333
2025-10-17 00:03:32.010,,,,,,,,,,,,,,,0.0133333955859439,,,,,,,,,,,,,13.01582,77.5656183333333
2025-10-17 00:03:32.010,,,,,,,,,,,,,,,,0.0133333955859439,,,,,,,,,,,,13.01582,77.5656183333333
2025-10-17 00:03:32.010,,,,,,,,,,,,,,,,,0.0134667295418034,,,,,,,,,,,13.01582,77.5656183333333
2025-10-17 00:03:32.010,,,,,,,,,,,,,,,,,,0.01,,,,,,,,,,13.01582,77.5656183333333
2025-10-17 00:03:32.010,,,,,,,,,,,,,,,,,,,3.77959475211382,,,,,,,,,13.01582,77.5656183333333
2025-10-17 00:03:32.010,,,,,,,,,,,,,,,,,,,,,,13.72,,,,,,13.01582,77.5656183333333
2025-10-17 00:03:32.010,,,,,,,,,,,,,,,,,,,,,,,,16.464,,,,13.01582,77.5656183333333
2025-10-17 00:03:32.064,,0.0,,,,,,,,,,,,,,,,,,,,,,,,,,13.01582,77.5656183333333
2025-10-17 00:03:32.064,,,,,,,,,0.0,,,,,,,,,,,,,,,,,,,13.01582,77.5656183333333
2025-10-17 00:03:32.064,,,,,,,,,,0.0,,,,,,,,,,,,,,,,,,13.01582,77.5656183333333
2025-10-17 00:03:32.064,,,,,,,,,,,,,,,,,,,,,,,,,,0.0,,13.01582,77.5656183333333
2025-10-17 00:03:32.064,,,,,,,,,,,,,,,,,,,,,,,,,,,0.0,13.01582,77.5656183333333
2025-10-17 00:03:32.165,,,,,,21.5686274509804,,,,,,,,,,,,,,,,,,,,,,13.01582,77.5656183333333
2025-10-17 00:03:32.223,,,,,,,0.846776018099548,,,,,,,,,,,,,,,,,,,,,13.01582,77.5656183333333
2025-10-17 00:03:32.223,,,,,,,,,,,,,,,0.0133833912649064,,,,,,,,,,,,,13.01582,77.5656183333333
2025-10-17 00:03:32.223,,,,,,,,,,,,,,,,0.0133833912649064,,,,,,,,,,,,13.01582,77.5656183333333
2025-10-17 00:03:32.223,,,,,,,,,,,,,,,,,0.0135172251775554,,,,,,,,,,,13.01582,77.5656183333333
2025-10-17 00:03:32.223,,,,,,,,,,,,,,,,,,0.01,,,,,,,,,,13.01582,77.5656183333333
2025-10-17 00:03:32.223,,,,,,,,,,,,,,,,,,,3.74929187873682,,,,,,,,,13.01582,77.5656183333333
2025-10-17 00:03:32.223,,,,,,,,,,,,,,,,,,,,,,13.61,,,,,,13.01582,77.5656183333333
2025-10-17 00:03:32.223,,,,,,,,,,,,,,,,,,,,,,,,16.332,,,,13.01582,77.5656183333333
2025-10-17 00:03:32.277,,0.0,,,,,,,,,,,,,,,,,,,,,,,,,,13.01582,77.5656183333333
2025-10-17 00:03:32.277,,,,,,,,,0.0,,,,,,,,,,,,,,,,,,,13.01582,77.5656183333333
2025-10-17 00:03:32.277,,,,,,,,,,0.0,,,,,,,,,,,,,,,,,,13.01582,77.5656183333333
2025-10-17 00:03:32.277,,,,,,,,,,,,,,,,,,,,,,,,,,0.0,,13.01582,77.5656183333333
2025-10-17 00:03:32.277,,,,,,,,,,,,,,,,,,,,,,,,,,,0.0,13.01582,77.5656183333333
2025-10-17 00:03:32.329,,,,,,21.1764705882353,,,,,,,,,,,,,,,,,,,,,,13.01582,77.5656183333333
2025-10-17 00:03:32.377,,,,,,,0.832601809954751,,,,,,,,,,,,,,,,,,,,,13.01582,77.5656183333333
2025-10-17 00:03:32.377,,,,,,,,,,,,,,,0.0134190633031077,,,,,,,,,,,,,13.01582,77.5656183333333
2025-10-17 00:03:32.377,,,,,,,,,,,,,,,,0.0134190633031077,,,,,,,,,,,,13.01582,77.5656183333333
2025-10-17 00:03:32.377,,,,,,,,,,,,,,,,,0.0135532539361388,,,,,,,,,,,13.01582,77.5656183333333
2025-10-17 00:03:32.377,,,,,,,,,,,,,,,,,,0.01,,,,,,,,,,13.01582,77.5656183333333
2025-10-17 00:03:32.377,,,,,,,,,,,,,,,,,,,3.6865323740403,,,,,,,,,13.01582,77.5656183333333
2025-10-17 00:03:32.377,,,,,,,,,,,,,,,,,,,,,,13.63,,,,,,13.01582,77.5656183333333
2025-10-17 00:03:32.377,,,,,,,,,,,,,,,,,,,,,,,,16.356,,,,13.01582,77.5656183333333
2025-10-17 00:03:32.429,,0.0,,,,,,,,,,,,,,,,,,,,,,,,,,13.01582,77.5656183333333
2025-10-17 00:03:32.429,,,,,,,,,0.0,,,,,,,,,,,,,,,,,,,13.01582,77.5656183333333
2025-10-17 00:03:32.429,,,,,,,,,,0.0,,,,,,,,,,,,,,,,,,13.01582,77.5656183333333
2025-10-17 00:03:32.429,,,,,,,,,,,,,,,,,,,,,,,,,,0.0,,13.01582,77.5656183333333
2025-10-17 00:03:32.429,,,,,,,,,,,,,,,,,,,,,,,,,,,0.0,13.01582,77.5656183333333
2025-10-17 00:03:32.479,,,,,,21.1764705882353,,,,,,,,,,,,,,,,,,,,,,13.01582,77.5656183333333
2025-10-17 00:03:32.529,,,,,,,0.834434389140272,,,,,,,,,,,,,,,,,,,,,13.01582,77.5656183333333
2025-10-17 00:03:32.529,,,,,,,,,,,,,,,0.0134544291358227,,,,,,,,,,,,,13.01582,77.5656183333333
2025-10-17 00:03:32.529,,,,,,,,,,,,,,,,0.0134544291358227,,,,,,,,,,,,13.01582,77.5656183333333
2025-10-17 00:03:32.529,,,,,,,,,,,,,,,,,0.0135889734271809,,,,,,,,,,,13.01582,77.5656183333333
2025-10-17 00:03:32.529,,,,,,,,,,,,,,,,,,0.01,,,,,,,,,,13.01582,77.5656183333333
2025-10-17 00:03:32.529,,,,,,,,,,,,,,,,,,,3.69464653187018,,,,,,,,,13.01582,77.5656183333333
2025-10-17 00:03:32.529,,,,,,,,,,,,,,,,,,,,,,13.66,,,,,,13.01582,77.5656183333333
2025-10-17 00:03:32.529,,,,,,,,,,,,,,,,,,,,,,,,16.392,,,,13.01582,77.5656183333333
2025-10-17 00:03:32.594,,0.0,,,,,,,,,,,,,,,,,,,,,,,,,,13.01582,77.5656183333333
2025-10-17 00:03:32.594,,,,,,,,,0.0,,,,,,,,,,,,,,,,,,,13.01582,77.5656183333333
2025-10-17 00:03:32.594,,,,,,,,,,0.0,,,,,,,,,,,,,,,,,,13.01582,77.5656183333333
2025-10-17 00:03:32.594,,,,,,,,,,,,,,,,,,,,,,,,,,0.0,,13.01582,77.5656183333333
2025-10-17 00:03:32.594,,,,,,,,,,,,,,,,,,,,,,,,,,,0.0,13.01582,77.5656183333333
2025-10-17 00:03:32.647,,,,,,21.1764705882353,,,,,,,,,,,,,,,,,,,,,,13.01582,77.5656183333333
2025-10-17 00:03:32.711,,,,,,,0.841153846153846,,,,,,,,,,,,,,,,,,,,,13.01582,77.5656183333333
2025-10-17 00:03:32.711,,,,,,,,,,,,,,,0.0134968167707265,,,,,,,,,,,,,13.01582,77.5656183333333
2025-10-17 00:03:32.711,,,,,,,,,,,,,,,,0.0134968167707265,,,,,,,,,,,,13.01582,77.5656183333333
2025-10-17 00:03:32.711,,,,,,,,,,,,,,,,,0.0136317849384338,,,,,,,,,,,13.01582,77.5656183333333
2025-10-17 00:03:32.711,,,,,,,,,,,,,,,,,,0.01,,,,,,,,,,13.01582,77.5656183333333
2025-10-17 00:03:32.711,,,,,,,,,,,,,,,,,,,3.72439844391306,,,,,,,,,13.01582,77.5656183333333
2025-10-17 00:03:32.711,,,,,,,,,,,,,,,,,,,,,,13.77,,,,,,13.01582,77.5656183333333
2025-10-17 00:03:32.711,,,,,,,,,,,,,,,,,,,,,,,,16.524,,,,13.01582,77.5656183333333
2025-10-17 00:03:32.798,,0.0,,,,,,,,,,,,,,,,,,,,,,,,,,13.01582,77.5656183333333
2025-10-17 00:03:32.798,,,,,,,,,0.0,,,,,,,,,,,,,,,,,,,13.01582,77.5656183333333
2025-10-17 00:03:32.798,,,,,,,,,,0.0,,,,,,,,,,,,,,,,,,13.01582,77.5656183333333
2025-10-17 00:03:32.798,,,,,,,,,,,,,,,,,,,,,,,,,,0.0,,13.01582,77.5656183333333
2025-10-17 00:03:32.798,,,,,,,,,,,,,,,,,,,,,,,,,,,0.0,13.01582,77.5656183333333
2025-10-17 00:03:32.850,,,,,,21.5686274509804,,,,,,,,,,,,,,,,,,,,,,13.01582,77.5656183333333
2025-10-17 00:03:32.896,873.700012207031,,,,,,,,,,,,,,,,,,,,,,,,,,,13.0157847,77.5656106
2025-10-17 00:03:32.907,,,,,,,0.849886877828054,,,,,,,,,,,,,,,,,,,,,13.0157847,77.5656106
2025-10-17 00:03:32.907,,,,,,,,,,,,,,,0.0135429757560112,,,,,,,,,,,,,13.0157847,77.5656106
2025-10-17 00:03:32.907,,,,,,,,,,,,,,,,0.0135429757560112,,,,,,,,,,,,13.0157847,77.5656106
2025-10-17 00:03:32.907,,,,,,,,,,,,,,,,,0.0136784055135713,,,,,,,,,,,13.0157847,77.5656106
2025-10-17 00:03:32.907,,,,,,,,,,,,,,,,,,0.01,,,,,,,,,,13.0157847,77.5656106
2025-10-17 00:03:32.907,,,,,,,,,,,,,,,,,,,3.76306591209,,,,,,,,,13.0157847,77.5656106
2025-10-17 00:03:32.907,,,,,,,,,,,,,,,,,,,,,,13.66,,,,,,13.0157847,77.5656106
2025-10-17 00:03:32.907,,,,,,,,,,,,,,,,,,,,,,,,16.392,,,,13.0157847,77.5656106
2025-10-17 00:03:32.969,,0.0,,,,,,,,,,,,,,,,,,,,,,,,,,13.0157847,77.5656106
2025-10-17 00:03:32.969,,,,,,,,,0.0,,,,,,,,,,,,,,,,,,,13.0157847,77.5656106
2025-10-17 00:03:32.969,,,,,,,,,,0.0,,,,,,,,,,,,,,,,,,13.0157847,77.5656106
2025-10-17 00:03:32.969,,,,,,,,,,,,,,,,,,,,,,,,,,0.0,,13.0157847,77.5656106
2025-10-17 00:03:32.969,,,,,,,,,,,,,,,,,,,,,,,,,,,0.0,13.0157847,77.5656106
2025-10-17 00:03:33.019,,,,,,21.5686274509804,,,,,,,,,,,,,,,,,,,,,,13.0157847,77.5656106
2025-10-17 00:03:33.088,,,,,,,0.846776018099548,,,,,,,,,,,,,,,,,,,,,13.0157847,77.5656106
2025-10-17 00:03:33.088,,,,,,,,,,,,,,,0.013585488193043,,,,,,,,,,,,,13.0157847,77.5656106
2025-10-17 00:03:33.088,,,,,,,,,,,,,,,,0.013585488193043,,,,,,,,,,,,13.0157847,77.5656106
2025-10-17 00:03:33.088,,,,,,,,,,,,,,,,,0.0137213430749734,,,,,,,,,,,13.0157847,77.5656106
2025-10-17 00:03:33.088,,,,,,,,,,,,,,,,,,0.01,,,,,,,,,,13.0157847,77.5656106
2025-10-17 00:03:33.088,,,,,,,,,,,,,,,,,,,3.74929187873682,,,,,,,,,13.0157847,77.5656106
2025-10-17 00:03:33.088,,,,,,,,,,,,,,,,,,,,,,13.61,,,,,,13.0157847,77.5656106
2025-10-17 00:03:33.088,,,,,,,,,,,,,,,,,,,,,,,,16.332,,,,13.0157847,77.5656106
2025-10-17 00:03:33.133,,0.0,,,,,,,,,,,,,,,,,,,,,,,,,,13.0157847,77.5656106
2025-10-17 00:03:33.133,,,,,,,,,0.0,,,,,,,,,,,,,,,,,,,13.0157847,77.5656106
2025-10-17 00:03:33.133,,,,,,,,,,0.0,,,,,,,,,,,,,,,,,,13.0157847,77.5656106
2025-10-17 00:03:33.133,,,,,,,,,,,,,,,,,,,,,,,,,,0.0,,13.0157847,77.5656106
2025-10-17 00:03:33.133,,,,,,,,,,,,,,,,,,,,,,,,,,,0.0,13.0157847,77.5656106
2025-10-17 00:03:33.189,,,,,,21.5686274509804,,,,,,,,,,,,,,,,,,,,,,13.0157847,77.5656106
2025-10-17 00:03:33.237,,,,,,,0.846776018099548,,,,,,,,,,,,,,,,,,,,,13.0157847,77.5656106
2025-10-17 00:03:33.237,,,,,,,,,,,,,,,0.013620580026048,,,,,,,,,,,,,13.0157847,77.5656106
2025-10-17 00:03:33.237,,,,,,,,,,,,,,,,0.013620580026048,,,,,,,,,,,,13.0157847,77.5656106
2025-10-17 00:03:33.237,,,,,,,,,,,,,,,,,0.0137567858263084,,,,,,,,,,,13.0157847,77.5656106
2025-10-17 00:03:33.237,,,,,,,,,,,,,,,,,,0.01,,,,,,,,,,13.0157847,77.5656106
2025-10-17 00:03:33.237,,,,,,,,,,,,,,,,,,,3.74929187873682,,,,,,,,,13.0157847,77.5656106
2025-10-17 00:03:33.237,,,,,,,,,,,,,,,,,,,,,,13.61,,,,,,13.0157847,77.5656106
2025-10-17 00:03:33.237,,,,,,,,,,,,,,,,,,,,,,,,16.332,,,,13.0157847,77.5656106
2025-10-17 00:03:33.283,,0.0,,,,,,,,,,,,,,,,,,,,,,,,,,13.0157847,77.5656106
2025-10-17 00:03:33.283,,,,,,,,,0.0,,,,,,,,,,,,,,,,,,,13.0157847,77.5656106
2025-10-17 00:03:33.283,,,,,,,,,,0.0,,,,,,,,,,,,,,,,,,13.0157847,77.5656106
2025-10-17 00:03:33.283,,,,,,,,,,,,,,,,,,,,,,,,,,0.0,,13.0157847,77.5656106
2025-10-17 00:03:33.283,,,,,,,,,,,,,,,,,,,,,,,,,,,0.0,13.0157847,77.5656106
2025-10-17 00:03:33.333,,,,,,21.5686274509804,,,,,,,,,,,,,,,,,,,,,,13.0157847,77.5656106
2025-10-17 00:03:33.392,,,,,,,0.846776018099548,,,,,,,,,,,,,,,,,,,,,13.0157847,77.5656106
2025-10-17 00:03:33.392,,,,,,,,,,,,,,,0.0136571280785885,,,,,,,,,,,,,13.0157847,77.5656106
2025-10-17 00:03:33.392,,,,,,,,,,,,,,,,0.0136571280785885,,,,,,,,,,,,13.0157847,77.5656106
2025-10-17 00:03:33.392,,,,,,,,,,,,,,,,,0.0137936993593744,,,,,,,,,,,13.0157847,77.5656106
2025-10-17 00:03:33.392,,,,,,,,,,,,,,,,,,0.01,,,,,,,,,,13.0157847,77.5656106
2025-10-17 00:03:33.392,,,,,,,,,,,,,,,,,,,3.74929187873682,,,,,,,,,13.0157847,77.5656106
2025-10-17 00:03:33.392,,,,,,,,,,,,,,,,,,,,,,13.61,,,,,,13.0157847,77.5656106
2025-10-17 00:03:33.392,,,,,,,,,,,,,,,,,,,,,,,,16.332,,,,13.0157847,77.5656106
2025-10-17 00:03:33.441,,0.0,,,,,,,,,,,,,,,,,,,,,,,,,,13.0157847,77.5656106
2025-10-17 00:03:33.441,,,,,,,,,0.0,,,,,,,,,,,,,,,,,,,13.0157847,77.5656106
2025-10-17 00:03:33.441,,,,,,,,,,0.0,,,,,,,,,,,,,,,,,,13.0157847,77.5656106
2025-10-17 00:03:33.441,,,,,,,,,,,,,,,,,,,,,,,,,,0.0,,13.0157847,77.5656106
2025-10-17 00:03:33.441,,,,,,,,,,,,,,,,,,,,,,,,,,,0.0,13.0157847,77.5656106
2025-10-17 00:03:33.500,,,,,,21.5686274509804,,,,,,,,,,,,,,,,,,,,,,13.0157847,77.5656106
2025-10-17 00:03:33.547,,,,,,,0.849886877828054,,,,,,,,,,,,,,,,,,,,,13.0157847,77.5656106
2025-10-17 00:03:33.547,,,,,,,,,,,,,,,0.0136935284266623,,,,,,,,,,,,,13.0157847,77.5656106
2025-10-17 00:03:33.547,,,,,,,,,,,,,,,,0.0136935284266623,,,,,,,,,,,,13.0157847,77.5656106
2025-10-17 00:03:33.547,,,,,,,,,,,,,,,,,0.0138304637109289,,,,,,,,,,,13.0157847,77.5656106
2025-10-17 00:03:33.547,,,,,,,,,,,,,,,,,,0.01,,,,,,,,,,13.0157847,77.5656106
2025-10-17 00:03:33.547,,,,,,,,,,,,,,,,,,,3.76306591209,,,,,,,,,13.0157847,77.5656106
2025-10-17 00:03:33.547,,,,,,,,,,,,,,,,,,,,,,13.66,,,,,,13.0157847,77.5656106
2025-10-17 00:03:33.547,,,,,,,,,,,,,,,,,,,,,,,,16.392,,,,13.0157847,77.5656106
2025-10-17 00:03:33.604,,0.0,,,,,,,,,,,,,,,,,,,,,,,,,,13.0157847,77.5656106
2025-10-17 00:03:33.604,,,,,,,,,0.0,,,,,,,,,,,,,,,,,,,13.0157847,77.5656106
2025-10-17 00:03:33.604,,,,,,,,,,0.0,,,,,,,,,,,,,,,,,,13.0157847,77.5656106
2025-10-17 00:03:33.604,,,,,,,,,,,,,,,,,,,,,,,,,,0.0,,13.0157847,77.5656106
2025-10-17 00:03:33.604,,,,,,,,,,,,,,,,,,,,,,,,,,,0.0,13.0157847,77.5656106
2025-10-17 00:03:33.651,,,,,,21.1764705882353,,,,,,,,,,,,,,,,,,,,,,13.0157847,77.5656106
2025-10-17 00:03:33.697,,,,,,,0.832601809954751,,,,,,,,,,,,,,,,,,,,,13.0157847,77.5656106
2025-10-17 00:03:33.697,,,,,,,,,,,,,,,0.0137284115977765,,,,,,,,,,,,,13.0157847,77.5656106
2025-10-17 00:03:33.697,,,,,,,,,,,,,,,,0.0137284115977765,,,,,,,,,,,,13.0157847,77.5656106
2025-10-17 00:03:33.697,,,,,,,,,,,,,,,,,0.0138656957137543,,,,,,,,,,,13.0157847,77.5656106
2025-10-17 00:03:33.697,,,,,,,,,,,,,,,,,,0.01,,,,,,,,,,13.0157847,77.5656106
2025-10-17 00:03:33.697,,,,,,,,,,,,,,,,,,,3.6865323740403,,,,,,,,,13.0157847,77.5656106
2025-10-17 00:03:33.697,,,,,,,,,,,,,,,,,,,,,,13.63,,,,,,13.0157847,77.5656106
2025-10-17 00:03:33.697,,,,,,,,,,,,,,,,,,,,,,,,16.356,,,,13.0157847,77.5656106
2025-10-17 00:03:33.746,,0.0,,,,,,,,,,,,,,,,,,,,,,,,,,13.0157847,77.5656106
2025-10-17 00:03:33.746,,,,,,,,,0.0,,,,,,,,,,,,,,,,,,,13.0157847,77.5656106
2025-10-17 00:03:33.746,,,,,,,,,,0.0,,,,,,,,,,,,,,,,,,13.0157847,77.5656106
2025-10-17 00:03:33.746,,,,,,,,,,,,,,,,,,,,,,,,,,0.0,,13.0157847,77.5656106
2025-10-17 00:03:33.746,,,,,,,,,,,,,,,,,,,,,,,,,,,0.0,13.0157847,77.5656106
2025-10-17 00:03:33.805,,,,,,21.1764705882353,,,,,,,,,,,,,,,,,,,,,,13.0157847,77.5656106
2025-10-17 00:03:33.851,,,,,,,0.836266968325792,,,,,,,,,,,,,,,,,,,,,13.0157847,77.5656106
2025-10-17 00:03:33.851,,,,,,,,,,,,,,,0.013764403970582,,,,,,,,,,,,,13.0157847,77.5656106
2025-10-17 00:03:33.851,,,,,,,,,,,,,,,,0.013764403970582,,,,,,,,,,,,13.0157847,77.5656106
2025-10-17 00:03:33.851,,,,,,,,,,,,,,,,,0.0139020480102878,,,,,,,,,,,13.0157847,77.5656106
2025-10-17 00:03:33.851,,,,,,,,,,,,,,,,,,0.01,,,,,,,,,,13.0157847,77.5656106
2025-10-17 00:03:33.851,,,,,,,,,,,,,,,,,,,3.70276068970006,,,,,,,,,13.0157847,77.5656106
2025-10-17 00:03:33.851,,,,,,,,,,,,,,,,,,,,,,13.69,,,,,,13.0157847,77.5656106
2025-10-17 00:03:33.851,,,,,,,,,,,,,,,,,,,,,,,,16.428,,,,13.0157847,77.5656106
2025-10-17 00:03:33.908,,0.0,,,,,,,,,,,,,,,,,,,,,,,,,,13.0157847,77.5656106
2025-10-17 00:03:33.908,,,,,,,,,0.0,,,,,,,,,,,,,,,,,,,13.0157847,77.5656106
2025-10-17 00:03:33.908,,,,,,,,,,0.0,,,,,,,,,,,,,,,,,,13.0157847,77.5656106
2025-10-17 00:03:33.908,,,,,,,,,,,,,,,,,,,,,,,,,,0.0,,13.0157847,77.5656106
2025-10-17 00:03:33.908,,,,,,,,,,,,,,,,,,,,,,,,,,,0.0,13.0157847,77.5656106
2025-10-17 00:03:33.959,,,,,,21.5686274509804,,,,,,,,,,,,,,,,,,,,,,13.0157847,77.5656106
2025-10-17 00:03:34.005,,,,,,,0.854864253393665,,,,,,,,,,,,,,,,,,,,,13.0157847,77.5656106
2025-10-17 00:03:34.005,,,,,,,,,,,,,,,0.0138006744123335,,,,,,,,,,,,,13.0157847,77.5656106
2025-10-17 00:03:34.005,,,,,,,,,,,,,,,,0.0138006744123335,,,,,,,,,,,,13.0157847,77.5656106
2025-10-17 00:03:34.005,,,,,,,,,,,,,,,,,0.0139386811564568,,,,,,,,,,,13.0157847,77.5656106
2025-10-17 00:03:34.005,,,,,,,,,,,,,,,,,,0.01,,,,,,,,,,13.0157847,77.5656106
2025-10-17 00:03:34.005,,,,,,,,,,,,,,,,,,,3.78510436545509,,,,,,,,,13.0157847,77.5656106
2025-10-17 00:03:34.005,,,,,,,,,,,,,,,,,,,,,,13.74,,,,,,13.0157847,77.5656106
2025-10-17 00:03:34.005,,,,,,,,,,,,,,,,,,,,,,,,16.488,,,,13.0157847,77.5656106
2025-10-17 00:03:34.054,,0.0,,,,,,,,,,,,,,,,,,,,,,,,,,13.0157847,77.5656106
2025-10-17 00:03:34.054,,,,,,,,,0.0,,,,,,,,,,,,,,,,,,,13.0157847,77.5656106
2025-10-17 00:03:34.054,,,,,,,,,,0.0,,,,,,,,,,,,,,,,,,13.0157847,77.5656106
2025-10-17 00:03:34.054,,,,,,,,,,,,,,,,,,,,,,,,,,0.0,,13.0157847,77.5656106
2025-10-17 00:03:34.054,,,,,,,,,,,,,,,,,,,,,,,,,,,0.0,13.0157847,77.5656106
2025-10-17 00:03:34.099,,,,,,21.5686274509804,,,,,,,,,,,,,,,,,,,,,,13.0157847,77.5656106
2025-10-17 00:03:34.156,,,,,,,0.851753393665158,,,,,,,,,,,,,,,,,,,,,13.0157847,77.5656106
2025-10-17 00:03:34.156,,,,,,,,,,,,,,,0.0138365574105392,,,,,,,,,,,,,13.0157847,77.5656106
2025-10-17 00:03:34.156,,,,,,,,,,,,,,,,0.0138365574105392,,,,,,,,,,,,13.0157847,77.5656106
2025-10-17 00:03:34.156,,,,,,,,,,,,,,,,,0.0139749229846446,,,,,,,,,,,13.0157847,77.5656106
2025-10-17 00:03:34.156,,,,,,,,,,,,,,,,,,0.01,,,,,,,,,,13.0157847,77.5656106
2025-10-17 00:03:34.156,,,,,,,,,,,,,,,,,,,3.77133033210191,,,,,,,,,13.0157847,77.5656106
2025-10-17 00:03:34.156,,,,,,,,,,,,,,,,,,,,,,13.69,,,,,,13.0157847,77.5656106
2025-10-17 00:03:34.156,,,,,,,,,,,,,,,,,,,,,,,,16.428,,,,13.0157847,77.5656106
2025-10-17 00:03:34.206,,0.0,,,,,,,,,,,,,,,,,,,,,,,,,,13.0157847,77.5656106
2025-10-17 00:03:34.206,,,,,,,,,0.0,,,,,,,,,,,,,,,,,,,13.0157847,77.5656106
2025-10-17 00:03:34.206,,,,,,,,,,0.0,,,,,,,,,,,,,,,,,,13.0157847,77.5656106
2025-10-17 00:03:34.206,,,,,,,,,,,,,,,,,,,,,,,,,,0.0,,13.0157847,77.5656106
2025-10-17 00:03:34.206,,,,,,,,,,,,,,,,,,,,,,,,,,,0.0,13.0157847,77.5656106
2025-10-17 00:03:34.258,,,,,,21.1764705882353,,,,,,,,,,,,,,,,,,,,,,13.0157847,77.5656106
2025-10-17 00:03:34.307,,,,,,,0.841153846153846,,,,,,,,,,,,,,,,,,,,,13.0157847,77.5656106
2025-10-17 00:03:34.307,,,,,,,,,,,,,,,0.0138717334363085,,,,,,,,,,,,,13.0157847,77.5656106
2025-10-17 00:03:34.307,,,,,,,,,,,,,,,,0.0138717334363085,,,,,,,,,,,,13.0157847,77.5656106
2025-10-17 00:03:34.307,,,,,,,,,,,,,,,,,0.0140104507706715,,,,,,,,,,,13.0157847,77.5656106
2025-10-17 00:03:34.307,,,,,,,,,,,,,,,,,,0.01,,,,,,,,,,13.0157847,77.5656106
2025-10-17 00:03:34.307,,,,,,,,,,,,,,,,,,,3.72439844391306,,,,,,,,,13.0157847,77.5656106
2025-10-17 00:03:34.307,,,,,,,,,,,,,,,,,,,,,,13.77,,,,,,13.0157847,77.5656106
2025-10-17 00:03:34.307,,,,,,,,,,,,,,,,,,,,,,,,16.524,,,,13.0157847,77.5656106
2025-10-17 00:03:34.355,,0.0,,,,,,,,,,,,,,,,,,,,,,,,,,13.0157847,77.5656106
2025-10-17 00:03:34.355,,,,,,,,,0.0,,,,,,,,,,,,,,,,,,,13.0157847,77.5656106
2025-10-17 00:03:34.355,,,,,,,,,,0.0,,,,,,,,,,,,,,,,,,13.0157847,77.5656106
2025-10-17 00:03:34.355,,,,,,,,,,,,,,,,,,,,,,,,,,0.0,,13.0157847,77.5656106
2025-10-17 00:03:34.355,,,,,,,,,,,,,,,,,,,,,,,,,,,0.0,13.0157847,77.5656106
2025-10-17 00:03:34.426,,,,,,21.1764705882353,,,,,,,,,,,,,,,,,,,,,,13.0157847,77.5656106
2025-10-17 00:03:34.475,,,,,,,0.834434389140272,,,,,,,,,,,,,,,,,,,,,13.0157847,77.5656106
2025-10-17 00:03:34.475,,,,,,,,,,,,,,,0.0139106911150302,,,,,,,,,,,,,13.0157847,77.5656106
2025-10-17 00:03:34.475,,,,,,,,,,,,,,,,0.0139106911150302,,,,,,,,,,,,13.0157847,77.5656106
2025-10-17 00:03:34.475,,,,,,,,,,,,,,,,,0.0140497980261805,,,,,,,,,,,13.0157847,77.5656106
2025-10-17 00:03:34.475,,,,,,,,,,,,,,,,,,0.01,,,,,,,,,,13.0157847,77.5656106
2025-10-17 00:03:34.475,,,,,,,,,,,,,,,,,,,3.69464653187018,,,,,,,,,13.0157847,77.5656106
2025-10-17 00:03:34.475,,,,,,,,,,,,,,,,,,,,,,13.66,,,,,,13.0157847,77.5656106
2025-10-17 00:03:34.475,,,,,,,,,,,,,,,,,,,,,,,,16.392,,,,13.0157847,77.5656106
2025-10-17 00:03:34.522,,0.0,,,,,,,,,,,,,,,,,,,,,,,,,,13.0157847,77.5656106
2025-10-17 00:03:34.522,,,,,,,,,0.0,,,,,,,,,,,,,,,,,,,13.0157847,77.5656106
2025-10-17 00:03:34.522,,,,,,,,,,0.0,,,,,,,,,,,,,,,,,,13.0157847,77.5656106
2025-10-17 00:03:34.522,,,,,,,,,,,,,,,,,,,,,,,,,,0.0,,13.0157847,77.5656106
2025-10-17 00:03:34.522,,,,,,,,,,,,,,,,,,,,,,,,,,,0.0,13.0157847,77.5656106
2025-10-17 00:03:34.567,,,,,,21.1764705882353,,,,,,,,,,,,,,,,,,,,,,13.0157847,77.5656106
2025-10-17 00:03:34.613,,,,,,,0.832601809954751,,,,,,,,,,,,,,,,,,,,,13.0157847,77.5656106
2025-10-17 00:03:34.613,,,,,,,,,,,,,,,0.0139425856850754,,,,,,,,,,,,,13.0157847,77.5656106
2025-10-17 00:03:34.613,,,,,,,,,,,,,,,,0.0139425856850754,,,,,,,,,,,,13.0157847,77.5656106
2025-10-17 00:03:34.613,,,,,,,,,,,,,,,,,0.0140820115419262,,,,,,,,,,,13.0157847,77.5656106
2025-10-17 00:03:34.613,,,,,,,,,,,,,,,,,,0.01,,,,,,,,,,13.0157847,77.5656106
2025-10-17 00:03:34.613,,,,,,,,,,,,,,,,,,,3.6865323740403,,,,,,,,,13.0157847,77.5656106
2025-10-17 00:03:34.613,,,,,,,,,,,,,,,,,,,,,,13.63,,,,,,13.0157847,77.5656106
2025-10-17 00:03:34.613,,,,,,,,,,,,,,,,,,,,,,,,16.356,,,,13.0157847,77.5656106
2025-10-17 00:03:34.660,,0.0,,,,,,,,,,,,,,,,,,,,,,,,,,13.0157847,77.5656106
2025-10-17 00:03:34.660,,,,,,,,,0.0,,,,,,,,,,,,,,,,,,,13.0157847,77.5656106
2025-10-17 00:03:34.660,,,,,,,,,,0.0,,,,,,,,,,,,,,,,,,13.0157847,77.5656106
2025-10-17 00:03:34.660,,,,,,,,,,,,,,,,,,,,,,,,,,0.0,,13.0157847,77.5656106
2025-10-17 00:03:34.660,,,,,,,,,,,,,,,,,,,,,,,,,,,0.0,13.0157847,77.5656106
2025-10-17 00:03:34.708,,,,,,21.5686274509804,,,,,,,,,,,,,,,,,,,,,,13.0157847,77.5656106
2025-10-17 00:03:34.753,,,,,,,0.853619909502263,,,,,,,,,,,,,,,,,,,,,13.0157847,77.5656106
2025-10-17 00:03:34.753,,,,,,,,,,,,,,,0.0139757426061036,,,,,,,,,,,,,13.0157847,77.5656106
2025-10-17 00:03:34.753,,,,,,,,,,,,,,,,0.0139757426061036,,,,,,,,,,,,13.0157847,77.5656106
2025-10-17 00:03:34.753,,,,,,,,,,,,,,,,,0.0141155000321646,,,,,,,,,,,13.0157847,77.5656106
2025-10-17 00:03:34.753,,,,,,,,,,,,,,,,,,0.01,,,,,,,,,,13.0157847,77.5656106
2025-10-17 00:03:34.753,,,,,,,,,,,,,,,,,,,3.77959475211382,,,,,,,,,13.0157847,77.5656106
2025-10-17 00:03:34.753,,,,,,,,,,,,,,,,,,,,,,13.72,,,,,,13.0157847,77.5656106
2025-10-17 00:03:34.753,,,,,,,,,,,,,,,,,,,,,,,,16.464,,,,13.0157847,77.5656106
2025-10-17 00:03:34.804,,0.0,,,,,,,,,,,,,,,,,,,,,,,,,,13.0157847,77.5656106
2025-10-17 00:03:34.804,,,,,,,,,0.0,,,,,,,,,,,,,,,,,,,13.0157847,77.5656106
2025-10-17 00:03:34.804,,,,,,,,,,0.0,,,,,,,,,,,,,,,,,,13.0157847,77.5656106
2025-10-17 00:03:34.804,,,,,,,,,,,,,,,,,,,,,,,,,,0.0,,13.0157847,77.5656106
2025-10-17 00:03:34.804,,,,,,,,,,,,,,,,,,,,,,,,,,,0.0,13.0157847,77.5656106
2025-10-17 00:03:34.854,,,,,,21.1764705882353,,,,,,,,,,,,,,,,,,,,,,13.0157847,77.5656106
2025-10-17 00:03:34.899,,,,,,,0.841153846153846,,,,,,,,,,,,,,,,,,,,,13.0157847,77.5656106
2025-10-17 00:03:34.899,,,,,,,,,,,,,,,0.014009890204469,,,,,,,,,,,,,13.0157847,77.5656106
2025-10-17 00:03:34.899,,,,,,,,,,,,,,,,0.014009890204469,,,,,,,,,,,,13.0157847,77.5656106
2025-10-17 00:03:34.899,,,,,,,,,,,,,,,,,0.0141499891065136,,,,,,,,,,,13.0157847,77.5656106
2025-10-17 00:03:34.899,,,,,,,,,,,,,,,,,,0.01,,,,,,,,,,13.0157847,77.5656106
2025-10-17 00:03:34.899,,,,,,,,,,,,,,,,,,,3.72439844391306,,,,,,,,,13.0157847,77.5656106
2025-10-17 00:03:34.899,,,,,,,,,,,,,,,,,,,,,,13.77,,,,,,13.0157847,77.5656106
2025-10-17 00:03:34.899,,,,,,,,,,,,,,,,,,,,,,,,16.524,,,,13.0157847,77.5656106
2025-10-17 00:03:34.955,,0.0,,,,,,,,,,,,,,,,,,,,,,,,,,13.0157847,77.5656106
2025-10-17 00:03:34.955,,,,,,,,,0.0,,,,,,,,,,,,,,,,,,,13.0157847,77.5656106
2025-10-17 00:03:34.955,,,,,,,,,,0.0,,,,,,,,,,,,,,,,,,13.0157847,77.5656106
2025-10-17 00:03:34.955,,,,,,,,,,,,,,,,,,,,,,,,,,0.0,,13.0157847,77.5656106
2025-10-17 00:03:34.955,,,,,,,,,,,,,,,,,,,,,,,,,,,0.0,13.0157847,77.5656106
2025-10-17 00:03:35.006,,,,,,21.5686274509804,,,,,,,,,,,,,,,,,,,,,,13.0157847,77.5656106
2025-10-17 00:03:35.059,,,,,,,0.854864253393665,,,,,,,,,,,,,,,,,,,,,13.0157847,77.5656106
2025-10-17 00:03:35.059,,,,,,,,,,,,,,,0.0140482695250949,,,,,,,,,,,,,13.0157847,77.5656106
2025-10-17 00:03:35.059,,,,,,,,,,,,,,,,0.0140482695250949,,,,,,,,,,,,13.0157847,77.5656106
2025-10-17 00:03:35.059,,,,,,,,,,,,,,,,,0.0141887522203458,,,,,,,,,,,13.0157847,77.5656106
2025-10-17 00:03:35.059,,,,,,,,,,,,,,,,,,0.01,,,,,,,,,,13.0157847,77.5656106
2025-10-17 00:03:35.059,,,,,,,,,,,,,,,,,,,3.78510436545509,,,,,,,,,13.0157847,77.5656106
2025-10-17 00:03:35.059,,,,,,,,,,,,,,,,,,,,,,13.74,,,,,,13.0157847,77.5656106
2025-10-17 00:03:35.059,,,,,,,,,,,,,,,,,,,,,,,,16.488,,,,13.0157847,77.5656106
2025-10-17 00:03:35.117,,0.0,,,,,,,,,,,,,,,,,,,,,,,,,,13.0157847,77.5656106
2025-10-17 00:03:35.117,,,,,,,,,0.0,,,,,,,,,,,,,,,,,,,13.0157847,77.5656106
2025-10-17 00:03:35.117,,,,,,,,,,0.0,,,,,,,,,,,,,,,,,,13.0157847,77.5656106
2025-10-17 00:03:35.117,,,,,,,,,,,,,,,,,,,,,,,,,,0.0,,13.0157847,77.5656106
2025-10-17 00:03:35.117,,,,,,,,,,,,,,,,,,,,,,,,,,,0.0,13.0157847,77.5656106
2025-10-17 00:03:35.170,,,,,,21.1764705882353,,,,,,,,,,,,,,,,,,,,,,13.0157847,77.5656106
2025-10-17 00:03:35.223,,,,,,,0.836266968325792,,,,,,,,,,,,,,,,,,,,,13.0157847,77.5656106
2025-10-17 00:03:35.223,,,,,,,,,,,,,,,0.0140863961905813,,,,,,,,,,,,,13.0157847,77.5656106
2025-10-17 00:03:35.223,,,,,,,,,,,,,,,,0.0140863961905813,,,,,,,,,,,,13.0157847,77.5656106
2025-10-17 00:03:35.223,,,,,,,,,,,,,,,,,0.0142272601524871,,,,,,,,,,,13.0157847,77.5656106
2025-10-17 00:03:35.223,,,,,,,,,,,,,,,,,,0.01,,,,,,,,,,13.0157847,77.5656106
2025-10-17 00:03:35.223,,,,,,,,,,,,,,,,,,,3.70276068970006,,,,,,,,,13.0157847,77.5656106
2025-10-17 00:03:35.223,,,,,,,,,,,,,,,,,,,,,,13.69,,,,,,13.0157847,77.5656106
2025-10-17 00:03:35.223,,,,,,,,,,,,,,,,,,,,,,,,16.428,,,,13.0157847,77.5656106
2025-10-17 00:03:35.286,,0.0,,,,,,,,,,,,,,,,,,,,,,,,,,13.0157847,77.5656106
2025-10-17 00:03:35.286,,,,,,,,,0.0,,,,,,,,,,,,,,,,,,,13.0157847,77.5656106
2025-10-17 00:03:35.286,,,,,,,,,,0.0,,,,,,,,,,,,,,,,,,13.0157847,77.5656106
2025-10-17 00:03:35.286,,,,,,,,,,,,,,,,,,,,,,,,,,0.0,,13.0157847,77.5656106
2025-10-17 00:03:35.286,,,,,,,,,,,,,,,,,,,,,,,,,,,0.0,13.0157847,77.5656106
2025-10-17 00:03:35.355,,,,,,21.1764705882353,,,,,,,,,,,,,,,,,,,,,,13.0157847,77.5656106
2025-10-17 00:03:35.403,,,,,,,0.832601809954751,,,,,,,,,,,,,,,,,,,,,13.0157847,77.5656106
2025-10-17 00:03:35.403,,,,,,,,,,,,,,,0.0141276696962261,,,,,,,,,,,,,13.0157847,77.5656106
2025-10-17 00:03:35.403,,,,,,,,,,,,,,,,0.0141276696962261,,,,,,,,,,,,13.0157847,77.5656106
2025-10-17 00:03:35.403,,,,,,,,,,,,,,,,,0.0142689463931884,,,,,,,,,,,13.0157847,77.5656106
2025-10-17 00:03:35.403,,,,,,,,,,,,,,,,,,0.01,,,,,,,,,,13.0157847,77.5656106
2025-10-17 00:03:35.403,,,,,,,,,,,,,,,,,,,3.6865323740403,,,,,,,,,13.0157847,77.5656106
2025-10-17 00:03:35.403,,,,,,,,,,,,,,,,,,,,,,13.63,,,,,,13.0157847,77.5656106
2025-10-17 00:03:35.403,,,,,,,,,,,,,,,,,,,,,,,,16.356,,,,13.0157847,77.5656106
2025-10-17 00:03:35.455,,0.0,,,,,,,,,,,,,,,,,,,,,,,,,,13.0157847,77.5656106
2025-10-17 00:03:35.455,,,,,,,,,0.0,,,,,,,,,,,,,,,,,,,13.0157847,77.5656106
2025-10-17 00:03:35.455,,,,,,,,,,0.0,,,,,,,,,,,,,,,,,,13.0157847,77.5656106
2025-10-17 00:03:35.455,,,,,,,,,,,,,,,,,,,,,,,,,,0.0,,13.0157847,77.5656106
2025-10-17 00:03:35.455,,,,,,,,,,,,,,,,,,,,,,,,,,,0.0,13.0157847,77.5656106
2025-10-17 00:03:35.531,,,,,,21.1764705882353,,,,,,,,,,,,,,,,,,,,,,13.0157847,77.5656106
2025-10-17 00:03:35.579,,,,,,,0.834434389140272,,,,,,,,,,,,,,,,,,,,,13.0157847,77.5656106
2025-10-17 00:03:35.579,,,,,,,,,,,,,,,0.0141685093258189,,,,,,,,,,,,,13.0157847,77.5656106
2025-10-17 00:03:35.579,,,,,,,,,,,,,,,,0.0141685093258189,,,,,,,,,,,,13.0157847,77.5656106
2025-10-17 00:03:35.579,,,,,,,,,,,,,,,,,0.0143101944190771,,,,,,,,,,,13.0157847,77.5656106
2025-10-17 00:03:35.579,,,,,,,,,,,,,,,,,,0.01,,,,,,,,,,13.0157847,77.5656106
2025-10-17 00:03:35.579,,,,,,,,,,,,,,,,,,,3.69464653187018,,,,,,,,,13.0157847,77.5656106
2025-10-17 00:03:35.579,,,,,,,,,,,,,,,,,,,,,,13.66,,,,,,13.0157847,77.5656106
2025-10-17 00:03:35.579,,,,,,,,,,,,,,,,,,,,,,,,16.392,,,,13.0157847,77.5656106
2025-10-17 00:03:35.661,,0.0,,,,,,,,,,,,,,,,,,,,,,,,,,13.0157847,77.5656106
2025-10-17 00:03:35.661,,,,,,,,,0.0,,,,,,,,,,,,,,,,,,,13.0157847,77.5656106
2025-10-17 00:03:35.661,,,,,,,,,,0.0,,,,,,,,,,,,,,,,,,13.0157847,77.5656106
2025-10-17 00:03:35.661,,,,,,,,,,,,,,,,,,,,,,,,,,0.0,,13.0157847,77.5656106
2025-10-17 00:03:35.661,,,,,,,,,,,,,,,,,,,,,,,,,,,0.0,13.0157847,77.5656106
2025-10-17 00:03:35.706,,,,,,21.1764705882353,,,,,,,,,,,,,,,,,,,,,,13.0157847,77.5656106
2025-10-17 00:03:35.753,,,,,,,0.836266968325792,,,,,,,,,,,,,,,,,,,,,13.0157847,77.5656106
2025-10-17 00:03:35.753,,,,,,,,,,,,,,,0.0142089695710508,,,,,,,,,,,,,13.0157847,77.5656106
2025-10-17 00:03:35.753,,,,,,,,,,,,,,,,0.0142089695710508,,,,,,,,,,,,13.0157847,77.5656106
2025-10-17 00:03:35.753,,,,,,,,,,,,,,,,,0.0143510592667613,,,,,,,,,,,13.0157847,77.5656106
2025-10-17 00:03:35.753,,,,,,,,,,,,,,,,,,0.01,,,,,,,,,,13.0157847,77.5656106
2025-10-17 00:03:35.753,,,,,,,,,,,,,,,,,,,3.70276068970006,,,,,,,,,13.0157847,77.5656106
2025-10-17 00:03:35.753,,,,,,,,,,,,,,,,,,,,,,13.69,,,,,,13.0157847,77.5656106
2025-10-17 00:03:35.753,,,,,,,,,,,,,,,,,,,,,,,,16.428,,,,13.0157847,77.5656106
2025-10-17 00:03:35.826,,0.0,,,,,,,,,,,,,,,,,,,,,,,,,,13.0157847,77.5656106
2025-10-17 00:03:35.826,,,,,,,,,0.0,,,,,,,,,,,,,,,,,,,13.0157847,77.5656106
2025-10-17 00:03:35.826,,,,,,,,,,0.0,,,,,,,,,,,,,,,,,,13.0157847,77.5656106
2025-10-17 00:03:35.826,,,,,,,,,,,,,,,,,,,,,,,,,,0.0,,13.0157847,77.5656106
2025-10-17 00:03:35.826,,,,,,,,,,,,,,,,,,,,,,,,,,,0.0,13.0157847,77.5656106
2025-10-17 00:03:35.880,,,,,,21.5686274509804,,,,,,,,,,,,,,,,,,,,,,13.0157847,77.5656106
2025-10-17 00:03:35.929,,,,,,,0.84802036199095,,,,,,,,,,,,,,,,,,,,,13.0157847,77.5656106
2025-10-17 00:03:35.929,,,,,,,,,,,,,,,0.0142504323488443,,,,,,,,,,,,,13.0157847,77.5656106
2025-10-17 00:03:35.929,,,,,,,,,,,,,,,,0.0142504323488443,,,,,,,,,,,,13.0157847,77.5656106
2025-10-17 00:03:35.929,,,,,,,,,,,,,,,,,0.0143929366723327,,,,,,,,,,,13.0157847,77.5656106
2025-10-17 00:03:35.929,,,,,,,,,,,,,,,,,,0.01,,,,,,,,,,13.0157847,77.5656106
2025-10-17 00:03:35.929,,,,,,,,,,,,,,,,,,,3.75480149207809,,,,,,,,,13.0157847,77.5656106
2025-10-17 00:03:35.929,,,,,,,,,,,,,,,,,,,,,,13.63,,,,,,13.0157847,77.5656106
2025-10-17 00:03:35.929,,,,,,,,,,,,,,,,,,,,,,,,16.356,,,,13.0157847,77.5656106
2025-10-17 00:03:35.979,,0.0,,,,,,,,,,,,,,,,,,,,,,,,,,13.0157847,77.5656106
2025-10-17 00:03:35.979,,,,,,,,,0.0,,,,,,,,,,,,,,,,,,,13.0157847,77.5656106
2025-10-17 00:03:35.979,,,,,,,,,,0.0,,,,,,,,,,,,,,,,,,13.0157847,77.5656106
2025-10-17 00:03:35.979,,,,,,,,,,,,,,,,,,,,,,,,,,0.0,,13.0157847,77.5656106
2025-10-17 00:03:35.979,,,,,,,,,,,,,,,,,,,,,,,,,,,0.0,13.0157847,77.5656106
2025-10-17 00:03:36.045,,,,,,21.1764705882353,,,,,,,,,,,,,,,,,,,,,,13.0157847,77.5656106
2025-10-17 00:03:36.090,,,,,,,0.839321266968326,,,,,,,,,,,,,,,,,,,,,13.0157847,77.5656106
2025-10-17 00:03:36.090,,,,,,,,,,,,,,,0.0142878100060275,,,,,,,,,,,,,13.0157847,77.5656106
2025-10-17 00:03:36.090,,,,,,,,,,,,,,,,0.0142878100060275,,,,,,,,,,,,13.0157847,77.5656106
2025-10-17 00:03:36.090,,,,,,,,,,,,,,,,,0.0144306881060878,,,,,,,,,,,13.0157847,77.5656106
2025-10-17 00:03:36.090,,,,,,,,,,,,,,,,,,0.01,,,,,,,,,,13.0157847,77.5656106
2025-10-17 00:03:36.090,,,,,,,,,,,,,,,,,,,3.71628428608318,,,,,,,,,13.0157847,77.5656106
2025-10-17 00:03:36.090,,,,,,,,,,,,,,,,,,,,,,13.74,,,,,,13.0157847,77.5656106
2025-10-17 00:03:36.090,,,,,,,,,,,,,,,,,,,,,,,,16.488,,,,13.0157847,77.5656106
2025-10-17 00:03:41.056,,,0.174459723053283,,,,,,,,,,,,,,,,,,,,,,,,,13.0158566666667,77.5656216666667
2025-10-17 00:03:41.056,,,,,,,,,,,,,,,,,,,,,,,,,0.298332989215851,,,13.0158566666667,77.5656216666667
2025-10-17 00:03:41.057,854.3,,,,,,,,,,,,,,,,,,,,,,,,,,,13.0158566666667,77.5656216666667
2025-10-17 00:03:42.818,,,0.173096842453269,,,,,,,,,,,,,,,,,,,,,,,,,13.0158566666667,77.5656216666667
2025-10-17 00:03:42.818,,,,,,,,,,,,,,,,,,,,,,,,,0.0,,,13.0158566666667,77.5656216666667
2025-10-17 00:03:44.581,854.4,,,,,,,,,,,,,,,,,,,,,,,,,,,13.0158533333333,77.5656216666667
2025-10-17 00:03:46.828,854.5,,,,,,,,,,,,,,,,,,,,,,,,,,,13.0158516666667,77.5656216666667
2025-10-17 00:03:51.821,854.4,,,,,,,,,,,,,,,,,,,,,,,,,,,13.0158533333333,77.56562
2025-10-17 00:03:54.087,873.700012207031,,,,,,,,,,,,,,,,,,,,,,,,,,,13.0158602,77.5656731
2025-10-17 00:03:57.508,,,,,,,,,,,,,,,,,,,,,,,,,,0.0,,13.0158602,77.5656731
2025-10-17 00:03:57.508,,,,,,,,,,,,,,,,,,,,,,,,,,,0.0,13.0158602,77.5656731
2025-10-17 00:03:57.557,,,,,,,,,0.0,,,,,,,,,,,,,,,,,,,13.0158602,77.5656731
2025-10-17 00:03:57.557,,,,,,,,,,0.0,,,,,,,,,,,,,,,,,,13.0158602,77.5656731
2025-10-17 00:03:57.557,,,,,,,,,,,,,,,,,,,,,,,,,,0.0,,13.0158602,77.5656731
2025-10-17 00:03:57.557,,,,,,,,,,,,,,,,,,,,,,,,,,,0.0,13.0158602,77.5656731
2025-10-17 00:03:57.605,,0.0,,,,,,,,,,,,,,,,,,,,,,,,,,13.0158602,77.5656731
2025-10-17 00:03:57.605,,,,,,,,,0.0,,,,,,,,,,,,,,,,,,,13.0158602,77.5656731
2025-10-17 00:03:57.605,,,,,,,,,,0.0,,,,,,,,,,,,,,,,,,13.0158602,77.5656731
2025-10-17 00:03:57.605,,,,,,,,,,,,,,,,,,,,,,,,,,0.0,,13.0158602,77.5656731
2025-10-17 00:03:57.605,,,,,,,,,,,,,,,,,,,,,,,,,,,0.0,13.0158602,77.5656731
2025-10-17 00:03:57.663,,0.0,,,,,,,,,,,,,,,,,,,,,,,,,,13.0158602,77.5656731
2025-10-17 00:03:57.663,,,,,,,,,0.0,,,,,,,,,,,,,,,,,,,13.0158602,77.5656731
2025-10-17 00:03:57.663,,,,,,,,,,0.0,,,,,,,,,,,,,,,,,,13.0158602,77.5656731
2025-10-17 00:03:57.663,,,,,,,,,,,,,,,,,,,,,,,,,,0.0,,13.0158602,77.5656731
2025-10-17 00:03:57.663,,,,,,,,,,,,,,,,,,,,,,,,,,,0.0,13.0158602,77.5656731
2025-10-17 00:03:57.735,,0.0,,,,,,,,,,,,,,,,,,,,,,,,,,13.0158602,77.5656731
2025-10-17 00:03:57.735,,,,,,,,,0.0,,,,,,,,,,,,,,,,,,,13.0158602,77.5656731
2025-10-17 00:03:57.735,,,,,,,,,,0.0,,,,,,,,,,,,,,,,,,13.0158602,77.5656731
2025-10-17 00:03:57.735,,,,,,,,,,,,,,,,,,,,,,,,,,0.0,,13.0158602,77.5656731
2025-10-17 00:03:57.735,,,,,,,,,,,,,,,,,,,,,,,,,,,0.0,13.0158602,77.5656731
2025-10-17 00:03:57.785,,0.0,,,,,,,,,,,,,,,,,,,,,,,,,,13.0158602,77.5656731
2025-10-17 00:03:57.785,,,,,,,,,0.0,,,,,,,,,,,,,,,,,,,13.0158602,77.5656731
2025-10-17 00:03:57.785,,,,,,,,,,0.0,,,,,,,,,,,,,,,,,,13.0158602,77.5656731
2025-10-17 00:03:57.785,,,,,,,,,,,,,,,,,,,,,,,,,,0.0,,13.0158602,77.5656731
2025-10-17 00:03:57.785,,,,,,,,,,,,,,,,,,,,,,,,,,,0.0,13.0158602,77.5656731
2025-10-17 00:03:57.825,,0.0,,,,,,,,,,,,,,,,,,,,,,,,,,13.0158602,77.5656731
2025-10-17 00:03:57.825,,,,,,,,,0.0,,,,,,,,,,,,,,,,,,,13.0158602,77.5656731
2025-10-17 00:03:57.825,,,,,,,,,,0.0,,,,,,,,,,,,,,,,,,13.0158602,77.5656731
2025-10-17 00:03:57.825,,,,,,,,,,,,,,,,,,,,,,,,,,0.0,,13.0158602,77.5656731
2025-10-17 00:03:57.825,,,,,,,,,,,,,,,,,,,,,,,,,,,0.0,13.0158602,77.5656731
2025-10-17 00:03:57.880,,0.0,,,,,,,,,,,,,,,,,,,,,,,,,,13.0158602,77.5656731
2025-10-17 00:03:57.880,,,,,,,,,0.0,,,,,,,,,,,,,,,,,,,13.0158602,77.5656731
2025-10-17 00:03:57.880,,,,,,,,,,0.0,,,,,,,,,,,,,,,,,,13.0158602,77.5656731
2025-10-17 00:03:57.880,,,,,,,,,,,,,,,,,,,,,,,,,,0.0,,13.0158602,77.5656731
2025-10-17 00:03:57.880,,,,,,,,,,,,,,,,,,,,,,,,,,,0.0,13.0158602,77.5656731
2025-10-17 00:03:57.955,,0.0,,,,,,,,,,,,,,,,,,,,,,,,,,13.0158602,77.5656731
2025-10-17 00:03:57.955,,,,,,,,,0.0,,,,,,,,,,,,,,,,,,,13.0158602,77.5656731
2025-10-17 00:03:57.955,,,,,,,,,,0.0,,,,,,,,,,,,,,,,,,13.0158602,77.5656731
2025-10-17 00:03:57.955,,,,,,,,,,,,,,,,,,,,,,,,,,0.0,,13.0158602,77.5656731
2025-10-17 00:03:57.955,,,,,,,,,,,,,,,,,,,,,,,,,,,0.0,13.0158602,77.5656731
2025-10-17 00:03:58.009,,0.0,,,,,,,,,,,,,,,,,,,,,,,,,,13.0158602,77.5656731
2025-10-17 00:03:58.009,,,,,,,,,0.0,,,,,,,,,,,,,,,,,,,13.0158602,77.5656731
2025-10-17 00:03:58.009,,,,,,,,,,0.0,,,,,,,,,,,,,,,,,,13.0158602,77.5656731
2025-10-17 00:03:58.009,,,,,,,,,,,,,,,,,,,,,,,,,,0.0,,13.0158602,77.5656731
2025-10-17 00:03:58.009,,,,,,,,,,,,,,,,,,,,,,,,,,,0.0,13.0158602,77.5656731
2025-10-17 00:03:58.059,,0.0,,,,,,,,,,,,,,,,,,,,,,,,,,13.0158602,77.5656731
2025-10-17 00:03:58.059,,,,,,,,,0.0,,,,,,,,,,,,,,,,,,,13.0158602,77.5656731
2025-10-17 00:03:58.059,,,,,,,,,,0.0,,,,,,,,,,,,,,,,,,13.0158602,77.5656731
2025-10-17 00:03:58.059,,,,,,,,,,,,,,,,,,,,,,,,,,0.0,,13.0158602,77.5656731
2025-10-17 00:03:58.059,,,,,,,,,,,,,,,,,,,,,,,,,,,0.0,13.0158602,77.5656731
2025-10-17 00:03:58.131,,0.0,,,,,,,,,,,,,,,,,,,,,,,,,,13.0158602,77.5656731
2025-10-17 00:03:58.131,,,,,,,,,0.0,,,,,,,,,,,,,,,,,,,13.0158602,77.5656731
2025-10-17 00:03:58.131,,,,,,,,,,0.0,,,,,,,,,,,,,,,,,,13.0158602,77.5656731
2025-10-17 00:03:58.131,,,,,,,,,,,,,,,,,,,,,,,,,,0.0,,13.0158602,77.5656731
2025-10-17 00:03:58.131,,,,,,,,,,,,,,,,,,,,,,,,,,,0.0,13.0158602,77.5656731
2025-10-17 00:03:58.182,,0.0,,,,,,,,,,,,,,,,,,,,,,,,,,13.0158602,77.5656731
2025-10-17 00:03:58.182,,,,,,,,,0.0,,,,,,,,,,,,,,,,,,,13.0158602,77.5656731
2025-10-17 00:03:58.182,,,,,,,,,,0.0,,,,,,,,,,,,,,,,,,13.0158602,77.5656731
2025-10-17 00:03:58.182,,,,,,,,,,,,,,,,,,,,,,,,,,0.0,,13.0158602,77.5656731
2025-10-17 00:03:58.182,,,,,,,,,,,,,,,,,,,,,,,,,,,0.0,13.0158602,77.5656731
2025-10-17 00:03:58.265,,0.0,,,,,,,,,,,,,,,,,,,,,,,,,,13.0158602,77.5656731
2025-10-17 00:03:58.265,,,,,,,,,0.0,,,,,,,,,,,,,,,,,,,13.0158602,77.5656731
2025-10-17 00:03:58.265,,,,,,,,,,0.0,,,,,,,,,,,,,,,,,,13.0158602,77.5656731
2025-10-17 00:03:58.265,,,,,,,,,,,,,,,,,,,,,,,,,,0.0,,13.0158602,77.5656731
2025-10-17 00:03:58.265,,,,,,,,,,,,,,,,,,,,,,,,,,,0.0,13.0158602,77.5656731
2025-10-17 00:03:58.329,,0.0,,,,,,,,,,,,,,,,,,,,,,,,,,13.0158602,77.5656731
2025-10-17 00:03:58.329,,,,,,,,,0.0,,,,,,,,,,,,,,,,,,,13.0158602,77.5656731
2025-10-17 00:03:58.329,,,,,,,,,,0.0,,,,,,,,,,,,,,,,,,13.0158602,77.5656731
2025-10-17 00:03:58.329,,,,,,,,,,,,,,,,,,,,,,,,,,0.0,,13.0158602,77.5656731
2025-10-17 00:03:58.329,,,,,,,,,,,,,,,,,,,,,,,,,,,0.0,13.0158602,77.5656731
2025-10-17 00:03:58.384,,0.0,,,,,,,,,,,,,,,,,,,,,,,,,,13.0158602,77.5656731
2025-10-17 00:03:58.384,,,,,,,,,0.0,,,,,,,,,,,,,,,,,,,13.0158602,77.5656731
2025-10-17 00:03:58.384,,,,,,,,,,0.0,,,,,,,,,,,,,,,,,,13.0158602,77.5656731
2025-10-17 00:03:58.384,,,,,,,,,,,,,,,,,,,,,,,,,,0.0,,13.0158602,77.5656731
2025-10-17 00:03:58.384,,,,,,,,,,,,,,,,,,,,,,,,,,,0.0,13.0158602,77.5656731
2025-10-17 00:03:58.451,,0.0,,,,,,,,,,,,,,,,,,,,,,,,,,13.0158602,77.5656731
2025-10-17 00:03:58.451,,,,,,,,,0.0,,,,,,,,,,,,,,,,,,,13.0158602,77.5656731
2025-10-17 00:03:58.451,,,,,,,,,,0.0,,,,,,,,,,,,,,,,,,13.0158602,77.5656731
2025-10-17 00:03:58.451,,,,,,,,,,,,,,,,,,,,,,,,,,0.0,,13.0158602,77.5656731
2025-10-17 00:03:58.451,,,,,,,,,,,,,,,,,,,,,,,,,,,0.0,13.0158602,77.5656731
2025-10-17 00:03:58.497,,0.0,,,,,,,,,,,,,,,,,,,,,,,,,,13.0158602,77.5656731
2025-10-17 00:03:58.497,,,,,,,,,0.0,,,,,,,,,,,,,,,,,,,13.0158602,77.5656731
2025-10-17 00:03:58.497,,,,,,,,,,0.0,,,,,,,,,,,,,,,,,,13.0158602,77.5656731
2025-10-17 00:03:58.497,,,,,,,,,,,,,,,,,,,,,,,,,,0.0,,13.0158602,77.5656731
2025-10-17 00:03:58.497,,,,,,,,,,,,,,,,,,,,,,,,,,,0.0,13.0158602,77.5656731
2025-10-17 00:03:58.556,,0.0,,,,,,,,,,,,,,,,,,,,,,,,,,13.0158602,77.5656731
2025-10-17 00:03:58.556,,,,,,,,,0.0,,,,,,,,,,,,,,,,,,,13.0158602,77.5656731
2025-10-17 00:03:58.556,,,,,,,,,,0.0,,,,,,,,,,,,,,,,,,13.0158602,77.5656731
2025-10-17 00:03:58.556,,,,,,,,,,,,,,,,,,,,,,,,,,0.0,,13.0158602,77.5656731
2025-10-17 00:03:58.556,,,,,,,,,,,,,,,,,,,,,,,,,,,0.0,13.0158602,77.5656731
2025-10-17 00:03:58.625,,0.0,,,,,,,,,,,,,,,,,,,,,,,,,,13.0158602,77.5656731
2025-10-17 00:03:58.625,,,,,,,,,0.0,,,,,,,,,,,,,,,,,,,13.0158602,77.5656731
2025-10-17 00:03:58.625,,,,,,,,,,0.0,,,,,,,,,,,,,,,,,,13.0158602,77.5656731
2025-10-17 00:03:58.625,,,,,,,,,,,,,,,,,,,,,,,,,,0.0,,13.0158602,77.5656731
2025-10-17 00:03:58.625,,,,,,,,,,,,,,,,,,,,,,,,,,,0.0,13.0158602,77.5656731
2025-10-17 00:03:58.684,,0.0,,,,,,,,,,,,,,,,,,,,,,,,,,13.0158602,77.5656731
2025-10-17 00:03:58.684,,,,,,,,,0.0,,,,,,,,,,,,,,,,,,,13.0158602,77.5656731
2025-10-17 00:03:58.684,,,,,,,,,,0.0,,,,,,,,,,,,,,,,,,13.0158602,77.5656731
2025-10-17 00:03:58.684,,,,,,,,,,,,,,,,,,,,,,,,,,0.0,,13.0158602,77.5656731
2025-10-17 00:03:58.684,,,,,,,,,,,,,,,,,,,,,,,,,,,0.0,13.0158602,77.5656731
2025-10-17 00:03:58.746,,0.0,,,,,,,,,,,,,,,,,,,,,,,,,,13.0158602,77.5656731
2025-10-17 00:03:58.746,,,,,,,,,0.0,,,,,,,,,,,,,,,,,,,13.0158602,77.5656731
2025-10-17 00:03:58.746,,,,,,,,,,0.0,,,,,,,,,,,,,,,,,,13.0158602,77.5656731
2025-10-17 00:03:58.746,,,,,,,,,,,,,,,,,,,,,,,,,,0.0,,13.0158602,77.5656731
2025-10-17 00:03:58.746,,,,,,,,,,,,,,,,,,,,,,,,,,,0.0,13.0158602,77.5656731
2025-10-17 00:03:58.795,,0.0,,,,,,,,,,,,,,,,,,,,,,,,,,13.0158602,77.5656731
2025-10-17 00:03:58.795,,,,,,,,,0.0,,,,,,,,,,,,,,,,,,,13.0158602,77.5656731
2025-10-17 00:03:58.795,,,,,,,,,,0.0,,,,,,,,,,,,,,,,,,13.0158602,77.5656731
2025-10-17 00:03:58.795,,,,,,,,,,,,,,,,,,,,,,,,,,0.0,,13.0158602,77.5656731
2025-10-17 00:03:58.795,,,,,,,,,,,,,,,,,,,,,,,,,,,0.0,13.0158602,77.5656731
2025-10-17 00:03:58.854,,0.0,,,,,,,,,,,,,,,,,,,,,,,,,,13.0158602,77.5656731
2025-10-17 00:03:58.854,,,,,,,,,0.0,,,,,,,,,,,,,,,,,,,13.0158602,77.5656731
2025-10-17 00:03:58.854,,,,,,,,,,0.0,,,,,,,,,,,,,,,,,,13.0158602,77.5656731
2025-10-17 00:03:58.854,,,,,,,,,,,,,,,,,,,,,,,,,,0.0,,13.0158602,77.5656731
2025-10-17 00:03:58.854,,,,,,,,,,,,,,,,,,,,,,,,,,,0.0,13.0158602,77.5656731
2025-10-17 00:03:58.902,,0.0,,,,,,,,,,,,,,,,,,,,,,,,,,13.0158602,77.5656731
2025-10-17 00:03:58.902,,,,,,,,,0.0,,,,,,,,,,,,,,,,,,,13.0158602,77.5656731
2025-10-17 00:03:58.902,,,,,,,,,,0.0,,,,,,,,,,,,,,,,,,13.0158602,77.5656731
2025-10-17 00:03:58.902,,,,,,,,,,,,,,,,,,,,,,,,,,0.0,,13.0158602,77.5656731
2025-10-17 00:03:58.902,,,,,,,,,,,,,,,,,,,,,,,,,,,0.0,13.0158602,77.5656731
2025-10-17 00:03:58.950,,0.0,,,,,,,,,,,,,,,,,,,,,,,,,,13.0158602,77.5656731
2025-10-17 00:03:58.950,,,,,,,,,0.0,,,,,,,,,,,,,,,,,,,13.0158602,77.5656731
2025-10-17 00:03:58.950,,,,,,,,,,0.0,,,,,,,,,,,,,,,,,,13.0158602,77.5656731
2025-10-17 00:03:58.950,,,,,,,,,,,,,,,,,,,,,,,,,,0.0,,13.0158602,77.5656731
2025-10-17 00:03:58.950,,,,,,,,,,,,,,,,,,,,,,,,,,,0.0,13.0158602,77.5656731
2025-10-17 00:03:59.033,,0.0,,,,,,,,,,,,,,,,,,,,,,,,,,13.0158602,77.5656731
2025-10-17 00:03:59.033,,,,,,,,,0.0,,,,,,,,,,,,,,,,,,,13.0158602,77.5656731
2025-10-17 00:03:59.033,,,,,,,,,,0.0,,,,,,,,,,,,,,,,,,13.0158602,77.5656731
2025-10-17 00:03:59.033,,,,,,,,,,,,,,,,,,,,,,,,,,0.0,,13.0158602,77.5656731
2025-10-17 00:03:59.033,,,,,,,,,,,,,,,,,,,,,,,,,,,0.0,13.0158602,77.5656731
2025-10-17 00:03:59.082,,0.0,,,,,,,,,,,,,,,,,,,,,,,,,,13.0158602,77.5656731
2025-10-17 00:03:59.082,,,,,,,,,0.0,,,,,,,,,,,,,,,,,,,13.0158602,77.5656731
2025-10-17 00:03:59.082,,,,,,,,,,0.0,,,,,,,,,,,,,,,,,,13.0158602,77.5656731
2025-10-17 00:03:59.082,,,,,,,,,,,,,,,,,,,,,,,,,,0.0,,13.0158602,77.5656731
2025-10-17 00:03:59.082,,,,,,,,,,,,,,,,,,,,,,,,,,,0.0,13.0158602,77.5656731
2025-10-17 00:03:59.147,,0.0,,,,,,,,,,,,,,,,,,,,,,,,,,13.0158602,77.5656731
2025-10-17 00:03:59.147,,,,,,,,,0.0,,,,,,,,,,,,,,,,,,,13.0158602,77.5656731
2025-10-17 00:03:59.147,,,,,,,,,,0.0,,,,,,,,,,,,,,,,,,13.0158602,77.5656731
2025-10-17 00:03:59.147,,,,,,,,,,,,,,,,,,,,,,,,,,0.0,,13.0158602,77.5656731
2025-10-17 00:03:59.147,,,,,,,,,,,,,,,,,,,,,,,,,,,0.0,13.0158602,77.5656731
2025-10-17 00:03:59.217,,0.0,,,,,,,,,,,,,,,,,,,,,,,,,,13.0158602,77.5656731
2025-10-17 00:03:59.217,,,,,,,,,0.0,,,,,,,,,,,,,,,,,,,13.0158602,77.5656731
2025-10-17 00:03:59.217,,,,,,,,,,0.0,,,,,,,,,,,,,,,,,,13.0158602,77.5656731
2025-10-17 00:03:59.217,,,,,,,,,,,,,,,,,,,,,,,,,,0.0,,13.0158602,77.5656731
2025-10-17 00:03:59.217,,,,,,,,,,,,,,,,,,,,,,,,,,,0.0,13.0158602,77.5656731
2025-10-17 00:03:59.265,,0.0,,,,,,,,,,,,,,,,,,,,,,,,,,13.0158602,77.5656731
2025-10-17 00:03:59.265,,,,,,,,,0.0,,,,,,,,,,,,,,,,,,,13.0158602,77.5656731
2025-10-17 00:03:59.265,,,,,,,,,,0.0,,,,,,,,,,,,,,,,,,13.0158602,77.5656731
2025-10-17 00:03:59.265,,,,,,,,,,,,,,,,,,,,,,,,,,0.0,,13.0158602,77.5656731
2025-10-17 00:03:59.265,,,,,,,,,,,,,,,,,,,,,,,,,,,0.0,13.0158602,77.5656731
2025-10-17 00:03:59.329,,0.0,,,,,,,,,,,,,,,,,,,,,,,,,,13.0158602,77.5656731
2025-10-17 00:03:59.329,,,,,,,,,0.0,,,,,,,,,,,,,,,,,,,13.0158602,77.5656731
2025-10-17 00:03:59.329,,,,,,,,,,0.0,,,,,,,,,,,,,,,,,,13.0158602,77.5656731
2025-10-17 00:03:59.329,,,,,,,,,,,,,,,,,,,,,,,,,,0.0,,13.0158602,77.5656731
2025-10-17 00:03:59.329,,,,,,,,,,,,,,,,,,,,,,,,,,,0.0,13.0158602,77.5656731
2025-10-17 00:03:59.377,,0.0,,,,,,,,,,,,,,,,,,,,,,,,,,13.0158602,77.5656731
2025-10-17 00:03:59.377,,,,,,,,,0.0,,,,,,,,,,,,,,,,,,,13.0158602,77.5656731
2025-10-17 00:03:59.377,,,,,,,,,,0.0,,,,,,,,,,,,,,,,,,13.0158602,77.5656731
2025-10-17 00:03:59.377,,,,,,,,,,,,,,,,,,,,,,,,,,0.0,,13.0158602,77.5656731
2025-10-17 00:03:59.377,,,,,,,,,,,,,,,,,,,,,,,,,,,0.0,13.0158602,77.5656731
2025-10-17 00:03:59.435,,0.0,,,,,,,,,,,,,,,,,,,,,,,,,,13.0158602,77.5656731
2025-10-17 00:03:59.435,,,,,,,,,0.0,,,,,,,,,,,,,,,,,,,13.0158602,77.5656731
2025-10-17 00:03:59.435,,,,,,,,,,0.0,,,,,,,,,,,,,,,,,,13.0158602,77.5656731
2025-10-17 00:03:59.435,,,,,,,,,,,,,,,,,,,,,,,,,,0.0,,13.0158602,77.5656731
2025-10-17 00:03:59.435,,,,,,,,,,,,,,,,,,,,,,,,,,,0.0,13.0158602,77.5656731
2025-10-17 00:03:59.484,,0.0,,,,,,,,,,,,,,,,,,,,,,,,,,13.0158602,77.5656731
2025-10-17 00:03:59.484,,,,,,,,,0.0,,,,,,,,,,,,,,,,,,,13.0158602,77.5656731
2025-10-17 00:03:59.484,,,,,,,,,,0.0,,,,,,,,,,,,,,,,,,13.0158602,77.5656731
2025-10-17 00:03:59.484,,,,,,,,,,,,,,,,,,,,,,,,,,0.0,,13.0158602,77.5656731
2025-10-17 00:03:59.484,,,,,,,,,,,,,,,,,,,,,,,,,,,0.0,13.0158602,77.5656731
2025-10-17 00:03:59.546,,0.0,,,,,,,,,,,,,,,,,,,,,,,,,,13.0158602,77.5656731
2025-10-17 00:03:59.546,,,,,,,,,0.0,,,,,,,,,,,,,,,,,,,13.0158602,77.5656731
2025-10-17 00:03:59.546,,,,,,,,,,0.0,,,,,,,,,,,,,,,,,,13.0158602,77.5656731
2025-10-17 00:03:59.546,,,,,,,,,,,,,,,,,,,,,,,,,,0.0,,13.0158602,77.5656731
2025-10-17 00:03:59.546,,,,,,,,,,,,,,,,,,,,,,,,,,,0.0,13.0158602,77.5656731
2025-10-17 00:03:59.595,,0.0,,,,,,,,,,,,,,,,,,,,,,,,,,13.0158602,77.5656731
2025-10-17 00:03:59.595,,,,,,,,,0.0,,,,,,,,,,,,,,,,,,,13.0158602,77.5656731
2025-10-17 00:03:59.595,,,,,,,,,,0.0,,,,,,,,,,,,,,,,,,13.0158602,77.5656731
2025-10-17 00:03:59.595,,,,,,,,,,,,,,,,,,,,,,,,,,0.0,,13.0158602,77.5656731
2025-10-17 00:03:59.595,,,,,,,,,,,,,,,,,,,,,,,,,,,0.0,13.0158602,77.5656731
2025-10-17 00:03:59.645,,0.0,,,,,,,,,,,,,,,,,,,,,,,,,,13.0158602,77.5656731
2025-10-17 00:03:59.645,,,,,,,,,0.0,,,,,,,,,,,,,,,,,,,13.0158602,77.5656731
2025-10-17 00:03:59.645,,,,,,,,,,0.0,,,,,,,,,,,,,,,,,,13.0158602,77.5656731
2025-10-17 00:03:59.645,,,,,,,,,,,,,,,,,,,,,,,,,,0.0,,13.0158602,77.5656731
2025-10-17 00:03:59.645,,,,,,,,,,,,,,,,,,,,,,,,,,,0.0,13.0158602,77.5656731
2025-10-17 00:03:59.694,,0.0,,,,,,,,,,,,,,,,,,,,,,,,,,13.0158602,77.5656731
2025-10-17 00:03:59.694,,,,,,,,,0.0,,,,,,,,,,,,,,,,,,,13.0158602,77.5656731
2025-10-17 00:03:59.694,,,,,,,,,,0.0,,,,,,,,,,,,,,,,,,13.0158602,77.5656731
2025-10-17 00:03:59.694,,,,,,,,,,,,,,,,,,,,,,,,,,0.0,,13.0158602,77.5656731
2025-10-17 00:03:59.694,,,,,,,,,,,,,,,,,,,,,,,,,,,0.0,13.0158602,77.5656731
2025-10-17 00:03:59.745,,0.0,,,,,,,,,,,,,,,,,,,,,,,,,,13.0158602,77.5656731
2025-10-17 00:03:59.745,,,,,,,,,0.0,,,,,,,,,,,,,,,,,,,13.0158602,77.5656731
2025-10-17 00:03:59.745,,,,,,,,,,0.0,,,,,,,,,,,,,,,,,,13.0158602,77.5656731
2025-10-17 00:03:59.745,,,,,,,,,,,,,,,,,,,,,,,,,,0.0,,13.0158602,77.5656731
2025-10-17 00:03:59.745,,,,,,,,,,,,,,,,,,,,,,,,,,,0.0,13.0158602,77.5656731
2025-10-17 00:03:59.796,,0.0,,,,,,,,,,,,,,,,,,,,,,,,,,13.0158602,77.5656731
2025-10-17 00:03:59.796,,,,,,,,,0.0,,,,,,,,,,,,,,,,,,,13.0158602,77.5656731
2025-10-17 00:03:59.796,,,,,,,,,,0.0,,,,,,,,,,,,,,,,,,13.0158602,77.5656731
2025-10-17 00:03:59.796,,,,,,,,,,,,,,,,,,,,,,,,,,0.0,,13.0158602,77.5656731
2025-10-17 00:03:59.796,,,,,,,,,,,,,,,,,,,,,,,,,,,0.0,13.0158602,77.5656731
2025-10-17 00:03:59.856,,0.0,,,,,,,,,,,,,,,,,,,,,,,,,,13.0158602,77.5656731
2025-10-17 00:03:59.856,,,,,,,,,0.0,,,,,,,,,,,,,,,,,,,13.0158602,77.5656731
2025-10-17 00:03:59.856,,,,,,,,,,0.0,,,,,,,,,,,,,,,,,,13.0158602,77.5656731
2025-10-17 00:03:59.856,,,,,,,,,,,,,,,,,,,,,,,,,,0.0,,13.0158602,77.5656731
2025-10-17 00:03:59.856,,,,,,,,,,,,,,,,,,,,,,,,,,,0.0,13.0158602,77.5656731
2025-10-17 00:03:59.907,,0.0,,,,,,,,,,,,,,,,,,,,,,,,,,13.0158602,77.5656731
2025-10-17 00:03:59.907,,,,,,,,,0.0,,,,,,,,,,,,,,,,,,,13.0158602,77.5656731
2025-10-17 00:03:59.907,,,,,,,,,,0.0,,,,,,,,,,,,,,,,,,13.0158602,77.5656731
2025-10-17 00:03:59.907,,,,,,,,,,,,,,,,,,,,,,,,,,0.0,,13.0158602,77.5656731
2025-10-17 00:03:59.907,,,,,,,,,,,,,,,,,,,,,,,,,,,0.0,13.0158602,77.5656731
2025-10-17 00:03:59.967,,0.0,,,,,,,,,,,,,,,,,,,,,,,,,,13.0158602,77.5656731
2025-10-17 00:03:59.967,,,,,,,,,0.0,,,,,,,,,,,,,,,,,,,13.0158602,77.5656731
2025-10-17 00:03:59.967,,,,,,,,,,0.0,,,,,,,,,,,,,,,,,,13.0158602,77.5656731
2025-10-17 00:03:59.967,,,,,,,,,,,,,,,,,,,,,,,,,,0.0,,13.0158602,77.5656731
2025-10-17 00:03:59.967,,,,,,,,,,,,,,,,,,,,,,,,,,,0.0,13.0158602,77.5656731
2025-10-17 00:04:00.017,,0.0,,,,,,,,,,,,,,,,,,,,,,,,,,13.0158602,77.5656731
2025-10-17 00:04:00.017,,,,,,,,,0.0,,,,,,,,,,,,,,,,,,,13.0158602,77.5656731
2025-10-17 00:04:00.017,,,,,,,,,,0.0,,,,,,,,,,,,,,,,,,13.0158602,77.5656731
2025-10-17 00:04:00.017,,,,,,,,,,,,,,,,,,,,,,,,,,0.0,,13.0158602,77.5656731
2025-10-17 00:04:00.017,,,,,,,,,,,,,,,,,,,,,,,,,,,0.0,13.0158602,77.5656731
2025-10-17 00:04:00.078,,0.0,,,,,,,,,,,,,,,,,,,,,,,,,,13.0158602,77.5656731
2025-10-17 00:04:00.078,,,,,,,,,0.0,,,,,,,,,,,,,,,,,,,13.0158602,77.5656731
2025-10-17 00:04:00.078,,,,,,,,,,0.0,,,,,,,,,,,,,,,,,,13.0158602,77.5656731
2025-10-17 00:04:00.078,,,,,,,,,,,,,,,,,,,,,,,,,,0.0,,13.0158602,77.5656731
2025-10-17 00:04:00.078,,,,,,,,,,,,,,,,,,,,,,,,,,,0.0,13.0158602,77.5656731
2025-10-17 00:04:00.158,,0.0,,,,,,,,,,,,,,,,,,,,,,,,,,13.0158602,77.5656731
2025-10-17 00:04:00.158,,,,,,,,,0.0,,,,,,,,,,,,,,,,,,,13.0158602,77.5656731
2025-10-17 00:04:00.158,,,,,,,,,,0.0,,,,,,,,,,,,,,,,,,13.0158602,77.5656731
2025-10-17 00:04:00.158,,,,,,,,,,,,,,,,,,,,,,,,,,0.0,,13.0158602,77.5656731
2025-10-17 00:04:00.158,,,,,,,,,,,,,,,,,,,,,,,,,,,0.0,13.0158602,77.5656731
2025-10-17 00:04:00.243,,0.0,,,,,,,,,,,,,,,,,,,,,,,,,,13.0158602,77.5656731
2025-10-17 00:04:00.243,,,,,,,,,0.0,,,,,,,,,,,,,,,,,,,13.0158602,77.5656731
2025-10-17 00:04:00.243,,,,,,,,,,0.0,,,,,,,,,,,,,,,,,,13.0158602,77.5656731
2025-10-17 00:04:00.243,,,,,,,,,,,,,,,,,,,,,,,,,,0.0,,13.0158602,77.5656731
2025-10-17 00:04:00.243,,,,,,,,,,,,,,,,,,,,,,,,,,,0.0,13.0158602,77.5656731
2025-10-17 00:04:00.295,,0.0,,,,,,,,,,,,,,,,,,,,,,,,,,13.0158602,77.5656731
2025-10-17 00:04:00.295,,,,,,,,,0.0,,,,,,,,,,,,,,,,,,,13.0158602,77.5656731
2025-10-17 00:04:00.295,,,,,,,,,,0.0,,,,,,,,,,,,,,,,,,13.0158602,77.5656731
2025-10-17 00:04:00.295,,,,,,,,,,,,,,,,,,,,,,,,,,0.0,,13.0158602,77.5656731
2025-10-17 00:04:00.295,,,,,,,,,,,,,,,,,,,,,,,,,,,0.0,13.0158602,77.5656731
2025-10-17 00:04:00.344,,0.0,,,,,,,,,,,,,,,,,,,,,,,,,,13.0158602,77.5656731
2025-10-17 00:04:00.344,,,,,,,,,0.0,,,,,,,,,,,,,,,,,,,13.0158602,77.5656731
2025-10-17 00:04:00.344,,,,,,,,,,0.0,,,,,,,,,,,,,,,,,,13.0158602,77.5656731
2025-10-17 00:04:00.344,,,,,,,,,,,,,,,,,,,,,,,,,,0.0,,13.0158602,77.5656731
2025-10-17 00:04:00.344,,,,,,,,,,,,,,,,,,,,,,,,,,,0.0,13.0158602,77.5656731
2025-10-17 00:04:00.393,,0.0,,,,,,,,,,,,,,,,,,,,,,,,,,13.0158602,77.5656731
2025-10-17 00:04:00.393,,,,,,,,,0.0,,,,,,,,,,,,,,,,,,,13.0158602,77.5656731
2025-10-17 00:04:00.393,,,,,,,,,,0.0,,,,,,,,,,,,,,,,,,13.0158602,77.5656731
2025-10-17 00:04:00.393,,,,,,,,,,,,,,,,,,,,,,,,,,0.0,,13.0158602,77.5656731
2025-10-17 00:04:00.393,,,,,,,,,,,,,,,,,,,,,,,,,,,0.0,13.0158602,77.5656731
2025-10-17 00:04:00.440,,0.0,,,,,,,,,,,,,,,,,,,,,,,,,,13.0158602,77.5656731
2025-10-17 00:04:00.440,,,,,,,,,0.0,,,,,,,,,,,,,,,,,,,13.0158602,77.5656731
2025-10-17 00:04:00.440,,,,,,,,,,0.0,,,,,,,,,,,,,,,,,,13.0158602,77.5656731
2025-10-17 00:04:00.440,,,,,,,,,,,,,,,,,,,,,,,,,,0.0,,13.0158602,77.5656731
2025-10-17 00:04:00.440,,,,,,,,,,,,,,,,,,,,,,,,,,,0.0,13.0158602,77.5656731
2025-10-17 00:04:00.486,,0.0,,,,,,,,,,,,,,,,,,,,,,,,,,13.0158602,77.5656731
2025-10-17 00:04:00.486,,,,,,,,,0.0,,,,,,,,,,,,,,,,,,,13.0158602,77.5656731
2025-10-17 00:04:00.486,,,,,,,,,,0.0,,,,,,,,,,,,,,,,,,13.0158602,77.5656731
2025-10-17 00:04:00.486,,,,,,,,,,,,,,,,,,,,,,,,,,0.0,,13.0158602,77.5656731
2025-10-17 00:04:00.486,,,,,,,,,,,,,,,,,,,,,,,,,,,0.0,13.0158602,77.5656731
2025-10-17 00:04:00.545,,0.0,,,,,,,,,,,,,,,,,,,,,,,,,,13.0158602,77.5656731
2025-10-17 00:04:00.545,,,,,,,,,0.0,,,,,,,,,,,,,,,,,,,13.0158602,77.5656731
2025-10-17 00:04:00.545,,,,,,,,,,0.0,,,,,,,,,,,,,,,,,,13.0158602,77.5656731
2025-10-17 00:04:00.545,,,,,,,,,,,,,,,,,,,,,,,,,,0.0,,13.0158602,77.5656731
2025-10-17 00:04:00.545,,,,,,,,,,,,,,,,,,,,,,,,,,,0.0,13.0158602,77.5656731
2025-10-17 00:04:00.597,,0.0,,,,,,,,,,,,,,,,,,,,,,,,,,13.0158602,77.5656731
2025-10-17 00:04:00.597,,,,,,,,,0.0,,,,,,,,,,,,,,,,,,,13.0158602,77.5656731
2025-10-17 00:04:00.597,,,,,,,,,,0.0,,,,,,,,,,,,,,,,,,13.0158602,77.5656731
2025-10-17 00:04:00.597,,,,,,,,,,,,,,,,,,,,,,,,,,0.0,,13.0158602,77.5656731
2025-10-17 00:04:00.597,,,,,,,,,,,,,,,,,,,,,,,,,,,0.0,13.0158602,77.5656731
2025-10-17 00:04:00.657,,0.0,,,,,,,,,,,,,,,,,,,,,,,,,,13.0158602,77.5656731
2025-10-17 00:04:00.657,,,,,,,,,0.0,,,,,,,,,,,,,,,,,,,13.0158602,77.5656731
2025-10-17 00:04:00.657,,,,,,,,,,0.0,,,,,,,,,,,,,,,,,,13.0158602,77.5656731
2025-10-17 00:04:00.657,,,,,,,,,,,,,,,,,,,,,,,,,,0.0,,13.0158602,77.5656731
2025-10-17 00:04:00.657,,,,,,,,,,,,,,,,,,,,,,,,,,,0.0,13.0158602,77.5656731
2025-10-17 00:04:00.706,,0.0,,,,,,,,,,,,,,,,,,,,,,,,,,13.0158602,77.5656731
2025-10-17 00:04:00.706,,,,,,,,,0.0,,,,,,,,,,,,,,,,,,,13.0158602,77.5656731
2025-10-17 00:04:00.706,,,,,,,,,,0.0,,,,,,,,,,,,,,,,,,13.0158602,77.5656731
2025-10-17 00:04:00.706,,,,,,,,,,,,,,,,,,,,,,,,,,0.0,,13.0158602,77.5656731
2025-10-17 00:04:00.706,,,,,,,,,,,,,,,,,,,,,,,,,,,0.0,13.0158602,77.5656731
2025-10-17 00:04:00.775,,0.0,,,,,,,,,,,,,,,,,,,,,,,,,,13.0158602,77.5656731
2025-10-17 00:04:00.775,,,,,,,,,0.0,,,,,,,,,,,,,,,,,,,13.0158602,77.5656731
2025-10-17 00:04:00.775,,,,,,,,,,0.0,,,,,,,,,,,,,,,,,,13.0158602,77.5656731
2025-10-17 00:04:00.775,,,,,,,,,,,,,,,,,,,,,,,,,,0.0,,13.0158602,77.5656731
2025-10-17 00:04:00.775,,,,,,,,,,,,,,,,,,,,,,,,,,,0.0,13.0158602,77.5656731
2025-10-17 00:04:00.822,,0.0,,,,,,,,,,,,,,,,,,,,,,,,,,13.0158602,77.5656731
2025-10-17 00:04:00.822,,,,,,,,,0.0,,,,,,,,,,,,,,,,,,,13.0158602,77.5656731
2025-10-17 00:04:00.822,,,,,,,,,,0.0,,,,,,,,,,,,,,,,,,13.0158602,77.5656731
2025-10-17 00:04:00.822,,,,,,,,,,,,,,,,,,,,,,,,,,0.0,,13.0158602,77.5656731
2025-10-17 00:04:00.822,,,,,,,,,,,,,,,,,,,,,,,,,,,0.0,13.0158602,77.5656731
2025-10-17 00:04:00.872,,0.0,,,,,,,,,,,,,,,,,,,,,,,,,,13.0158602,77.5656731
2025-10-17 00:04:00.872,,,,,,,,,0.0,,,,,,,,,,,,,,,,,,,13.0158602,77.5656731
2025-10-17 00:04:00.872,,,,,,,,,,0.0,,,,,,,,,,,,,,,,,,13.0158602,77.5656731
2025-10-17 00:04:00.872,,,,,,,,,,,,,,,,,,,,,,,,,,0.0,,13.0158602,77.5656731
2025-10-17 00:04:00.872,,,,,,,,,,,,,,,,,,,,,,,,,,,0.0,13.0158602,77.5656731
2025-10-17 00:04:00.932,,0.0,,,,,,,,,,,,,,,,,,,,,,,,,,13.0158602,77.5656731
2025-10-17 00:04:00.932,,,,,,,,,0.0,,,,,,,,,,,,,,,,,,,13.0158602,77.5656731
2025-10-17 00:04:00.932,,,,,,,,,,0.0,,,,,,,,,,,,,,,,,,13.0158602,77.5656731
2025-10-17 00:04:00.932,,,,,,,,,,,,,,,,,,,,,,,,,,0.0,,13.0158602,77.5656731
2025-10-17 00:04:00.932,,,,,,,,,,,,,,,,,,,,,,,,,,,0.0,13.0158602,77.5656731
2025-10-17 00:04:00.983,,0.0,,,,,,,,,,,,,,,,,,,,,,,,,,13.0158602,77.5656731
2025-10-17 00:04:00.983,,,,,,,,,0.0,,,,,,,,,,,,,,,,,,,13.0158602,77.5656731
2025-10-17 00:04:00.983,,,,,,,,,,0.0,,,,,,,,,,,,,,,,,,13.0158602,77.5656731
2025-10-17 00:04:00.983,,,,,,,,,,,,,,,,,,,,,,,,,,0.0,,13.0158602,77.5656731
2025-10-17 00:04:00.983,,,,,,,,,,,,,,,,,,,,,,,,,,,0.0,13.0158602,77.5656731
2025-10-17 00:04:01.034,,0.0,,,,,,,,,,,,,,,,,,,,,,,,,,13.0158602,77.5656731
2025-10-17 00:04:01.034,,,,,,,,,0.0,,,,,,,,,,,,,,,,,,,13.0158602,77.5656731
2025-10-17 00:04:01.034,,,,,,,,,,0.0,,,,,,,,,,,,,,,,,,13.0158602,77.5656731
2025-10-17 00:04:01.034,,,,,,,,,,,,,,,,,,,,,,,,,,0.0,,13.0158602,77.5656731
2025-10-17 00:04:01.034,,,,,,,,,,,,,,,,,,,,,,,,,,,0.0,13.0158602,77.5656731
2025-10-17 00:04:01.085,,0.0,,,,,,,,,,,,,,,,,,,,,,,,,,13.0158602,77.5656731
2025-10-17 00:04:01.085,,,,,,,,,0.0,,,,,,,,,,,,,,,,,,,13.0158602,77.5656731
2025-10-17 00:04:01.085,,,,,,,,,,0.0,,,,,,,,,,,,,,,,,,13.0158602,77.5656731
2025-10-17 00:04:01.085,,,,,,,,,,,,,,,,,,,,,,,,,,0.0,,13.0158602,77.5656731
2025-10-17 00:04:01.085,,,,,,,,,,,,,,,,,,,,,,,,,,,0.0,13.0158602,77.5656731
2025-10-17 00:04:01.135,,0.0,,,,,,,,,,,,,,,,,,,,,,,,,,13.0158602,77.5656731
2025-10-17 00:04:01.135,,,,,,,,,0.0,,,,,,,,,,,,,,,,,,,13.0158602,77.5656731
2025-10-17 00:04:01.135,,,,,,,,,,0.0,,,,,,,,,,,,,,,,,,13.0158602,77.5656731
2025-10-17 00:04:01.135,,,,,,,,,,,,,,,,,,,,,,,,,,0.0,,13.0158602,77.5656731
2025-10-17 00:04:01.135,,,,,,,,,,,,,,,,,,,,,,,,,,,0.0,13.0158602,77.5656731
2025-10-17 00:04:01.189,,0.0,,,,,,,,,,,,,,,,,,,,,,,,,,13.0158602,77.5656731
2025-10-17 00:04:01.189,,,,,,,,,0.0,,,,,,,,,,,,,,,,,,,13.0158602,77.5656731
2025-10-17 00:04:01.189,,,,,,,,,,0.0,,,,,,,,,,,,,,,,,,13.0158602,77.5656731
2025-10-17 00:04:01.189,,,,,,,,,,,,,,,,,,,,,,,,,,0.0,,13.0158602,77.5656731
2025-10-17 00:04:01.189,,,,,,,,,,,,,,,,,,,,,,,,,,,0.0,13.0158602,77.5656731
2025-10-17 00:04:01.239,,0.0,,,,,,,,,,,,,,,,,,,,,,,,,,13.0158602,77.5656731
2025-10-17 00:04:01.239,,,,,,,,,0.0,,,,,,,,,,,,,,,,,,,13.0158602,77.5656731
2025-10-17 00:04:01.239,,,,,,,,,,0.0,,,,,,,,,,,,,,,,,,13.0158602,77.5656731
2025-10-17 00:04:01.239,,,,,,,,,,,,,,,,,,,,,,,,,,0.0,,13.0158602,77.5656731
2025-10-17 00:04:01.239,,,,,,,,,,,,,,,,,,,,,,,,,,,0.0,13.0158602,77.5656731
2025-10-17 00:04:01.290,,0.0,,,,,,,,,,,,,,,,,,,,,,,,,,13.0158602,77.5656731
2025-10-17 00:04:01.290,,,,,,,,,0.0,,,,,,,,,,,,,,,,,,,13.0158602,77.5656731
2025-10-17 00:04:01.290,,,,,,,,,,0.0,,,,,,,,,,,,,,,,,,13.0158602,77.5656731
2025-10-17 00:04:01.290,,,,,,,,,,,,,,,,,,,,,,,,,,0.0,,13.0158602,77.5656731
2025-10-17 00:04:01.290,,,,,,,,,,,,,,,,,,,,,,,,,,,0.0,13.0158602,77.5656731
2025-10-17 00:04:01.340,,0.0,,,,,,,,,,,,,,,,,,,,,,,,,,13.0158602,77.5656731
2025-10-17 00:04:01.340,,,,,,,,,0.0,,,,,,,,,,,,,,,,,,,13.0158602,77.5656731
2025-10-17 00:04:01.340,,,,,,,,,,0.0,,,,,,,,,,,,,,,,,,13.0158602,77.5656731
2025-10-17 00:04:01.340,,,,,,,,,,,,,,,,,,,,,,,,,,0.0,,13.0158602,77.5656731
2025-10-17 00:04:01.340,,,,,,,,,,,,,,,,,,,,,,,,,,,0.0,13.0158602,77.5656731
2025-10-17 00:04:01.389,,0.0,,,,,,,,,,,,,,,,,,,,,,,,,,13.0158602,77.5656731
2025-10-17 00:04:01.389,,,,,,,,,0.0,,,,,,,,,,,,,,,,,,,13.0158602,77.5656731
2025-10-17 00:04:01.389,,,,,,,,,,0.0,,,,,,,,,,,,,,,,,,13.0158602,77.5656731
2025-10-17 00:04:01.389,,,,,,,,,,,,,,,,,,,,,,,,,,0.0,,13.0158602,77.5656731
2025-10-17 00:04:01.389,,,,,,,,,,,,,,,,,,,,,,,,,,,0.0,13.0158602,77.5656731
2025-10-17 00:04:01.437,,0.0,,,,,,,,,,,,,,,,,,,,,,,,,,13.0158602,77.5656731
2025-10-17 00:04:01.437,,,,,,,,,0.0,,,,,,,,,,,,,,,,,,,13.0158602,77.5656731
2025-10-17 00:04:01.437,,,,,,,,,,0.0,,,,,,,,,,,,,,,,,,13.0158602,77.5656731
2025-10-17 00:04:01.437,,,,,,,,,,,,,,,,,,,,,,,,,,0.0,,13.0158602,77.5656731
2025-10-17 00:04:01.437,,,,,,,,,,,,,,,,,,,,,,,,,,,0.0,13.0158602,77.5656731
2025-10-17 00:04:01.483,,0.0,,,,,,,,,,,,,,,,,,,,,,,,,,13.0158602,77.5656731
2025-10-17 00:04:01.483,,,,,,,,,0.0,,,,,,,,,,,,,,,,,,,13.0158602,77.5656731
2025-10-17 00:04:01.483,,,,,,,,,,0.0,,,,,,,,,,,,,,,,,,13.0158602,77.5656731
2025-10-17 00:04:01.483,,,,,,,,,,,,,,,,,,,,,,,,,,0.0,,13.0158602,77.5656731
2025-10-17 00:04:01.483,,,,,,,,,,,,,,,,,,,,,,,,,,,0.0,13.0158602,77.5656731
2025-10-17 00:04:01.492,853.3,,,,,,,,,,,,,,,,,,,,,,,,,,,13.0158266666667,77.565615
2025-10-17 00:04:01.531,,0.0,,,,,,,,,,,,,,,,,,,,,,,,,,13.0158266666667,77.565615
2025-10-17 00:04:01.531,,,,,,,,,0.0,,,,,,,,,,,,,,,,,,,13.0158266666667,77.565615
2025-10-17 00:04:01.531,,,,,,,,,,0.0,,,,,,,,,,,,,,,,,,13.0158266666667,77.565615
2025-10-17 00:04:01.531,,,,,,,,,,,,,,,,,,,,,,,,,,0.0,,13.0158266666667,77.565615
2025-10-17 00:04:01.531,,,,,,,,,,,,,,,,,,,,,,,,,,,0.0,13.0158266666667,77.565615
2025-10-17 00:04:01.590,,0.0,,,,,,,,,,,,,,,,,,,,,,,,,,13.0158266666667,77.565615
2025-10-17 00:04:01.590,,,,,,,,,0.0,,,,,,,,,,,,,,,,,,,13.0158266666667,77.565615
2025-10-17 00:04:01.590,,,,,,,,,,0.0,,,,,,,,,,,,,,,,,,13.0158266666667,77.565615
2025-10-17 00:04:01.590,,,,,,,,,,,,,,,,,,,,,,,,,,0.0,,13.0158266666667,77.565615
2025-10-17 00:04:01.590,,,,,,,,,,,,,,,,,,,,,,,,,,,0.0,13.0158266666667,77.565615
2025-10-17 00:04:01.638,,0.0,,,,,,,,,,,,,,,,,,,,,,,,,,13.0158266666667,77.565615
2025-10-17 00:04:01.638,,,,,,,,,0.0,,,,,,,,,,,,,,,,,,,13.0158266666667,77.565615
2025-10-17 00:04:01.638,,,,,,,,,,0.0,,,,,,,,,,,,,,,,,,13.0158266666667,77.565615
2025-10-17 00:04:01.638,,,,,,,,,,,,,,,,,,,,,,,,,,0.0,,13.0158266666667,77.565615
2025-10-17 00:04:01.638,,,,,,,,,,,,,,,,,,,,,,,,,,,0.0,13.0158266666667,77.565615
2025-10-17 00:04:01.699,,0.0,,,,,,,,,,,,,,,,,,,,,,,,,,13.0158266666667,77.565615
2025-10-17 00:04:01.699,,,,,,,,,0.0,,,,,,,,,,,,,,,,,,,13.0158266666667,77.565615
2025-10-17 00:04:01.699,,,,,,,,,,0.0,,,,,,,,,,,,,,,,,,13.0158266666667,77.565615
2025-10-17 00:04:01.699,,,,,,,,,,,,,,,,,,,,,,,,,,0.0,,13.0158266666667,77.565615
2025-10-17 00:04:01.699,,,,,,,,,,,,,,,,,,,,,,,,,,,0.0,13.0158266666667,77.565615
2025-10-17 00:04:01.749,,0.0,,,,,,,,,,,,,,,,,,,,,,,,,,13.0158266666667,77.565615
2025-10-17 00:04:01.749,,,,,,,,,0.0,,,,,,,,,,,,,,,,,,,13.0158266666667,77.565615
2025-10-17 00:04:01.749,,,,,,,,,,0.0,,,,,,,,,,,,,,,,,,13.0158266666667,77.565615
2025-10-17 00:04:01.749,,,,,,,,,,,,,,,,,,,,,,,,,,0.0,,13.0158266666667,77.565615
2025-10-17 00:04:01.749,,,,,,,,,,,,,,,,,,,,,,,,,,,0.0,13.0158266666667,77.565615
2025-10-17 00:04:01.814,,0.0,,,,,,,,,,,,,,,,,,,,,,,,,,13.0158266666667,77.565615
2025-10-17 00:04:01.814,,,,,,,,,0.0,,,,,,,,,,,,,,,,,,,13.0158266666667,77.565615
2025-10-17 00:04:01.814,,,,,,,,,,0.0,,,,,,,,,,,,,,,,,,13.0158266666667,77.565615
2025-10-17 00:04:01.814,,,,,,,,,,,,,,,,,,,,,,,,,,0.0,,13.0158266666667,77.565615
2025-10-17 00:04:01.814,,,,,,,,,,,,,,,,,,,,,,,,,,,0.0,13.0158266666667,77.565615
2025-10-17 00:04:01.865,,0.0,,,,,,,,,,,,,,,,,,,,,,,,,,13.0158266666667,77.565615
2025-10-17 00:04:01.865,,,,,,,,,0.0,,,,,,,,,,,,,,,,,,,13.0158266666667,77.565615
2025-10-17 00:04:01.865,,,,,,,,,,0.0,,,,,,,,,,,,,,,,,,13.0158266666667,77.565615
2025-10-17 00:04:01.865,,,,,,,,,,,,,,,,,,,,,,,,,,0.0,,13.0158266666667,77.565615
2025-10-17 00:04:01.865,,,,,,,,,,,,,,,,,,,,,,,,,,,0.0,13.0158266666667,77.565615
2025-10-17 00:04:01.915,,0.0,,,,,,,,,,,,,,,,,,,,,,,,,,13.0158266666667,77.565615
2025-10-17 00:04:01.915,,,,,,,,,0.0,,,,,,,,,,,,,,,,,,,13.0158266666667,77.565615
2025-10-17 00:04:01.915,,,,,,,,,,0.0,,,,,,,,,,,,,,,,,,13.0158266666667,77.565615
2025-10-17 00:04:01.915,,,,,,,,,,,,,,,,,,,,,,,,,,0.0,,13.0158266666667,77.565615
2025-10-17 00:04:01.915,,,,,,,,,,,,,,,,,,,,,,,,,,,0.0,13.0158266666667,77.565615
2025-10-17 00:04:01.965,,0.0,,,,,,,,,,,,,,,,,,,,,,,,,,13.0158266666667,77.565615
2025-10-17 00:04:01.965,,,,,,,,,0.0,,,,,,,,,,,,,,,,,,,13.0158266666667,77.565615
2025-10-17 00:04:01.965,,,,,,,,,,0.0,,,,,,,,,,,,,,,,,,13.0158266666667,77.565615
2025-10-17 00:04:01.965,,,,,,,,,,,,,,,,,,,,,,,,,,0.0,,13.0158266666667,77.565615
2025-10-17 00:04:01.965,,,,,,,,,,,,,,,,,,,,,,,,,,,0.0,13.0158266666667,77.565615
2025-10-17 00:04:02.017,,0.0,,,,,,,,,,,,,,,,,,,,,,,,,,13.0158266666667,77.565615
2025-10-17 00:04:02.017,,,,,,,,,0.0,,,,,,,,,,,,,,,,,,,13.0158266666667,77.565615
2025-10-17 00:04:02.017,,,,,,,,,,0.0,,,,,,,,,,,,,,,,,,13.0158266666667,77.565615
2025-10-17 00:04:02.017,,,,,,,,,,,,,,,,,,,,,,,,,,0.0,,13.0158266666667,77.565615
2025-10-17 00:04:02.017,,,,,,,,,,,,,,,,,,,,,,,,,,,0.0,13.0158266666667,77.565615
2025-10-17 00:04:02.073,,0.0,,,,,,,,,,,,,,,,,,,,,,,,,,13.0158266666667,77.565615
2025-10-17 00:04:02.073,,,,,,,,,0.0,,,,,,,,,,,,,,,,,,,13.0158266666667,77.565615
2025-10-17 00:04:02.073,,,,,,,,,,0.0,,,,,,,,,,,,,,,,,,13.0158266666667,77.565615
2025-10-17 00:04:02.073,,,,,,,,,,,,,,,,,,,,,,,,,,0.0,,13.0158266666667,77.565615
2025-10-17 00:04:02.073,,,,,,,,,,,,,,,,,,,,,,,,,,,0.0,13.0158266666667,77.565615
2025-10-17 00:04:02.118,,0.0,,,,,,,,,,,,,,,,,,,,,,,,,,13.0158266666667,77.565615
2025-10-17 00:04:02.118,,,,,,,,,0.0,,,,,,,,,,,,,,,,,,,13.0158266666667,77.565615
2025-10-17 00:04:02.118,,,,,,,,,,0.0,,,,,,,,,,,,,,,,,,13.0158266666667,77.565615
2025-10-17 00:04:02.118,,,,,,,,,,,,,,,,,,,,,,,,,,0.0,,13.0158266666667,77.565615
2025-10-17 00:04:02.118,,,,,,,,,,,,,,,,,,,,,,,,,,,0.0,13.0158266666667,77.565615
2025-10-17 00:04:02.168,,0.0,,,,,,,,,,,,,,,,,,,,,,,,,,13.0158266666667,77.565615
2025-10-17 00:04:02.168,,,,,,,,,0.0,,,,,,,,,,,,,,,,,,,13.0158266666667,77.565615
2025-10-17 00:04:02.168,,,,,,,,,,0.0,,,,,,,,,,,,,,,,,,13.0158266666667,77.565615
2025-10-17 00:04:02.168,,,,,,,,,,,,,,,,,,,,,,,,,,0.0,,13.0158266666667,77.565615
2025-10-17 00:04:02.168,,,,,,,,,,,,,,,,,,,,,,,,,,,0.0,13.0158266666667,77.565615
2025-10-17 00:04:02.230,,0.0,,,,,,,,,,,,,,,,,,,,,,,,,,13.0158266666667,77.565615
2025-10-17 00:04:02.230,,,,,,,,,0.0,,,,,,,,,,,,,,,,,,,13.0158266666667,77.565615
2025-10-17 00:04:02.230,,,,,,,,,,0.0,,,,,,,,,,,,,,,,,,13.0158266666667,77.565615
2025-10-17 00:04:02.230,,,,,,,,,,,,,,,,,,,,,,,,,,0.0,,13.0158266666667,77.565615
2025-10-17 00:04:02.230,,,,,,,,,,,,,,,,,,,,,,,,,,,0.0,13.0158266666667,77.565615
2025-10-17 00:04:02.298,,0.0,,,,,,,,,,,,,,,,,,,,,,,,,,13.0158266666667,77.565615
2025-10-17 00:04:02.298,,,,,,,,,0.0,,,,,,,,,,,,,,,,,,,13.0158266666667,77.565615
2025-10-17 00:04:02.298,,,,,,,,,,0.0,,,,,,,,,,,,,,,,,,13.0158266666667,77.565615
2025-10-17 00:04:02.298,,,,,,,,,,,,,,,,,,,,,,,,,,0.0,,13.0158266666667,77.565615
2025-10-17 00:04:02.298,,,,,,,,,,,,,,,,,,,,,,,,,,,0.0,13.0158266666667,77.565615
2025-10-17 00:04:02.336,,0.0,,,,,,,,,,,,,,,,,,,,,,,,,,13.0158266666667,77.565615
2025-10-17 00:04:02.336,,,,,,,,,0.0,,,,,,,,,,,,,,,,,,,13.0158266666667,77.565615
2025-10-17 00:04:02.336,,,,,,,,,,0.0,,,,,,,,,,,,,,,,,,13.0158266666667,77.565615
2025-10-17 00:04:02.336,,,,,,,,,,,,,,,,,,,,,,,,,,0.0,,13.0158266666667,77.565615
2025-10-17 00:04:02.336,,,,,,,,,,,,,,,,,,,,,,,,,,,0.0,13.0158266666667,77.565615
2025-10-17 00:04:02.385,,0.0,,,,,,,,,,,,,,,,,,,,,,,,,,13.0158266666667,77.565615
2025-10-17 00:04:02.385,,,,,,,,,0.0,,,,,,,,,,,,,,,,,,,13.0158266666667,77.565615
2025-10-17 00:04:02.385,,,,,,,,,,0.0,,,,,,,,,,,,,,,,,,13.0158266666667,77.565615
2025-10-17 00:04:02.385,,,,,,,,,,,,,,,,,,,,,,,,,,0.0,,13.0158266666667,77.565615
2025-10-17 00:04:02.385,,,,,,,,,,,,,,,,,,,,,,,,,,,0.0,13.0158266666667,77.565615
2025-10-17 00:04:02.461,,0.0,,,,,,,,,,,,,,,,,,,,,,,,,,13.0158266666667,77.565615
2025-10-17 00:04:02.461,,,,,,,,,0.0,,,,,,,,,,,,,,,,,,,13.0158266666667,77.565615
2025-10-17 00:04:02.461,,,,,,,,,,0.0,,,,,,,,,,,,,,,,,,13.0158266666667,77.565615
2025-10-17 00:04:02.461,,,,,,,,,,,,,,,,,,,,,,,,,,0.0,,13.0158266666667,77.565615
2025-10-17 00:04:02.461,,,,,,,,,,,,,,,,,,,,,,,,,,,0.0,13.0158266666667,77.565615
2025-10-17 00:04:02.518,,0.0,,,,,,,,,,,,,,,,,,,,,,,,,,13.0158266666667,77.565615
2025-10-17 00:04:02.518,,,,,,,,,0.0,,,,,,,,,,,,,,,,,,,13.0158266666667,77.565615
2025-10-17 00:04:02.518,,,,,,,,,,0.0,,,,,,,,,,,,,,,,,,13.0158266666667,77.565615
2025-10-17 00:04:02.518,,,,,,,,,,,,,,,,,,,,,,,,,,0.0,,13.0158266666667,77.565615
2025-10-17 00:04:02.518,,,,,,,,,,,,,,,,,,,,,,,,,,,0.0,13.0158266666667,77.565615
2025-10-17 00:04:02.585,,0.0,,,,,,,,,,,,,,,,,,,,,,,,,,13.0158266666667,77.565615
2025-10-17 00:04:02.585,,,,,,,,,0.0,,,,,,,,,,,,,,,,,,,13.0158266666667,77.565615
2025-10-17 00:04:02.585,,,,,,,,,,0.0,,,,,,,,,,,,,,,,,,13.0158266666667,77.565615
2025-10-17 00:04:02.585,,,,,,,,,,,,,,,,,,,,,,,,,,0.0,,13.0158266666667,77.565615
2025-10-17 00:04:02.585,,,,,,,,,,,,,,,,,,,,,,,,,,,0.0,13.0158266666667,77.565615
2025-10-17 00:04:02.639,,0.0,,,,,,,,,,,,,,,,,,,,,,,,,,13.0158266666667,77.565615
2025-10-17 00:04:02.639,,,,,,,,,0.0,,,,,,,,,,,,,,,,,,,13.0158266666667,77.565615
2025-10-17 00:04:02.639,,,,,,,,,,0.0,,,,,,,,,,,,,,,,,,13.0158266666667,77.565615
2025-10-17 00:04:02.639,,,,,,,,,,,,,,,,,,,,,,,,,,0.0,,13.0158266666667,77.565615
2025-10-17 00:04:02.639,,,,,,,,,,,,,,,,,,,,,,,,,,,0.0,13.0158266666667,77.565615
2025-10-17 00:04:02.691,,0.0,,,,,,,,,,,,,,,,,,,,,,,,,,13.0158266666667,77.565615
2025-10-17 00:04:02.691,,,,,,,,,0.0,,,,,,,,,,,,,,,,,,,13.0158266666667,77.565615
2025-10-17 00:04:02.691,,,,,,,,,,0.0,,,,,,,,,,,,,,,,,,13.0158266666667,77.565615
2025-10-17 00:04:02.691,,,,,,,,,,,,,,,,,,,,,,,,,,0.0,,13.0158266666667,77.565615
2025-10-17 00:04:02.691,,,,,,,,,,,,,,,,,,,,,,,,,,,0.0,13.0158266666667,77.565615
2025-10-17 00:04:02.792,,0.0,,,,,,,,,,,,,,,,,,,,,,,,,,13.0158266666667,77.565615
2025-10-17 00:04:02.792,,,,,,,,,0.0,,,,,,,,,,,,,,,,,,,13.0158266666667,77.565615
2025-10-17 00:04:02.792,,,,,,,,,,0.0,,,,,,,,,,,,,,,,,,13.0158266666667,77.565615
2025-10-17 00:04:02.792,,,,,,,,,,,,,,,,,,,,,,,,,,0.0,,13.0158266666667,77.565615
2025-10-17 00:04:02.792,,,,,,,,,,,,,,,,,,,,,,,,,,,0.0,13.0158266666667,77.565615
2025-10-17 00:04:02.844,,0.0,,,,,,,,,,,,,,,,,,,,,,,,,,13.0158266666667,77.565615
2025-10-17 00:04:02.844,,,,,,,,,0.0,,,,,,,,,,,,,,,,,,,13.0158266666667,77.565615
2025-10-17 00:04:02.844,,,,,,,,,,0.0,,,,,,,,,,,,,,,,,,13.0158266666667,77.565615
2025-10-17 00:04:02.844,,,,,,,,,,,,,,,,,,,,,,,,,,0.0,,13.0158266666667,77.565615
2025-10-17 00:04:02.844,,,,,,,,,,,,,,,,,,,,,,,,,,,0.0,13.0158266666667,77.565615
2025-10-17 00:04:02.895,,0.0,,,,,,,,,,,,,,,,,,,,,,,,,,13.0158266666667,77.565615
2025-10-17 00:04:02.895,,,,,,,,,0.0,,,,,,,,,,,,,,,,,,,13.0158266666667,77.565615
2025-10-17 00:04:02.895,,,,,,,,,,0.0,,,,,,,,,,,,,,,,,,13.0158266666667,77.565615
2025-10-17 00:04:02.895,,,,,,,,,,,,,,,,,,,,,,,,,,0.0,,13.0158266666667,77.565615
2025-10-17 00:04:02.895,,,,,,,,,,,,,,,,,,,,,,,,,,,0.0,13.0158266666667,77.565615
2025-10-17 00:04:02.951,,0.0,,,,,,,,,,,,,,,,,,,,,,,,,,13.0158266666667,77.565615
2025-10-17 00:04:02.951,,,,,,,,,0.0,,,,,,,,,,,,,,,,,,,13.0158266666667,77.565615
2025-10-17 00:04:02.951,,,,,,,,,,0.0,,,,,,,,,,,,,,,,,,13.0158266666667,77.565615
2025-10-17 00:04:02.951,,,,,,,,,,,,,,,,,,,,,,,,,,0.0,,13.0158266666667,77.565615
2025-10-17 00:04:02.951,,,,,,,,,,,,,,,,,,,,,,,,,,,0.0,13.0158266666667,77.565615
2025-10-17 00:04:03.009,,0.0,,,,,,,,,,,,,,,,,,,,,,,,,,13.0158266666667,77.565615
2025-10-17 00:04:03.009,,,,,,,,,0.0,,,,,,,,,,,,,,,,,,,13.0158266666667,77.565615
2025-10-17 00:04:03.009,,,,,,,,,,0.0,,,,,,,,,,,,,,,,,,13.0158266666667,77.565615
2025-10-17 00:04:03.009,,,,,,,,,,,,,,,,,,,,,,,,,,0.0,,13.0158266666667,77.565615
2025-10-17 00:04:03.009,,,,,,,,,,,,,,,,,,,,,,,,,,,0.0,13.0158266666667,77.565615
2025-10-17 00:04:03.065,,0.0,,,,,,,,,,,,,,,,,,,,,,,,,,13.0158266666667,77.565615
2025-10-17 00:04:03.065,,,,,,,,,0.0,,,,,,,,,,,,,,,,,,,13.0158266666667,77.565615
2025-10-17 00:04:03.065,,,,,,,,,,0.0,,,,,,,,,,,,,,,,,,13.0158266666667,77.565615
2025-10-17 00:04:03.065,,,,,,,,,,,,,,,,,,,,,,,,,,0.0,,13.0158266666667,77.565615
2025-10-17 00:04:03.065,,,,,,,,,,,,,,,,,,,,,,,,,,,0.0,13.0158266666667,77.565615
2025-10-17 00:04:03.122,,0.0,,,,,,,,,,,,,,,,,,,,,,,,,,13.0158266666667,77.565615
2025-10-17 00:04:03.122,,,,,,,,,0.0,,,,,,,,,,,,,,,,,,,13.0158266666667,77.565615
2025-10-17 00:04:03.122,,,,,,,,,,0.0,,,,,,,,,,,,,,,,,,13.0158266666667,77.565615
2025-10-17 00:04:03.122,,,,,,,,,,,,,,,,,,,,,,,,,,0.0,,13.0158266666667,77.565615
2025-10-17 00:04:03.122,,,,,,,,,,,,,,,,,,,,,,,,,,,0.0,13.0158266666667,77.565615
2025-10-17 00:04:03.177,,0.0,,,,,,,,,,,,,,,,,,,,,,,,,,13.0158266666667,77.565615
2025-10-17 00:04:03.177,,,,,,,,,0.0,,,,,,,,,,,,,,,,,,,13.0158266666667,77.565615
2025-10-17 00:04:03.177,,,,,,,,,,0.0,,,,,,,,,,,,,,,,,,13.0158266666667,77.565615
2025-10-17 00:04:03.177,,,,,,,,,,,,,,,,,,,,,,,,,,0.0,,13.0158266666667,77.565615
2025-10-17 00:04:03.177,,,,,,,,,,,,,,,,,,,,,,,,,,,0.0,13.0158266666667,77.565615
2025-10-17 00:04:03.228,,0.0,,,,,,,,,,,,,,,,,,,,,,,,,,13.0158266666667,77.565615
2025-10-17 00:04:03.228,,,,,,,,,0.0,,,,,,,,,,,,,,,,,,,13.0158266666667,77.565615
2025-10-17 00:04:03.228,,,,,,,,,,0.0,,,,,,,,,,,,,,,,,,13.0158266666667,77.565615
2025-10-17 00:04:03.228,,,,,,,,,,,,,,,,,,,,,,,,,,0.0,,13.0158266666667,77.565615
2025-10-17 00:04:03.228,,,,,,,,,,,,,,,,,,,,,,,,,,,0.0,13.0158266666667,77.565615
2025-10-17 00:04:03.233,852.8,,,,,,,,,,,,,,,,,,,,,,,,,,,13.0158333333333,77.565615
2025-10-17 00:04:03.289,,0.0,,,,,,,,,,,,,,,,,,,,,,,,,,13.0158333333333,77.565615
2025-10-17 00:04:03.289,,,,,,,,,0.0,,,,,,,,,,,,,,,,,,,13.0158333333333,77.565615
2025-10-17 00:04:03.289,,,,,,,,,,0.0,,,,,,,,,,,,,,,,,,13.0158333333333,77.565615
2025-10-17 00:04:03.289,,,,,,,,,,,,,,,,,,,,,,,,,,0.0,,13.0158333333333,77.565615
2025-10-17 00:04:03.289,,,,,,,,,,,,,,,,,,,,,,,,,,,0.0,13.0158333333333,77.565615
2025-10-17 00:04:03.346,,0.0,,,,,,,,,,,,,,,,,,,,,,,,,,13.0158333333333,77.565615
2025-10-17 00:04:03.346,,,,,,,,,0.0,,,,,,,,,,,,,,,,,,,13.0158333333333,77.565615
2025-10-17 00:04:03.346,,,,,,,,,,0.0,,,,,,,,,,,,,,,,,,13.0158333333333,77.565615
2025-10-17 00:04:03.346,,,,,,,,,,,,,,,,,,,,,,,,,,0.0,,13.0158333333333,77.565615
2025-10-17 00:04:03.346,,,,,,,,,,,,,,,,,,,,,,,,,,,0.0,13.0158333333333,77.565615
2025-10-17 00:04:03.393,,0.0,,,,,,,,,,,,,,,,,,,,,,,,,,13.0158333333333,77.565615
2025-10-17 00:04:03.393,,,,,,,,,0.0,,,,,,,,,,,,,,,,,,,13.0158333333333,77.565615
2025-10-17 00:04:03.393,,,,,,,,,,0.0,,,,,,,,,,,,,,,,,,13.0158333333333,77.565615
2025-10-17 00:04:03.393,,,,,,,,,,,,,,,,,,,,,,,,,,0.0,,13.0158333333333,77.565615
2025-10-17 00:04:03.393,,,,,,,,,,,,,,,,,,,,,,,,,,,0.0,13.0158333333333,77.565615
2025-10-17 00:04:03.443,,0.0,,,,,,,,,,,,,,,,,,,,,,,,,,13.0158333333333,77.565615
2025-10-17 00:04:03.443,,,,,,,,,0.0,,,,,,,,,,,,,,,,,,,13.0158333333333,77.565615
2025-10-17 00:04:03.443,,,,,,,,,,0.0,,,,,,,,,,,,,,,,,,13.0158333333333,77.565615
2025-10-17 00:04:03.443,,,,,,,,,,,,,,,,,,,,,,,,,,0.0,,13.0158333333333,77.565615
2025-10-17 00:04:03.443,,,,,,,,,,,,,,,,,,,,,,,,,,,0.0,13.0158333333333,77.565615
2025-10-17 00:04:03.491,,0.0,,,,,,,,,,,,,,,,,,,,,,,,,,13.0158333333333,77.565615
2025-10-17 00:04:03.491,,,,,,,,,0.0,,,,,,,,,,,,,,,,,,,13.0158333333333,77.565615
2025-10-17 00:04:03.491,,,,,,,,,,0.0,,,,,,,,,,,,,,,,,,13.0158333333333,77.565615
2025-10-17 00:04:03.491,,,,,,,,,,,,,,,,,,,,,,,,,,0.0,,13.0158333333333,77.565615
2025-10-17 00:04:03.491,,,,,,,,,,,,,,,,,,,,,,,,,,,0.0,13.0158333333333,77.565615
2025-10-17 00:04:03.562,,0.0,,,,,,,,,,,,,,,,,,,,,,,,,,13.0158333333333,77.565615
2025-10-17 00:04:03.562,,,,,,,,,0.0,,,,,,,,,,,,,,,,,,,13.0158333333333,77.565615
2025-10-17 00:04:03.562,,,,,,,,,,0.0,,,,,,,,,,,,,,,,,,13.0158333333333,77.565615
2025-10-17 00:04:03.562,,,,,,,,,,,,,,,,,,,,,,,,,,0.0,,13.0158333333333,77.565615
2025-10-17 00:04:03.562,,,,,,,,,,,,,,,,,,,,,,,,,,,0.0,13.0158333333333,77.565615
2025-10-17 00:04:03.612,,0.0,,,,,,,,,,,,,,,,,,,,,,,,,,13.0158333333333,77.565615
2025-10-17 00:04:03.612,,,,,,,,,0.0,,,,,,,,,,,,,,,,,,,13.0158333333333,77.565615
2025-10-17 00:04:03.612,,,,,,,,,,0.0,,,,,,,,,,,,,,,,,,13.0158333333333,77.565615
2025-10-17 00:04:03.612,,,,,,,,,,,,,,,,,,,,,,,,,,0.0,,13.0158333333333,77.565615
2025-10-17 00:04:03.612,,,,,,,,,,,,,,,,,,,,,,,,,,,0.0,13.0158333333333,77.565615
2025-10-17 00:04:03.677,,0.0,,,,,,,,,,,,,,,,,,,,,,,,,,13.0158333333333,77.565615
2025-10-17 00:04:03.677,,,,,,,,,0.0,,,,,,,,,,,,,,,,,,,13.0158333333333,77.565615
2025-10-17 00:04:03.677,,,,,,,,,,0.0,,,,,,,,,,,,,,,,,,13.0158333333333,77.565615
2025-10-17 00:04:03.677,,,,,,,,,,,,,,,,,,,,,,,,,,0.0,,13.0158333333333,77.565615
2025-10-17 00:04:03.677,,,,,,,,,,,,,,,,,,,,,,,,,,,0.0,13.0158333333333,77.565615
2025-10-17 00:04:03.731,,0.0,,,,,,,,,,,,,,,,,,,,,,,,,,13.0158333333333,77.565615
2025-10-17 00:04:03.731,,,,,,,,,0.0,,,,,,,,,,,,,,,,,,,13.0158333333333,77.565615
2025-10-17 00:04:03.731,,,,,,,,,,0.0,,,,,,,,,,,,,,,,,,13.0158333333333,77.565615
2025-10-17 00:04:03.731,,,,,,,,,,,,,,,,,,,,,,,,,,0.0,,13.0158333333333,77.565615
2025-10-17 00:04:03.731,,,,,,,,,,,,,,,,,,,,,,,,,,,0.0,13.0158333333333,77.565615
2025-10-17 00:04:03.796,,0.0,,,,,,,,,,,,,,,,,,,,,,,,,,13.0158333333333,77.565615
2025-10-17 00:04:03.796,,,,,,,,,0.0,,,,,,,,,,,,,,,,,,,13.0158333333333,77.565615
2025-10-17 00:04:03.796,,,,,,,,,,0.0,,,,,,,,,,,,,,,,,,13.0158333333333,77.565615
2025-10-17 00:04:03.796,,,,,,,,,,,,,,,,,,,,,,,,,,0.0,,13.0158333333333,77.565615
2025-10-17 00:04:03.796,,,,,,,,,,,,,,,,,,,,,,,,,,,0.0,13.0158333333333,77.565615
2025-10-17 00:04:03.852,,0.0,,,,,,,,,,,,,,,,,,,,,,,,,,13.0158333333333,77.565615
2025-10-17 00:04:03.852,,,,,,,,,0.0,,,,,,,,,,,,,,,,,,,13.0158333333333,77.565615
2025-10-17 00:04:03.852,,,,,,,,,,0.0,,,,,,,,,,,,,,,,,,13.0158333333333,77.565615
2025-10-17 00:04:03.852,,,,,,,,,,,,,,,,,,,,,,,,,,0.0,,13.0158333333333,77.565615
2025-10-17 00:04:03.852,,,,,,,,,,,,,,,,,,,,,,,,,,,0.0,13.0158333333333,77.565615
2025-10-17 00:04:03.908,,0.0,,,,,,,,,,,,,,,,,,,,,,,,,,13.0158333333333,77.565615
2025-10-17 00:04:03.908,,,,,,,,,0.0,,,,,,,,,,,,,,,,,,,13.0158333333333,77.565615
2025-10-17 00:04:03.908,,,,,,,,,,0.0,,,,,,,,,,,,,,,,,,13.0158333333333,77.565615
2025-10-17 00:04:03.908,,,,,,,,,,,,,,,,,,,,,,,,,,0.0,,13.0158333333333,77.565615
2025-10-17 00:04:03.908,,,,,,,,,,,,,,,,,,,,,,,,,,,0.0,13.0158333333333,77.565615
2025-10-17 00:04:03.974,,0.0,,,,,,,,,,,,,,,,,,,,,,,,,,13.0158333333333,77.565615
2025-10-17 00:04:03.974,,,,,,,,,0.0,,,,,,,,,,,,,,,,,,,13.0158333333333,77.565615
2025-10-17 00:04:03.974,,,,,,,,,,0.0,,,,,,,,,,,,,,,,,,13.0158333333333,77.565615
2025-10-17 00:04:03.974,,,,,,,,,,,,,,,,,,,,,,,,,,0.0,,13.0158333333333,77.565615
2025-10-17 00:04:03.974,,,,,,,,,,,,,,,,,,,,,,,,,,,0.0,13.0158333333333,77.565615
2025-10-17 00:04:04.023,,0.0,,,,,,,,,,,,,,,,,,,,,,,,,,13.0158333333333,77.565615
2025-10-17 00:04:04.023,,,,,,,,,0.0,,,,,,,,,,,,,,,,,,,13.0158333333333,77.565615
2025-10-17 00:04:04.023,,,,,,,,,,0.0,,,,,,,,,,,,,,,,,,13.0158333333333,77.565615
2025-10-17 00:04:04.023,,,,,,,,,,,,,,,,,,,,,,,,,,0.0,,13.0158333333333,77.565615
2025-10-17 00:04:04.023,,,,,,,,,,,,,,,,,,,,,,,,,,,0.0,13.0158333333333,77.565615
2025-10-17 00:04:04.073,,0.0,,,,,,,,,,,,,,,,,,,,,,,,,,13.0158333333333,77.565615
2025-10-17 00:04:04.073,,,,,,,,,0.0,,,,,,,,,,,,,,,,,,,13.0158333333333,77.565615
2025-10-17 00:04:04.073,,,,,,,,,,0.0,,,,,,,,,,,,,,,,,,13.0158333333333,77.565615
2025-10-17 00:04:04.073,,,,,,,,,,,,,,,,,,,,,,,,,,0.0,,13.0158333333333,77.565615
2025-10-17 00:04:04.073,,,,,,,,,,,,,,,,,,,,,,,,,,,0.0,13.0158333333333,77.565615
2025-10-17 00:04:04.133,,0.0,,,,,,,,,,,,,,,,,,,,,,,,,,13.0158333333333,77.565615
2025-10-17 00:04:04.133,,,,,,,,,0.0,,,,,,,,,,,,,,,,,,,13.0158333333333,77.565615
2025-10-17 00:04:04.133,,,,,,,,,,0.0,,,,,,,,,,,,,,,,,,13.0158333333333,77.565615
2025-10-17 00:04:04.133,,,,,,,,,,,,,,,,,,,,,,,,,,0.0,,13.0158333333333,77.565615
2025-10-17 00:04:04.133,,,,,,,,,,,,,,,,,,,,,,,,,,,0.0,13.0158333333333,77.565615
2025-10-17 00:04:04.184,,0.0,,,,,,,,,,,,,,,,,,,,,,,,,,13.0158333333333,77.565615
2025-10-17 00:04:04.184,,,,,,,,,0.0,,,,,,,,,,,,,,,,,,,13.0158333333333,77.565615
2025-10-17 00:04:04.184,,,,,,,,,,0.0,,,,,,,,,,,,,,,,,,13.0158333333333,77.565615
2025-10-17 00:04:04.184,,,,,,,,,,,,,,,,,,,,,,,,,,0.0,,13.0158333333333,77.565615
2025-10-17 00:04:04.184,,,,,,,,,,,,,,,,,,,,,,,,,,,0.0,13.0158333333333,77.565615
2025-10-17 00:04:04.235,,0.0,,,,,,,,,,,,,,,,,,,,,,,,,,13.0158333333333,77.565615
2025-10-17 00:04:04.235,,,,,,,,,0.0,,,,,,,,,,,,,,,,,,,13.0158333333333,77.565615
2025-10-17 00:04:04.235,,,,,,,,,,0.0,,,,,,,,,,,,,,,,,,13.0158333333333,77.565615
2025-10-17 00:04:04.235,,,,,,,,,,,,,,,,,,,,,,,,,,0.0,,13.0158333333333,77.565615
2025-10-17 00:04:04.235,,,,,,,,,,,,,,,,,,,,,,,,,,,0.0,13.0158333333333,77.565615
2025-10-17 00:04:04.285,,0.0,,,,,,,,,,,,,,,,,,,,,,,,,,13.0158333333333,77.565615
2025-10-17 00:04:04.285,,,,,,,,,0.0,,,,,,,,,,,,,,,,,,,13.0158333333333,77.565615
2025-10-17 00:04:04.285,,,,,,,,,,0.0,,,,,,,,,,,,,,,,,,13.0158333333333,77.565615
2025-10-17 00:04:04.285,,,,,,,,,,,,,,,,,,,,,,,,,,0.0,,13.0158333333333,77.565615
2025-10-17 00:04:04.285,,,,,,,,,,,,,,,,,,,,,,,,,,,0.0,13.0158333333333,77.565615
2025-10-17 00:04:04.333,,0.0,,,,,,,,,,,,,,,,,,,,,,,,,,13.0158333333333,77.565615
2025-10-17 00:04:04.333,,,,,,,,,0.0,,,,,,,,,,,,,,,,,,,13.0158333333333,77.565615
2025-10-17 00:04:04.333,,,,,,,,,,0.0,,,,,,,,,,,,,,,,,,13.0158333333333,77.565615
2025-10-17 00:04:04.333,,,,,,,,,,,,,,,,,,,,,,,,,,0.0,,13.0158333333333,77.565615
2025-10-17 00:04:04.333,,,,,,,,,,,,,,,,,,,,,,,,,,,0.0,13.0158333333333,77.565615
2025-10-17 00:04:04.382,,0.0,,,,,,,,,,,,,,,,,,,,,,,,,,13.0158333333333,77.565615
2025-10-17 00:04:04.382,,,,,,,,,0.0,,,,,,,,,,,,,,,,,,,13.0158333333333,77.565615
2025-10-17 00:04:04.382,,,,,,,,,,0.0,,,,,,,,,,,,,,,,,,13.0158333333333,77.565615
2025-10-17 00:04:04.382,,,,,,,,,,,,,,,,,,,,,,,,,,0.0,,13.0158333333333,77.565615
2025-10-17 00:04:04.382,,,,,,,,,,,,,,,,,,,,,,,,,,,0.0,13.0158333333333,77.565615
2025-10-17 00:04:04.432,,0.0,,,,,,,,,,,,,,,,,,,,,,,,,,13.0158333333333,77.565615
2025-10-17 00:04:04.432,,,,,,,,,0.0,,,,,,,,,,,,,,,,,,,13.0158333333333,77.565615
2025-10-17 00:04:04.432,,,,,,,,,,0.0,,,,,,,,,,,,,,,,,,13.0158333333333,77.565615
2025-10-17 00:04:04.432,,,,,,,,,,,,,,,,,,,,,,,,,,0.0,,13.0158333333333,77.565615
2025-10-17 00:04:04.432,,,,,,,,,,,,,,,,,,,,,,,,,,,0.0,13.0158333333333,77.565615
2025-10-17 00:04:04.491,,0.0,,,,,,,,,,,,,,,,,,,,,,,,,,13.0158333333333,77.565615
2025-10-17 00:04:04.491,,,,,,,,,0.0,,,,,,,,,,,,,,,,,,,13.0158333333333,77.565615
2025-10-17 00:04:04.491,,,,,,,,,,0.0,,,,,,,,,,,,,,,,,,13.0158333333333,77.565615
2025-10-17 00:04:04.491,,,,,,,,,,,,,,,,,,,,,,,,,,0.0,,13.0158333333333,77.565615
2025-10-17 00:04:04.491,,,,,,,,,,,,,,,,,,,,,,,,,,,0.0,13.0158333333333,77.565615
2025-10-17 00:04:04.542,,0.0,,,,,,,,,,,,,,,,,,,,,,,,,,13.0158333333333,77.565615
2025-10-17 00:04:04.542,,,,,,,,,0.0,,,,,,,,,,,,,,,,,,,13.0158333333333,77.565615
2025-10-17 00:04:04.542,,,,,,,,,,0.0,,,,,,,,,,,,,,,,,,13.0158333333333,77.565615
2025-10-17 00:04:04.542,,,,,,,,,,,,,,,,,,,,,,,,,,0.0,,13.0158333333333,77.565615
2025-10-17 00:04:04.542,,,,,,,,,,,,,,,,,,,,,,,,,,,0.0,13.0158333333333,77.565615
2025-10-17 00:04:04.591,,0.0,,,,,,,,,,,,,,,,,,,,,,,,,,13.0158333333333,77.565615
2025-10-17 00:04:04.591,,,,,,,,,0.0,,,,,,,,,,,,,,,,,,,13.0158333333333,77.565615
2025-10-17 00:04:04.591,,,,,,,,,,0.0,,,,,,,,,,,,,,,,,,13.0158333333333,77.565615
2025-10-17 00:04:04.591,,,,,,,,,,,,,,,,,,,,,,,,,,0.0,,13.0158333333333,77.565615
2025-10-17 00:04:04.591,,,,,,,,,,,,,,,,,,,,,,,,,,,0.0,13.0158333333333,77.565615
2025-10-17 00:04:04.639,,0.0,,,,,,,,,,,,,,,,,,,,,,,,,,13.0158333333333,77.565615
2025-10-17 00:04:04.639,,,,,,,,,0.0,,,,,,,,,,,,,,,,,,,13.0158333333333,77.565615
2025-10-17 00:04:04.639,,,,,,,,,,0.0,,,,,,,,,,,,,,,,,,13.0158333333333,77.565615
2025-10-17 00:04:04.639,,,,,,,,,,,,,,,,,,,,,,,,,,0.0,,13.0158333333333,77.565615
2025-10-17 00:04:04.639,,,,,,,,,,,,,,,,,,,,,,,,,,,0.0,13.0158333333333,77.565615
2025-10-17 00:04:04.686,,0.0,,,,,,,,,,,,,,,,,,,,,,,,,,13.0158333333333,77.565615
2025-10-17 00:04:04.686,,,,,,,,,0.0,,,,,,,,,,,,,,,,,,,13.0158333333333,77.565615
2025-10-17 00:04:04.686,,,,,,,,,,0.0,,,,,,,,,,,,,,,,,,13.0158333333333,77.565615
2025-10-17 00:04:04.686,,,,,,,,,,,,,,,,,,,,,,,,,,0.0,,13.0158333333333,77.565615
2025-10-17 00:04:04.686,,,,,,,,,,,,,,,,,,,,,,,,,,,0.0,13.0158333333333,77.565615
2025-10-17 00:04:04.733,,0.0,,,,,,,,,,,,,,,,,,,,,,,,,,13.0158333333333,77.565615
2025-10-17 00:04:04.733,,,,,,,,,0.0,,,,,,,,,,,,,,,,,,,13.0158333333333,77.565615
2025-10-17 00:04:04.733,,,,,,,,,,0.0,,,,,,,,,,,,,,,,,,13.0158333333333,77.565615
2025-10-17 00:04:04.733,,,,,,,,,,,,,,,,,,,,,,,,,,0.0,,13.0158333333333,77.565615
2025-10-17 00:04:04.733,,,,,,,,,,,,,,,,,,,,,,,,,,,0.0,13.0158333333333,77.565615
2025-10-17 00:04:04.780,,0.0,,,,,,,,,,,,,,,,,,,,,,,,,,13.0158333333333,77.565615
2025-10-17 00:04:04.780,,,,,,,,,0.0,,,,,,,,,,,,,,,,,,,13.0158333333333,77.565615
2025-10-17 00:04:04.780,,,,,,,,,,0.0,,,,,,,,,,,,,,,,,,13.0158333333333,77.565615
2025-10-17 00:04:04.780,,,,,,,,,,,,,,,,,,,,,,,,,,0.0,,13.0158333333333,77.565615
2025-10-17 00:04:04.780,,,,,,,,,,,,,,,,,,,,,,,,,,,0.0,13.0158333333333,77.565615
2025-10-17 00:04:04.831,,0.0,,,,,,,,,,,,,,,,,,,,,,,,,,13.0158333333333,77.565615
2025-10-17 00:04:04.831,,,,,,,,,0.0,,,,,,,,,,,,,,,,,,,13.0158333333333,77.565615
2025-10-17 00:04:04.831,,,,,,,,,,0.0,,,,,,,,,,,,,,,,,,13.0158333333333,77.565615
2025-10-17 00:04:04.831,,,,,,,,,,,,,,,,,,,,,,,,,,0.0,,13.0158333333333,77.565615
2025-10-17 00:04:04.831,,,,,,,,,,,,,,,,,,,,,,,,,,,0.0,13.0158333333333,77.565615
2025-10-17 00:04:04.881,,0.0,,,,,,,,,,,,,,,,,,,,,,,,,,13.0158333333333,77.565615
2025-10-17 00:04:04.881,,,,,,,,,0.0,,,,,,,,,,,,,,,,,,,13.0158333333333,77.565615
2025-10-17 00:04:04.881,,,,,,,,,,0.0,,,,,,,,,,,,,,,,,,13.0158333333333,77.565615
2025-10-17 00:04:04.881,,,,,,,,,,,,,,,,,,,,,,,,,,0.0,,13.0158333333333,77.565615
2025-10-17 00:04:04.881,,,,,,,,,,,,,,,,,,,,,,,,,,,0.0,13.0158333333333,77.565615
2025-10-17 00:04:04.954,,0.0,,,,,,,,,,,,,,,,,,,,,,,,,,13.0158333333333,77.565615
2025-10-17 00:04:04.954,,,,,,,,,0.0,,,,,,,,,,,,,,,,,,,13.0158333333333,77.565615
2025-10-17 00:04:04.954,,,,,,,,,,0.0,,,,,,,,,,,,,,,,,,13.0158333333333,77.565615
2025-10-17 00:04:04.954,,,,,,,,,,,,,,,,,,,,,,,,,,0.0,,13.0158333333333,77.565615
2025-10-17 00:04:04.954,,,,,,,,,,,,,,,,,,,,,,,,,,,0.0,13.0158333333333,77.565615
2025-10-17 00:04:05.007,,0.0,,,,,,,,,,,,,,,,,,,,,,,,,,13.0158333333333,77.565615
2025-10-17 00:04:05.007,,,,,,,,,0.0,,,,,,,,,,,,,,,,,,,13.0158333333333,77.565615
2025-10-17 00:04:05.007,,,,,,,,,,0.0,,,,,,,,,,,,,,,,,,13.0158333333333,77.565615
2025-10-17 00:04:05.007,,,,,,,,,,,,,,,,,,,,,,,,,,0.0,,13.0158333333333,77.565615
2025-10-17 00:04:05.007,,,,,,,,,,,,,,,,,,,,,,,,,,,0.0,13.0158333333333,77.565615
2025-10-17 00:04:05.058,,0.0,,,,,,,,,,,,,,,,,,,,,,,,,,13.0158333333333,77.565615
2025-10-17 00:04:05.058,,,,,,,,,0.0,,,,,,,,,,,,,,,,,,,13.0158333333333,77.565615
2025-10-17 00:04:05.058,,,,,,,,,,0.0,,,,,,,,,,,,,,,,,,13.0158333333333,77.565615
2025-10-17 00:04:05.058,,,,,,,,,,,,,,,,,,,,,,,,,,0.0,,13.0158333333333,77.565615
2025-10-17 00:04:05.058,,,,,,,,,,,,,,,,,,,,,,,,,,,0.0,13.0158333333333,77.565615
2025-10-17 00:04:05.112,,0.0,,,,,,,,,,,,,,,,,,,,,,,,,,13.0158333333333,77.565615
2025-10-17 00:04:05.112,,,,,,,,,0.0,,,,,,,,,,,,,,,,,,,13.0158333333333,77.565615
2025-10-17 00:04:05.112,,,,,,,,,,0.0,,,,,,,,,,,,,,,,,,13.0158333333333,77.565615
2025-10-17 00:04:05.112,,,,,,,,,,,,,,,,,,,,,,,,,,0.0,,13.0158333333333,77.565615
2025-10-17 00:04:05.112,,,,,,,,,,,,,,,,,,,,,,,,,,,0.0,13.0158333333333,77.565615
2025-10-17 00:04:05.174,,0.0,,,,,,,,,,,,,,,,,,,,,,,,,,13.0158333333333,77.565615
2025-10-17 00:04:05.174,,,,,,,,,0.0,,,,,,,,,,,,,,,,,,,13.0158333333333,77.565615
2025-10-17 00:04:05.174,,,,,,,,,,0.0,,,,,,,,,,,,,,,,,,13.0158333333333,77.565615
2025-10-17 00:04:05.174,,,,,,,,,,,,,,,,,,,,,,,,,,0.0,,13.0158333333333,77.565615
2025-10-17 00:04:05.174,,,,,,,,,,,,,,,,,,,,,,,,,,,0.0,13.0158333333333,77.565615
2025-10-17 00:04:05.236,,0.0,,,,,,,,,,,,,,,,,,,,,,,,,,13.0158333333333,77.565615
2025-10-17 00:04:05.236,,,,,,,,,0.0,,,,,,,,,,,,,,,,,,,13.0158333333333,77.565615
2025-10-17 00:04:05.236,,,,,,,,,,0.0,,,,,,,,,,,,,,,,,,13.0158333333333,77.565615
2025-10-17 00:04:05.236,,,,,,,,,,,,,,,,,,,,,,,,,,0.0,,13.0158333333333,77.565615
2025-10-17 00:04:05.236,,,,,,,,,,,,,,,,,,,,,,,,,,,0.0,13.0158333333333,77.565615
2025-10-17 00:04:05.289,,0.0,,,,,,,,,,,,,,,,,,,,,,,,,,13.0158333333333,77.565615
2025-10-17 00:04:05.289,,,,,,,,,0.0,,,,,,,,,,,,,,,,,,,13.0158333333333,77.565615
2025-10-17 00:04:05.289,,,,,,,,,,0.0,,,,,,,,,,,,,,,,,,13.0158333333333,77.565615
2025-10-17 00:04:05.289,,,,,,,,,,,,,,,,,,,,,,,,,,0.0,,13.0158333333333,77.565615
2025-10-17 00:04:05.289,,,,,,,,,,,,,,,,,,,,,,,,,,,0.0,13.0158333333333,77.565615
2025-10-17 00:04:05.344,,0.0,,,,,,,,,,,,,,,,,,,,,,,,,,13.0158333333333,77.565615
2025-10-17 00:04:05.344,,,,,,,,,0.0,,,,,,,,,,,,,,,,,,,13.0158333333333,77.565615
2025-10-17 00:04:05.344,,,,,,,,,,0.0,,,,,,,,,,,,,,,,,,13.0158333333333,77.565615
2025-10-17 00:04:05.344,,,,,,,,,,,,,,,,,,,,,,,,,,0.0,,13.0158333333333,77.565615
2025-10-17 00:04:05.344,,,,,,,,,,,,,,,,,,,,,,,,,,,0.0,13.0158333333333,77.565615
2025-10-17 00:04:05.383,,0.0,,,,,,,,,,,,,,,,,,,,,,,,,,13.0158333333333,77.565615
2025-10-17 00:04:05.383,,,,,,,,,0.0,,,,,,,,,,,,,,,,,,,13.0158333333333,77.565615
2025-10-17 00:04:05.383,,,,,,,,,,0.0,,,,,,,,,,,,,,,,,,13.0158333333333,77.565615
2025-10-17 00:04:05.383,,,,,,,,,,,,,,,,,,,,,,,,,,0.0,,13.0158333333333,77.565615
2025-10-17 00:04:05.383,,,,,,,,,,,,,,,,,,,,,,,,,,,0.0,13.0158333333333,77.565615
2025-10-17 00:04:05.432,,0.0,,,,,,,,,,,,,,,,,,,,,,,,,,13.0158333333333,77.565615
2025-10-17 00:04:05.432,,,,,,,,,0.0,,,,,,,,,,,,,,,,,,,13.0158333333333,77.565615
2025-10-17 00:04:05.432,,,,,,,,,,0.0,,,,,,,,,,,,,,,,,,13.0158333333333,77.565615
2025-10-17 00:04:05.432,,,,,,,,,,,,,,,,,,,,,,,,,,0.0,,13.0158333333333,77.565615
2025-10-17 00:04:05.432,,,,,,,,,,,,,,,,,,,,,,,,,,,0.0,13.0158333333333,77.565615
2025-10-17 00:04:05.483,,0.0,,,,,,,,,,,,,,,,,,,,,,,,,,13.0158333333333,77.565615
2025-10-17 00:04:05.483,,,,,,,,,0.0,,,,,,,,,,,,,,,,,,,13.0158333333333,77.565615
2025-10-17 00:04:05.483,,,,,,,,,,0.0,,,,,,,,,,,,,,,,,,13.0158333333333,77.565615
2025-10-17 00:04:05.483,,,,,,,,,,,,,,,,,,,,,,,,,,0.0,,13.0158333333333,77.565615
2025-10-17 00:04:05.483,,,,,,,,,,,,,,,,,,,,,,,,,,,0.0,13.0158333333333,77.565615
2025-10-17 00:04:05.533,,0.0,,,,,,,,,,,,,,,,,,,,,,,,,,13.0158333333333,77.565615
2025-10-17 00:04:05.533,,,,,,,,,0.0,,,,,,,,,,,,,,,,,,,13.0158333333333,77.565615
2025-10-17 00:04:05.533,,,,,,,,,,0.0,,,,,,,,,,,,,,,,,,13.0158333333333,77.565615
2025-10-17 00:04:05.533,,,,,,,,,,,,,,,,,,,,,,,,,,0.0,,13.0158333333333,77.565615
2025-10-17 00:04:05.533,,,,,,,,,,,,,,,,,,,,,,,,,,,0.0,13.0158333333333,77.565615
2025-10-17 00:04:05.588,,0.0,,,,,,,,,,,,,,,,,,,,,,,,,,13.0158333333333,77.565615
2025-10-17 00:04:05.588,,,,,,,,,0.0,,,,,,,,,,,,,,,,,,,13.0158333333333,77.565615
2025-10-17 00:04:05.588,,,,,,,,,,0.0,,,,,,,,,,,,,,,,,,13.0158333333333,77.565615
2025-10-17 00:04:05.588,,,,,,,,,,,,,,,,,,,,,,,,,,0.0,,13.0158333333333,77.565615
2025-10-17 00:04:05.588,,,,,,,,,,,,,,,,,,,,,,,,,,,0.0,13.0158333333333,77.565615
2025-10-17 00:04:05.642,,0.0,,,,,,,,,,,,,,,,,,,,,,,,,,13.0158333333333,77.565615
2025-10-17 00:04:05.642,,,,,,,,,0.0,,,,,,,,,,,,,,,,,,,13.0158333333333,77.565615
2025-10-17 00:04:05.642,,,,,,,,,,0.0,,,,,,,,,,,,,,,,,,13.0158333333333,77.565615
2025-10-17 00:04:05.642,,,,,,,,,,,,,,,,,,,,,,,,,,0.0,,13.0158333333333,77.565615
2025-10-17 00:04:05.642,,,,,,,,,,,,,,,,,,,,,,,,,,,0.0,13.0158333333333,77.565615
2025-10-17 00:04:05.690,,0.0,,,,,,,,,,,,,,,,,,,,,,,,,,13.0158333333333,77.565615
2025-10-17 00:04:05.690,,,,,,,,,0.0,,,,,,,,,,,,,,,,,,,13.0158333333333,77.565615
2025-10-17 00:04:05.690,,,,,,,,,,0.0,,,,,,,,,,,,,,,,,,13.0158333333333,77.565615
2025-10-17 00:04:05.690,,,,,,,,,,,,,,,,,,,,,,,,,,0.0,,13.0158333333333,77.565615
2025-10-17 00:04:05.690,,,,,,,,,,,,,,,,,,,,,,,,,,,0.0,13.0158333333333,77.565615
2025-10-17 00:04:05.738,,0.0,,,,,,,,,,,,,,,,,,,,,,,,,,13.0158333333333,77.565615
2025-10-17 00:04:05.738,,,,,,,,,0.0,,,,,,,,,,,,,,,,,,,13.0158333333333,77.565615
2025-10-17 00:04:05.738,,,,,,,,,,0.0,,,,,,,,,,,,,,,,,,13.0158333333333,77.565615
2025-10-17 00:04:05.738,,,,,,,,,,,,,,,,,,,,,,,,,,0.0,,13.0158333333333,77.565615
2025-10-17 00:04:05.738,,,,,,,,,,,,,,,,,,,,,,,,,,,0.0,13.0158333333333,77.565615
2025-10-17 00:04:05.788,,0.0,,,,,,,,,,,,,,,,,,,,,,,,,,13.0158333333333,77.565615
2025-10-17 00:04:05.788,,,,,,,,,0.0,,,,,,,,,,,,,,,,,,,13.0158333333333,77.565615
2025-10-17 00:04:05.788,,,,,,,,,,0.0,,,,,,,,,,,,,,,,,,13.0158333333333,77.565615
2025-10-17 00:04:05.788,,,,,,,,,,,,,,,,,,,,,,,,,,0.0,,13.0158333333333,77.565615
2025-10-17 00:04:05.788,,,,,,,,,,,,,,,,,,,,,,,,,,,0.0,13.0158333333333,77.565615
2025-10-17 00:04:05.836,,0.0,,,,,,,,,,,,,,,,,,,,,,,,,,13.0158333333333,77.565615
2025-10-17 00:04:05.836,,,,,,,,,0.0,,,,,,,,,,,,,,,,,,,13.0158333333333,77.565615
2025-10-17 00:04:05.836,,,,,,,,,,0.0,,,,,,,,,,,,,,,,,,13.0158333333333,77.565615
2025-10-17 00:04:05.836,,,,,,,,,,,,,,,,,,,,,,,,,,0.0,,13.0158333333333,77.565615
2025-10-17 00:04:05.836,,,,,,,,,,,,,,,,,,,,,,,,,,,0.0,13.0158333333333,77.565615
2025-10-17 00:04:05.899,,0.0,,,,,,,,,,,,,,,,,,,,,,,,,,13.0158333333333,77.565615
2025-10-17 00:04:05.899,,,,,,,,,0.0,,,,,,,,,,,,,,,,,,,13.0158333333333,77.565615
2025-10-17 00:04:05.899,,,,,,,,,,0.0,,,,,,,,,,,,,,,,,,13.0158333333333,77.565615
2025-10-17 00:04:05.899,,,,,,,,,,,,,,,,,,,,,,,,,,0.0,,13.0158333333333,77.565615
2025-10-17 00:04:05.899,,,,,,,,,,,,,,,,,,,,,,,,,,,0.0,13.0158333333333,77.565615
2025-10-17 00:04:05.950,,0.0,,,,,,,,,,,,,,,,,,,,,,,,,,13.0158333333333,77.565615
2025-10-17 00:04:05.950,,,,,,,,,0.0,,,,,,,,,,,,,,,,,,,13.0158333333333,77.565615
2025-10-17 00:04:05.950,,,,,,,,,,0.0,,,,,,,,,,,,,,,,,,13.0158333333333,77.565615
2025-10-17 00:04:05.950,,,,,,,,,,,,,,,,,,,,,,,,,,0.0,,13.0158333333333,77.565615
2025-10-17 00:04:05.950,,,,,,,,,,,,,,,,,,,,,,,,,,,0.0,13.0158333333333,77.565615
2025-10-17 00:04:05.979,852.4,,,,,,,,,,,,,,,,,,,,,,,,,,,13.0158383333333,77.5656116666667
2025-10-17 00:04:06.002,,0.0,,,,,,,,,,,,,,,,,,,,,,,,,,13.0158383333333,77.5656116666667
2025-10-17 00:04:06.002,,,,,,,,,0.0,,,,,,,,,,,,,,,,,,,13.0158383333333,77.5656116666667
2025-10-17 00:04:06.002,,,,,,,,,,0.0,,,,,,,,,,,,,,,,,,13.0158383333333,77.5656116666667
2025-10-17 00:04:06.002,,,,,,,,,,,,,,,,,,,,,,,,,,0.0,,13.0158383333333,77.5656116666667
2025-10-17 00:04:06.002,,,,,,,,,,,,,,,,,,,,,,,,,,,0.0,13.0158383333333,77.5656116666667
2025-10-17 00:04:06.050,,0.0,,,,,,,,,,,,,,,,,,,,,,,,,,13.0158383333333,77.5656116666667
2025-10-17 00:04:06.050,,,,,,,,,0.0,,,,,,,,,,,,,,,,,,,13.0158383333333,77.5656116666667
2025-10-17 00:04:06.050,,,,,,,,,,0.0,,,,,,,,,,,,,,,,,,13.0158383333333,77.5656116666667
2025-10-17 00:04:06.050,,,,,,,,,,,,,,,,,,,,,,,,,,0.0,,13.0158383333333,77.5656116666667
2025-10-17 00:04:06.050,,,,,,,,,,,,,,,,,,,,,,,,,,,0.0,13.0158383333333,77.5656116666667
2025-10-17 00:04:06.099,,0.0,,,,,,,,,,,,,,,,,,,,,,,,,,13.0158383333333,77.5656116666667
2025-10-17 00:04:06.099,,,,,,,,,0.0,,,,,,,,,,,,,,,,,,,13.0158383333333,77.5656116666667
2025-10-17 00:04:06.099,,,,,,,,,,0.0,,,,,,,,,,,,,,,,,,13.0158383333333,77.5656116666667
2025-10-17 00:04:06.099,,,,,,,,,,,,,,,,,,,,,,,,,,0.0,,13.0158383333333,77.5656116666667
2025-10-17 00:04:06.099,,,,,,,,,,,,,,,,,,,,,,,,,,,0.0,13.0158383333333,77.5656116666667
2025-10-17 00:04:06.145,,0.0,,,,,,,,,,,,,,,,,,,,,,,,,,13.0158383333333,77.5656116666667
2025-10-17 00:04:06.145,,,,,,,,,0.0,,,,,,,,,,,,,,,,,,,13.0158383333333,77.5656116666667
2025-10-17 00:04:06.145,,,,,,,,,,0.0,,,,,,,,,,,,,,,,,,13.0158383333333,77.5656116666667
2025-10-17 00:04:06.145,,,,,,,,,,,,,,,,,,,,,,,,,,0.0,,13.0158383333333,77.5656116666667
2025-10-17 00:04:06.145,,,,,,,,,,,,,,,,,,,,,,,,,,,0.0,13.0158383333333,77.5656116666667
2025-10-17 00:04:06.194,,0.0,,,,,,,,,,,,,,,,,,,,,,,,,,13.0158383333333,77.5656116666667
2025-10-17 00:04:06.194,,,,,,,,,0.0,,,,,,,,,,,,,,,,,,,13.0158383333333,77.5656116666667
2025-10-17 00:04:06.194,,,,,,,,,,0.0,,,,,,,,,,,,,,,,,,13.0158383333333,77.5656116666667
2025-10-17 00:04:06.194,,,,,,,,,,,,,,,,,,,,,,,,,,0.0,,13.0158383333333,77.5656116666667
2025-10-17 00:04:06.194,,,,,,,,,,,,,,,,,,,,,,,,,,,0.0,13.0158383333333,77.5656116666667
2025-10-17 00:04:06.239,,0.0,,,,,,,,,,,,,,,,,,,,,,,,,,13.0158383333333,77.5656116666667
2025-10-17 00:04:06.239,,,,,,,,,0.0,,,,,,,,,,,,,,,,,,,13.0158383333333,77.5656116666667
2025-10-17 00:04:06.239,,,,,,,,,,0.0,,,,,,,,,,,,,,,,,,13.0158383333333,77.5656116666667
2025-10-17 00:04:06.239,,,,,,,,,,,,,,,,,,,,,,,,,,0.0,,13.0158383333333,77.5656116666667
2025-10-17 00:04:06.239,,,,,,,,,,,,,,,,,,,,,,,,,,,0.0,13.0158383333333,77.5656116666667
2025-10-17 00:04:06.288,,0.0,,,,,,,,,,,,,,,,,,,,,,,,,,13.0158383333333,77.5656116666667
2025-10-17 00:04:06.288,,,,,,,,,0.0,,,,,,,,,,,,,,,,,,,13.0158383333333,77.5656116666667
2025-10-17 00:04:06.288,,,,,,,,,,0.0,,,,,,,,,,,,,,,,,,13.0158383333333,77.5656116666667
2025-10-17 00:04:06.288,,,,,,,,,,,,,,,,,,,,,,,,,,0.0,,13.0158383333333,77.5656116666667
2025-10-17 00:04:06.288,,,,,,,,,,,,,,,,,,,,,,,,,,,0.0,13.0158383333333,77.5656116666667
2025-10-17 00:04:06.359,,0.0,,,,,,,,,,,,,,,,,,,,,,,,,,13.0158383333333,77.5656116666667
2025-10-17 00:04:06.359,,,,,,,,,0.0,,,,,,,,,,,,,,,,,,,13.0158383333333,77.5656116666667
2025-10-17 00:04:06.359,,,,,,,,,,0.0,,,,,,,,,,,,,,,,,,13.0158383333333,77.5656116666667
2025-10-17 00:04:06.359,,,,,,,,,,,,,,,,,,,,,,,,,,0.0,,13.0158383333333,77.5656116666667
2025-10-17 00:04:06.359,,,,,,,,,,,,,,,,,,,,,,,,,,,0.0,13.0158383333333,77.5656116666667
2025-10-17 00:04:06.412,,0.0,,,,,,,,,,,,,,,,,,,,,,,,,,13.0158383333333,77.5656116666667
2025-10-17 00:04:06.412,,,,,,,,,0.0,,,,,,,,,,,,,,,,,,,13.0158383333333,77.5656116666667
2025-10-17 00:04:06.412,,,,,,,,,,0.0,,,,,,,,,,,,,,,,,,13.0158383333333,77.5656116666667
2025-10-17 00:04:06.412,,,,,,,,,,,,,,,,,,,,,,,,,,0.0,,13.0158383333333,77.5656116666667
2025-10-17 00:04:06.412,,,,,,,,,,,,,,,,,,,,,,,,,,,0.0,13.0158383333333,77.5656116666667
2025-10-17 00:04:06.463,,0.0,,,,,,,,,,,,,,,,,,,,,,,,,,13.0158383333333,77.5656116666667
2025-10-17 00:04:06.463,,,,,,,,,0.0,,,,,,,,,,,,,,,,,,,13.0158383333333,77.5656116666667
2025-10-17 00:04:06.463,,,,,,,,,,0.0,,,,,,,,,,,,,,,,,,13.0158383333333,77.5656116666667
2025-10-17 00:04:06.463,,,,,,,,,,,,,,,,,,,,,,,,,,0.0,,13.0158383333333,77.5656116666667
2025-10-17 00:04:06.463,,,,,,,,,,,,,,,,,,,,,,,,,,,0.0,13.0158383333333,77.5656116666667
2025-10-17 00:04:06.524,,0.0,,,,,,,,,,,,,,,,,,,,,,,,,,13.0158383333333,77.5656116666667
2025-10-17 00:04:06.524,,,,,,,,,0.0,,,,,,,,,,,,,,,,,,,13.0158383333333,77.5656116666667
2025-10-17 00:04:06.524,,,,,,,,,,0.0,,,,,,,,,,,,,,,,,,13.0158383333333,77.5656116666667
2025-10-17 00:04:06.524,,,,,,,,,,,,,,,,,,,,,,,,,,0.0,,13.0158383333333,77.5656116666667
2025-10-17 00:04:06.524,,,,,,,,,,,,,,,,,,,,,,,,,,,0.0,13.0158383333333,77.5656116666667
2025-10-17 00:04:06.580,,0.0,,,,,,,,,,,,,,,,,,,,,,,,,,13.0158383333333,77.5656116666667
2025-10-17 00:04:06.580,,,,,,,,,0.0,,,,,,,,,,,,,,,,,,,13.0158383333333,77.5656116666667
2025-10-17 00:04:06.580,,,,,,,,,,0.0,,,,,,,,,,,,,,,,,,13.0158383333333,77.5656116666667
2025-10-17 00:04:06.580,,,,,,,,,,,,,,,,,,,,,,,,,,0.0,,13.0158383333333,77.5656116666667
2025-10-17 00:04:06.580,,,,,,,,,,,,,,,,,,,,,,,,,,,0.0,13.0158383333333,77.5656116666667
2025-10-17 00:04:06.641,,0.0,,,,,,,,,,,,,,,,,,,,,,,,,,13.0158383333333,77.5656116666667
2025-10-17 00:04:06.641,,,,,,,,,0.0,,,,,,,,,,,,,,,,,,,13.0158383333333,77.5656116666667
2025-10-17 00:04:06.641,,,,,,,,,,0.0,,,,,,,,,,,,,,,,,,13.0158383333333,77.5656116666667
2025-10-17 00:04:06.641,,,,,,,,,,,,,,,,,,,,,,,,,,0.0,,13.0158383333333,77.5656116666667
2025-10-17 00:04:06.641,,,,,,,,,,,,,,,,,,,,,,,,,,,0.0,13.0158383333333,77.5656116666667
2025-10-17 00:04:06.689,,0.0,,,,,,,,,,,,,,,,,,,,,,,,,,13.0158383333333,77.5656116666667
2025-10-17 00:04:06.689,,,,,,,,,0.0,,,,,,,,,,,,,,,,,,,13.0158383333333,77.5656116666667
2025-10-17 00:04:06.689,,,,,,,,,,0.0,,,,,,,,,,,,,,,,,,13.0158383333333,77.5656116666667
2025-10-17 00:04:06.689,,,,,,,,,,,,,,,,,,,,,,,,,,0.0,,13.0158383333333,77.5656116666667
2025-10-17 00:04:06.689,,,,,,,,,,,,,,,,,,,,,,,,,,,0.0,13.0158383333333,77.5656116666667
2025-10-17 00:04:06.756,,0.0,,,,,,,,,,,,,,,,,,,,,,,,,,13.0158383333333,77.5656116666667
2025-10-17 00:04:06.756,,,,,,,,,0.0,,,,,,,,,,,,,,,,,,,13.0158383333333,77.5656116666667
2025-10-17 00:04:06.756,,,,,,,,,,0.0,,,,,,,,,,,,,,,,,,13.0158383333333,77.5656116666667
2025-10-17 00:04:06.756,,,,,,,,,,,,,,,,,,,,,,,,,,0.0,,13.0158383333333,77.5656116666667
2025-10-17 00:04:06.756,,,,,,,,,,,,,,,,,,,,,,,,,,,0.0,13.0158383333333,77.5656116666667
2025-10-17 00:04:06.803,,0.0,,,,,,,,,,,,,,,,,,,,,,,,,,13.0158383333333,77.5656116666667
2025-10-17 00:04:06.803,,,,,,,,,0.0,,,,,,,,,,,,,,,,,,,13.0158383333333,77.5656116666667
2025-10-17 00:04:06.803,,,,,,,,,,0.0,,,,,,,,,,,,,,,,,,13.0158383333333,77.5656116666667
2025-10-17 00:04:06.803,,,,,,,,,,,,,,,,,,,,,,,,,,0.0,,13.0158383333333,77.5656116666667
2025-10-17 00:04:06.803,,,,,,,,,,,,,,,,,,,,,,,,,,,0.0,13.0158383333333,77.5656116666667
2025-10-17 00:04:06.849,,0.0,,,,,,,,,,,,,,,,,,,,,,,,,,13.0158383333333,77.5656116666667
2025-10-17 00:04:06.849,,,,,,,,,0.0,,,,,,,,,,,,,,,,,,,13.0158383333333,77.5656116666667
2025-10-17 00:04:06.849,,,,,,,,,,0.0,,,,,,,,,,,,,,,,,,13.0158383333333,77.5656116666667
2025-10-17 00:04:06.849,,,,,,,,,,,,,,,,,,,,,,,,,,0.0,,13.0158383333333,77.5656116666667
2025-10-17 00:04:06.849,,,,,,,,,,,,,,,,,,,,,,,,,,,0.0,13.0158383333333,77.5656116666667
2025-10-17 00:04:06.897,,0.0,,,,,,,,,,,,,,,,,,,,,,,,,,13.0158383333333,77.5656116666667
2025-10-17 00:04:06.897,,,,,,,,,0.0,,,,,,,,,,,,,,,,,,,13.0158383333333,77.5656116666667
2025-10-17 00:04:06.897,,,,,,,,,,0.0,,,,,,,,,,,,,,,,,,13.0158383333333,77.5656116666667
2025-10-17 00:04:06.897,,,,,,,,,,,,,,,,,,,,,,,,,,0.0,,13.0158383333333,77.5656116666667
2025-10-17 00:04:06.897,,,,,,,,,,,,,,,,,,,,,,,,,,,0.0,13.0158383333333,77.5656116666667
2025-10-17 00:04:06.945,,0.0,,,,,,,,,,,,,,,,,,,,,,,,,,13.0158383333333,77.5656116666667
2025-10-17 00:04:06.945,,,,,,,,,0.0,,,,,,,,,,,,,,,,,,,13.0158383333333,77.5656116666667
2025-10-17 00:04:06.945,,,,,,,,,,0.0,,,,,,,,,,,,,,,,,,13.0158383333333,77.5656116666667
2025-10-17 00:04:06.945,,,,,,,,,,,,,,,,,,,,,,,,,,0.0,,13.0158383333333,77.5656116666667
2025-10-17 00:04:06.945,,,,,,,,,,,,,,,,,,,,,,,,,,,0.0,13.0158383333333,77.5656116666667
2025-10-17 00:04:06.992,,0.0,,,,,,,,,,,,,,,,,,,,,,,,,,13.0158383333333,77.5656116666667
2025-10-17 00:04:06.992,,,,,,,,,0.0,,,,,,,,,,,,,,,,,,,13.0158383333333,77.5656116666667
2025-10-17 00:04:06.992,,,,,,,,,,0.0,,,,,,,,,,,,,,,,,,13.0158383333333,77.5656116666667
2025-10-17 00:04:06.992,,,,,,,,,,,,,,,,,,,,,,,,,,0.0,,13.0158383333333,77.5656116666667
2025-10-17 00:04:06.992,,,,,,,,,,,,,,,,,,,,,,,,,,,0.0,13.0158383333333,77.5656116666667
2025-10-17 00:04:07.052,,0.0,,,,,,,,,,,,,,,,,,,,,,,,,,13.0158383333333,77.5656116666667
2025-10-17 00:04:07.052,,,,,,,,,0.0,,,,,,,,,,,,,,,,,,,13.0158383333333,77.5656116666667
2025-10-17 00:04:07.052,,,,,,,,,,0.0,,,,,,,,,,,,,,,,,,13.0158383333333,77.5656116666667
2025-10-17 00:04:07.052,,,,,,,,,,,,,,,,,,,,,,,,,,0.0,,13.0158383333333,77.5656116666667
2025-10-17 00:04:07.052,,,,,,,,,,,,,,,,,,,,,,,,,,,0.0,13.0158383333333,77.5656116666667
2025-10-17 00:04:07.098,,0.0,,,,,,,,,,,,,,,,,,,,,,,,,,13.0158383333333,77.5656116666667
2025-10-17 00:04:07.098,,,,,,,,,0.0,,,,,,,,,,,,,,,,,,,13.0158383333333,77.5656116666667
2025-10-17 00:04:07.098,,,,,,,,,,0.0,,,,,,,,,,,,,,,,,,13.0158383333333,77.5656116666667
2025-10-17 00:04:07.098,,,,,,,,,,,,,,,,,,,,,,,,,,0.0,,13.0158383333333,77.5656116666667
2025-10-17 00:04:07.098,,,,,,,,,,,,,,,,,,,,,,,,,,,0.0,13.0158383333333,77.5656116666667
2025-10-17 00:04:07.145,,0.0,,,,,,,,,,,,,,,,,,,,,,,,,,13.0158383333333,77.5656116666667
2025-10-17 00:04:07.145,,,,,,,,,0.0,,,,,,,,,,,,,,,,,,,13.0158383333333,77.5656116666667
2025-10-17 00:04:07.145,,,,,,,,,,0.0,,,,,,,,,,,,,,,,,,13.0158383333333,77.5656116666667
2025-10-17 00:04:07.145,,,,,,,,,,,,,,,,,,,,,,,,,,0.0,,13.0158383333333,77.5656116666667
2025-10-17 00:04:07.145,,,,,,,,,,,,,,,,,,,,,,,,,,,0.0,13.0158383333333,77.5656116666667
2025-10-17 00:04:07.193,,0.0,,,,,,,,,,,,,,,,,,,,,,,,,,13.0158383333333,77.5656116666667
2025-10-17 00:04:07.193,,,,,,,,,0.0,,,,,,,,,,,,,,,,,,,13.0158383333333,77.5656116666667
2025-10-17 00:04:07.193,,,,,,,,,,0.0,,,,,,,,,,,,,,,,,,13.0158383333333,77.5656116666667
2025-10-17 00:04:07.193,,,,,,,,,,,,,,,,,,,,,,,,,,0.0,,13.0158383333333,77.5656116666667
2025-10-17 00:04:07.193,,,,,,,,,,,,,,,,,,,,,,,,,,,0.0,13.0158383333333,77.5656116666667
2025-10-17 00:04:07.239,,0.0,,,,,,,,,,,,,,,,,,,,,,,,,,13.0158383333333,77.5656116666667
2025-10-17 00:04:07.239,,,,,,,,,0.0,,,,,,,,,,,,,,,,,,,13.0158383333333,77.5656116666667
2025-10-17 00:04:07.239,,,,,,,,,,0.0,,,,,,,,,,,,,,,,,,13.0158383333333,77.5656116666667
2025-10-17 00:04:07.239,,,,,,,,,,,,,,,,,,,,,,,,,,0.0,,13.0158383333333,77.5656116666667
2025-10-17 00:04:07.239,,,,,,,,,,,,,,,,,,,,,,,,,,,0.0,13.0158383333333,77.5656116666667
2025-10-17 00:04:07.297,,0.0,,,,,,,,,,,,,,,,,,,,,,,,,,13.0158383333333,77.5656116666667
2025-10-17 00:04:07.297,,,,,,,,,0.0,,,,,,,,,,,,,,,,,,,13.0158383333333,77.5656116666667
2025-10-17 00:04:07.297,,,,,,,,,,0.0,,,,,,,,,,,,,,,,,,13.0158383333333,77.5656116666667
2025-10-17 00:04:07.297,,,,,,,,,,,,,,,,,,,,,,,,,,0.0,,13.0158383333333,77.5656116666667
2025-10-17 00:04:07.297,,,,,,,,,,,,,,,,,,,,,,,,,,,0.0,13.0158383333333,77.5656116666667
2025-10-17 00:04:07.344,,0.0,,,,,,,,,,,,,,,,,,,,,,,,,,13.0158383333333,77.5656116666667
2025-10-17 00:04:07.344,,,,,,,,,0.0,,,,,,,,,,,,,,,,,,,13.0158383333333,77.5656116666667
2025-10-17 00:04:07.344,,,,,,,,,,0.0,,,,,,,,,,,,,,,,,,13.0158383333333,77.5656116666667
2025-10-17 00:04:07.344,,,,,,,,,,,,,,,,,,,,,,,,,,0.0,,13.0158383333333,77.5656116666667
2025-10-17 00:04:07.344,,,,,,,,,,,,,,,,,,,,,,,,,,,0.0,13.0158383333333,77.5656116666667
2025-10-17 00:04:07.403,,0.0,,,,,,,,,,,,,,,,,,,,,,,,,,13.0158383333333,77.5656116666667
2025-10-17 00:04:07.403,,,,,,,,,0.0,,,,,,,,,,,,,,,,,,,13.0158383333333,77.5656116666667
2025-10-17 00:04:07.403,,,,,,,,,,0.0,,,,,,,,,,,,,,,,,,13.0158383333333,77.5656116666667
2025-10-17 00:04:07.403,,,,,,,,,,,,,,,,,,,,,,,,,,0.0,,13.0158383333333,77.5656116666667
2025-10-17 00:04:07.403,,,,,,,,,,,,,,,,,,,,,,,,,,,0.0,13.0158383333333,77.5656116666667
2025-10-17 00:04:07.450,,0.0,,,,,,,,,,,,,,,,,,,,,,,,,,13.0158383333333,77.5656116666667
2025-10-17 00:04:07.450,,,,,,,,,0.0,,,,,,,,,,,,,,,,,,,13.0158383333333,77.5656116666667
2025-10-17 00:04:07.450,,,,,,,,,,0.0,,,,,,,,,,,,,,,,,,13.0158383333333,77.5656116666667
2025-10-17 00:04:07.450,,,,,,,,,,,,,,,,,,,,,,,,,,0.0,,13.0158383333333,77.5656116666667
2025-10-17 00:04:07.450,,,,,,,,,,,,,,,,,,,,,,,,,,,0.0,13.0158383333333,77.5656116666667
2025-10-17 00:04:07.501,,0.0,,,,,,,,,,,,,,,,,,,,,,,,,,13.0158383333333,77.5656116666667
2025-10-17 00:04:07.501,,,,,,,,,0.0,,,,,,,,,,,,,,,,,,,13.0158383333333,77.5656116666667
2025-10-17 00:04:07.501,,,,,,,,,,0.0,,,,,,,,,,,,,,,,,,13.0158383333333,77.5656116666667
2025-10-17 00:04:07.501,,,,,,,,,,,,,,,,,,,,,,,,,,0.0,,13.0158383333333,77.5656116666667
2025-10-17 00:04:07.501,,,,,,,,,,,,,,,,,,,,,,,,,,,0.0,13.0158383333333,77.5656116666667
2025-10-17 00:04:07.550,,0.0,,,,,,,,,,,,,,,,,,,,,,,,,,13.0158383333333,77.5656116666667
2025-10-17 00:04:07.550,,,,,,,,,0.0,,,,,,,,,,,,,,,,,,,13.0158383333333,77.5656116666667
2025-10-17 00:04:07.550,,,,,,,,,,0.0,,,,,,,,,,,,,,,,,,13.0158383333333,77.5656116666667
2025-10-17 00:04:07.550,,,,,,,,,,,,,,,,,,,,,,,,,,0.0,,13.0158383333333,77.5656116666667
2025-10-17 00:04:07.550,,,,,,,,,,,,,,,,,,,,,,,,,,,0.0,13.0158383333333,77.5656116666667
2025-10-17 00:04:07.600,,0.0,,,,,,,,,,,,,,,,,,,,,,,,,,13.0158383333333,77.5656116666667
2025-10-17 00:04:07.600,,,,,,,,,0.0,,,,,,,,,,,,,,,,,,,13.0158383333333,77.5656116666667
2025-10-17 00:04:07.600,,,,,,,,,,0.0,,,,,,,,,,,,,,,,,,13.0158383333333,77.5656116666667
2025-10-17 00:04:07.600,,,,,,,,,,,,,,,,,,,,,,,,,,0.0,,13.0158383333333,77.5656116666667
2025-10-17 00:04:07.600,,,,,,,,,,,,,,,,,,,,,,,,,,,0.0,13.0158383333333,77.5656116666667
2025-10-17 00:04:07.653,,0.0,,,,,,,,,,,,,,,,,,,,,,,,,,13.0158383333333,77.5656116666667
2025-10-17 00:04:07.653,,,,,,,,,0.0,,,,,,,,,,,,,,,,,,,13.0158383333333,77.5656116666667
2025-10-17 00:04:07.653,,,,,,,,,,0.0,,,,,,,,,,,,,,,,,,13.0158383333333,77.5656116666667
2025-10-17 00:04:07.653,,,,,,,,,,,,,,,,,,,,,,,,,,0.0,,13.0158383333333,77.5656116666667
2025-10-17 00:04:07.653,,,,,,,,,,,,,,,,,,,,,,,,,,,0.0,13.0158383333333,77.5656116666667
2025-10-17 00:04:07.703,,0.0,,,,,,,,,,,,,,,,,,,,,,,,,,13.0158383333333,77.5656116666667
2025-10-17 00:04:07.703,,,,,,,,,0.0,,,,,,,,,,,,,,,,,,,13.0158383333333,77.5656116666667
2025-10-17 00:04:07.703,,,,,,,,,,0.0,,,,,,,,,,,,,,,,,,13.0158383333333,77.5656116666667
2025-10-17 00:04:07.703,,,,,,,,,,,,,,,,,,,,,,,,,,0.0,,13.0158383333333,77.5656116666667
2025-10-17 00:04:07.703,,,,,,,,,,,,,,,,,,,,,,,,,,,0.0,13.0158383333333,77.5656116666667
2025-10-17 00:04:07.730,852.5,,,,,,,,,,,,,,,,,,,,,,,,,,,13.0158366666667,77.565605
2025-10-17 00:04:07.749,,0.0,,,,,,,,,,,,,,,,,,,,,,,,,,13.0158366666667,77.565605
2025-10-17 00:04:07.749,,,,,,,,,0.0,,,,,,,,,,,,,,,,,,,13.0158366666667,77.565605
2025-10-17 00:04:07.749,,,,,,,,,,0.0,,,,,,,,,,,,,,,,,,13.0158366666667,77.565605
2025-10-17 00:04:07.749,,,,,,,,,,,,,,,,,,,,,,,,,,0.0,,13.0158366666667,77.565605
2025-10-17 00:04:07.749,,,,,,,,,,,,,,,,,,,,,,,,,,,0.0,13.0158366666667,77.565605
2025-10-17 00:04:07.817,,0.0,,,,,,,,,,,,,,,,,,,,,,,,,,13.0158366666667,77.565605
2025-10-17 00:04:07.817,,,,,,,,,0.0,,,,,,,,,,,,,,,,,,,13.0158366666667,77.565605
2025-10-17 00:04:07.817,,,,,,,,,,0.0,,,,,,,,,,,,,,,,,,13.0158366666667,77.565605
2025-10-17 00:04:07.817,,,,,,,,,,,,,,,,,,,,,,,,,,0.0,,13.0158366666667,77.565605
2025-10-17 00:04:07.817,,,,,,,,,,,,,,,,,,,,,,,,,,,0.0,13.0158366666667,77.565605
2025-10-17 00:04:07.890,,0.0,,,,,,,,,,,,,,,,,,,,,,,,,,13.0158366666667,77.565605
2025-10-17 00:04:07.890,,,,,,,,,0.0,,,,,,,,,,,,,,,,,,,13.0158366666667,77.565605
2025-10-17 00:04:07.890,,,,,,,,,,0.0,,,,,,,,,,,,,,,,,,13.0158366666667,77.565605
2025-10-17 00:04:07.890,,,,,,,,,,,,,,,,,,,,,,,,,,0.0,,13.0158366666667,77.565605
2025-10-17 00:04:07.890,,,,,,,,,,,,,,,,,,,,,,,,,,,0.0,13.0158366666667,77.565605
2025-10-17 00:04:07.952,,0.0,,,,,,,,,,,,,,,,,,,,,,,,,,13.0158366666667,77.565605
2025-10-17 00:04:07.952,,,,,,,,,0.0,,,,,,,,,,,,,,,,,,,13.0158366666667,77.565605
2025-10-17 00:04:07.952,,,,,,,,,,0.0,,,,,,,,,,,,,,,,,,13.0158366666667,77.565605
2025-10-17 00:04:07.952,,,,,,,,,,,,,,,,,,,,,,,,,,0.0,,13.0158366666667,77.565605
2025-10-17 00:04:07.952,,,,,,,,,,,,,,,,,,,,,,,,,,,0.0,13.0158366666667,77.565605
2025-10-17 00:04:08.002,,0.0,,,,,,,,,,,,,,,,,,,,,,,,,,13.0158366666667,77.565605
2025-10-17 00:04:08.002,,,,,,,,,0.0,,,,,,,,,,,,,,,,,,,13.0158366666667,77.565605
2025-10-17 00:04:08.002,,,,,,,,,,0.0,,,,,,,,,,,,,,,,,,13.0158366666667,77.565605
2025-10-17 00:04:08.002,,,,,,,,,,,,,,,,,,,,,,,,,,0.0,,13.0158366666667,77.565605
2025-10-17 00:04:08.002,,,,,,,,,,,,,,,,,,,,,,,,,,,0.0,13.0158366666667,77.565605
2025-10-17 00:04:08.054,,0.0,,,,,,,,,,,,,,,,,,,,,,,,,,13.0158366666667,77.565605
2025-10-17 00:04:08.054,,,,,,,,,0.0,,,,,,,,,,,,,,,,,,,13.0158366666667,77.565605
2025-10-17 00:04:08.054,,,,,,,,,,0.0,,,,,,,,,,,,,,,,,,13.0158366666667,77.565605
2025-10-17 00:04:08.054,,,,,,,,,,,,,,,,,,,,,,,,,,0.0,,13.0158366666667,77.565605
2025-10-17 00:04:08.054,,,,,,,,,,,,,,,,,,,,,,,,,,,0.0,13.0158366666667,77.565605
2025-10-17 00:04:08.114,,0.0,,,,,,,,,,,,,,,,,,,,,,,,,,13.0158366666667,77.565605
2025-10-17 00:04:08.114,,,,,,,,,0.0,,,,,,,,,,,,,,,,,,,13.0158366666667,77.565605
2025-10-17 00:04:08.114,,,,,,,,,,0.0,,,,,,,,,,,,,,,,,,13.0158366666667,77.565605
2025-10-17 00:04:08.114,,,,,,,,,,,,,,,,,,,,,,,,,,0.0,,13.0158366666667,77.565605
2025-10-17 00:04:08.114,,,,,,,,,,,,,,,,,,,,,,,,,,,0.0,13.0158366666667,77.565605
2025-10-17 00:04:08.164,,0.0,,,,,,,,,,,,,,,,,,,,,,,,,,13.0158366666667,77.565605
2025-10-17 00:04:08.164,,,,,,,,,0.0,,,,,,,,,,,,,,,,,,,13.0158366666667,77.565605
2025-10-17 00:04:08.164,,,,,,,,,,0.0,,,,,,,,,,,,,,,,,,13.0158366666667,77.565605
2025-10-17 00:04:08.164,,,,,,,,,,,,,,,,,,,,,,,,,,0.0,,13.0158366666667,77.565605
2025-10-17 00:04:08.164,,,,,,,,,,,,,,,,,,,,,,,,,,,0.0,13.0158366666667,77.565605
2025-10-17 00:04:08.217,,0.0,,,,,,,,,,,,,,,,,,,,,,,,,,13.0158366666667,77.565605
2025-10-17 00:04:08.217,,,,,,,,,0.0,,,,,,,,,,,,,,,,,,,13.0158366666667,77.565605
2025-10-17 00:04:08.217,,,,,,,,,,0.0,,,,,,,,,,,,,,,,,,13.0158366666667,77.565605
2025-10-17 00:04:08.217,,,,,,,,,,,,,,,,,,,,,,,,,,0.0,,13.0158366666667,77.565605
2025-10-17 00:04:08.217,,,,,,,,,,,,,,,,,,,,,,,,,,,0.0,13.0158366666667,77.565605
2025-10-17 00:04:08.268,,0.0,,,,,,,,,,,,,,,,,,,,,,,,,,13.0158366666667,77.565605
2025-10-17 00:04:08.268,,,,,,,,,0.0,,,,,,,,,,,,,,,,,,,13.0158366666667,77.565605
2025-10-17 00:04:08.268,,,,,,,,,,0.0,,,,,,,,,,,,,,,,,,13.0158366666667,77.565605
2025-10-17 00:04:08.268,,,,,,,,,,,,,,,,,,,,,,,,,,0.0,,13.0158366666667,77.565605
2025-10-17 00:04:08.268,,,,,,,,,,,,,,,,,,,,,,,,,,,0.0,13.0158366666667,77.565605
2025-10-17 00:04:08.318,,0.0,,,,,,,,,,,,,,,,,,,,,,,,,,13.0158366666667,77.565605
2025-10-17 00:04:08.318,,,,,,,,,0.0,,,,,,,,,,,,,,,,,,,13.0158366666667,77.565605
2025-10-17 00:04:08.318,,,,,,,,,,0.0,,,,,,,,,,,,,,,,,,13.0158366666667,77.565605
2025-10-17 00:04:08.318,,,,,,,,,,,,,,,,,,,,,,,,,,0.0,,13.0158366666667,77.565605
2025-10-17 00:04:08.318,,,,,,,,,,,,,,,,,,,,,,,,,,,0.0,13.0158366666667,77.565605
2025-10-17 00:04:08.368,,0.0,,,,,,,,,,,,,,,,,,,,,,,,,,13.0158366666667,77.565605
2025-10-17 00:04:08.368,,,,,,,,,0.0,,,,,,,,,,,,,,,,,,,13.0158366666667,77.565605
2025-10-17 00:04:08.368,,,,,,,,,,0.0,,,,,,,,,,,,,,,,,,13.0158366666667,77.565605
2025-10-17 00:04:08.368,,,,,,,,,,,,,,,,,,,,,,,,,,0.0,,13.0158366666667,77.565605
2025-10-17 00:04:08.368,,,,,,,,,,,,,,,,,,,,,,,,,,,0.0,13.0158366666667,77.565605
2025-10-17 00:04:08.425,,0.0,,,,,,,,,,,,,,,,,,,,,,,,,,13.0158366666667,77.565605
2025-10-17 00:04:08.425,,,,,,,,,0.0,,,,,,,,,,,,,,,,,,,13.0158366666667,77.565605
2025-10-17 00:04:08.425,,,,,,,,,,0.0,,,,,,,,,,,,,,,,,,13.0158366666667,77.565605
2025-10-17 00:04:08.425,,,,,,,,,,,,,,,,,,,,,,,,,,0.0,,13.0158366666667,77.565605
2025-10-17 00:04:08.425,,,,,,,,,,,,,,,,,,,,,,,,,,,0.0,13.0158366666667,77.565605
2025-10-17 00:04:08.479,,0.0,,,,,,,,,,,,,,,,,,,,,,,,,,13.0158366666667,77.565605
2025-10-17 00:04:08.479,,,,,,,,,0.0,,,,,,,,,,,,,,,,,,,13.0158366666667,77.565605
2025-10-17 00:04:08.479,,,,,,,,,,0.0,,,,,,,,,,,,,,,,,,13.0158366666667,77.565605
2025-10-17 00:04:08.479,,,,,,,,,,,,,,,,,,,,,,,,,,0.0,,13.0158366666667,77.565605
2025-10-17 00:04:08.479,,,,,,,,,,,,,,,,,,,,,,,,,,,0.0,13.0158366666667,77.565605
2025-10-17 00:04:08.530,,0.0,,,,,,,,,,,,,,,,,,,,,,,,,,13.0158366666667,77.565605
2025-10-17 00:04:08.530,,,,,,,,,0.0,,,,,,,,,,,,,,,,,,,13.0158366666667,77.565605
2025-10-17 00:04:08.530,,,,,,,,,,0.0,,,,,,,,,,,,,,,,,,13.0158366666667,77.565605
2025-10-17 00:04:08.530,,,,,,,,,,,,,,,,,,,,,,,,,,0.0,,13.0158366666667,77.565605
2025-10-17 00:04:08.530,,,,,,,,,,,,,,,,,,,,,,,,,,,0.0,13.0158366666667,77.565605
2025-10-17 00:04:08.580,,0.0,,,,,,,,,,,,,,,,,,,,,,,,,,13.0158366666667,77.565605
2025-10-17 00:04:08.580,,,,,,,,,0.0,,,,,,,,,,,,,,,,,,,13.0158366666667,77.565605
2025-10-17 00:04:08.580,,,,,,,,,,0.0,,,,,,,,,,,,,,,,,,13.0158366666667,77.565605
2025-10-17 00:04:08.580,,,,,,,,,,,,,,,,,,,,,,,,,,0.0,,13.0158366666667,77.565605
2025-10-17 00:04:08.580,,,,,,,,,,,,,,,,,,,,,,,,,,,0.0,13.0158366666667,77.565605
2025-10-17 00:04:08.629,,0.0,,,,,,,,,,,,,,,,,,,,,,,,,,13.0158366666667,77.565605
2025-10-17 00:04:08.629,,,,,,,,,0.0,,,,,,,,,,,,,,,,,,,13.0158366666667,77.565605
2025-10-17 00:04:08.629,,,,,,,,,,0.0,,,,,,,,,,,,,,,,,,13.0158366666667,77.565605
2025-10-17 00:04:08.629,,,,,,,,,,,,,,,,,,,,,,,,,,0.0,,13.0158366666667,77.565605
2025-10-17 00:04:08.629,,,,,,,,,,,,,,,,,,,,,,,,,,,0.0,13.0158366666667,77.565605
2025-10-17 00:04:08.680,,0.0,,,,,,,,,,,,,,,,,,,,,,,,,,13.0158366666667,77.565605
2025-10-17 00:04:08.680,,,,,,,,,0.0,,,,,,,,,,,,,,,,,,,13.0158366666667,77.565605
2025-10-17 00:04:08.680,,,,,,,,,,0.0,,,,,,,,,,,,,,,,,,13.0158366666667,77.565605
2025-10-17 00:04:08.680,,,,,,,,,,,,,,,,,,,,,,,,,,0.0,,13.0158366666667,77.565605
2025-10-17 00:04:08.680,,,,,,,,,,,,,,,,,,,,,,,,,,,0.0,13.0158366666667,77.565605
2025-10-17 00:04:08.733,,0.0,,,,,,,,,,,,,,,,,,,,,,,,,,13.0158366666667,77.565605
2025-10-17 00:04:08.733,,,,,,,,,0.0,,,,,,,,,,,,,,,,,,,13.0158366666667,77.565605
2025-10-17 00:04:08.733,,,,,,,,,,0.0,,,,,,,,,,,,,,,,,,13.0158366666667,77.565605
2025-10-17 00:04:08.733,,,,,,,,,,,,,,,,,,,,,,,,,,0.0,,13.0158366666667,77.565605
2025-10-17 00:04:08.733,,,,,,,,,,,,,,,,,,,,,,,,,,,0.0,13.0158366666667,77.565605
2025-10-17 00:04:08.782,,0.0,,,,,,,,,,,,,,,,,,,,,,,,,,13.0158366666667,77.565605
2025-10-17 00:04:08.782,,,,,,,,,0.0,,,,,,,,,,,,,,,,,,,13.0158366666667,77.565605
2025-10-17 00:04:08.782,,,,,,,,,,0.0,,,,,,,,,,,,,,,,,,13.0158366666667,77.565605
2025-10-17 00:04:08.782,,,,,,,,,,,,,,,,,,,,,,,,,,0.0,,13.0158366666667,77.565605
2025-10-17 00:04:08.782,,,,,,,,,,,,,,,,,,,,,,,,,,,0.0,13.0158366666667,77.565605
2025-10-17 00:04:08.830,,0.0,,,,,,,,,,,,,,,,,,,,,,,,,,13.0158366666667,77.565605
2025-10-17 00:04:08.830,,,,,,,,,0.0,,,,,,,,,,,,,,,,,,,13.0158366666667,77.565605
2025-10-17 00:04:08.830,,,,,,,,,,0.0,,,,,,,,,,,,,,,,,,13.0158366666667,77.565605
2025-10-17 00:04:08.830,,,,,,,,,,,,,,,,,,,,,,,,,,0.0,,13.0158366666667,77.565605
2025-10-17 00:04:08.830,,,,,,,,,,,,,,,,,,,,,,,,,,,0.0,13.0158366666667,77.565605
2025-10-17 00:04:08.877,,0.0,,,,,,,,,,,,,,,,,,,,,,,,,,13.0158366666667,77.565605
2025-10-17 00:04:08.877,,,,,,,,,0.0,,,,,,,,,,,,,,,,,,,13.0158366666667,77.565605
2025-10-17 00:04:08.877,,,,,,,,,,0.0,,,,,,,,,,,,,,,,,,13.0158366666667,77.565605
2025-10-17 00:04:08.877,,,,,,,,,,,,,,,,,,,,,,,,,,0.0,,13.0158366666667,77.565605
2025-10-17 00:04:08.877,,,,,,,,,,,,,,,,,,,,,,,,,,,0.0,13.0158366666667,77.565605
2025-10-17 00:04:08.926,,0.0,,,,,,,,,,,,,,,,,,,,,,,,,,13.0158366666667,77.565605
2025-10-17 00:04:08.926,,,,,,,,,0.0,,,,,,,,,,,,,,,,,,,13.0158366666667,77.565605
2025-10-17 00:04:08.926,,,,,,,,,,0.0,,,,,,,,,,,,,,,,,,13.0158366666667,77.565605
2025-10-17 00:04:08.926,,,,,,,,,,,,,,,,,,,,,,,,,,0.0,,13.0158366666667,77.565605
2025-10-17 00:04:08.926,,,,,,,,,,,,,,,,,,,,,,,,,,,0.0,13.0158366666667,77.565605
2025-10-17 00:04:08.978,,0.0,,,,,,,,,,,,,,,,,,,,,,,,,,13.0158366666667,77.565605
2025-10-17 00:04:08.978,,,,,,,,,0.0,,,,,,,,,,,,,,,,,,,13.0158366666667,77.565605
2025-10-17 00:04:08.978,,,,,,,,,,0.0,,,,,,,,,,,,,,,,,,13.0158366666667,77.565605
2025-10-17 00:04:08.978,,,,,,,,,,,,,,,,,,,,,,,,,,0.0,,13.0158366666667,77.565605
2025-10-17 00:04:08.978,,,,,,,,,,,,,,,,,,,,,,,,,,,0.0,13.0158366666667,77.565605
2025-10-17 00:04:09.045,,0.0,,,,,,,,,,,,,,,,,,,,,,,,,,13.0158366666667,77.565605
2025-10-17 00:04:09.045,,,,,,,,,0.0,,,,,,,,,,,,,,,,,,,13.0158366666667,77.565605
2025-10-17 00:04:09.045,,,,,,,,,,0.0,,,,,,,,,,,,,,,,,,13.0158366666667,77.565605
2025-10-17 00:04:09.045,,,,,,,,,,,,,,,,,,,,,,,,,,0.0,,13.0158366666667,77.565605
2025-10-17 00:04:09.045,,,,,,,,,,,,,,,,,,,,,,,,,,,0.0,13.0158366666667,77.565605
2025-10-17 00:04:09.102,,0.0,,,,,,,,,,,,,,,,,,,,,,,,,,13.0158366666667,77.565605
2025-10-17 00:04:09.102,,,,,,,,,0.0,,,,,,,,,,,,,,,,,,,13.0158366666667,77.565605
2025-10-17 00:04:09.102,,,,,,,,,,0.0,,,,,,,,,,,,,,,,,,13.0158366666667,77.565605
2025-10-17 00:04:09.102,,,,,,,,,,,,,,,,,,,,,,,,,,0.0,,13.0158366666667,77.565605
2025-10-17 00:04:09.102,,,,,,,,,,,,,,,,,,,,,,,,,,,0.0,13.0158366666667,77.565605
2025-10-17 00:04:09.154,,0.0,,,,,,,,,,,,,,,,,,,,,,,,,,13.0158366666667,77.565605
2025-10-17 00:04:09.154,,,,,,,,,0.0,,,,,,,,,,,,,,,,,,,13.0158366666667,77.565605
2025-10-17 00:04:09.154,,,,,,,,,,0.0,,,,,,,,,,,,,,,,,,13.0158366666667,77.565605
2025-10-17 00:04:09.154,,,,,,,,,,,,,,,,,,,,,,,,,,0.0,,13.0158366666667,77.565605
2025-10-17 00:04:09.154,,,,,,,,,,,,,,,,,,,,,,,,,,,0.0,13.0158366666667,77.565605
2025-10-17 00:04:09.199,,0.0,,,,,,,,,,,,,,,,,,,,,,,,,,13.0158366666667,77.565605
2025-10-17 00:04:09.199,,,,,,,,,0.0,,,,,,,,,,,,,,,,,,,13.0158366666667,77.565605
2025-10-17 00:04:09.199,,,,,,,,,,0.0,,,,,,,,,,,,,,,,,,13.0158366666667,77.565605
2025-10-17 00:04:09.199,,,,,,,,,,,,,,,,,,,,,,,,,,0.0,,13.0158366666667,77.565605
2025-10-17 00:04:09.199,,,,,,,,,,,,,,,,,,,,,,,,,,,0.0,13.0158366666667,77.565605
2025-10-17 00:04:09.254,,0.0,,,,,,,,,,,,,,,,,,,,,,,,,,13.0158366666667,77.565605
2025-10-17 00:04:09.254,,,,,,,,,0.0,,,,,,,,,,,,,,,,,,,13.0158366666667,77.565605
2025-10-17 00:04:09.254,,,,,,,,,,0.0,,,,,,,,,,,,,,,,,,13.0158366666667,77.565605
2025-10-17 00:04:09.254,,,,,,,,,,,,,,,,,,,,,,,,,,0.0,,13.0158366666667,77.565605
2025-10-17 00:04:09.254,,,,,,,,,,,,,,,,,,,,,,,,,,,0.0,13.0158366666667,77.565605
2025-10-17 00:04:09.328,,0.0,,,,,,,,,,,,,,,,,,,,,,,,,,13.0158366666667,77.565605
2025-10-17 00:04:09.328,,,,,,,,,0.0,,,,,,,,,,,,,,,,,,,13.0158366666667,77.565605
2025-10-17 00:04:09.328,,,,,,,,,,0.0,,,,,,,,,,,,,,,,,,13.0158366666667,77.565605
2025-10-17 00:04:09.328,,,,,,,,,,,,,,,,,,,,,,,,,,0.0,,13.0158366666667,77.565605
2025-10-17 00:04:09.328,,,,,,,,,,,,,,,,,,,,,,,,,,,0.0,13.0158366666667,77.565605
2025-10-17 00:04:09.384,,0.0,,,,,,,,,,,,,,,,,,,,,,,,,,13.0158366666667,77.565605
2025-10-17 00:04:09.384,,,,,,,,,0.0,,,,,,,,,,,,,,,,,,,13.0158366666667,77.565605
2025-10-17 00:04:09.384,,,,,,,,,,0.0,,,,,,,,,,,,,,,,,,13.0158366666667,77.565605
2025-10-17 00:04:09.384,,,,,,,,,,,,,,,,,,,,,,,,,,0.0,,13.0158366666667,77.565605
2025-10-17 00:04:09.384,,,,,,,,,,,,,,,,,,,,,,,,,,,0.0,13.0158366666667,77.565605
2025-10-17 00:04:09.433,,0.0,,,,,,,,,,,,,,,,,,,,,,,,,,13.0158366666667,77.565605
2025-10-17 00:04:09.433,,,,,,,,,0.0,,,,,,,,,,,,,,,,,,,13.0158366666667,77.565605
2025-10-17 00:04:09.433,,,,,,,,,,0.0,,,,,,,,,,,,,,,,,,13.0158366666667,77.565605
2025-10-17 00:04:09.433,,,,,,,,,,,,,,,,,,,,,,,,,,0.0,,13.0158366666667,77.565605
2025-10-17 00:04:09.433,,,,,,,,,,,,,,,,,,,,,,,,,,,0.0,13.0158366666667,77.565605
2025-10-17 00:04:09.472,851.8,,,,,,,,,,,,,,,,,,,,,,,,,,,13.01583,77.5656283333333
2025-10-17 00:04:09.472,,,0.167923305290281,,,,,,,,,,,,,,,,,,,,,,,,,13.01583,77.5656283333333
2025-10-17 00:04:09.472,,,,,,,,,,,,,,,,,,,,,,,,,0.124151006340981,,,13.01583,77.5656283333333
2025-10-17 00:04:09.492,,0.0,,,,,,,,,,,,,,,,,,,,,,,,,,13.01583,77.5656283333333
2025-10-17 00:04:09.492,,,,,,,,,0.0,,,,,,,,,,,,,,,,,,,13.01583,77.5656283333333
2025-10-17 00:04:09.492,,,,,,,,,,0.0,,,,,,,,,,,,,,,,,,13.01583,77.5656283333333
2025-10-17 00:04:09.492,,,,,,,,,,,,,,,,,,,,,,,,,,0.0,,13.01583,77.5656283333333
2025-10-17 00:04:09.492,,,,,,,,,,,,,,,,,,,,,,,,,,,0.0,13.01583,77.5656283333333
2025-10-17 00:04:09.540,,0.0,,,,,,,,,,,,,,,,,,,,,,,,,,13.01583,77.5656283333333
2025-10-17 00:04:09.540,,,,,,,,,0.0,,,,,,,,,,,,,,,,,,,13.01583,77.5656283333333
2025-10-17 00:04:09.540,,,,,,,,,,0.0,,,,,,,,,,,,,,,,,,13.01583,77.5656283333333
2025-10-17 00:04:09.540,,,,,,,,,,,,,,,,,,,,,,,,,,0.0,,13.01583,77.5656283333333
2025-10-17 00:04:09.540,,,,,,,,,,,,,,,,,,,,,,,,,,,0.0,13.01583,77.5656283333333
2025-10-17 00:04:09.609,,0.0,,,,,,,,,,,,,,,,,,,,,,,,,,13.01583,77.5656283333333
2025-10-17 00:04:09.609,,,,,,,,,0.0,,,,,,,,,,,,,,,,,,,13.01583,77.5656283333333
2025-10-17 00:04:09.609,,,,,,,,,,0.0,,,,,,,,,,,,,,,,,,13.01583,77.5656283333333
2025-10-17 00:04:09.609,,,,,,,,,,,,,,,,,,,,,,,,,,0.0,,13.01583,77.5656283333333
2025-10-17 00:04:09.609,,,,,,,,,,,,,,,,,,,,,,,,,,,0.0,13.01583,77.5656283333333
2025-10-17 00:04:09.659,,0.0,,,,,,,,,,,,,,,,,,,,,,,,,,13.01583,77.5656283333333
2025-10-17 00:04:09.659,,,,,,,,,0.0,,,,,,,,,,,,,,,,,,,13.01583,77.5656283333333
2025-10-17 00:04:09.659,,,,,,,,,,0.0,,,,,,,,,,,,,,,,,,13.01583,77.5656283333333
2025-10-17 00:04:09.659,,,,,,,,,,,,,,,,,,,,,,,,,,0.0,,13.01583,77.5656283333333
2025-10-17 00:04:09.659,,,,,,,,,,,,,,,,,,,,,,,,,,,0.0,13.01583,77.5656283333333
2025-10-17 00:04:09.722,,0.0,,,,,,,,,,,,,,,,,,,,,,,,,,13.01583,77.5656283333333
2025-10-17 00:04:09.722,,,,,,,,,0.0,,,,,,,,,,,,,,,,,,,13.01583,77.5656283333333
2025-10-17 00:04:09.722,,,,,,,,,,0.0,,,,,,,,,,,,,,,,,,13.01583,77.5656283333333
2025-10-17 00:04:09.722,,,,,,,,,,,,,,,,,,,,,,,,,,0.0,,13.01583,77.5656283333333
2025-10-17 00:04:09.722,,,,,,,,,,,,,,,,,,,,,,,,,,,0.0,13.01583,77.5656283333333
2025-10-17 00:04:09.770,,0.0,,,,,,,,,,,,,,,,,,,,,,,,,,13.01583,77.5656283333333
2025-10-17 00:04:09.770,,,,,,,,,0.0,,,,,,,,,,,,,,,,,,,13.01583,77.5656283333333
2025-10-17 00:04:09.770,,,,,,,,,,0.0,,,,,,,,,,,,,,,,,,13.01583,77.5656283333333
2025-10-17 00:04:09.770,,,,,,,,,,,,,,,,,,,,,,,,,,0.0,,13.01583,77.5656283333333
2025-10-17 00:04:09.770,,,,,,,,,,,,,,,,,,,,,,,,,,,0.0,13.01583,77.5656283333333
2025-10-17 00:04:09.820,,0.0,,,,,,,,,,,,,,,,,,,,,,,,,,13.01583,77.5656283333333
2025-10-17 00:04:09.820,,,,,,,,,0.0,,,,,,,,,,,,,,,,,,,13.01583,77.5656283333333
2025-10-17 00:04:09.820,,,,,,,,,,0.0,,,,,,,,,,,,,,,,,,13.01583,77.5656283333333
2025-10-17 00:04:09.820,,,,,,,,,,,,,,,,,,,,,,,,,,0.0,,13.01583,77.5656283333333
2025-10-17 00:04:09.820,,,,,,,,,,,,,,,,,,,,,,,,,,,0.0,13.01583,77.5656283333333
2025-10-17 00:04:09.877,,0.0,,,,,,,,,,,,,,,,,,,,,,,,,,13.01583,77.5656283333333
2025-10-17 00:04:09.877,,,,,,,,,0.0,,,,,,,,,,,,,,,,,,,13.01583,77.5656283333333
2025-10-17 00:04:09.877,,,,,,,,,,0.0,,,,,,,,,,,,,,,,,,13.01583,77.5656283333333
2025-10-17 00:04:09.877,,,,,,,,,,,,,,,,,,,,,,,,,,0.0,,13.01583,77.5656283333333
2025-10-17 00:04:09.877,,,,,,,,,,,,,,,,,,,,,,,,,,,0.0,13.01583,77.5656283333333
2025-10-17 00:04:09.932,,0.0,,,,,,,,,,,,,,,,,,,,,,,,,,13.01583,77.5656283333333
2025-10-17 00:04:09.932,,,,,,,,,0.0,,,,,,,,,,,,,,,,,,,13.01583,77.5656283333333
2025-10-17 00:04:09.932,,,,,,,,,,0.0,,,,,,,,,,,,,,,,,,13.01583,77.5656283333333
2025-10-17 00:04:09.932,,,,,,,,,,,,,,,,,,,,,,,,,,0.0,,13.01583,77.5656283333333
2025-10-17 00:04:09.932,,,,,,,,,,,,,,,,,,,,,,,,,,,0.0,13.01583,77.5656283333333
2025-10-17 00:04:09.986,,0.0,,,,,,,,,,,,,,,,,,,,,,,,,,13.01583,77.5656283333333
2025-10-17 00:04:09.986,,,,,,,,,0.0,,,,,,,,,,,,,,,,,,,13.01583,77.5656283333333
2025-10-17 00:04:09.986,,,,,,,,,,0.0,,,,,,,,,,,,,,,,,,13.01583,77.5656283333333
2025-10-17 00:04:09.986,,,,,,,,,,,,,,,,,,,,,,,,,,0.0,,13.01583,77.5656283333333
2025-10-17 00:04:09.986,,,,,,,,,,,,,,,,,,,,,,,,,,,0.0,13.01583,77.5656283333333
2025-10-17 00:04:10.040,,0.0,,,,,,,,,,,,,,,,,,,,,,,,,,13.01583,77.5656283333333
2025-10-17 00:04:10.040,,,,,,,,,0.0,,,,,,,,,,,,,,,,,,,13.01583,77.5656283333333
2025-10-17 00:04:10.040,,,,,,,,,,0.0,,,,,,,,,,,,,,,,,,13.01583,77.5656283333333
2025-10-17 00:04:10.040,,,,,,,,,,,,,,,,,,,,,,,,,,0.0,,13.01583,77.5656283333333
2025-10-17 00:04:10.040,,,,,,,,,,,,,,,,,,,,,,,,,,,0.0,13.01583,77.5656283333333
2025-10-17 00:04:10.098,,0.0,,,,,,,,,,,,,,,,,,,,,,,,,,13.01583,77.5656283333333
2025-10-17 00:04:10.098,,,,,,,,,0.0,,,,,,,,,,,,,,,,,,,13.01583,77.5656283333333
2025-10-17 00:04:10.098,,,,,,,,,,0.0,,,,,,,,,,,,,,,,,,13.01583,77.5656283333333
2025-10-17 00:04:10.098,,,,,,,,,,,,,,,,,,,,,,,,,,0.0,,13.01583,77.5656283333333
2025-10-17 00:04:10.098,,,,,,,,,,,,,,,,,,,,,,,,,,,0.0,13.01583,77.5656283333333
2025-10-17 00:04:10.154,,0.0,,,,,,,,,,,,,,,,,,,,,,,,,,13.01583,77.5656283333333
2025-10-17 00:04:10.154,,,,,,,,,0.0,,,,,,,,,,,,,,,,,,,13.01583,77.5656283333333
2025-10-17 00:04:10.154,,,,,,,,,,0.0,,,,,,,,,,,,,,,,,,13.01583,77.5656283333333
2025-10-17 00:04:10.154,,,,,,,,,,,,,,,,,,,,,,,,,,0.0,,13.01583,77.5656283333333
2025-10-17 00:04:10.154,,,,,,,,,,,,,,,,,,,,,,,,,,,0.0,13.01583,77.5656283333333
2025-10-17 00:04:10.219,,0.0,,,,,,,,,,,,,,,,,,,,,,,,,,13.01583,77.5656283333333
2025-10-17 00:04:10.219,,,,,,,,,0.0,,,,,,,,,,,,,,,,,,,13.01583,77.5656283333333
2025-10-17 00:04:10.219,,,,,,,,,,0.0,,,,,,,,,,,,,,,,,,13.01583,77.5656283333333
2025-10-17 00:04:10.219,,,,,,,,,,,,,,,,,,,,,,,,,,0.0,,13.01583,77.5656283333333
2025-10-17 00:04:10.219,,,,,,,,,,,,,,,,,,,,,,,,,,,0.0,13.01583,77.5656283333333
2025-10-17 00:04:10.284,,0.0,,,,,,,,,,,,,,,,,,,,,,,,,,13.01583,77.5656283333333
2025-10-17 00:04:10.284,,,,,,,,,0.0,,,,,,,,,,,,,,,,,,,13.01583,77.5656283333333
2025-10-17 00:04:10.284,,,,,,,,,,0.0,,,,,,,,,,,,,,,,,,13.01583,77.5656283333333
2025-10-17 00:04:10.284,,,,,,,,,,,,,,,,,,,,,,,,,,0.0,,13.01583,77.5656283333333
2025-10-17 00:04:10.284,,,,,,,,,,,,,,,,,,,,,,,,,,,0.0,13.01583,77.5656283333333
2025-10-17 00:04:10.333,,0.0,,,,,,,,,,,,,,,,,,,,,,,,,,13.01583,77.5656283333333
2025-10-17 00:04:10.333,,,,,,,,,0.0,,,,,,,,,,,,,,,,,,,13.01583,77.5656283333333
2025-10-17 00:04:10.333,,,,,,,,,,0.0,,,,,,,,,,,,,,,,,,13.01583,77.5656283333333
2025-10-17 00:04:10.333,,,,,,,,,,,,,,,,,,,,,,,,,,0.0,,13.01583,77.5656283333333
2025-10-17 00:04:10.333,,,,,,,,,,,,,,,,,,,,,,,,,,,0.0,13.01583,77.5656283333333
2025-10-17 00:04:10.386,,0.0,,,,,,,,,,,,,,,,,,,,,,,,,,13.01583,77.5656283333333
2025-10-17 00:04:10.386,,,,,,,,,0.0,,,,,,,,,,,,,,,,,,,13.01583,77.5656283333333
2025-10-17 00:04:10.386,,,,,,,,,,0.0,,,,,,,,,,,,,,,,,,13.01583,77.5656283333333
2025-10-17 00:04:10.386,,,,,,,,,,,,,,,,,,,,,,,,,,0.0,,13.01583,77.5656283333333
2025-10-17 00:04:10.386,,,,,,,,,,,,,,,,,,,,,,,,,,,0.0,13.01583,77.5656283333333
2025-10-17 00:04:10.463,,0.0,,,,,,,,,,,,,,,,,,,,,,,,,,13.01583,77.5656283333333
2025-10-17 00:04:10.463,,,,,,,,,0.0,,,,,,,,,,,,,,,,,,,13.01583,77.5656283333333
2025-10-17 00:04:10.463,,,,,,,,,,0.0,,,,,,,,,,,,,,,,,,13.01583,77.5656283333333
2025-10-17 00:04:10.463,,,,,,,,,,,,,,,,,,,,,,,,,,0.0,,13.01583,77.5656283333333
2025-10-17 00:04:10.463,,,,,,,,,,,,,,,,,,,,,,,,,,,0.0,13.01583,77.5656283333333
2025-10-17 00:04:10.532,,0.0,,,,,,,,,,,,,,,,,,,,,,,,,,13.01583,77.5656283333333
2025-10-17 00:04:10.532,,,,,,,,,0.0,,,,,,,,,,,,,,,,,,,13.01583,77.5656283333333
2025-10-17 00:04:10.532,,,,,,,,,,0.0,,,,,,,,,,,,,,,,,,13.01583,77.5656283333333
2025-10-17 00:04:10.532,,,,,,,,,,,,,,,,,,,,,,,,,,0.0,,13.01583,77.5656283333333
2025-10-17 00:04:10.532,,,,,,,,,,,,,,,,,,,,,,,,,,,0.0,13.01583,77.5656283333333
2025-10-17 00:04:10.590,,0.0,,,,,,,,,,,,,,,,,,,,,,,,,,13.01583,77.5656283333333
2025-10-17 00:04:10.590,,,,,,,,,0.0,,,,,,,,,,,,,,,,,,,13.01583,77.5656283333333
2025-10-17 00:04:10.590,,,,,,,,,,0.0,,,,,,,,,,,,,,,,,,13.01583,77.5656283333333
2025-10-17 00:04:10.590,,,,,,,,,,,,,,,,,,,,,,,,,,0.0,,13.01583,77.5656283333333
2025-10-17 00:04:10.590,,,,,,,,,,,,,,,,,,,,,,,,,,,0.0,13.01583,77.5656283333333
2025-10-17 00:04:10.644,,0.0,,,,,,,,,,,,,,,,,,,,,,,,,,13.01583,77.5656283333333
2025-10-17 00:04:10.644,,,,,,,,,0.0,,,,,,,,,,,,,,,,,,,13.01583,77.5656283333333
2025-10-17 00:04:10.644,,,,,,,,,,0.0,,,,,,,,,,,,,,,,,,13.01583,77.5656283333333
2025-10-17 00:04:10.644,,,,,,,,,,,,,,,,,,,,,,,,,,0.0,,13.01583,77.5656283333333
2025-10-17 00:04:10.644,,,,,,,,,,,,,,,,,,,,,,,,,,,0.0,13.01583,77.5656283333333
2025-10-17 00:04:10.716,,,0.167599095185555,,,,,,,,,,,,,,,,,,,,,,,,,13.0158283333333,77.56564
2025-10-17 00:04:10.716,,,,,,,,,,,,,,,,,,,,,,,,,0.101914997398853,,,13.0158283333333,77.56564
2025-10-17 00:04:10.717,851.6,,,,,,,,,,,,,,,,,,,,,,,,,,,13.0158283333333,77.56564
2025-10-17 00:04:10.717,,0.0,,,,,,,,,,,,,,,,,,,,,,,,,,13.0158283333333,77.56564
2025-10-17 00:04:10.717,,,,,,,,,0.0,,,,,,,,,,,,,,,,,,,13.0158283333333,77.56564
2025-10-17 00:04:10.717,,,,,,,,,,0.0,,,,,,,,,,,,,,,,,,13.0158283333333,77.56564
2025-10-17 00:04:10.717,,,,,,,,,,,,,,,,,,,,,,,,,,0.0,,13.0158283333333,77.56564
2025-10-17 00:04:10.717,,,,,,,,,,,,,,,,,,,,,,,,,,,0.0,13.0158283333333,77.56564
2025-10-17 00:04:10.768,,0.0,,,,,,,,,,,,,,,,,,,,,,,,,,13.0158283333333,77.56564
2025-10-17 00:04:10.768,,,,,,,,,0.0,,,,,,,,,,,,,,,,,,,13.0158283333333,77.56564
2025-10-17 00:04:10.768,,,,,,,,,,0.0,,,,,,,,,,,,,,,,,,13.0158283333333,77.56564
2025-10-17 00:04:10.768,,,,,,,,,,,,,,,,,,,,,,,,,,0.0,,13.0158283333333,77.56564
2025-10-17 00:04:10.768,,,,,,,,,,,,,,,,,,,,,,,,,,,0.0,13.0158283333333,77.56564
2025-10-17 00:04:10.823,,0.0,,,,,,,,,,,,,,,,,,,,,,,,,,13.0158283333333,77.56564
2025-10-17 00:04:10.823,,,,,,,,,0.0,,,,,,,,,,,,,,,,,,,13.0158283333333,77.56564
2025-10-17 00:04:10.823,,,,,,,,,,0.0,,,,,,,,,,,,,,,,,,13.0158283333333,77.56564
2025-10-17 00:04:10.823,,,,,,,,,,,,,,,,,,,,,,,,,,0.0,,13.0158283333333,77.56564
2025-10-17 00:04:10.823,,,,,,,,,,,,,,,,,,,,,,,,,,,0.0,13.0158283333333,77.56564
2025-10-17 00:04:10.881,,0.0,,,,,,,,,,,,,,,,,,,,,,,,,,13.0158283333333,77.56564
2025-10-17 00:04:10.881,,,,,,,,,0.0,,,,,,,,,,,,,,,,,,,13.0158283333333,77.56564
2025-10-17 00:04:10.881,,,,,,,,,,0.0,,,,,,,,,,,,,,,,,,13.0158283333333,77.56564
2025-10-17 00:04:10.881,,,,,,,,,,,,,,,,,,,,,,,,,,0.0,,13.0158283333333,77.56564
2025-10-17 00:04:10.881,,,,,,,,,,,,,,,,,,,,,,,,,,,0.0,13.0158283333333,77.56564
2025-10-17 00:04:10.928,,0.0,,,,,,,,,,,,,,,,,,,,,,,,,,13.0158283333333,77.56564
2025-10-17 00:04:10.928,,,,,,,,,0.0,,,,,,,,,,,,,,,,,,,13.0158283333333,77.56564
2025-10-17 00:04:10.928,,,,,,,,,,0.0,,,,,,,,,,,,,,,,,,13.0158283333333,77.56564
2025-10-17 00:04:10.928,,,,,,,,,,,,,,,,,,,,,,,,,,0.0,,13.0158283333333,77.56564
2025-10-17 00:04:10.928,,,,,,,,,,,,,,,,,,,,,,,,,,,0.0,13.0158283333333,77.56564
2025-10-17 00:04:10.975,,0.0,,,,,,,,,,,,,,,,,,,,,,,,,,13.0158283333333,77.56564
2025-10-17 00:04:10.975,,,,,,,,,0.0,,,,,,,,,,,,,,,,,,,13.0158283333333,77.56564
2025-10-17 00:04:10.975,,,,,,,,,,0.0,,,,,,,,,,,,,,,,,,13.0158283333333,77.56564
2025-10-17 00:04:10.975,,,,,,,,,,,,,,,,,,,,,,,,,,0.0,,13.0158283333333,77.56564
2025-10-17 00:04:10.975,,,,,,,,,,,,,,,,,,,,,,,,,,,0.0,13.0158283333333,77.56564
2025-10-17 00:04:11.028,,0.0,,,,,,,,,,,,,,,,,,,,,,,,,,13.0158283333333,77.56564
2025-10-17 00:04:11.028,,,,,,,,,0.0,,,,,,,,,,,,,,,,,,,13.0158283333333,77.56564
2025-10-17 00:04:11.028,,,,,,,,,,0.0,,,,,,,,,,,,,,,,,,13.0158283333333,77.56564
2025-10-17 00:04:11.028,,,,,,,,,,,,,,,,,,,,,,,,,,0.0,,13.0158283333333,77.56564
2025-10-17 00:04:11.028,,,,,,,,,,,,,,,,,,,,,,,,,,,0.0,13.0158283333333,77.56564
2025-10-17 00:04:11.084,,0.0,,,,,,,,,,,,,,,,,,,,,,,,,,13.0158283333333,77.56564
2025-10-17 00:04:11.084,,,,,,,,,0.0,,,,,,,,,,,,,,,,,,,13.0158283333333,77.56564
2025-10-17 00:04:11.084,,,,,,,,,,0.0,,,,,,,,,,,,,,,,,,13.0158283333333,77.56564
2025-10-17 00:04:11.084,,,,,,,,,,,,,,,,,,,,,,,,,,0.0,,13.0158283333333,77.56564
2025-10-17 00:04:11.084,,,,,,,,,,,,,,,,,,,,,,,,,,,0.0,13.0158283333333,77.56564
2025-10-17 00:04:12.954,,,0.166132059113058,,,,,,,,,,,,,,,,,,,,,,,,,13.0158283333333,77.5656433333333
2025-10-17 00:04:12.954,,,,,,,,,,,,,,,,,,,,,,,,,0.0,,,13.0158283333333,77.5656433333333
2025-10-17 00:04:14.708,851.5,,,,,,,,,,,,,,,,,,,,,,,,,,,13.0158233333333,77.5656466666667
2025-10-17 00:04:15.309,873.700012207031,,,,,,,,,,,,,,,,,,,,,,,,,,,13.015857,77.5656766
2025-10-17 00:04:21.231,,,,,,,,,,,801.0,,,,,,,,,,,,,,,,,13.015857,77.5656766
2025-10-17 00:04:21.231,,,,,,,,,,,,0.8,,,,,,,,,,,,,,,,13.015857,77.5656766
2025-10-17 00:04:21.324,,0.0,,,,,,,,,,,,,,,,,,,,,,,,,,13.015857,77.5656766
2025-10-17 00:04:21.324,,,,,,,,,0.0,,,,,,,,,,,,,,,,,,,13.015857,77.5656766
2025-10-17 00:04:21.324,,,,,,,,,,0.0,,,,,,,,,,,,,,,,,,13.015857,77.5656766
2025-10-17 00:04:21.324,,,,,,,,,,,,,,,,,,,,,,,,,,0.0,,13.015857,77.5656766
2025-10-17 00:04:21.324,,,,,,,,,,,,,,,,,,,,,,,,,,,0.0,13.015857,77.5656766
2025-10-17 00:04:21.405,,,,,,,,,,,,,79.0,,,,,,,,,,,,,,,13.015857,77.5656766
2025-10-17 00:04:21.466,,,,,,,,,,,800.0,,,,,,,,,,,,,,,,,13.015857,77.5656766
2025-10-17 00:04:21.466,,,,,,,,,,,,0.8,,,,,,,,,,,,,,,,13.015857,77.5656766
2025-10-17 00:04:21.512,,0.0,,,,,,,,,,,,,,,,,,,,,,,,,,13.015857,77.5656766
2025-10-17 00:04:21.512,,,,,,,,,0.0,,,,,,,,,,,,,,,,,,,13.015857,77.5656766
2025-10-17 00:04:21.512,,,,,,,,,,0.0,,,,,,,,,,,,,,,,,,13.015857,77.5656766
2025-10-17 00:04:21.512,,,,,,,,,,,,,,,,,,,,,,,,,,0.0,,13.015857,77.5656766
2025-10-17 00:04:21.512,,,,,,,,,,,,,,,,,,,,,,,,,,,0.0,13.015857,77.5656766
2025-10-17 00:04:21.538,851.2,,,,,,,,,,,,,,,,,,,,,,,,,,,13.0158183333333,77.56565
2025-10-17 00:04:21.560,,,,,,,,,,,800.0,,,,,,,,,,,,,,,,,13.0158183333333,77.56565
2025-10-17 00:04:21.560,,,,,,,,,,,,0.8,,,,,,,,,,,,,,,,13.0158183333333,77.56565
2025-10-17 00:04:21.607,,0.0,,,,,,,,,,,,,,,,,,,,,,,,,,13.0158183333333,77.56565
2025-10-17 00:04:21.607,,,,,,,,,0.0,,,,,,,,,,,,,,,,,,,13.0158183333333,77.56565
2025-10-17 00:04:21.607,,,,,,,,,,0.0,,,,,,,,,,,,,,,,,,13.0158183333333,77.56565
2025-10-17 00:04:21.607,,,,,,,,,,,,,,,,,,,,,,,,,,0.0,,13.0158183333333,77.56565
2025-10-17 00:04:21.607,,,,,,,,,,,,,,,,,,,,,,,,,,,0.0,13.0158183333333,77.56565
2025-10-17 00:04:21.656,,,,,,,,,,,,,79.0,,,,,,,,,,,,,,,13.0158183333333,77.56565
2025-10-17 00:04:21.703,,,,,,,,,,,798.0,,,,,,,,,,,,,,,,,13.0158183333333,77.56565
2025-10-17 00:04:21.703,,,,,,,,,,,,0.8,,,,,,,,,,,,,,,,13.0158183333333,77.56565
2025-10-17 00:04:21.755,,0.0,,,,,,,,,,,,,,,,,,,,,,,,,,13.0158183333333,77.56565
2025-10-17 00:04:21.755,,,,,,,,,0.0,,,,,,,,,,,,,,,,,,,13.0158183333333,77.56565
2025-10-17 00:04:21.755,,,,,,,,,,0.0,,,,,,,,,,,,,,,,,,13.0158183333333,77.56565
2025-10-17 00:04:21.755,,,,,,,,,,,,,,,,,,,,,,,,,,0.0,,13.0158183333333,77.56565
2025-10-17 00:04:21.755,,,,,,,,,,,,,,,,,,,,,,,,,,,0.0,13.0158183333333,77.56565
2025-10-17 00:04:21.802,,,,,,,,,,,798.0,,,,,,,,,,,,,,,,,13.0158183333333,77.56565
2025-10-17 00:04:21.802,,,,,,,,,,,,0.8,,,,,,,,,,,,,,,,13.0158183333333,77.56565
2025-10-17 00:04:21.852,,0.0,,,,,,,,,,,,,,,,,,,,,,,,,,13.0158183333333,77.56565
2025-10-17 00:04:21.852,,,,,,,,,0.0,,,,,,,,,,,,,,,,,,,13.0158183333333,77.56565
2025-10-17 00:04:21.852,,,,,,,,,,0.0,,,,,,,,,,,,,,,,,,13.0158183333333,77.56565
2025-10-17 00:04:21.852,,,,,,,,,,,,,,,,,,,,,,,,,,0.0,,13.0158183333333,77.56565
2025-10-17 00:04:21.852,,,,,,,,,,,,,,,,,,,,,,,,,,,0.0,13.0158183333333,77.56565
2025-10-17 00:04:21.913,,,,,,,,,,,,,79.0,,,,,,,,,,,,,,,13.0158183333333,77.56565
2025-10-17 00:04:21.964,,,,,,,,,,,800.0,,,,,,,,,,,,,,,,,13.0158183333333,77.56565
2025-10-17 00:04:21.964,,,,,,,,,,,,0.8,,,,,,,,,,,,,,,,13.0158183333333,77.56565
2025-10-17 00:04:22.016,,0.0,,,,,,,,,,,,,,,,,,,,,,,,,,13.0158183333333,77.56565
2025-10-17 00:04:22.016,,,,,,,,,0.0,,,,,,,,,,,,,,,,,,,13.0158183333333,77.56565
2025-10-17 00:04:22.016,,,,,,,,,,0.0,,,,,,,,,,,,,,,,,,13.0158183333333,77.56565
2025-10-17 00:04:22.016,,,,,,,,,,,,,,,,,,,,,,,,,,0.0,,13.0158183333333,77.56565
2025-10-17 00:04:22.016,,,,,,,,,,,,,,,,,,,,,,,,,,,0.0,13.0158183333333,77.56565
2025-10-17 00:04:22.074,,,,,,,,,,,802.0,,,,,,,,,,,,,,,,,13.0158183333333,77.56565
2025-10-17 00:04:22.074,,,,,,,,,,,,0.8,,,,,,,,,,,,,,,,13.0158183333333,77.56565
2025-10-17 00:04:22.147,,0.0,,,,,,,,,,,,,,,,,,,,,,,,,,13.0158183333333,77.56565
2025-10-17 00:04:22.147,,,,,,,,,0.0,,,,,,,,,,,,,,,,,,,13.0158183333333,77.56565
2025-10-17 00:04:22.147,,,,,,,,,,0.0,,,,,,,,,,,,,,,,,,13.0158183333333,77.56565
2025-10-17 00:04:22.147,,,,,,,,,,,,,,,,,,,,,,,,,,0.0,,13.0158183333333,77.56565
2025-10-17 00:04:22.147,,,,,,,,,,,,,,,,,,,,,,,,,,,0.0,13.0158183333333,77.56565
2025-10-17 00:04:22.206,,,,,,,,,,,,,79.0,,,,,,,,,,,,,,,13.0158183333333,77.56565
2025-10-17 00:04:22.255,,,,,,,,,,,798.0,,,,,,,,,,,,,,,,,13.0158183333333,77.56565
2025-10-17 00:04:22.255,,,,,,,,,,,,0.8,,,,,,,,,,,,,,,,13.0158183333333,77.56565
2025-10-17 00:04:22.302,,0.0,,,,,,,,,,,,,,,,,,,,,,,,,,13.0158183333333,77.56565
2025-10-17 00:04:22.302,,,,,,,,,0.0,,,,,,,,,,,,,,,,,,,13.0158183333333,77.56565
2025-10-17 00:04:22.302,,,,,,,,,,0.0,,,,,,,,,,,,,,,,,,13.0158183333333,77.56565
2025-10-17 00:04:22.302,,,,,,,,,,,,,,,,,,,,,,,,,,0.0,,13.0158183333333,77.56565
2025-10-17 00:04:22.302,,,,,,,,,,,,,,,,,,,,,,,,,,,0.0,13.0158183333333,77.56565
2025-10-17 00:04:22.358,,,,,,,,,,,798.0,,,,,,,,,,,,,,,,,13.0158183333333,77.56565
2025-10-17 00:04:22.358,,,,,,,,,,,,0.8,,,,,,,,,,,,,,,,13.0158183333333,77.56565
2025-10-17 00:04:22.408,,0.0,,,,,,,,,,,,,,,,,,,,,,,,,,13.0158183333333,77.56565
2025-10-17 00:04:22.408,,,,,,,,,0.0,,,,,,,,,,,,,,,,,,,13.0158183333333,77.56565
2025-10-17 00:04:22.408,,,,,,,,,,0.0,,,,,,,,,,,,,,,,,,13.0158183333333,77.56565
2025-10-17 00:04:22.408,,,,,,,,,,,,,,,,,,,,,,,,,,0.0,,13.0158183333333,77.56565
2025-10-17 00:04:22.408,,,,,,,,,,,,,,,,,,,,,,,,,,,0.0,13.0158183333333,77.56565
2025-10-17 00:04:22.456,,,,,,,,,,,,,79.0,,,,,,,,,,,,,,,13.0158183333333,77.56565
2025-10-17 00:04:22.506,,,,,,,,,,,801.0,,,,,,,,,,,,,,,,,13.0158183333333,77.56565
2025-10-17 00:04:22.506,,,,,,,,,,,,0.8,,,,,,,,,,,,,,,,13.0158183333333,77.56565
2025-10-17 00:04:22.566,,0.0,,,,,,,,,,,,,,,,,,,,,,,,,,13.0158183333333,77.56565
2025-10-17 00:04:22.566,,,,,,,,,0.0,,,,,,,,,,,,,,,,,,,13.0158183333333,77.56565
2025-10-17 00:04:22.566,,,,,,,,,,0.0,,,,,,,,,,,,,,,,,,13.0158183333333,77.56565
2025-10-17 00:04:22.566,,,,,,,,,,,,,,,,,,,,,,,,,,0.0,,13.0158183333333,77.56565
2025-10-17 00:04:22.566,,,,,,,,,,,,,,,,,,,,,,,,,,,0.0,13.0158183333333,77.56565
2025-10-17 00:04:22.617,,,,,,,,,,,799.0,,,,,,,,,,,,,,,,,13.0158183333333,77.56565
2025-10-17 00:04:22.617,,,,,,,,,,,,0.8,,,,,,,,,,,,,,,,13.0158183333333,77.56565
2025-10-17 00:04:22.682,,0.0,,,,,,,,,,,,,,,,,,,,,,,,,,13.0158183333333,77.56565
2025-10-17 00:04:22.682,,,,,,,,,0.0,,,,,,,,,,,,,,,,,,,13.0158183333333,77.56565
2025-10-17 00:04:22.682,,,,,,,,,,0.0,,,,,,,,,,,,,,,,,,13.0158183333333,77.56565
2025-10-17 00:04:22.682,,,,,,,,,,,,,,,,,,,,,,,,,,0.0,,13.0158183333333,77.56565
2025-10-17 00:04:22.682,,,,,,,,,,,,,,,,,,,,,,,,,,,0.0,13.0158183333333,77.56565
2025-10-17 00:04:22.732,,,,,,,,,,,,,79.0,,,,,,,,,,,,,,,13.0158183333333,77.56565
2025-10-17 00:04:22.792,,,,,,,,,,,799.0,,,,,,,,,,,,,,,,,13.0158183333333,77.56565
2025-10-17 00:04:22.792,,,,,,,,,,,,0.8,,,,,,,,,,,,,,,,13.0158183333333,77.56565
2025-10-17 00:04:22.840,,0.0,,,,,,,,,,,,,,,,,,,,,,,,,,13.0158183333333,77.56565
2025-10-17 00:04:22.840,,,,,,,,,0.0,,,,,,,,,,,,,,,,,,,13.0158183333333,77.56565
2025-10-17 00:04:22.840,,,,,,,,,,0.0,,,,,,,,,,,,,,,,,,13.0158183333333,77.56565
2025-10-17 00:04:22.840,,,,,,,,,,,,,,,,,,,,,,,,,,0.0,,13.0158183333333,77.56565
2025-10-17 00:04:22.840,,,,,,,,,,,,,,,,,,,,,,,,,,,0.0,13.0158183333333,77.56565
2025-10-17 00:04:22.885,,,,,,,,,,,800.0,,,,,,,,,,,,,,,,,13.0158183333333,77.56565
2025-10-17 00:04:22.885,,,,,,,,,,,,0.8,,,,,,,,,,,,,,,,13.0158183333333,77.56565
2025-10-17 00:04:22.939,,0.0,,,,,,,,,,,,,,,,,,,,,,,,,,13.0158183333333,77.56565
2025-10-17 00:04:22.939,,,,,,,,,0.0,,,,,,,,,,,,,,,,,,,13.0158183333333,77.56565
2025-10-17 00:04:22.939,,,,,,,,,,0.0,,,,,,,,,,,,,,,,,,13.0158183333333,77.56565
2025-10-17 00:04:22.939,,,,,,,,,,,,,,,,,,,,,,,,,,0.0,,13.0158183333333,77.56565
2025-10-17 00:04:22.939,,,,,,,,,,,,,,,,,,,,,,,,,,,0.0,13.0158183333333,77.56565
2025-10-17 00:04:22.989,,,,,,,,,,,,,79.0,,,,,,,,,,,,,,,13.0158183333333,77.56565
2025-10-17 00:04:23.037,,,,,,,,,,,801.0,,,,,,,,,,,,,,,,,13.0158183333333,77.56565
2025-10-17 00:04:23.037,,,,,,,,,,,,0.8,,,,,,,,,,,,,,,,13.0158183333333,77.56565
2025-10-17 00:04:23.097,,0.0,,,,,,,,,,,,,,,,,,,,,,,,,,13.0158183333333,77.56565
2025-10-17 00:04:23.097,,,,,,,,,0.0,,,,,,,,,,,,,,,,,,,13.0158183333333,77.56565
2025-10-17 00:04:23.097,,,,,,,,,,0.0,,,,,,,,,,,,,,,,,,13.0158183333333,77.56565
2025-10-17 00:04:23.097,,,,,,,,,,,,,,,,,,,,,,,,,,0.0,,13.0158183333333,77.56565
2025-10-17 00:04:23.097,,,,,,,,,,,,,,,,,,,,,,,,,,,0.0,13.0158183333333,77.56565
2025-10-17 00:04:23.151,,,,,,,,,,,801.0,,,,,,,,,,,,,,,,,13.0158183333333,77.56565
2025-10-17 00:04:23.151,,,,,,,,,,,,0.8,,,,,,,,,,,,,,,,13.0158183333333,77.56565
2025-10-17 00:04:23.201,,0.0,,,,,,,,,,,,,,,,,,,,,,,,,,13.0158183333333,77.56565
2025-10-17 00:04:23.201,,,,,,,,,0.0,,,,,,,,,,,,,,,,,,,13.0158183333333,77.56565
2025-10-17 00:04:23.201,,,,,,,,,,0.0,,,,,,,,,,,,,,,,,,13.0158183333333,77.56565
2025-10-17 00:04:23.201,,,,,,,,,,,,,,,,,,,,,,,,,,0.0,,13.0158183333333,77.56565
2025-10-17 00:04:23.201,,,,,,,,,,,,,,,,,,,,,,,,,,,0.0,13.0158183333333,77.56565
2025-10-17 00:04:23.274,,,,,,,,,,,,,79.0,,,,,,,,,,,,,,,13.0158183333333,77.56565
2025-10-17 00:04:23.299,851.0,,,,,,,,,,,,,,,,,,,,,,,,,,,13.01582,77.5656616666667
2025-10-17 00:04:23.324,,,,,,,,,,,799.0,,,,,,,,,,,,,,,,,13.01582,77.5656616666667
2025-10-17 00:04:23.324,,,,,,,,,,,,0.8,,,,,,,,,,,,,,,,13.01582,77.5656616666667
2025-10-17 00:04:23.396,,0.0,,,,,,,,,,,,,,,,,,,,,,,,,,13.01582,77.5656616666667
2025-10-17 00:04:23.396,,,,,,,,,0.0,,,,,,,,,,,,,,,,,,,13.01582,77.5656616666667
2025-10-17 00:04:23.396,,,,,,,,,,0.0,,,,,,,,,,,,,,,,,,13.01582,77.5656616666667
2025-10-17 00:04:23.396,,,,,,,,,,,,,,,,,,,,,,,,,,0.0,,13.01582,77.5656616666667
2025-10-17 00:04:23.396,,,,,,,,,,,,,,,,,,,,,,,,,,,0.0,13.01582,77.5656616666667
2025-10-17 00:04:23.435,,,,,,,,,,,801.0,,,,,,,,,,,,,,,,,13.01582,77.5656616666667
2025-10-17 00:04:23.435,,,,,,,,,,,,0.8,,,,,,,,,,,,,,,,13.01582,77.5656616666667
2025-10-17 00:04:23.480,,0.0,,,,,,,,,,,,,,,,,,,,,,,,,,13.01582,77.5656616666667
2025-10-17 00:04:23.480,,,,,,,,,0.0,,,,,,,,,,,,,,,,,,,13.01582,77.5656616666667
2025-10-17 00:04:23.480,,,,,,,,,,0.0,,,,,,,,,,,,,,,,,,13.01582,77.5656616666667
2025-10-17 00:04:23.480,,,,,,,,,,,,,,,,,,,,,,,,,,0.0,,13.01582,77.5656616666667
2025-10-17 00:04:23.480,,,,,,,,,,,,,,,,,,,,,,,,,,,0.0,13.01582,77.5656616666667
2025-10-17 00:04:23.534,,,,,,,,,,,,,79.0,,,,,,,,,,,,,,,13.01582,77.5656616666667
2025-10-17 00:04:23.583,,,,,,,,,,,801.0,,,,,,,,,,,,,,,,,13.01582,77.5656616666667
2025-10-17 00:04:23.583,,,,,,,,,,,,0.8,,,,,,,,,,,,,,,,13.01582,77.5656616666667
2025-10-17 00:04:23.689,,0.0,,,,,,,,,,,,,,,,,,,,,,,,,,13.01582,77.5656616666667
2025-10-17 00:04:23.689,,,,,,,,,0.0,,,,,,,,,,,,,,,,,,,13.01582,77.5656616666667
2025-10-17 00:04:23.689,,,,,,,,,,0.0,,,,,,,,,,,,,,,,,,13.01582,77.5656616666667
2025-10-17 00:04:23.689,,,,,,,,,,,,,,,,,,,,,,,,,,0.0,,13.01582,77.5656616666667
2025-10-17 00:04:23.689,,,,,,,,,,,,,,,,,,,,,,,,,,,0.0,13.01582,77.5656616666667
2025-10-17 00:04:23.740,,,,,,,,,,,802.0,,,,,,,,,,,,,,,,,13.01582,77.5656616666667
2025-10-17 00:04:23.740,,,,,,,,,,,,0.8,,,,,,,,,,,,,,,,13.01582,77.5656616666667
2025-10-17 00:04:23.789,,0.0,,,,,,,,,,,,,,,,,,,,,,,,,,13.01582,77.5656616666667
2025-10-17 00:04:23.789,,,,,,,,,0.0,,,,,,,,,,,,,,,,,,,13.01582,77.5656616666667
2025-10-17 00:04:23.789,,,,,,,,,,0.0,,,,,,,,,,,,,,,,,,13.01582,77.5656616666667
2025-10-17 00:04:23.789,,,,,,,,,,,,,,,,,,,,,,,,,,0.0,,13.01582,77.5656616666667
2025-10-17 00:04:23.789,,,,,,,,,,,,,,,,,,,,,,,,,,,0.0,13.01582,77.5656616666667
2025-10-17 00:04:23.854,,,,,,,,,,,,,79.0,,,,,,,,,,,,,,,13.01582,77.5656616666667
2025-10-17 00:04:23.908,,,,,,,,,,,798.0,,,,,,,,,,,,,,,,,13.01582,77.5656616666667
2025-10-17 00:04:23.908,,,,,,,,,,,,0.8,,,,,,,,,,,,,,,,13.01582,77.5656616666667
2025-10-17 00:04:23.958,,0.0,,,,,,,,,,,,,,,,,,,,,,,,,,13.01582,77.5656616666667
2025-10-17 00:04:23.958,,,,,,,,,0.0,,,,,,,,,,,,,,,,,,,13.01582,77.5656616666667
2025-10-17 00:04:23.958,,,,,,,,,,0.0,,,,,,,,,,,,,,,,,,13.01582,77.5656616666667
2025-10-17 00:04:23.958,,,,,,,,,,,,,,,,,,,,,,,,,,0.0,,13.01582,77.5656616666667
2025-10-17 00:04:23.958,,,,,,,,,,,,,,,,,,,,,,,,,,,0.0,13.01582,77.5656616666667
2025-10-17 00:04:24.013,,,,,,,,,,,798.0,,,,,,,,,,,,,,,,,13.01582,77.5656616666667
2025-10-17 00:04:24.013,,,,,,,,,,,,0.8,,,,,,,,,,,,,,,,13.01582,77.5656616666667
2025-10-17 00:04:24.063,,0.0,,,,,,,,,,,,,,,,,,,,,,,,,,13.01582,77.5656616666667
2025-10-17 00:04:24.063,,,,,,,,,0.0,,,,,,,,,,,,,,,,,,,13.01582,77.5656616666667
2025-10-17 00:04:24.063,,,,,,,,,,0.0,,,,,,,,,,,,,,,,,,13.01582,77.5656616666667
2025-10-17 00:04:24.063,,,,,,,,,,,,,,,,,,,,,,,,,,0.0,,13.01582,77.5656616666667
2025-10-17 00:04:24.063,,,,,,,,,,,,,,,,,,,,,,,,,,,0.0,13.01582,77.5656616666667
2025-10-17 00:04:24.118,,,,,,,,,,,,,79.0,,,,,,,,,,,,,,,13.01582,77.5656616666667
2025-10-17 00:04:24.168,,,,,,,,,,,800.0,,,,,,,,,,,,,,,,,13.01582,77.5656616666667
2025-10-17 00:04:24.168,,,,,,,,,,,,0.8,,,,,,,,,,,,,,,,13.01582,77.5656616666667
2025-10-17 00:04:24.218,,0.0,,,,,,,,,,,,,,,,,,,,,,,,,,13.01582,77.5656616666667
2025-10-17 00:04:24.218,,,,,,,,,0.0,,,,,,,,,,,,,,,,,,,13.01582,77.5656616666667
2025-10-17 00:04:24.218,,,,,,,,,,0.0,,,,,,,,,,,,,,,,,,13.01582,77.5656616666667
2025-10-17 00:04:24.218,,,,,,,,,,,,,,,,,,,,,,,,,,0.0,,13.01582,77.5656616666667
2025-10-17 00:04:24.218,,,,,,,,,,,,,,,,,,,,,,,,,,,0.0,13.01582,77.5656616666667
2025-10-17 00:04:24.269,,,,,,,,,,,802.0,,,,,,,,,,,,,,,,,13.01582,77.5656616666667
2025-10-17 00:04:24.269,,,,,,,,,,,,0.8,,,,,,,,,,,,,,,,13.01582,77.5656616666667
2025-10-17 00:04:24.319,,0.0,,,,,,,,,,,,,,,,,,,,,,,,,,13.01582,77.5656616666667
2025-10-17 00:04:24.319,,,,,,,,,0.0,,,,,,,,,,,,,,,,,,,13.01582,77.5656616666667
2025-10-17 00:04:24.319,,,,,,,,,,0.0,,,,,,,,,,,,,,,,,,13.01582,77.5656616666667
2025-10-17 00:04:24.319,,,,,,,,,,,,,,,,,,,,,,,,,,0.0,,13.01582,77.5656616666667
2025-10-17 00:04:24.319,,,,,,,,,,,,,,,,,,,,,,,,,,,0.0,13.01582,77.5656616666667
2025-10-17 00:04:24.368,,,,,,,,,,,,,79.0,,,,,,,,,,,,,,,13.01582,77.5656616666667
2025-10-17 00:04:24.435,,,,,,,,,,,801.0,,,,,,,,,,,,,,,,,13.01582,77.5656616666667
2025-10-17 00:04:24.435,,,,,,,,,,,,0.8,,,,,,,,,,,,,,,,13.01582,77.5656616666667
2025-10-17 00:04:24.500,,0.0,,,,,,,,,,,,,,,,,,,,,,,,,,13.01582,77.5656616666667
2025-10-17 00:04:24.500,,,,,,,,,0.0,,,,,,,,,,,,,,,,,,,13.01582,77.5656616666667
2025-10-17 00:04:24.500,,,,,,,,,,0.0,,,,,,,,,,,,,,,,,,13.01582,77.5656616666667
2025-10-17 00:04:24.500,,,,,,,,,,,,,,,,,,,,,,,,,,0.0,,13.01582,77.5656616666667
2025-10-17 00:04:24.500,,,,,,,,,,,,,,,,,,,,,,,,,,,0.0,13.01582,77.5656616666667
2025-10-17 00:04:24.597,,,,,,,,,,,801.0,,,,,,,,,,,,,,,,,13.01582,77.5656616666667
2025-10-17 00:04:24.597,,,,,,,,,,,,0.8,,,,,,,,,,,,,,,,13.01582,77.5656616666667
2025-10-17 00:04:24.649,,0.0,,,,,,,,,,,,,,,,,,,,,,,,,,13.01582,77.5656616666667
2025-10-17 00:04:24.649,,,,,,,,,0.0,,,,,,,,,,,,,,,,,,,13.01582,77.5656616666667
2025-10-17 00:04:24.649,,,,,,,,,,0.0,,,,,,,,,,,,,,,,,,13.01582,77.5656616666667
2025-10-17 00:04:24.649,,,,,,,,,,,,,,,,,,,,,,,,,,0.0,,13.01582,77.5656616666667
2025-10-17 00:04:24.649,,,,,,,,,,,,,,,,,,,,,,,,,,,0.0,13.01582,77.5656616666667
2025-10-17 00:04:24.701,,,,,,,,,,,,,79.0,,,,,,,,,,,,,,,13.01582,77.5656616666667
2025-10-17 00:04:24.751,,,,,,,,,,,798.0,,,,,,,,,,,,,,,,,13.01582,77.5656616666667
2025-10-17 00:04:24.751,,,,,,,,,,,,0.8,,,,,,,,,,,,,,,,13.01582,77.5656616666667
2025-10-17 00:04:24.814,,0.0,,,,,,,,,,,,,,,,,,,,,,,,,,13.01582,77.5656616666667
2025-10-17 00:04:24.814,,,,,,,,,0.0,,,,,,,,,,,,,,,,,,,13.01582,77.5656616666667
2025-10-17 00:04:24.814,,,,,,,,,,0.0,,,,,,,,,,,,,,,,,,13.01582,77.5656616666667
2025-10-17 00:04:24.814,,,,,,,,,,,,,,,,,,,,,,,,,,0.0,,13.01582,77.5656616666667
2025-10-17 00:04:24.814,,,,,,,,,,,,,,,,,,,,,,,,,,,0.0,13.01582,77.5656616666667
2025-10-17 00:04:24.866,,,,,,,,,,,801.0,,,,,,,,,,,,,,,,,13.01582,77.5656616666667
2025-10-17 00:04:24.866,,,,,,,,,,,,0.8,,,,,,,,,,,,,,,,13.01582,77.5656616666667
2025-10-17 00:04:24.916,,0.0,,,,,,,,,,,,,,,,,,,,,,,,,,13.01582,77.5656616666667
2025-10-17 00:04:24.916,,,,,,,,,0.0,,,,,,,,,,,,,,,,,,,13.01582,77.5656616666667
2025-10-17 00:04:24.916,,,,,,,,,,0.0,,,,,,,,,,,,,,,,,,13.01582,77.5656616666667
2025-10-17 00:04:24.916,,,,,,,,,,,,,,,,,,,,,,,,,,0.0,,13.01582,77.5656616666667
2025-10-17 00:04:24.916,,,,,,,,,,,,,,,,,,,,,,,,,,,0.0,13.01582,77.5656616666667
2025-10-17 00:04:24.978,,,,,,,,,,,,,79.0,,,,,,,,,,,,,,,13.01582,77.5656616666667
2025-10-17 00:04:25.029,,,,,,,,,,,801.0,,,,,,,,,,,,,,,,,13.01582,77.5656616666667
2025-10-17 00:04:25.029,,,,,,,,,,,,0.8,,,,,,,,,,,,,,,,13.01582,77.5656616666667
2025-10-17 00:04:25.069,851.1,,,,,,,,,,,,,,,,,,,,,,,,,,,13.0158216666667,77.565655
2025-10-17 00:04:25.081,,0.0,,,,,,,,,,,,,,,,,,,,,,,,,,13.0158216666667,77.565655
2025-10-17 00:04:25.081,,,,,,,,,0.0,,,,,,,,,,,,,,,,,,,13.0158216666667,77.565655
2025-10-17 00:04:25.081,,,,,,,,,,0.0,,,,,,,,,,,,,,,,,,13.0158216666667,77.565655
2025-10-17 00:04:25.081,,,,,,,,,,,,,,,,,,,,,,,,,,0.0,,13.0158216666667,77.565655
2025-10-17 00:04:25.081,,,,,,,,,,,,,,,,,,,,,,,,,,,0.0,13.0158216666667,77.565655
2025-10-17 00:04:25.132,,,,,,,,,,,801.0,,,,,,,,,,,,,,,,,13.0158216666667,77.565655
2025-10-17 00:04:25.132,,,,,,,,,,,,0.8,,,,,,,,,,,,,,,,13.0158216666667,77.565655
2025-10-17 00:04:25.180,,0.0,,,,,,,,,,,,,,,,,,,,,,,,,,13.0158216666667,77.565655
2025-10-17 00:04:25.180,,,,,,,,,0.0,,,,,,,,,,,,,,,,,,,13.0158216666667,77.565655
2025-10-17 00:04:25.180,,,,,,,,,,0.0,,,,,,,,,,,,,,,,,,13.0158216666667,77.565655
2025-10-17 00:04:25.180,,,,,,,,,,,,,,,,,,,,,,,,,,0.0,,13.0158216666667,77.565655
2025-10-17 00:04:25.180,,,,,,,,,,,,,,,,,,,,,,,,,,,0.0,13.0158216666667,77.565655
2025-10-17 00:04:25.229,,,,,,,,,,,,,79.0,,,,,,,,,,,,,,,13.0158216666667,77.565655
2025-10-17 00:04:25.281,,,,,,,,,,,798.0,,,,,,,,,,,,,,,,,13.0158216666667,77.565655
2025-10-17 00:04:25.281,,,,,,,,,,,,0.8,,,,,,,,,,,,,,,,13.0158216666667,77.565655
2025-10-17 00:04:25.339,,0.0,,,,,,,,,,,,,,,,,,,,,,,,,,13.0158216666667,77.565655
2025-10-17 00:04:25.339,,,,,,,,,0.0,,,,,,,,,,,,,,,,,,,13.0158216666667,77.565655
2025-10-17 00:04:25.339,,,,,,,,,,0.0,,,,,,,,,,,,,,,,,,13.0158216666667,77.565655
2025-10-17 00:04:25.339,,,,,,,,,,,,,,,,,,,,,,,,,,0.0,,13.0158216666667,77.565655
2025-10-17 00:04:25.339,,,,,,,,,,,,,,,,,,,,,,,,,,,0.0,13.0158216666667,77.565655
2025-10-17 00:04:25.390,,,,,,,,,,,798.0,,,,,,,,,,,,,,,,,13.0158216666667,77.565655
2025-10-17 00:04:25.390,,,,,,,,,,,,0.8,,,,,,,,,,,,,,,,13.0158216666667,77.565655
2025-10-17 00:04:25.441,,0.0,,,,,,,,,,,,,,,,,,,,,,,,,,13.0158216666667,77.565655
2025-10-17 00:04:25.441,,,,,,,,,0.0,,,,,,,,,,,,,,,,,,,13.0158216666667,77.565655
2025-10-17 00:04:25.441,,,,,,,,,,0.0,,,,,,,,,,,,,,,,,,13.0158216666667,77.565655
2025-10-17 00:04:25.441,,,,,,,,,,,,,,,,,,,,,,,,,,0.0,,13.0158216666667,77.565655
2025-10-17 00:04:25.441,,,,,,,,,,,,,,,,,,,,,,,,,,,0.0,13.0158216666667,77.565655
2025-10-17 00:04:25.491,,,,,,,,,,,,,79.0,,,,,,,,,,,,,,,13.0158216666667,77.565655
2025-10-17 00:04:25.541,,,,,,,,,,,801.0,,,,,,,,,,,,,,,,,13.0158216666667,77.565655
2025-10-17 00:04:25.541,,,,,,,,,,,,0.8,,,,,,,,,,,,,,,,13.0158216666667,77.565655
2025-10-17 00:04:25.591,,0.0,,,,,,,,,,,,,,,,,,,,,,,,,,13.0158216666667,77.565655
2025-10-17 00:04:25.591,,,,,,,,,0.0,,,,,,,,,,,,,,,,,,,13.0158216666667,77.565655
2025-10-17 00:04:25.591,,,,,,,,,,0.0,,,,,,,,,,,,,,,,,,13.0158216666667,77.565655
2025-10-17 00:04:25.591,,,,,,,,,,,,,,,,,,,,,,,,,,0.0,,13.0158216666667,77.565655
2025-10-17 00:04:25.591,,,,,,,,,,,,,,,,,,,,,,,,,,,0.0,13.0158216666667,77.565655
2025-10-17 00:04:25.641,,,,,,,,,,,801.0,,,,,,,,,,,,,,,,,13.0158216666667,77.565655
2025-10-17 00:04:25.641,,,,,,,,,,,,0.8,,,,,,,,,,,,,,,,13.0158216666667,77.565655
2025-10-17 00:04:25.691,,0.0,,,,,,,,,,,,,,,,,,,,,,,,,,13.0158216666667,77.565655
2025-10-17 00:04:25.691,,,,,,,,,0.0,,,,,,,,,,,,,,,,,,,13.0158216666667,77.565655
2025-10-17 00:04:25.691,,,,,,,,,,0.0,,,,,,,,,,,,,,,,,,13.0158216666667,77.565655
2025-10-17 00:04:25.691,,,,,,,,,,,,,,,,,,,,,,,,,,0.0,,13.0158216666667,77.565655
2025-10-17 00:04:25.691,,,,,,,,,,,,,,,,,,,,,,,,,,,0.0,13.0158216666667,77.565655
2025-10-17 00:04:25.742,,,,,,,,,,,,,79.0,,,,,,,,,,,,,,,13.0158216666667,77.565655
2025-10-17 00:04:25.792,,,,,,,,,,,801.0,,,,,,,,,,,,,,,,,13.0158216666667,77.565655
2025-10-17 00:04:25.792,,,,,,,,,,,,0.8,,,,,,,,,,,,,,,,13.0158216666667,77.565655
2025-10-17 00:04:25.842,,0.0,,,,,,,,,,,,,,,,,,,,,,,,,,13.0158216666667,77.565655
2025-10-17 00:04:25.842,,,,,,,,,0.0,,,,,,,,,,,,,,,,,,,13.0158216666667,77.565655
2025-10-17 00:04:25.842,,,,,,,,,,0.0,,,,,,,,,,,,,,,,,,13.0158216666667,77.565655
2025-10-17 00:04:25.842,,,,,,,,,,,,,,,,,,,,,,,,,,0.0,,13.0158216666667,77.565655
2025-10-17 00:04:25.842,,,,,,,,,,,,,,,,,,,,,,,,,,,0.0,13.0158216666667,77.565655
2025-10-17 00:04:25.892,,,,,,,,,,,798.0,,,,,,,,,,,,,,,,,13.0158216666667,77.565655
2025-10-17 00:04:25.892,,,,,,,,,,,,0.8,,,,,,,,,,,,,,,,13.0158216666667,77.565655
2025-10-17 00:04:25.943,,0.0,,,,,,,,,,,,,,,,,,,,,,,,,,13.0158216666667,77.565655
2025-10-17 00:04:25.943,,,,,,,,,0.0,,,,,,,,,,,,,,,,,,,13.0158216666667,77.565655
2025-10-17 00:04:25.943,,,,,,,,,,0.0,,,,,,,,,,,,,,,,,,13.0158216666667,77.565655
2025-10-17 00:04:25.943,,,,,,,,,,,,,,,,,,,,,,,,,,0.0,,13.0158216666667,77.565655
2025-10-17 00:04:25.943,,,,,,,,,,,,,,,,,,,,,,,,,,,0.0,13.0158216666667,77.565655
2025-10-17 00:04:25.995,,,,,,,,,,,,,79.0,,,,,,,,,,,,,,,13.0158216666667,77.565655
2025-10-17 00:04:26.057,,,,,,,,,,,800.0,,,,,,,,,,,,,,,,,13.0158216666667,77.565655
2025-10-17 00:04:26.057,,,,,,,,,,,,0.8,,,,,,,,,,,,,,,,13.0158216666667,77.565655
2025-10-17 00:04:26.107,,0.0,,,,,,,,,,,,,,,,,,,,,,,,,,13.0158216666667,77.565655
2025-10-17 00:04:26.107,,,,,,,,,0.0,,,,,,,,,,,,,,,,,,,13.0158216666667,77.565655
2025-10-17 00:04:26.107,,,,,,,,,,0.0,,,,,,,,,,,,,,,,,,13.0158216666667,77.565655
2025-10-17 00:04:26.107,,,,,,,,,,,,,,,,,,,,,,,,,,0.0,,13.0158216666667,77.565655
2025-10-17 00:04:26.107,,,,,,,,,,,,,,,,,,,,,,,,,,,0.0,13.0158216666667,77.565655
2025-10-17 00:04:26.158,,,,,,,,,,,800.0,,,,,,,,,,,,,,,,,13.0158216666667,77.565655
2025-10-17 00:04:26.158,,,,,,,,,,,,0.8,,,,,,,,,,,,,,,,13.0158216666667,77.565655
2025-10-17 00:04:26.242,,0.0,,,,,,,,,,,,,,,,,,,,,,,,,,13.0158216666667,77.565655
2025-10-17 00:04:26.242,,,,,,,,,0.0,,,,,,,,,,,,,,,,,,,13.0158216666667,77.565655
2025-10-17 00:04:26.242,,,,,,,,,,0.0,,,,,,,,,,,,,,,,,,13.0158216666667,77.565655
2025-10-17 00:04:26.242,,,,,,,,,,,,,,,,,,,,,,,,,,0.0,,13.0158216666667,77.565655
2025-10-17 00:04:26.242,,,,,,,,,,,,,,,,,,,,,,,,,,,0.0,13.0158216666667,77.565655
2025-10-17 00:04:26.294,,,,,,,,,,,,,79.0,,,,,,,,,,,,,,,13.0158216666667,77.565655
2025-10-17 00:04:26.345,,,,,,,,,,,800.0,,,,,,,,,,,,,,,,,13.0158216666667,77.565655
2025-10-17 00:04:26.345,,,,,,,,,,,,0.8,,,,,,,,,,,,,,,,13.0158216666667,77.565655
2025-10-17 00:04:26.394,,0.0,,,,,,,,,,,,,,,,,,,,,,,,,,13.0158216666667,77.565655
2025-10-17 00:04:26.394,,,,,,,,,0.0,,,,,,,,,,,,,,,,,,,13.0158216666667,77.565655
2025-10-17 00:04:26.394,,,,,,,,,,0.0,,,,,,,,,,,,,,,,,,13.0158216666667,77.565655
2025-10-17 00:04:26.394,,,,,,,,,,,,,,,,,,,,,,,,,,0.0,,13.0158216666667,77.565655
2025-10-17 00:04:26.394,,,,,,,,,,,,,,,,,,,,,,,,,,,0.0,13.0158216666667,77.565655
2025-10-17 00:04:26.444,,,,,,,,,,,798.0,,,,,,,,,,,,,,,,,13.0158216666667,77.565655
2025-10-17 00:04:26.444,,,,,,,,,,,,0.8,,,,,,,,,,,,,,,,13.0158216666667,77.565655
2025-10-17 00:04:26.494,,0.0,,,,,,,,,,,,,,,,,,,,,,,,,,13.0158216666667,77.565655
2025-10-17 00:04:26.494,,,,,,,,,0.0,,,,,,,,,,,,,,,,,,,13.0158216666667,77.565655
2025-10-17 00:04:26.494,,,,,,,,,,0.0,,,,,,,,,,,,,,,,,,13.0158216666667,77.565655
2025-10-17 00:04:26.494,,,,,,,,,,,,,,,,,,,,,,,,,,0.0,,13.0158216666667,77.565655
2025-10-17 00:04:26.494,,,,,,,,,,,,,,,,,,,,,,,,,,,0.0,13.0158216666667,77.565655
2025-10-17 00:04:26.558,,,,,,,,,,,,,79.0,,,,,,,,,,,,,,,13.0158216666667,77.565655
2025-10-17 00:04:26.608,,,,,,,,,,,798.0,,,,,,,,,,,,,,,,,13.0158216666667,77.565655
2025-10-17 00:04:26.608,,,,,,,,,,,,0.8,,,,,,,,,,,,,,,,13.0158216666667,77.565655
2025-10-17 00:04:26.658,,0.0,,,,,,,,,,,,,,,,,,,,,,,,,,13.0158216666667,77.565655
2025-10-17 00:04:26.658,,,,,,,,,0.0,,,,,,,,,,,,,,,,,,,13.0158216666667,77.565655
2025-10-17 00:04:26.658,,,,,,,,,,0.0,,,,,,,,,,,,,,,,,,13.0158216666667,77.565655
2025-10-17 00:04:26.658,,,,,,,,,,,,,,,,,,,,,,,,,,0.0,,13.0158216666667,77.565655
2025-10-17 00:04:26.658,,,,,,,,,,,,,,,,,,,,,,,,,,,0.0,13.0158216666667,77.565655
2025-10-17 00:04:26.708,,,,,,,,,,,815.0,,,,,,,,,,,,,,,,,13.0158216666667,77.565655
2025-10-17 00:04:26.708,,,,,,,,,,,,0.8,,,,,,,,,,,,,,,,13.0158216666667,77.565655
2025-10-17 00:04:26.758,,0.0,,,,,,,,,,,,,,,,,,,,,,,,,,13.0158216666667,77.565655
2025-10-17 00:04:26.758,,,,,,,,,0.0,,,,,,,,,,,,,,,,,,,13.0158216666667,77.565655
2025-10-17 00:04:26.758,,,,,,,,,,0.0,,,,,,,,,,,,,,,,,,13.0158216666667,77.565655
2025-10-17 00:04:26.758,,,,,,,,,,,,,,,,,,,,,,,,,,0.0,,13.0158216666667,77.565655
2025-10-17 00:04:26.758,,,,,,,,,,,,,,,,,,,,,,,,,,,0.0,13.0158216666667,77.565655
2025-10-17 00:04:26.817,,,,,,,,,,,,,79.0,,,,,,,,,,,,,,,13.0158216666667,77.565655
2025-10-17 00:04:26.869,,,,,,,,,,,820.0,,,,,,,,,,,,,,,,,13.0158216666667,77.565655
2025-10-17 00:04:26.869,,,,,,,,,,,,0.8,,,,,,,,,,,,,,,,13.0158216666667,77.565655
2025-10-17 00:04:26.916,,0.0,,,,,,,,,,,,,,,,,,,,,,,,,,13.0158216666667,77.565655
2025-10-17 00:04:26.916,,,,,,,,,0.0,,,,,,,,,,,,,,,,,,,13.0158216666667,77.565655
2025-10-17 00:04:26.916,,,,,,,,,,0.0,,,,,,,,,,,,,,,,,,13.0158216666667,77.565655
2025-10-17 00:04:26.916,,,,,,,,,,,,,,,,,,,,,,,,,,0.0,,13.0158216666667,77.565655
2025-10-17 00:04:26.916,,,,,,,,,,,,,,,,,,,,,,,,,,,0.0,13.0158216666667,77.565655
2025-10-17 00:04:26.964,,,,,,,,,,,820.0,,,,,,,,,,,,,,,,,13.0158216666667,77.565655
2025-10-17 00:04:26.964,,,,,,,,,,,,0.8,,,,,,,,,,,,,,,,13.0158216666667,77.565655
2025-10-17 00:04:27.015,,0.0,,,,,,,,,,,,,,,,,,,,,,,,,,13.0158216666667,77.565655
2025-10-17 00:04:27.015,,,,,,,,,0.0,,,,,,,,,,,,,,,,,,,13.0158216666667,77.565655
2025-10-17 00:04:27.015,,,,,,,,,,0.0,,,,,,,,,,,,,,,,,,13.0158216666667,77.565655
2025-10-17 00:04:27.015,,,,,,,,,,,,,,,,,,,,,,,,,,0.0,,13.0158216666667,77.565655
2025-10-17 00:04:27.015,,,,,,,,,,,,,,,,,,,,,,,,,,,0.0,13.0158216666667,77.565655
2025-10-17 00:04:27.067,,,,,,,,,,,,,79.0,,,,,,,,,,,,,,,13.0158216666667,77.565655
2025-10-17 00:04:27.106,,,,,,,,,,,827.0,,,,,,,,,,,,,,,,,13.0158216666667,77.565655
2025-10-17 00:04:27.106,,,,,,,,,,,,0.8,,,,,,,,,,,,,,,,13.0158216666667,77.565655
2025-10-17 00:04:27.155,,0.0,,,,,,,,,,,,,,,,,,,,,,,,,,13.0158216666667,77.565655
2025-10-17 00:04:27.155,,,,,,,,,0.0,,,,,,,,,,,,,,,,,,,13.0158216666667,77.565655
2025-10-17 00:04:27.155,,,,,,,,,,0.0,,,,,,,,,,,,,,,,,,13.0158216666667,77.565655
2025-10-17 00:04:27.155,,,,,,,,,,,,,,,,,,,,,,,,,,0.0,,13.0158216666667,77.565655
2025-10-17 00:04:27.155,,,,,,,,,,,,,,,,,,,,,,,,,,,0.0,13.0158216666667,77.565655
2025-10-17 00:04:27.206,,,,,,,,,,,827.0,,,,,,,,,,,,,,,,,13.0158216666667,77.565655
2025-10-17 00:04:27.206,,,,,,,,,,,,0.8,,,,,,,,,,,,,,,,13.0158216666667,77.565655
2025-10-17 00:04:27.258,,0.0,,,,,,,,,,,,,,,,,,,,,,,,,,13.0158216666667,77.565655
2025-10-17 00:04:27.258,,,,,,,,,0.0,,,,,,,,,,,,,,,,,,,13.0158216666667,77.565655
2025-10-17 00:04:27.258,,,,,,,,,,0.0,,,,,,,,,,,,,,,,,,13.0158216666667,77.565655
2025-10-17 00:04:27.258,,,,,,,,,,,,,,,,,,,,,,,,,,0.0,,13.0158216666667,77.565655
2025-10-17 00:04:27.258,,,,,,,,,,,,,,,,,,,,,,,,,,,0.0,13.0158216666667,77.565655
2025-10-17 00:04:27.307,,,,,,,,,,,,,79.0,,,,,,,,,,,,,,,13.0158216666667,77.565655
2025-10-17 00:04:27.334,851.0,,,,,,,,,,,,,,,,,,,,,,,,,,,13.015815,77.5656483333333
2025-10-17 00:04:27.357,,,,,,,,,,,817.0,,,,,,,,,,,,,,,,,13.015815,77.5656483333333
2025-10-17 00:04:27.357,,,,,,,,,,,,0.8,,,,,,,,,,,,,,,,13.015815,77.5656483333333
2025-10-17 00:04:27.406,,0.0,,,,,,,,,,,,,,,,,,,,,,,,,,13.015815,77.5656483333333
2025-10-17 00:04:27.406,,,,,,,,,0.0,,,,,,,,,,,,,,,,,,,13.015815,77.5656483333333
2025-10-17 00:04:27.406,,,,,,,,,,0.0,,,,,,,,,,,,,,,,,,13.015815,77.5656483333333
2025-10-17 00:04:27.406,,,,,,,,,,,,,,,,,,,,,,,,,,0.0,,13.015815,77.5656483333333
2025-10-17 00:04:27.406,,,,,,,,,,,,,,,,,,,,,,,,,,,0.0,13.015815,77.5656483333333
2025-10-17 00:04:27.453,,,,,,,,,,,819.0,,,,,,,,,,,,,,,,,13.015815,77.5656483333333
2025-10-17 00:04:27.453,,,,,,,,,,,,0.8,,,,,,,,,,,,,,,,13.015815,77.5656483333333
2025-10-17 00:04:27.534,,0.0,,,,,,,,,,,,,,,,,,,,,,,,,,13.015815,77.5656483333333
2025-10-17 00:04:27.534,,,,,,,,,0.0,,,,,,,,,,,,,,,,,,,13.015815,77.5656483333333
2025-10-17 00:04:27.534,,,,,,,,,,0.0,,,,,,,,,,,,,,,,,,13.015815,77.5656483333333
2025-10-17 00:04:27.534,,,,,,,,,,,,,,,,,,,,,,,,,,0.0,,13.015815,77.5656483333333
2025-10-17 00:04:27.534,,,,,,,,,,,,,,,,,,,,,,,,,,,0.0,13.015815,77.5656483333333
2025-10-17 00:04:27.583,,,,,,,,,,,,,79.0,,,,,,,,,,,,,,,13.015815,77.5656483333333
2025-10-17 00:04:27.655,,,,,,,,,,,821.0,,,,,,,,,,,,,,,,,13.015815,77.5656483333333
2025-10-17 00:04:27.655,,,,,,,,,,,,0.8,,,,,,,,,,,,,,,,13.015815,77.5656483333333
2025-10-17 00:04:27.704,,0.0,,,,,,,,,,,,,,,,,,,,,,,,,,13.015815,77.5656483333333
2025-10-17 00:04:27.704,,,,,,,,,0.0,,,,,,,,,,,,,,,,,,,13.015815,77.5656483333333
2025-10-17 00:04:27.704,,,,,,,,,,0.0,,,,,,,,,,,,,,,,,,13.015815,77.5656483333333
2025-10-17 00:04:27.704,,,,,,,,,,,,,,,,,,,,,,,,,,0.0,,13.015815,77.5656483333333
2025-10-17 00:04:27.704,,,,,,,,,,,,,,,,,,,,,,,,,,,0.0,13.015815,77.5656483333333
2025-10-17 00:04:27.753,,,,,,,,,,,821.0,,,,,,,,,,,,,,,,,13.015815,77.5656483333333
2025-10-17 00:04:27.753,,,,,,,,,,,,0.8,,,,,,,,,,,,,,,,13.015815,77.5656483333333
2025-10-17 00:04:27.812,,0.0,,,,,,,,,,,,,,,,,,,,,,,,,,13.015815,77.5656483333333
2025-10-17 00:04:27.812,,,,,,,,,0.0,,,,,,,,,,,,,,,,,,,13.015815,77.5656483333333
2025-10-17 00:04:27.812,,,,,,,,,,0.0,,,,,,,,,,,,,,,,,,13.015815,77.5656483333333
2025-10-17 00:04:27.812,,,,,,,,,,,,,,,,,,,,,,,,,,0.0,,13.015815,77.5656483333333
2025-10-17 00:04:27.812,,,,,,,,,,,,,,,,,,,,,,,,,,,0.0,13.015815,77.5656483333333
2025-10-17 00:04:27.865,,,,,,,,,,,,,79.0,,,,,,,,,,,,,,,13.015815,77.5656483333333
2025-10-17 00:04:27.916,,,,,,,,,,,827.0,,,,,,,,,,,,,,,,,13.015815,77.5656483333333
2025-10-17 00:04:27.916,,,,,,,,,,,,0.8,,,,,,,,,,,,,,,,13.015815,77.5656483333333
2025-10-17 00:04:27.964,,0.0,,,,,,,,,,,,,,,,,,,,,,,,,,13.015815,77.5656483333333
2025-10-17 00:04:27.964,,,,,,,,,0.0,,,,,,,,,,,,,,,,,,,13.015815,77.5656483333333
2025-10-17 00:04:27.964,,,,,,,,,,0.0,,,,,,,,,,,,,,,,,,13.015815,77.5656483333333
2025-10-17 00:04:27.964,,,,,,,,,,,,,,,,,,,,,,,,,,0.0,,13.015815,77.5656483333333
2025-10-17 00:04:27.964,,,,,,,,,,,,,,,,,,,,,,,,,,,0.0,13.015815,77.5656483333333
2025-10-17 00:04:28.016,,,,,,,,,,,827.0,,,,,,,,,,,,,,,,,13.015815,77.5656483333333
2025-10-17 00:04:28.016,,,,,,,,,,,,0.8,,,,,,,,,,,,,,,,13.015815,77.5656483333333
2025-10-17 00:04:28.067,,0.0,,,,,,,,,,,,,,,,,,,,,,,,,,13.015815,77.5656483333333
2025-10-17 00:04:28.067,,,,,,,,,0.0,,,,,,,,,,,,,,,,,,,13.015815,77.5656483333333
2025-10-17 00:04:28.067,,,,,,,,,,0.0,,,,,,,,,,,,,,,,,,13.015815,77.5656483333333
2025-10-17 00:04:28.067,,,,,,,,,,,,,,,,,,,,,,,,,,0.0,,13.015815,77.5656483333333
2025-10-17 00:04:28.067,,,,,,,,,,,,,,,,,,,,,,,,,,,0.0,13.015815,77.5656483333333
2025-10-17 00:04:28.116,,,,,,,,,,,,,79.0,,,,,,,,,,,,,,,13.015815,77.5656483333333
2025-10-17 00:04:28.168,,,,,,,,,,,827.0,,,,,,,,,,,,,,,,,13.015815,77.5656483333333
2025-10-17 00:04:28.168,,,,,,,,,,,,0.8,,,,,,,,,,,,,,,,13.015815,77.5656483333333
2025-10-17 00:04:28.217,,0.0,,,,,,,,,,,,,,,,,,,,,,,,,,13.015815,77.5656483333333
2025-10-17 00:04:28.217,,,,,,,,,0.0,,,,,,,,,,,,,,,,,,,13.015815,77.5656483333333
2025-10-17 00:04:28.217,,,,,,,,,,0.0,,,,,,,,,,,,,,,,,,13.015815,77.5656483333333
2025-10-17 00:04:28.217,,,,,,,,,,,,,,,,,,,,,,,,,,0.0,,13.015815,77.5656483333333
2025-10-17 00:04:28.217,,,,,,,,,,,,,,,,,,,,,,,,,,,0.0,13.015815,77.5656483333333
2025-10-17 00:04:28.266,,,,,,,,,,,827.0,,,,,,,,,,,,,,,,,13.015815,77.5656483333333
2025-10-17 00:04:28.266,,,,,,,,,,,,0.8,,,,,,,,,,,,,,,,13.015815,77.5656483333333
2025-10-17 00:04:28.315,,0.0,,,,,,,,,,,,,,,,,,,,,,,,,,13.015815,77.5656483333333
2025-10-17 00:04:28.315,,,,,,,,,0.0,,,,,,,,,,,,,,,,,,,13.015815,77.5656483333333
2025-10-17 00:04:28.315,,,,,,,,,,0.0,,,,,,,,,,,,,,,,,,13.015815,77.5656483333333
2025-10-17 00:04:28.315,,,,,,,,,,,,,,,,,,,,,,,,,,0.0,,13.015815,77.5656483333333
2025-10-17 00:04:28.315,,,,,,,,,,,,,,,,,,,,,,,,,,,0.0,13.015815,77.5656483333333
2025-10-17 00:04:28.367,,,,,,,,,,,,,79.0,,,,,,,,,,,,,,,13.015815,77.5656483333333
2025-10-17 00:04:28.416,,,,,,,,,,,828.0,,,,,,,,,,,,,,,,,13.015815,77.5656483333333
2025-10-17 00:04:28.416,,,,,,,,,,,,0.8,,,,,,,,,,,,,,,,13.015815,77.5656483333333
2025-10-17 00:04:28.465,,0.0,,,,,,,,,,,,,,,,,,,,,,,,,,13.015815,77.5656483333333
2025-10-17 00:04:28.465,,,,,,,,,0.0,,,,,,,,,,,,,,,,,,,13.015815,77.5656483333333
2025-10-17 00:04:28.465,,,,,,,,,,0.0,,,,,,,,,,,,,,,,,,13.015815,77.5656483333333
2025-10-17 00:04:28.465,,,,,,,,,,,,,,,,,,,,,,,,,,0.0,,13.015815,77.5656483333333
2025-10-17 00:04:28.465,,,,,,,,,,,,,,,,,,,,,,,,,,,0.0,13.015815,77.5656483333333
2025-10-17 00:04:28.547,,,,,,,,,,,828.0,,,,,,,,,,,,,,,,,13.015815,77.5656483333333
2025-10-17 00:04:28.547,,,,,,,,,,,,0.8,,,,,,,,,,,,,,,,13.015815,77.5656483333333
2025-10-17 00:04:28.598,,0.0,,,,,,,,,,,,,,,,,,,,,,,,,,13.015815,77.5656483333333
2025-10-17 00:04:28.598,,,,,,,,,0.0,,,,,,,,,,,,,,,,,,,13.015815,77.5656483333333
2025-10-17 00:04:28.598,,,,,,,,,,0.0,,,,,,,,,,,,,,,,,,13.015815,77.5656483333333
2025-10-17 00:04:28.598,,,,,,,,,,,,,,,,,,,,,,,,,,0.0,,13.015815,77.5656483333333
2025-10-17 00:04:28.598,,,,,,,,,,,,,,,,,,,,,,,,,,,0.0,13.015815,77.5656483333333
2025-10-17 00:04:28.650,,,,,,,,,,,,,79.0,,,,,,,,,,,,,,,13.015815,77.5656483333333
2025-10-17 00:04:28.713,,,,,,,,,,,820.0,,,,,,,,,,,,,,,,,13.015815,77.5656483333333
2025-10-17 00:04:28.713,,,,,,,,,,,,0.8,,,,,,,,,,,,,,,,13.015815,77.5656483333333
2025-10-17 00:04:28.764,,0.0,,,,,,,,,,,,,,,,,,,,,,,,,,13.015815,77.5656483333333
2025-10-17 00:04:28.764,,,,,,,,,0.0,,,,,,,,,,,,,,,,,,,13.015815,77.5656483333333
2025-10-17 00:04:28.764,,,,,,,,,,0.0,,,,,,,,,,,,,,,,,,13.015815,77.5656483333333
2025-10-17 00:04:28.764,,,,,,,,,,,,,,,,,,,,,,,,,,0.0,,13.015815,77.5656483333333
2025-10-17 00:04:28.764,,,,,,,,,,,,,,,,,,,,,,,,,,,0.0,13.015815,77.5656483333333
2025-10-17 00:04:28.815,,,,,,,,,,,827.0,,,,,,,,,,,,,,,,,13.015815,77.5656483333333
2025-10-17 00:04:28.815,,,,,,,,,,,,0.8,,,,,,,,,,,,,,,,13.015815,77.5656483333333
2025-10-17 00:04:28.867,,0.0,,,,,,,,,,,,,,,,,,,,,,,,,,13.015815,77.5656483333333
2025-10-17 00:04:28.867,,,,,,,,,0.0,,,,,,,,,,,,,,,,,,,13.015815,77.5656483333333
2025-10-17 00:04:28.867,,,,,,,,,,0.0,,,,,,,,,,,,,,,,,,13.015815,77.5656483333333
2025-10-17 00:04:28.867,,,,,,,,,,,,,,,,,,,,,,,,,,0.0,,13.015815,77.5656483333333
2025-10-17 00:04:28.867,,,,,,,,,,,,,,,,,,,,,,,,,,,0.0,13.015815,77.5656483333333
2025-10-17 00:04:28.955,,,,,,,,,,,,,79.0,,,,,,,,,,,,,,,13.015815,77.5656483333333
2025-10-17 00:04:29.031,,,,,,,,,,,827.0,,,,,,,,,,,,,,,,,13.015815,77.5656483333333
2025-10-17 00:04:29.031,,,,,,,,,,,,0.8,,,,,,,,,,,,,,,,13.015815,77.5656483333333
2025-10-17 00:04:29.071,,0.0,,,,,,,,,,,,,,,,,,,,,,,,,,13.015815,77.5656483333333
2025-10-17 00:04:29.071,,,,,,,,,0.0,,,,,,,,,,,,,,,,,,,13.015815,77.5656483333333
2025-10-17 00:04:29.071,,,,,,,,,,0.0,,,,,,,,,,,,,,,,,,13.015815,77.5656483333333
2025-10-17 00:04:29.071,,,,,,,,,,,,,,,,,,,,,,,,,,0.0,,13.015815,77.5656483333333
2025-10-17 00:04:29.071,,,,,,,,,,,,,,,,,,,,,,,,,,,0.0,13.015815,77.5656483333333
2025-10-17 00:04:29.123,,,,,,,,,,,829.0,,,,,,,,,,,,,,,,,13.015815,77.5656483333333
2025-10-17 00:04:29.123,,,,,,,,,,,,0.8,,,,,,,,,,,,,,,,13.015815,77.5656483333333
2025-10-17 00:04:29.175,,0.0,,,,,,,,,,,,,,,,,,,,,,,,,,13.015815,77.5656483333333
2025-10-17 00:04:29.175,,,,,,,,,0.0,,,,,,,,,,,,,,,,,,,13.015815,77.5656483333333
2025-10-17 00:04:29.175,,,,,,,,,,0.0,,,,,,,,,,,,,,,,,,13.015815,77.5656483333333
2025-10-17 00:04:29.175,,,,,,,,,,,,,,,,,,,,,,,,,,0.0,,13.015815,77.5656483333333
2025-10-17 00:04:29.175,,,,,,,,,,,,,,,,,,,,,,,,,,,0.0,13.015815,77.5656483333333
2025-10-17 00:04:29.228,,,,,,,,,,,,,79.0,,,,,,,,,,,,,,,13.015815,77.5656483333333
2025-10-17 00:04:29.281,,,,,,,,,,,824.0,,,,,,,,,,,,,,,,,13.015815,77.5656483333333
2025-10-17 00:04:29.281,,,,,,,,,,,,0.8,,,,,,,,,,,,,,,,13.015815,77.5656483333333
2025-10-17 00:04:29.358,,0.0,,,,,,,,,,,,,,,,,,,,,,,,,,13.015815,77.5656483333333
2025-10-17 00:04:29.358,,,,,,,,,0.0,,,,,,,,,,,,,,,,,,,13.015815,77.5656483333333
2025-10-17 00:04:29.358,,,,,,,,,,0.0,,,,,,,,,,,,,,,,,,13.015815,77.5656483333333
2025-10-17 00:04:29.358,,,,,,,,,,,,,,,,,,,,,,,,,,0.0,,13.015815,77.5656483333333
2025-10-17 00:04:29.358,,,,,,,,,,,,,,,,,,,,,,,,,,,0.0,13.015815,77.5656483333333
2025-10-17 00:04:29.409,,,,,,,,,,,824.0,,,,,,,,,,,,,,,,,13.015815,77.5656483333333
2025-10-17 00:04:29.409,,,,,,,,,,,,0.8,,,,,,,,,,,,,,,,13.015815,77.5656483333333
2025-10-17 00:04:29.463,,0.0,,,,,,,,,,,,,,,,,,,,,,,,,,13.015815,77.5656483333333
2025-10-17 00:04:29.463,,,,,,,,,0.0,,,,,,,,,,,,,,,,,,,13.015815,77.5656483333333
2025-10-17 00:04:29.463,,,,,,,,,,0.0,,,,,,,,,,,,,,,,,,13.015815,77.5656483333333
2025-10-17 00:04:29.463,,,,,,,,,,,,,,,,,,,,,,,,,,0.0,,13.015815,77.5656483333333
2025-10-17 00:04:29.463,,,,,,,,,,,,,,,,,,,,,,,,,,,0.0,13.015815,77.5656483333333
2025-10-17 00:04:29.519,,,,,,,,,,,,,79.0,,,,,,,,,,,,,,,13.015815,77.5656483333333
2025-10-17 00:04:29.572,,,,,,,,,,,826.0,,,,,,,,,,,,,,,,,13.015815,77.5656483333333
2025-10-17 00:04:29.572,,,,,,,,,,,,0.8,,,,,,,,,,,,,,,,13.015815,77.5656483333333
2025-10-17 00:04:29.605,851.2,,,,,,,,,,,,,,,,,,,,,,,,,,,13.0158083333333,77.5656483333333
2025-10-17 00:04:29.619,,0.0,,,,,,,,,,,,,,,,,,,,,,,,,,13.0158083333333,77.5656483333333
2025-10-17 00:04:29.619,,,,,,,,,0.0,,,,,,,,,,,,,,,,,,,13.0158083333333,77.5656483333333
2025-10-17 00:04:29.619,,,,,,,,,,0.0,,,,,,,,,,,,,,,,,,13.0158083333333,77.5656483333333
2025-10-17 00:04:29.619,,,,,,,,,,,,,,,,,,,,,,,,,,0.0,,13.0158083333333,77.5656483333333
2025-10-17 00:04:29.619,,,,,,,,,,,,,,,,,,,,,,,,,,,0.0,13.0158083333333,77.5656483333333
2025-10-17 00:04:29.669,,,,,,,,,,,824.0,,,,,,,,,,,,,,,,,13.0158083333333,77.5656483333333
2025-10-17 00:04:29.669,,,,,,,,,,,,0.8,,,,,,,,,,,,,,,,13.0158083333333,77.5656483333333
2025-10-17 00:04:29.724,,0.0,,,,,,,,,,,,,,,,,,,,,,,,,,13.0158083333333,77.5656483333333
2025-10-17 00:04:29.724,,,,,,,,,0.0,,,,,,,,,,,,,,,,,,,13.0158083333333,77.5656483333333
2025-10-17 00:04:29.724,,,,,,,,,,0.0,,,,,,,,,,,,,,,,,,13.0158083333333,77.5656483333333
2025-10-17 00:04:29.724,,,,,,,,,,,,,,,,,,,,,,,,,,0.0,,13.0158083333333,77.5656483333333
2025-10-17 00:04:29.724,,,,,,,,,,,,,,,,,,,,,,,,,,,0.0,13.0158083333333,77.5656483333333
2025-10-17 00:04:29.770,,,,,,,,,,,,,79.0,,,,,,,,,,,,,,,13.0158083333333,77.5656483333333
2025-10-17 00:04:29.817,,,,,,,,,,,825.0,,,,,,,,,,,,,,,,,13.0158083333333,77.5656483333333
2025-10-17 00:04:29.817,,,,,,,,,,,,0.8,,,,,,,,,,,,,,,,13.0158083333333,77.5656483333333
2025-10-17 00:04:29.866,,0.0,,,,,,,,,,,,,,,,,,,,,,,,,,13.0158083333333,77.5656483333333
2025-10-17 00:04:29.866,,,,,,,,,0.0,,,,,,,,,,,,,,,,,,,13.0158083333333,77.5656483333333
2025-10-17 00:04:29.866,,,,,,,,,,0.0,,,,,,,,,,,,,,,,,,13.0158083333333,77.5656483333333
2025-10-17 00:04:29.866,,,,,,,,,,,,,,,,,,,,,,,,,,0.0,,13.0158083333333,77.5656483333333
2025-10-17 00:04:29.866,,,,,,,,,,,,,,,,,,,,,,,,,,,0.0,13.0158083333333,77.5656483333333
2025-10-17 00:04:29.940,,,,,,,,,,,825.0,,,,,,,,,,,,,,,,,13.0158083333333,77.5656483333333
2025-10-17 00:04:29.940,,,,,,,,,,,,0.8,,,,,,,,,,,,,,,,13.0158083333333,77.5656483333333
2025-10-17 00:04:29.993,,0.0,,,,,,,,,,,,,,,,,,,,,,,,,,13.0158083333333,77.5656483333333
2025-10-17 00:04:29.993,,,,,,,,,0.0,,,,,,,,,,,,,,,,,,,13.0158083333333,77.5656483333333
2025-10-17 00:04:29.993,,,,,,,,,,0.0,,,,,,,,,,,,,,,,,,13.0158083333333,77.5656483333333
2025-10-17 00:04:29.993,,,,,,,,,,,,,,,,,,,,,,,,,,0.0,,13.0158083333333,77.5656483333333
2025-10-17 00:04:29.993,,,,,,,,,,,,,,,,,,,,,,,,,,,0.0,13.0158083333333,77.5656483333333
2025-10-17 00:04:30.054,,,,,,,,,,,,,79.0,,,,,,,,,,,,,,,13.0158083333333,77.5656483333333
2025-10-17 00:04:30.103,,,,,,,,,,,826.0,,,,,,,,,,,,,,,,,13.0158083333333,77.5656483333333
2025-10-17 00:04:30.103,,,,,,,,,,,,0.8,,,,,,,,,,,,,,,,13.0158083333333,77.5656483333333
2025-10-17 00:04:30.154,,0.0,,,,,,,,,,,,,,,,,,,,,,,,,,13.0158083333333,77.5656483333333
2025-10-17 00:04:30.154,,,,,,,,,0.0,,,,,,,,,,,,,,,,,,,13.0158083333333,77.5656483333333
2025-10-17 00:04:30.154,,,,,,,,,,0.0,,,,,,,,,,,,,,,,,,13.0158083333333,77.5656483333333
2025-10-17 00:04:30.154,,,,,,,,,,,,,,,,,,,,,,,,,,0.0,,13.0158083333333,77.5656483333333
2025-10-17 00:04:30.154,,,,,,,,,,,,,,,,,,,,,,,,,,,0.0,13.0158083333333,77.5656483333333
2025-10-17 00:04:30.208,,,,,,,,,,,826.0,,,,,,,,,,,,,,,,,13.0158083333333,77.5656483333333
2025-10-17 00:04:30.208,,,,,,,,,,,,0.8,,,,,,,,,,,,,,,,13.0158083333333,77.5656483333333
2025-10-17 00:04:30.258,,0.0,,,,,,,,,,,,,,,,,,,,,,,,,,13.0158083333333,77.5656483333333
2025-10-17 00:04:30.258,,,,,,,,,0.0,,,,,,,,,,,,,,,,,,,13.0158083333333,77.5656483333333
2025-10-17 00:04:30.258,,,,,,,,,,0.0,,,,,,,,,,,,,,,,,,13.0158083333333,77.5656483333333
2025-10-17 00:04:30.258,,,,,,,,,,,,,,,,,,,,,,,,,,0.0,,13.0158083333333,77.5656483333333
2025-10-17 00:04:30.258,,,,,,,,,,,,,,,,,,,,,,,,,,,0.0,13.0158083333333,77.5656483333333
2025-10-17 00:04:30.320,,,,,,,,,,,,,79.0,,,,,,,,,,,,,,,13.0158083333333,77.5656483333333
2025-10-17 00:04:30.370,,,,,,,,,,,825.0,,,,,,,,,,,,,,,,,13.0158083333333,77.5656483333333
2025-10-17 00:04:30.370,,,,,,,,,,,,0.8,,,,,,,,,,,,,,,,13.0158083333333,77.5656483333333
2025-10-17 00:04:30.435,,0.0,,,,,,,,,,,,,,,,,,,,,,,,,,13.0158083333333,77.5656483333333
2025-10-17 00:04:30.435,,,,,,,,,0.0,,,,,,,,,,,,,,,,,,,13.0158083333333,77.5656483333333
2025-10-17 00:04:30.435,,,,,,,,,,0.0,,,,,,,,,,,,,,,,,,13.0158083333333,77.5656483333333
2025-10-17 00:04:30.435,,,,,,,,,,,,,,,,,,,,,,,,,,0.0,,13.0158083333333,77.5656483333333
2025-10-17 00:04:30.435,,,,,,,,,,,,,,,,,,,,,,,,,,,0.0,13.0158083333333,77.5656483333333
2025-10-17 00:04:30.485,,,,,,,,,,,827.0,,,,,,,,,,,,,,,,,13.0158083333333,77.5656483333333
2025-10-17 00:04:30.485,,,,,,,,,,,,0.8,,,,,,,,,,,,,,,,13.0158083333333,77.5656483333333
2025-10-17 00:04:30.538,,0.0,,,,,,,,,,,,,,,,,,,,,,,,,,13.0158083333333,77.5656483333333
2025-10-17 00:04:30.538,,,,,,,,,0.0,,,,,,,,,,,,,,,,,,,13.0158083333333,77.5656483333333
2025-10-17 00:04:30.538,,,,,,,,,,0.0,,,,,,,,,,,,,,,,,,13.0158083333333,77.5656483333333
2025-10-17 00:04:30.538,,,,,,,,,,,,,,,,,,,,,,,,,,0.0,,13.0158083333333,77.5656483333333
2025-10-17 00:04:30.538,,,,,,,,,,,,,,,,,,,,,,,,,,,0.0,13.0158083333333,77.5656483333333
2025-10-17 00:04:30.590,,,,,,,,,,,,,79.0,,,,,,,,,,,,,,,13.0158083333333,77.5656483333333
2025-10-17 00:04:30.640,,,,,,,,,,,827.0,,,,,,,,,,,,,,,,,13.0158083333333,77.5656483333333
2025-10-17 00:04:30.640,,,,,,,,,,,,0.8,,,,,,,,,,,,,,,,13.0158083333333,77.5656483333333
2025-10-17 00:04:30.689,,0.0,,,,,,,,,,,,,,,,,,,,,,,,,,13.0158083333333,77.5656483333333
2025-10-17 00:04:30.689,,,,,,,,,0.0,,,,,,,,,,,,,,,,,,,13.0158083333333,77.5656483333333
2025-10-17 00:04:30.689,,,,,,,,,,0.0,,,,,,,,,,,,,,,,,,13.0158083333333,77.5656483333333
2025-10-17 00:04:30.689,,,,,,,,,,,,,,,,,,,,,,,,,,0.0,,13.0158083333333,77.5656483333333
2025-10-17 00:04:30.689,,,,,,,,,,,,,,,,,,,,,,,,,,,0.0,13.0158083333333,77.5656483333333
2025-10-17 00:04:30.761,,,,,,,,,,,827.0,,,,,,,,,,,,,,,,,13.0158083333333,77.5656483333333
2025-10-17 00:04:30.761,,,,,,,,,,,,0.8,,,,,,,,,,,,,,,,13.0158083333333,77.5656483333333
2025-10-17 00:04:30.811,,0.0,,,,,,,,,,,,,,,,,,,,,,,,,,13.0158083333333,77.5656483333333
2025-10-17 00:04:30.811,,,,,,,,,0.0,,,,,,,,,,,,,,,,,,,13.0158083333333,77.5656483333333
2025-10-17 00:04:30.811,,,,,,,,,,0.0,,,,,,,,,,,,,,,,,,13.0158083333333,77.5656483333333
2025-10-17 00:04:30.811,,,,,,,,,,,,,,,,,,,,,,,,,,0.0,,13.0158083333333,77.5656483333333
2025-10-17 00:04:30.811,,,,,,,,,,,,,,,,,,,,,,,,,,,0.0,13.0158083333333,77.5656483333333
2025-10-17 00:04:30.854,851.8,,,,,,,,,,,,,,,,,,,,,,,,,,,13.0158,77.5656483333333
2025-10-17 00:04:30.859,,,,,,,,,,,,,79.0,,,,,,,,,,,,,,,13.0158,77.5656483333333
2025-10-17 00:04:30.909,,,,,,,,,,,822.0,,,,,,,,,,,,,,,,,13.0158,77.5656483333333
2025-10-17 00:04:30.909,,,,,,,,,,,,0.8,,,,,,,,,,,,,,,,13.0158,77.5656483333333
2025-10-17 00:04:30.960,,0.0,,,,,,,,,,,,,,,,,,,,,,,,,,13.0158,77.5656483333333
2025-10-17 00:04:30.960,,,,,,,,,0.0,,,,,,,,,,,,,,,,,,,13.0158,77.5656483333333
2025-10-17 00:04:30.960,,,,,,,,,,0.0,,,,,,,,,,,,,,,,,,13.0158,77.5656483333333
2025-10-17 00:04:30.960,,,,,,,,,,,,,,,,,,,,,,,,,,0.0,,13.0158,77.5656483333333
2025-10-17 00:04:30.960,,,,,,,,,,,,,,,,,,,,,,,,,,,0.0,13.0158,77.5656483333333
2025-10-17 00:04:31.009,,,,,,,,,,,825.0,,,,,,,,,,,,,,,,,13.0158,77.5656483333333
2025-10-17 00:04:31.009,,,,,,,,,,,,0.8,,,,,,,,,,,,,,,,13.0158,77.5656483333333
2025-10-17 00:04:31.057,,0.0,,,,,,,,,,,,,,,,,,,,,,,,,,13.0158,77.5656483333333
2025-10-17 00:04:31.057,,,,,,,,,0.0,,,,,,,,,,,,,,,,,,,13.0158,77.5656483333333
2025-10-17 00:04:31.057,,,,,,,,,,0.0,,,,,,,,,,,,,,,,,,13.0158,77.5656483333333
2025-10-17 00:04:31.057,,,,,,,,,,,,,,,,,,,,,,,,,,0.0,,13.0158,77.5656483333333
2025-10-17 00:04:31.057,,,,,,,,,,,,,,,,,,,,,,,,,,,0.0,13.0158,77.5656483333333
2025-10-17 00:04:31.134,,,,,,,,,,,,,79.0,,,,,,,,,,,,,,,13.0158,77.5656483333333
2025-10-17 00:04:31.187,,,,,,,,,,,825.0,,,,,,,,,,,,,,,,,13.0158,77.5656483333333
2025-10-17 00:04:31.187,,,,,,,,,,,,0.8,,,,,,,,,,,,,,,,13.0158,77.5656483333333
2025-10-17 00:04:31.253,,0.0,,,,,,,,,,,,,,,,,,,,,,,,,,13.0158,77.5656483333333
2025-10-17 00:04:31.253,,,,,,,,,0.0,,,,,,,,,,,,,,,,,,,13.0158,77.5656483333333
2025-10-17 00:04:31.253,,,,,,,,,,0.0,,,,,,,,,,,,,,,,,,13.0158,77.5656483333333
2025-10-17 00:04:31.253,,,,,,,,,,,,,,,,,,,,,,,,,,0.0,,13.0158,77.5656483333333
2025-10-17 00:04:31.253,,,,,,,,,,,,,,,,,,,,,,,,,,,0.0,13.0158,77.5656483333333
2025-10-17 00:04:31.308,,,,,,,,,,,825.0,,,,,,,,,,,,,,,,,13.0158,77.5656483333333
2025-10-17 00:04:31.308,,,,,,,,,,,,0.8,,,,,,,,,,,,,,,,13.0158,77.5656483333333
2025-10-17 00:04:31.359,,0.0,,,,,,,,,,,,,,,,,,,,,,,,,,13.0158,77.5656483333333
2025-10-17 00:04:31.359,,,,,,,,,0.0,,,,,,,,,,,,,,,,,,,13.0158,77.5656483333333
2025-10-17 00:04:31.359,,,,,,,,,,0.0,,,,,,,,,,,,,,,,,,13.0158,77.5656483333333
2025-10-17 00:04:31.359,,,,,,,,,,,,,,,,,,,,,,,,,,0.0,,13.0158,77.5656483333333
2025-10-17 00:04:31.359,,,,,,,,,,,,,,,,,,,,,,,,,,,0.0,13.0158,77.5656483333333
2025-10-17 00:04:31.411,,,,,,,,,,,,,79.0,,,,,,,,,,,,,,,13.0158,77.5656483333333
2025-10-17 00:04:31.460,,,,,,,,,,,826.0,,,,,,,,,,,,,,,,,13.0158,77.5656483333333
2025-10-17 00:04:31.460,,,,,,,,,,,,0.8,,,,,,,,,,,,,,,,13.0158,77.5656483333333
2025-10-17 00:04:31.511,,0.0,,,,,,,,,,,,,,,,,,,,,,,,,,13.0158,77.5656483333333
2025-10-17 00:04:31.511,,,,,,,,,0.0,,,,,,,,,,,,,,,,,,,13.0158,77.5656483333333
2025-10-17 00:04:31.511,,,,,,,,,,0.0,,,,,,,,,,,,,,,,,,13.0158,77.5656483333333
2025-10-17 00:04:31.511,,,,,,,,,,,,,,,,,,,,,,,,,,0.0,,13.0158,77.5656483333333
2025-10-17 00:04:31.511,,,,,,,,,,,,,,,,,,,,,,,,,,,0.0,13.0158,77.5656483333333
2025-10-17 00:04:31.563,,,,,,,,,,,826.0,,,,,,,,,,,,,,,,,13.0158,77.5656483333333
2025-10-17 00:04:31.563,,,,,,,,,,,,0.8,,,,,,,,,,,,,,,,13.0158,77.5656483333333
2025-10-17 00:04:31.659,,0.0,,,,,,,,,,,,,,,,,,,,,,,,,,13.0158,77.5656483333333
2025-10-17 00:04:31.659,,,,,,,,,0.0,,,,,,,,,,,,,,,,,,,13.0158,77.5656483333333
2025-10-17 00:04:31.659,,,,,,,,,,0.0,,,,,,,,,,,,,,,,,,13.0158,77.5656483333333
2025-10-17 00:04:31.659,,,,,,,,,,,,,,,,,,,,,,,,,,0.0,,13.0158,77.5656483333333
2025-10-17 00:04:31.659,,,,,,,,,,,,,,,,,,,,,,,,,,,0.0,13.0158,77.5656483333333
2025-10-17 00:04:31.711,,,,,,,,,,,,,79.0,,,,,,,,,,,,,,,13.0158,77.5656483333333
2025-10-17 00:04:31.769,,,,,,,,,,,827.0,,,,,,,,,,,,,,,,,13.0158,77.5656483333333
2025-10-17 00:04:31.769,,,,,,,,,,,,0.8,,,,,,,,,,,,,,,,13.0158,77.5656483333333
2025-10-17 00:04:31.817,,0.0,,,,,,,,,,,,,,,,,,,,,,,,,,13.0158,77.5656483333333
2025-10-17 00:04:31.817,,,,,,,,,0.0,,,,,,,,,,,,,,,,,,,13.0158,77.5656483333333
2025-10-17 00:04:31.817,,,,,,,,,,0.0,,,,,,,,,,,,,,,,,,13.0158,77.5656483333333
2025-10-17 00:04:31.817,,,,,,,,,,,,,,,,,,,,,,,,,,0.0,,13.0158,77.5656483333333
2025-10-17 00:04:31.817,,,,,,,,,,,,,,,,,,,,,,,,,,,0.0,13.0158,77.5656483333333
2025-10-17 00:04:31.870,,,,,,,,,,,823.0,,,,,,,,,,,,,,,,,13.0158,77.5656483333333
2025-10-17 00:04:31.870,,,,,,,,,,,,0.8,,,,,,,,,,,,,,,,13.0158,77.5656483333333
2025-10-17 00:04:31.935,,0.0,,,,,,,,,,,,,,,,,,,,,,,,,,13.0158,77.5656483333333
2025-10-17 00:04:31.935,,,,,,,,,0.0,,,,,,,,,,,,,,,,,,,13.0158,77.5656483333333
2025-10-17 00:04:31.935,,,,,,,,,,0.0,,,,,,,,,,,,,,,,,,13.0158,77.5656483333333
2025-10-17 00:04:31.935,,,,,,,,,,,,,,,,,,,,,,,,,,0.0,,13.0158,77.5656483333333
2025-10-17 00:04:31.935,,,,,,,,,,,,,,,,,,,,,,,,,,,0.0,13.0158,77.5656483333333
2025-10-17 00:04:31.987,,,,,,,,,,,,,79.0,,,,,,,,,,,,,,,13.0158,77.5656483333333
2025-10-17 00:04:32.048,,,,,,,,,,,826.0,,,,,,,,,,,,,,,,,13.0158,77.5656483333333
2025-10-17 00:04:32.048,,,,,,,,,,,,0.8,,,,,,,,,,,,,,,,13.0158,77.5656483333333
2025-10-17 00:04:32.098,,0.0,,,,,,,,,,,,,,,,,,,,,,,,,,13.0158,77.5656483333333
2025-10-17 00:04:32.098,,,,,,,,,0.0,,,,,,,,,,,,,,,,,,,13.0158,77.5656483333333
2025-10-17 00:04:32.098,,,,,,,,,,0.0,,,,,,,,,,,,,,,,,,13.0158,77.5656483333333
2025-10-17 00:04:32.098,,,,,,,,,,,,,,,,,,,,,,,,,,0.0,,13.0158,77.5656483333333
2025-10-17 00:04:32.098,,,,,,,,,,,,,,,,,,,,,,,,,,,0.0,13.0158,77.5656483333333
2025-10-17 00:04:32.161,,,,,,,,,,,826.0,,,,,,,,,,,,,,,,,13.0158,77.5656483333333
2025-10-17 00:04:32.161,,,,,,,,,,,,0.8,,,,,,,,,,,,,,,,13.0158,77.5656483333333
2025-10-17 00:04:32.211,,0.0,,,,,,,,,,,,,,,,,,,,,,,,,,13.0158,77.5656483333333
2025-10-17 00:04:32.211,,,,,,,,,0.0,,,,,,,,,,,,,,,,,,,13.0158,77.5656483333333
2025-10-17 00:04:32.211,,,,,,,,,,0.0,,,,,,,,,,,,,,,,,,13.0158,77.5656483333333
2025-10-17 00:04:32.211,,,,,,,,,,,,,,,,,,,,,,,,,,0.0,,13.0158,77.5656483333333
2025-10-17 00:04:32.211,,,,,,,,,,,,,,,,,,,,,,,,,,,0.0,13.0158,77.5656483333333
2025-10-17 00:04:32.261,,,,,,,,,,,,,79.0,,,,,,,,,,,,,,,13.0158,77.5656483333333
2025-10-17 00:04:32.311,,,,,,,,,,,827.0,,,,,,,,,,,,,,,,,13.0158,77.5656483333333
2025-10-17 00:04:32.311,,,,,,,,,,,,0.8,,,,,,,,,,,,,,,,13.0158,77.5656483333333
2025-10-17 00:04:32.394,,0.0,,,,,,,,,,,,,,,,,,,,,,,,,,13.0158,77.5656483333333
2025-10-17 00:04:32.394,,,,,,,,,0.0,,,,,,,,,,,,,,,,,,,13.0158,77.5656483333333
2025-10-17 00:04:32.394,,,,,,,,,,0.0,,,,,,,,,,,,,,,,,,13.0158,77.5656483333333
2025-10-17 00:04:32.394,,,,,,,,,,,,,,,,,,,,,,,,,,0.0,,13.0158,77.5656483333333
2025-10-17 00:04:32.394,,,,,,,,,,,,,,,,,,,,,,,,,,,0.0,13.0158,77.5656483333333
2025-10-17 00:04:32.448,,,,,,,,,,,824.0,,,,,,,,,,,,,,,,,13.0158,77.5656483333333
2025-10-17 00:04:32.448,,,,,,,,,,,,0.8,,,,,,,,,,,,,,,,13.0158,77.5656483333333
2025-10-17 00:04:32.499,,0.0,,,,,,,,,,,,,,,,,,,,,,,,,,13.0158,77.5656483333333
2025-10-17 00:04:32.499,,,,,,,,,0.0,,,,,,,,,,,,,,,,,,,13.0158,77.5656483333333
2025-10-17 00:04:32.499,,,,,,,,,,0.0,,,,,,,,,,,,,,,,,,13.0158,77.5656483333333
2025-10-17 00:04:32.499,,,,,,,,,,,,,,,,,,,,,,,,,,0.0,,13.0158,77.5656483333333
2025-10-17 00:04:32.499,,,,,,,,,,,,,,,,,,,,,,,,,,,0.0,13.0158,77.5656483333333
2025-10-17 00:04:32.550,,,,,,,,,,,,,79.0,,,,,,,,,,,,,,,13.0158,77.5656483333333
2025-10-17 00:04:32.598,,,,,,,,,,,824.0,,,,,,,,,,,,,,,,,13.0158,77.5656483333333
2025-10-17 00:04:32.598,,,,,,,,,,,,0.8,,,,,,,,,,,,,,,,13.0158,77.5656483333333
2025-10-17 00:04:32.646,,0.0,,,,,,,,,,,,,,,,,,,,,,,,,,13.0158,77.5656483333333
2025-10-17 00:04:32.646,,,,,,,,,0.0,,,,,,,,,,,,,,,,,,,13.0158,77.5656483333333
2025-10-17 00:04:32.646,,,,,,,,,,0.0,,,,,,,,,,,,,,,,,,13.0158,77.5656483333333
2025-10-17 00:04:32.646,,,,,,,,,,,,,,,,,,,,,,,,,,0.0,,13.0158,77.5656483333333
2025-10-17 00:04:32.646,,,,,,,,,,,,,,,,,,,,,,,,,,,0.0,13.0158,77.5656483333333
2025-10-17 00:04:32.701,,,,,,,,,,,823.0,,,,,,,,,,,,,,,,,13.0158,77.5656483333333
2025-10-17 00:04:32.701,,,,,,,,,,,,0.8,,,,,,,,,,,,,,,,13.0158,77.5656483333333
2025-10-17 00:04:32.751,,0.0,,,,,,,,,,,,,,,,,,,,,,,,,,13.0158,77.5656483333333
2025-10-17 00:04:32.751,,,,,,,,,0.0,,,,,,,,,,,,,,,,,,,13.0158,77.5656483333333
2025-10-17 00:04:32.751,,,,,,,,,,0.0,,,,,,,,,,,,,,,,,,13.0158,77.5656483333333
2025-10-17 00:04:32.751,,,,,,,,,,,,,,,,,,,,,,,,,,0.0,,13.0158,77.5656483333333
2025-10-17 00:04:32.751,,,,,,,,,,,,,,,,,,,,,,,,,,,0.0,13.0158,77.5656483333333
2025-10-17 00:04:32.803,,,,,,,,,,,,,79.0,,,,,,,,,,,,,,,13.0158,77.5656483333333
2025-10-17 00:04:32.855,,,,,,,,,,,825.0,,,,,,,,,,,,,,,,,13.0158,77.5656483333333
2025-10-17 00:04:32.855,,,,,,,,,,,,0.8,,,,,,,,,,,,,,,,13.0158,77.5656483333333
2025-10-17 00:04:32.942,,0.0,,,,,,,,,,,,,,,,,,,,,,,,,,13.0158,77.5656483333333
2025-10-17 00:04:32.942,,,,,,,,,0.0,,,,,,,,,,,,,,,,,,,13.0158,77.5656483333333
2025-10-17 00:04:32.942,,,,,,,,,,0.0,,,,,,,,,,,,,,,,,,13.0158,77.5656483333333
2025-10-17 00:04:32.942,,,,,,,,,,,,,,,,,,,,,,,,,,0.0,,13.0158,77.5656483333333
2025-10-17 00:04:32.942,,,,,,,,,,,,,,,,,,,,,,,,,,,0.0,13.0158,77.5656483333333
2025-10-17 00:04:32.991,,,,,,,,,,,825.0,,,,,,,,,,,,,,,,,13.0158,77.5656483333333
2025-10-17 00:04:32.991,,,,,,,,,,,,0.8,,,,,,,,,,,,,,,,13.0158,77.5656483333333
2025-10-17 00:04:33.075,,0.0,,,,,,,,,,,,,,,,,,,,,,,,,,13.0158,77.5656483333333
2025-10-17 00:04:33.075,,,,,,,,,0.0,,,,,,,,,,,,,,,,,,,13.0158,77.5656483333333
2025-10-17 00:04:33.075,,,,,,,,,,0.0,,,,,,,,,,,,,,,,,,13.0158,77.5656483333333
2025-10-17 00:04:33.075,,,,,,,,,,,,,,,,,,,,,,,,,,0.0,,13.0158,77.5656483333333
2025-10-17 00:04:33.075,,,,,,,,,,,,,,,,,,,,,,,,,,,0.0,13.0158,77.5656483333333
2025-10-17 00:04:33.111,852.2,,,,,,,,,,,,,,,,,,,,,,,,,,,13.0157916666667,77.56566
2025-10-17 00:04:33.127,,,,,,,,,,,,,79.0,,,,,,,,,,,,,,,13.0157916666667,77.56566
2025-10-17 00:04:33.214,,,,,,,,,,,826.0,,,,,,,,,,,,,,,,,13.0157916666667,77.56566
2025-10-17 00:04:33.214,,,,,,,,,,,,0.8,,,,,,,,,,,,,,,,13.0157916666667,77.56566
2025-10-17 00:04:33.263,,0.0,,,,,,,,,,,,,,,,,,,,,,,,,,13.0157916666667,77.56566
2025-10-17 00:04:33.263,,,,,,,,,0.0,,,,,,,,,,,,,,,,,,,13.0157916666667,77.56566
2025-10-17 00:04:33.263,,,,,,,,,,0.0,,,,,,,,,,,,,,,,,,13.0157916666667,77.56566
2025-10-17 00:04:33.263,,,,,,,,,,,,,,,,,,,,,,,,,,0.0,,13.0157916666667,77.56566
2025-10-17 00:04:33.263,,,,,,,,,,,,,,,,,,,,,,,,,,,0.0,13.0157916666667,77.56566
2025-10-17 00:04:33.336,,,,,,,,,,,827.0,,,,,,,,,,,,,,,,,13.0157916666667,77.56566
2025-10-17 00:04:33.336,,,,,,,,,,,,0.8,,,,,,,,,,,,,,,,13.0157916666667,77.56566
2025-10-17 00:04:33.422,,0.0,,,,,,,,,,,,,,,,,,,,,,,,,,13.0157916666667,77.56566
2025-10-17 00:04:33.422,,,,,,,,,0.0,,,,,,,,,,,,,,,,,,,13.0157916666667,77.56566
2025-10-17 00:04:33.422,,,,,,,,,,0.0,,,,,,,,,,,,,,,,,,13.0157916666667,77.56566
2025-10-17 00:04:33.422,,,,,,,,,,,,,,,,,,,,,,,,,,0.0,,13.0157916666667,77.56566
2025-10-17 00:04:33.422,,,,,,,,,,,,,,,,,,,,,,,,,,,0.0,13.0157916666667,77.56566
2025-10-17 00:04:33.472,,,,,,,,,,,,,79.0,,,,,,,,,,,,,,,13.0157916666667,77.56566
2025-10-17 00:04:33.523,,,,,,,,,,,822.0,,,,,,,,,,,,,,,,,13.0157916666667,77.56566
2025-10-17 00:04:33.523,,,,,,,,,,,,0.8,,,,,,,,,,,,,,,,13.0157916666667,77.56566
2025-10-17 00:04:33.582,,0.0,,,,,,,,,,,,,,,,,,,,,,,,,,13.0157916666667,77.56566
2025-10-17 00:04:33.582,,,,,,,,,0.0,,,,,,,,,,,,,,,,,,,13.0157916666667,77.56566
2025-10-17 00:04:33.582,,,,,,,,,,0.0,,,,,,,,,,,,,,,,,,13.0157916666667,77.56566
2025-10-17 00:04:33.582,,,,,,,,,,,,,,,,,,,,,,,,,,0.0,,13.0157916666667,77.56566
2025-10-17 00:04:33.582,,,,,,,,,,,,,,,,,,,,,,,,,,,0.0,13.0157916666667,77.56566
2025-10-17 00:04:33.629,,,,,,,,,,,825.0,,,,,,,,,,,,,,,,,13.0157916666667,77.56566
2025-10-17 00:04:33.629,,,,,,,,,,,,0.8,,,,,,,,,,,,,,,,13.0157916666667,77.56566
2025-10-17 00:04:33.665,,0.0,,,,,,,,,,,,,,,,,,,,,,,,,,13.0157916666667,77.56566
2025-10-17 00:04:33.665,,,,,,,,,0.0,,,,,,,,,,,,,,,,,,,13.0157916666667,77.56566
2025-10-17 00:04:33.665,,,,,,,,,,0.0,,,,,,,,,,,,,,,,,,13.0157916666667,77.56566
2025-10-17 00:04:33.665,,,,,,,,,,,,,,,,,,,,,,,,,,0.0,,13.0157916666667,77.56566
2025-10-17 00:04:33.665,,,,,,,,,,,,,,,,,,,,,,,,,,,0.0,13.0157916666667,77.56566
2025-10-17 00:04:33.711,,,,,,,,,,,,,79.0,,,,,,,,,,,,,,,13.0157916666667,77.56566
2025-10-17 00:04:33.763,,,,,,,,,,,825.0,,,,,,,,,,,,,,,,,13.0157916666667,77.56566
2025-10-17 00:04:33.763,,,,,,,,,,,,0.8,,,,,,,,,,,,,,,,13.0157916666667,77.56566
2025-10-17 00:04:33.814,,0.0,,,,,,,,,,,,,,,,,,,,,,,,,,13.0157916666667,77.56566
2025-10-17 00:04:33.814,,,,,,,,,0.0,,,,,,,,,,,,,,,,,,,13.0157916666667,77.56566
2025-10-17 00:04:33.814,,,,,,,,,,0.0,,,,,,,,,,,,,,,,,,13.0157916666667,77.56566
2025-10-17 00:04:33.814,,,,,,,,,,,,,,,,,,,,,,,,,,0.0,,13.0157916666667,77.56566
2025-10-17 00:04:33.814,,,,,,,,,,,,,,,,,,,,,,,,,,,0.0,13.0157916666667,77.56566
2025-10-17 00:04:33.862,,,,,,,,,,,829.0,,,,,,,,,,,,,,,,,13.0157916666667,77.56566
2025-10-17 00:04:33.862,,,,,,,,,,,,0.8,,,,,,,,,,,,,,,,13.0157916666667,77.56566
2025-10-17 00:04:33.913,,0.0,,,,,,,,,,,,,,,,,,,,,,,,,,13.0157916666667,77.56566
2025-10-17 00:04:33.913,,,,,,,,,0.0,,,,,,,,,,,,,,,,,,,13.0157916666667,77.56566
2025-10-17 00:04:33.913,,,,,,,,,,0.0,,,,,,,,,,,,,,,,,,13.0157916666667,77.56566
2025-10-17 00:04:33.913,,,,,,,,,,,,,,,,,,,,,,,,,,0.0,,13.0157916666667,77.56566
2025-10-17 00:04:33.913,,,,,,,,,,,,,,,,,,,,,,,,,,,0.0,13.0157916666667,77.56566
2025-10-17 00:04:33.962,,,,,,,,,,,,,79.0,,,,,,,,,,,,,,,13.0157916666667,77.56566
2025-10-17 00:04:34.009,,,,,,,,,,,826.0,,,,,,,,,,,,,,,,,13.0157916666667,77.56566
2025-10-17 00:04:34.009,,,,,,,,,,,,0.8,,,,,,,,,,,,,,,,13.0157916666667,77.56566
2025-10-17 00:04:34.067,,0.0,,,,,,,,,,,,,,,,,,,,,,,,,,13.0157916666667,77.56566
2025-10-17 00:04:34.067,,,,,,,,,0.0,,,,,,,,,,,,,,,,,,,13.0157916666667,77.56566
2025-10-17 00:04:34.067,,,,,,,,,,0.0,,,,,,,,,,,,,,,,,,13.0157916666667,77.56566
2025-10-17 00:04:34.067,,,,,,,,,,,,,,,,,,,,,,,,,,0.0,,13.0157916666667,77.56566
2025-10-17 00:04:34.067,,,,,,,,,,,,,,,,,,,,,,,,,,,0.0,13.0157916666667,77.56566
2025-10-17 00:04:34.112,,,,,,,,,,,826.0,,,,,,,,,,,,,,,,,13.0157916666667,77.56566
2025-10-17 00:04:34.112,,,,,,,,,,,,0.8,,,,,,,,,,,,,,,,13.0157916666667,77.56566
2025-10-17 00:04:34.168,,0.0,,,,,,,,,,,,,,,,,,,,,,,,,,13.0157916666667,77.56566
2025-10-17 00:04:34.168,,,,,,,,,0.0,,,,,,,,,,,,,,,,,,,13.0157916666667,77.56566
2025-10-17 00:04:34.168,,,,,,,,,,0.0,,,,,,,,,,,,,,,,,,13.0157916666667,77.56566
2025-10-17 00:04:34.168,,,,,,,,,,,,,,,,,,,,,,,,,,0.0,,13.0157916666667,77.56566
2025-10-17 00:04:34.168,,,,,,,,,,,,,,,,,,,,,,,,,,,0.0,13.0157916666667,77.56566
2025-10-17 00:04:34.215,,,,,,,,,,,,,79.0,,,,,,,,,,,,,,,13.0157916666667,77.56566
2025-10-17 00:04:34.271,,,,,,,,,,,825.0,,,,,,,,,,,,,,,,,13.0157916666667,77.56566
2025-10-17 00:04:34.271,,,,,,,,,,,,0.8,,,,,,,,,,,,,,,,13.0157916666667,77.56566
2025-10-17 00:04:34.315,,0.0,,,,,,,,,,,,,,,,,,,,,,,,,,13.0157916666667,77.56566
2025-10-17 00:04:34.315,,,,,,,,,0.0,,,,,,,,,,,,,,,,,,,13.0157916666667,77.56566
2025-10-17 00:04:34.315,,,,,,,,,,0.0,,,,,,,,,,,,,,,,,,13.0157916666667,77.56566
2025-10-17 00:04:34.315,,,,,,,,,,,,,,,,,,,,,,,,,,0.0,,13.0157916666667,77.56566
2025-10-17 00:04:34.315,,,,,,,,,,,,,,,,,,,,,,,,,,,0.0,13.0157916666667,77.56566
2025-10-17 00:04:34.369,,,,,,,,,,,825.0,,,,,,,,,,,,,,,,,13.0157916666667,77.56566
2025-10-17 00:04:34.369,,,,,,,,,,,,0.8,,,,,,,,,,,,,,,,13.0157916666667,77.56566
2025-10-17 00:04:34.413,,0.0,,,,,,,,,,,,,,,,,,,,,,,,,,13.0157916666667,77.56566
2025-10-17 00:04:34.413,,,,,,,,,0.0,,,,,,,,,,,,,,,,,,,13.0157916666667,77.56566
2025-10-17 00:04:34.413,,,,,,,,,,0.0,,,,,,,,,,,,,,,,,,13.0157916666667,77.56566
2025-10-17 00:04:34.413,,,,,,,,,,,,,,,,,,,,,,,,,,0.0,,13.0157916666667,77.56566
2025-10-17 00:04:34.413,,,,,,,,,,,,,,,,,,,,,,,,,,,0.0,13.0157916666667,77.56566
2025-10-17 00:04:34.468,,,,,,,,,,,,,79.0,,,,,,,,,,,,,,,13.0157916666667,77.56566
2025-10-17 00:04:34.513,,,,,,,,,,,823.0,,,,,,,,,,,,,,,,,13.0157916666667,77.56566
2025-10-17 00:04:34.513,,,,,,,,,,,,0.8,,,,,,,,,,,,,,,,13.0157916666667,77.56566
2025-10-17 00:04:34.569,,0.0,,,,,,,,,,,,,,,,,,,,,,,,,,13.0157916666667,77.56566
2025-10-17 00:04:34.569,,,,,,,,,0.0,,,,,,,,,,,,,,,,,,,13.0157916666667,77.56566
2025-10-17 00:04:34.569,,,,,,,,,,0.0,,,,,,,,,,,,,,,,,,13.0157916666667,77.56566
2025-10-17 00:04:34.569,,,,,,,,,,,,,,,,,,,,,,,,,,0.0,,13.0157916666667,77.56566
2025-10-17 00:04:34.569,,,,,,,,,,,,,,,,,,,,,,,,,,,0.0,13.0157916666667,77.56566
2025-10-17 00:04:34.634,,,,,,,,,,,826.0,,,,,,,,,,,,,,,,,13.0157916666667,77.56566
2025-10-17 00:04:34.634,,,,,,,,,,,,0.8,,,,,,,,,,,,,,,,13.0157916666667,77.56566
2025-10-17 00:04:34.678,,0.0,,,,,,,,,,,,,,,,,,,,,,,,,,13.0157916666667,77.56566
2025-10-17 00:04:34.678,,,,,,,,,0.0,,,,,,,,,,,,,,,,,,,13.0157916666667,77.56566
2025-10-17 00:04:34.678,,,,,,,,,,0.0,,,,,,,,,,,,,,,,,,13.0157916666667,77.56566
2025-10-17 00:04:34.678,,,,,,,,,,,,,,,,,,,,,,,,,,0.0,,13.0157916666667,77.56566
2025-10-17 00:04:34.678,,,,,,,,,,,,,,,,,,,,,,,,,,,0.0,13.0157916666667,77.56566
2025-10-17 00:04:34.774,,,,,,,,,,,,,79.0,,,,,,,,,,,,,,,13.0157916666667,77.56566
2025-10-17 00:04:34.840,,,,,,,,,,,825.0,,,,,,,,,,,,,,,,,13.0157916666667,77.56566
2025-10-17 00:04:34.840,,,,,,,,,,,,0.8,,,,,,,,,,,,,,,,13.0157916666667,77.56566
2025-10-17 00:04:34.864,852.0,,,,,,,,,,,,,,,,,,,,,,,,,,,13.01578,77.5656783333333
2025-10-17 00:04:34.885,,0.0,,,,,,,,,,,,,,,,,,,,,,,,,,13.01578,77.5656783333333
2025-10-17 00:04:34.885,,,,,,,,,0.0,,,,,,,,,,,,,,,,,,,13.01578,77.5656783333333
2025-10-17 00:04:34.885,,,,,,,,,,0.0,,,,,,,,,,,,,,,,,,13.01578,77.5656783333333
2025-10-17 00:04:34.885,,,,,,,,,,,,,,,,,,,,,,,,,,0.0,,13.01578,77.5656783333333
2025-10-17 00:04:34.885,,,,,,,,,,,,,,,,,,,,,,,,,,,0.0,13.01578,77.5656783333333
2025-10-17 00:04:34.931,,,,,,,,,,,825.0,,,,,,,,,,,,,,,,,13.01578,77.5656783333333
2025-10-17 00:04:34.931,,,,,,,,,,,,0.8,,,,,,,,,,,,,,,,13.01578,77.5656783333333
2025-10-17 00:04:34.976,,0.0,,,,,,,,,,,,,,,,,,,,,,,,,,13.01578,77.5656783333333
2025-10-17 00:04:34.976,,,,,,,,,0.0,,,,,,,,,,,,,,,,,,,13.01578,77.5656783333333
2025-10-17 00:04:34.976,,,,,,,,,,0.0,,,,,,,,,,,,,,,,,,13.01578,77.5656783333333
2025-10-17 00:04:34.976,,,,,,,,,,,,,,,,,,,,,,,,,,0.0,,13.01578,77.5656783333333
2025-10-17 00:04:34.976,,,,,,,,,,,,,,,,,,,,,,,,,,,0.0,13.01578,77.5656783333333
2025-10-17 00:04:35.023,,,,,,,,,,,,,79.0,,,,,,,,,,,,,,,13.01578,77.5656783333333
2025-10-17 00:04:35.078,,,,,,,,,,,823.0,,,,,,,,,,,,,,,,,13.01578,77.5656783333333
2025-10-17 00:04:35.078,,,,,,,,,,,,0.8,,,,,,,,,,,,,,,,13.01578,77.5656783333333
2025-10-17 00:04:35.125,,0.0,,,,,,,,,,,,,,,,,,,,,,,,,,13.01578,77.5656783333333
2025-10-17 00:04:35.125,,,,,,,,,0.0,,,,,,,,,,,,,,,,,,,13.01578,77.5656783333333
2025-10-17 00:04:35.125,,,,,,,,,,0.0,,,,,,,,,,,,,,,,,,13.01578,77.5656783333333
2025-10-17 00:04:35.125,,,,,,,,,,,,,,,,,,,,,,,,,,0.0,,13.01578,77.5656783333333
2025-10-17 00:04:35.125,,,,,,,,,,,,,,,,,,,,,,,,,,,0.0,13.01578,77.5656783333333
2025-10-17 00:04:35.187,,,,,,,,,,,823.0,,,,,,,,,,,,,,,,,13.01578,77.5656783333333
2025-10-17 00:04:35.187,,,,,,,,,,,,0.8,,,,,,,,,,,,,,,,13.01578,77.5656783333333
2025-10-17 00:04:35.237,,0.0,,,,,,,,,,,,,,,,,,,,,,,,,,13.01578,77.5656783333333
2025-10-17 00:04:35.237,,,,,,,,,0.0,,,,,,,,,,,,,,,,,,,13.01578,77.5656783333333
2025-10-17 00:04:35.237,,,,,,,,,,0.0,,,,,,,,,,,,,,,,,,13.01578,77.5656783333333
2025-10-17 00:04:35.237,,,,,,,,,,,,,,,,,,,,,,,,,,0.0,,13.01578,77.5656783333333
2025-10-17 00:04:35.237,,,,,,,,,,,,,,,,,,,,,,,,,,,0.0,13.01578,77.5656783333333
2025-10-17 00:04:35.286,,,,,,,,,,,,,79.0,,,,,,,,,,,,,,,13.01578,77.5656783333333
2025-10-17 00:04:35.336,,,,,,,,,,,824.0,,,,,,,,,,,,,,,,,13.01578,77.5656783333333
2025-10-17 00:04:35.336,,,,,,,,,,,,0.8,,,,,,,,,,,,,,,,13.01578,77.5656783333333
2025-10-17 00:04:35.387,,0.0,,,,,,,,,,,,,,,,,,,,,,,,,,13.01578,77.5656783333333
2025-10-17 00:04:35.387,,,,,,,,,0.0,,,,,,,,,,,,,,,,,,,13.01578,77.5656783333333
2025-10-17 00:04:35.387,,,,,,,,,,0.0,,,,,,,,,,,,,,,,,,13.01578,77.5656783333333
2025-10-17 00:04:35.387,,,,,,,,,,,,,,,,,,,,,,,,,,0.0,,13.01578,77.5656783333333
2025-10-17 00:04:35.387,,,,,,,,,,,,,,,,,,,,,,,,,,,0.0,13.01578,77.5656783333333
2025-10-17 00:04:35.435,,,,,,,,,,,825.0,,,,,,,,,,,,,,,,,13.01578,77.5656783333333
2025-10-17 00:04:35.435,,,,,,,,,,,,0.8,,,,,,,,,,,,,,,,13.01578,77.5656783333333
2025-10-17 00:04:35.490,,0.0,,,,,,,,,,,,,,,,,,,,,,,,,,13.01578,77.5656783333333
2025-10-17 00:04:35.490,,,,,,,,,0.0,,,,,,,,,,,,,,,,,,,13.01578,77.5656783333333
2025-10-17 00:04:35.490,,,,,,,,,,0.0,,,,,,,,,,,,,,,,,,13.01578,77.5656783333333
2025-10-17 00:04:35.490,,,,,,,,,,,,,,,,,,,,,,,,,,0.0,,13.01578,77.5656783333333
2025-10-17 00:04:35.490,,,,,,,,,,,,,,,,,,,,,,,,,,,0.0,13.01578,77.5656783333333
2025-10-17 00:04:35.539,,,,,,,,,,,,,79.0,,,,,,,,,,,,,,,13.01578,77.5656783333333
2025-10-17 00:04:35.597,,,,,,,,,,,825.0,,,,,,,,,,,,,,,,,13.01578,77.5656783333333
2025-10-17 00:04:35.597,,,,,,,,,,,,0.8,,,,,,,,,,,,,,,,13.01578,77.5656783333333
2025-10-17 00:04:35.646,,0.0,,,,,,,,,,,,,,,,,,,,,,,,,,13.01578,77.5656783333333
2025-10-17 00:04:35.646,,,,,,,,,0.0,,,,,,,,,,,,,,,,,,,13.01578,77.5656783333333
2025-10-17 00:04:35.646,,,,,,,,,,0.0,,,,,,,,,,,,,,,,,,13.01578,77.5656783333333
2025-10-17 00:04:35.646,,,,,,,,,,,,,,,,,,,,,,,,,,0.0,,13.01578,77.5656783333333
2025-10-17 00:04:35.646,,,,,,,,,,,,,,,,,,,,,,,,,,,0.0,13.01578,77.5656783333333
2025-10-17 00:04:35.695,,,,,,,,,,,826.0,,,,,,,,,,,,,,,,,13.01578,77.5656783333333
2025-10-17 00:04:35.695,,,,,,,,,,,,0.8,,,,,,,,,,,,,,,,13.01578,77.5656783333333
2025-10-17 00:04:35.743,,0.0,,,,,,,,,,,,,,,,,,,,,,,,,,13.01578,77.5656783333333
2025-10-17 00:04:35.743,,,,,,,,,0.0,,,,,,,,,,,,,,,,,,,13.01578,77.5656783333333
2025-10-17 00:04:35.743,,,,,,,,,,0.0,,,,,,,,,,,,,,,,,,13.01578,77.5656783333333
2025-10-17 00:04:35.743,,,,,,,,,,,,,,,,,,,,,,,,,,0.0,,13.01578,77.5656783333333
2025-10-17 00:04:35.743,,,,,,,,,,,,,,,,,,,,,,,,,,,0.0,13.01578,77.5656783333333
2025-10-17 00:04:35.781,,,,,,,,,,,,,79.0,,,,,,,,,,,,,,,13.01578,77.5656783333333
2025-10-17 00:04:35.830,,,,,,,,,,,825.0,,,,,,,,,,,,,,,,,13.01578,77.5656783333333
2025-10-17 00:04:35.830,,,,,,,,,,,,0.8,,,,,,,,,,,,,,,,13.01578,77.5656783333333
2025-10-17 00:04:35.903,,0.0,,,,,,,,,,,,,,,,,,,,,,,,,,13.01578,77.5656783333333
2025-10-17 00:04:35.903,,,,,,,,,0.0,,,,,,,,,,,,,,,,,,,13.01578,77.5656783333333
2025-10-17 00:04:35.903,,,,,,,,,,0.0,,,,,,,,,,,,,,,,,,13.01578,77.5656783333333
2025-10-17 00:04:35.903,,,,,,,,,,,,,,,,,,,,,,,,,,0.0,,13.01578,77.5656783333333
2025-10-17 00:04:35.903,,,,,,,,,,,,,,,,,,,,,,,,,,,0.0,13.01578,77.5656783333333
2025-10-17 00:04:35.967,,,,,,,,,,,825.0,,,,,,,,,,,,,,,,,13.01578,77.5656783333333
2025-10-17 00:04:35.967,,,,,,,,,,,,0.8,,,,,,,,,,,,,,,,13.01578,77.5656783333333
2025-10-17 00:04:36.014,,0.0,,,,,,,,,,,,,,,,,,,,,,,,,,13.01578,77.5656783333333
2025-10-17 00:04:36.014,,,,,,,,,0.0,,,,,,,,,,,,,,,,,,,13.01578,77.5656783333333
2025-10-17 00:04:36.014,,,,,,,,,,0.0,,,,,,,,,,,,,,,,,,13.01578,77.5656783333333
2025-10-17 00:04:36.014,,,,,,,,,,,,,,,,,,,,,,,,,,0.0,,13.01578,77.5656783333333
2025-10-17 00:04:36.014,,,,,,,,,,,,,,,,,,,,,,,,,,,0.0,13.01578,77.5656783333333
2025-10-17 00:04:36.062,,,,,,,,,,,,,79.0,,,,,,,,,,,,,,,13.01578,77.5656783333333
2025-10-17 00:04:36.110,,,,,,,,,,,824.0,,,,,,,,,,,,,,,,,13.01578,77.5656783333333
2025-10-17 00:04:36.110,,,,,,,,,,,,0.8,,,,,,,,,,,,,,,,13.01578,77.5656783333333
2025-10-17 00:04:36.191,,0.0,,,,,,,,,,,,,,,,,,,,,,,,,,13.01578,77.5656783333333
2025-10-17 00:04:36.191,,,,,,,,,0.0,,,,,,,,,,,,,,,,,,,13.01578,77.5656783333333
2025-10-17 00:04:36.191,,,,,,,,,,0.0,,,,,,,,,,,,,,,,,,13.01578,77.5656783333333
2025-10-17 00:04:36.191,,,,,,,,,,,,,,,,,,,,,,,,,,0.0,,13.01578,77.5656783333333
2025-10-17 00:04:36.191,,,,,,,,,,,,,,,,,,,,,,,,,,,0.0,13.01578,77.5656783333333
2025-10-17 00:04:36.232,,,,,,,,,,,823.0,,,,,,,,,,,,,,,,,13.01578,77.5656783333333
2025-10-17 00:04:36.232,,,,,,,,,,,,0.8,,,,,,,,,,,,,,,,13.01578,77.5656783333333
2025-10-17 00:04:36.311,,0.0,,,,,,,,,,,,,,,,,,,,,,,,,,13.01578,77.5656783333333
2025-10-17 00:04:36.311,,,,,,,,,0.0,,,,,,,,,,,,,,,,,,,13.01578,77.5656783333333
2025-10-17 00:04:36.311,,,,,,,,,,0.0,,,,,,,,,,,,,,,,,,13.01578,77.5656783333333
2025-10-17 00:04:36.311,,,,,,,,,,,,,,,,,,,,,,,,,,0.0,,13.01578,77.5656783333333
2025-10-17 00:04:36.311,,,,,,,,,,,,,,,,,,,,,,,,,,,0.0,13.01578,77.5656783333333
2025-10-17 00:04:36.358,,,,,,,,,,,,,79.0,,,,,,,,,,,,,,,13.01578,77.5656783333333
2025-10-17 00:04:36.381,873.700012207031,,,,,,,,,,,,,,,,,,,,,,,,,,,13.0158767,77.5656606
2025-10-17 00:04:36.405,,,,,,,,,,,823.0,,,,,,,,,,,,,,,,,13.0158767,77.5656606
2025-10-17 00:04:36.405,,,,,,,,,,,,0.8,,,,,,,,,,,,,,,,13.0158767,77.5656606
2025-10-17 00:04:36.450,,0.0,,,,,,,,,,,,,,,,,,,,,,,,,,13.0158767,77.5656606
2025-10-17 00:04:36.450,,,,,,,,,0.0,,,,,,,,,,,,,,,,,,,13.0158767,77.5656606
2025-10-17 00:04:36.450,,,,,,,,,,0.0,,,,,,,,,,,,,,,,,,13.0158767,77.5656606
2025-10-17 00:04:36.450,,,,,,,,,,,,,,,,,,,,,,,,,,0.0,,13.0158767,77.5656606
2025-10-17 00:04:36.450,,,,,,,,,,,,,,,,,,,,,,,,,,,0.0,13.0158767,77.5656606
2025-10-17 00:04:36.506,,,,,,,,,,,826.0,,,,,,,,,,,,,,,,,13.0158767,77.5656606
2025-10-17 00:04:36.506,,,,,,,,,,,,0.8,,,,,,,,,,,,,,,,13.0158767,77.5656606
2025-10-17 00:04:36.551,,0.0,,,,,,,,,,,,,,,,,,,,,,,,,,13.0158767,77.5656606
2025-10-17 00:04:36.551,,,,,,,,,0.0,,,,,,,,,,,,,,,,,,,13.0158767,77.5656606
2025-10-17 00:04:36.551,,,,,,,,,,0.0,,,,,,,,,,,,,,,,,,13.0158767,77.5656606
2025-10-17 00:04:36.551,,,,,,,,,,,,,,,,,,,,,,,,,,0.0,,13.0158767,77.5656606
2025-10-17 00:04:36.551,,,,,,,,,,,,,,,,,,,,,,,,,,,0.0,13.0158767,77.5656606
2025-10-17 00:04:36.605,,,,,,,,,,,,,79.0,,,,,,,,,,,,,,,13.0158767,77.5656606
2025-10-17 00:04:36.648,,,,,,,,,,,825.0,,,,,,,,,,,,,,,,,13.0158767,77.5656606
2025-10-17 00:04:36.648,,,,,,,,,,,,0.8,,,,,,,,,,,,,,,,13.0158767,77.5656606
2025-10-17 00:04:36.712,,0.0,,,,,,,,,,,,,,,,,,,,,,,,,,13.0158767,77.5656606
2025-10-17 00:04:36.712,,,,,,,,,0.0,,,,,,,,,,,,,,,,,,,13.0158767,77.5656606
2025-10-17 00:04:36.712,,,,,,,,,,0.0,,,,,,,,,,,,,,,,,,13.0158767,77.5656606
2025-10-17 00:04:36.712,,,,,,,,,,,,,,,,,,,,,,,,,,0.0,,13.0158767,77.5656606
2025-10-17 00:04:36.712,,,,,,,,,,,,,,,,,,,,,,,,,,,0.0,13.0158767,77.5656606
2025-10-17 00:04:36.758,,,,,,,,,,,825.0,,,,,,,,,,,,,,,,,13.0158767,77.5656606
2025-10-17 00:04:36.758,,,,,,,,,,,,0.8,,,,,,,,,,,,,,,,13.0158767,77.5656606
2025-10-17 00:04:36.812,,0.0,,,,,,,,,,,,,,,,,,,,,,,,,,13.0158767,77.5656606
2025-10-17 00:04:36.812,,,,,,,,,0.0,,,,,,,,,,,,,,,,,,,13.0158767,77.5656606
2025-10-17 00:04:36.812,,,,,,,,,,0.0,,,,,,,,,,,,,,,,,,13.0158767,77.5656606
2025-10-17 00:04:36.812,,,,,,,,,,,,,,,,,,,,,,,,,,0.0,,13.0158767,77.5656606
2025-10-17 00:04:36.812,,,,,,,,,,,,,,,,,,,,,,,,,,,0.0,13.0158767,77.5656606
2025-10-17 00:04:36.877,,,,,,,,,,,,,79.0,,,,,,,,,,,,,,,13.0158767,77.5656606
2025-10-17 00:04:36.920,,,,,,,,,,,827.0,,,,,,,,,,,,,,,,,13.0158767,77.5656606
2025-10-17 00:04:36.920,,,,,,,,,,,,0.8,,,,,,,,,,,,,,,,13.0158767,77.5656606
2025-10-17 00:04:37.005,,0.0,,,,,,,,,,,,,,,,,,,,,,,,,,13.0158767,77.5656606
2025-10-17 00:04:37.005,,,,,,,,,0.0,,,,,,,,,,,,,,,,,,,13.0158767,77.5656606
2025-10-17 00:04:37.005,,,,,,,,,,0.0,,,,,,,,,,,,,,,,,,13.0158767,77.5656606
2025-10-17 00:04:37.005,,,,,,,,,,,,,,,,,,,,,,,,,,0.0,,13.0158767,77.5656606
2025-10-17 00:04:37.005,,,,,,,,,,,,,,,,,,,,,,,,,,,0.0,13.0158767,77.5656606
2025-10-17 00:04:37.048,,,,,,,,,,,827.0,,,,,,,,,,,,,,,,,13.0158767,77.5656606
2025-10-17 00:04:37.048,,,,,,,,,,,,0.8,,,,,,,,,,,,,,,,13.0158767,77.5656606
2025-10-17 00:04:37.091,,0.0,,,,,,,,,,,,,,,,,,,,,,,,,,13.0158767,77.5656606
2025-10-17 00:04:37.091,,,,,,,,,0.0,,,,,,,,,,,,,,,,,,,13.0158767,77.5656606
2025-10-17 00:04:37.091,,,,,,,,,,0.0,,,,,,,,,,,,,,,,,,13.0158767,77.5656606
2025-10-17 00:04:37.091,,,,,,,,,,,,,,,,,,,,,,,,,,0.0,,13.0158767,77.5656606
2025-10-17 00:04:37.091,,,,,,,,,,,,,,,,,,,,,,,,,,,0.0,13.0158767,77.5656606
2025-10-17 00:04:37.136,,,,,,,,,,,,,79.0,,,,,,,,,,,,,,,13.0158767,77.5656606
2025-10-17 00:04:37.210,,,,,,,,,,,827.0,,,,,,,,,,,,,,,,,13.0158767,77.5656606
2025-10-17 00:04:37.210,,,,,,,,,,,,0.8,,,,,,,,,,,,,,,,13.0158767,77.5656606
2025-10-17 00:04:37.259,,0.0,,,,,,,,,,,,,,,,,,,,,,,,,,13.0158767,77.5656606
2025-10-17 00:04:37.259,,,,,,,,,0.0,,,,,,,,,,,,,,,,,,,13.0158767,77.5656606
2025-10-17 00:04:37.259,,,,,,,,,,0.0,,,,,,,,,,,,,,,,,,13.0158767,77.5656606
2025-10-17 00:04:37.259,,,,,,,,,,,,,,,,,,,,,,,,,,0.0,,13.0158767,77.5656606
2025-10-17 00:04:37.259,,,,,,,,,,,,,,,,,,,,,,,,,,,0.0,13.0158767,77.5656606
2025-10-17 00:04:37.332,,,,,,,,,,,823.0,,,,,,,,,,,,,,,,,13.0158767,77.5656606
2025-10-17 00:04:37.332,,,,,,,,,,,,0.8,,,,,,,,,,,,,,,,13.0158767,77.5656606
2025-10-17 00:04:37.389,,0.0,,,,,,,,,,,,,,,,,,,,,,,,,,13.0158767,77.5656606
2025-10-17 00:04:37.389,,,,,,,,,0.0,,,,,,,,,,,,,,,,,,,13.0158767,77.5656606
2025-10-17 00:04:37.389,,,,,,,,,,0.0,,,,,,,,,,,,,,,,,,13.0158767,77.5656606
2025-10-17 00:04:37.389,,,,,,,,,,,,,,,,,,,,,,,,,,0.0,,13.0158767,77.5656606
2025-10-17 00:04:37.389,,,,,,,,,,,,,,,,,,,,,,,,,,,0.0,13.0158767,77.5656606
2025-10-17 00:04:37.435,,,,,,,,,,,,,79.0,,,,,,,,,,,,,,,13.0158767,77.5656606
2025-10-17 00:04:37.486,,,,,,,,,,,823.0,,,,,,,,,,,,,,,,,13.0158767,77.5656606
2025-10-17 00:04:37.486,,,,,,,,,,,,0.8,,,,,,,,,,,,,,,,13.0158767,77.5656606
2025-10-17 00:04:37.535,,0.0,,,,,,,,,,,,,,,,,,,,,,,,,,13.0158767,77.5656606
2025-10-17 00:04:37.535,,,,,,,,,0.0,,,,,,,,,,,,,,,,,,,13.0158767,77.5656606
2025-10-17 00:04:37.535,,,,,,,,,,0.0,,,,,,,,,,,,,,,,,,13.0158767,77.5656606
2025-10-17 00:04:37.535,,,,,,,,,,,,,,,,,,,,,,,,,,0.0,,13.0158767,77.5656606
2025-10-17 00:04:37.535,,,,,,,,,,,,,,,,,,,,,,,,,,,0.0,13.0158767,77.5656606
2025-10-17 00:04:37.609,,,,,,,,,,,823.0,,,,,,,,,,,,,,,,,13.0158767,77.5656606
2025-10-17 00:04:37.609,,,,,,,,,,,,0.8,,,,,,,,,,,,,,,,13.0158767,77.5656606
2025-10-17 00:04:37.668,,0.0,,,,,,,,,,,,,,,,,,,,,,,,,,13.0158767,77.5656606
2025-10-17 00:04:37.668,,,,,,,,,0.0,,,,,,,,,,,,,,,,,,,13.0158767,77.5656606
2025-10-17 00:04:37.668,,,,,,,,,,0.0,,,,,,,,,,,,,,,,,,13.0158767,77.5656606
2025-10-17 00:04:37.668,,,,,,,,,,,,,,,,,,,,,,,,,,0.0,,13.0158767,77.5656606
2025-10-17 00:04:37.668,,,,,,,,,,,,,,,,,,,,,,,,,,,0.0,13.0158767,77.5656606
2025-10-17 00:04:37.732,,,,,,,,,,,,,79.0,,,,,,,,,,,,,,,13.0158767,77.5656606
2025-10-17 00:04:37.790,,,,,,,,,,,826.0,,,,,,,,,,,,,,,,,13.0158767,77.5656606
2025-10-17 00:04:37.790,,,,,,,,,,,,0.8,,,,,,,,,,,,,,,,13.0158767,77.5656606
2025-10-17 00:04:37.841,,0.0,,,,,,,,,,,,,,,,,,,,,,,,,,13.0158767,77.5656606
2025-10-17 00:04:37.841,,,,,,,,,0.0,,,,,,,,,,,,,,,,,,,13.0158767,77.5656606
2025-10-17 00:04:37.841,,,,,,,,,,0.0,,,,,,,,,,,,,,,,,,13.0158767,77.5656606
2025-10-17 00:04:37.841,,,,,,,,,,,,,,,,,,,,,,,,,,0.0,,13.0158767,77.5656606
2025-10-17 00:04:37.841,,,,,,,,,,,,,,,,,,,,,,,,,,,0.0,13.0158767,77.5656606
2025-10-17 00:04:37.881,,,,,,,,,,,827.0,,,,,,,,,,,,,,,,,13.0158767,77.5656606
2025-10-17 00:04:37.881,,,,,,,,,,,,0.8,,,,,,,,,,,,,,,,13.0158767,77.5656606
2025-10-17 00:04:37.930,,0.0,,,,,,,,,,,,,,,,,,,,,,,,,,13.0158767,77.5656606
2025-10-17 00:04:37.930,,,,,,,,,0.0,,,,,,,,,,,,,,,,,,,13.0158767,77.5656606
2025-10-17 00:04:37.930,,,,,,,,,,0.0,,,,,,,,,,,,,,,,,,13.0158767,77.5656606
2025-10-17 00:04:37.930,,,,,,,,,,,,,,,,,,,,,,,,,,0.0,,13.0158767,77.5656606
2025-10-17 00:04:37.930,,,,,,,,,,,,,,,,,,,,,,,,,,,0.0,13.0158767,77.5656606
2025-10-17 00:04:37.982,,,,,,,,,,,,,79.0,,,,,,,,,,,,,,,13.0158767,77.5656606
2025-10-17 00:04:38.033,,,,,,,,,,,836.0,,,,,,,,,,,,,,,,,13.0158767,77.5656606
2025-10-17 00:04:38.033,,,,,,,,,,,,0.8,,,,,,,,,,,,,,,,13.0158767,77.5656606
2025-10-17 00:04:38.079,,0.0,,,,,,,,,,,,,,,,,,,,,,,,,,13.0158767,77.5656606
2025-10-17 00:04:38.079,,,,,,,,,0.0,,,,,,,,,,,,,,,,,,,13.0158767,77.5656606
2025-10-17 00:04:38.079,,,,,,,,,,0.0,,,,,,,,,,,,,,,,,,13.0158767,77.5656606
2025-10-17 00:04:38.079,,,,,,,,,,,,,,,,,,,,,,,,,,0.0,,13.0158767,77.5656606
2025-10-17 00:04:38.079,,,,,,,,,,,,,,,,,,,,,,,,,,,0.0,13.0158767,77.5656606
2025-10-17 00:04:38.125,,,,,,,,,,,836.0,,,,,,,,,,,,,,,,,13.0158767,77.5656606
2025-10-17 00:04:38.125,,,,,,,,,,,,0.8,,,,,,,,,,,,,,,,13.0158767,77.5656606
2025-10-17 00:04:38.173,,0.0,,,,,,,,,,,,,,,,,,,,,,,,,,13.0158767,77.5656606
2025-10-17 00:04:38.173,,,,,,,,,0.0,,,,,,,,,,,,,,,,,,,13.0158767,77.5656606
2025-10-17 00:04:38.173,,,,,,,,,,0.0,,,,,,,,,,,,,,,,,,13.0158767,77.5656606
2025-10-17 00:04:38.173,,,,,,,,,,,,,,,,,,,,,,,,,,0.0,,13.0158767,77.5656606
2025-10-17 00:04:38.173,,,,,,,,,,,,,,,,,,,,,,,,,,,0.0,13.0158767,77.5656606
2025-10-17 00:04:38.240,,,,,,,,,,,,,79.0,,,,,,,,,,,,,,,13.0158767,77.5656606
2025-10-17 00:04:38.292,,,,,,,,,,,843.0,,,,,,,,,,,,,,,,,13.0158767,77.5656606
2025-10-17 00:04:38.292,,,,,,,,,,,,0.8,,,,,,,,,,,,,,,,13.0158767,77.5656606
2025-10-17 00:04:38.339,,0.0,,,,,,,,,,,,,,,,,,,,,,,,,,13.0158767,77.5656606
2025-10-17 00:04:38.339,,,,,,,,,0.0,,,,,,,,,,,,,,,,,,,13.0158767,77.5656606
2025-10-17 00:04:38.339,,,,,,,,,,0.0,,,,,,,,,,,,,,,,,,13.0158767,77.5656606
2025-10-17 00:04:38.339,,,,,,,,,,,,,,,,,,,,,,,,,,0.0,,13.0158767,77.5656606
2025-10-17 00:04:38.339,,,,,,,,,,,,,,,,,,,,,,,,,,,0.0,13.0158767,77.5656606
2025-10-17 00:04:38.387,,,,,,,,,,,843.0,,,,,,,,,,,,,,,,,13.0158767,77.5656606
2025-10-17 00:04:38.387,,,,,,,,,,,,0.8,,,,,,,,,,,,,,,,13.0158767,77.5656606
2025-10-17 00:04:38.446,,0.0,,,,,,,,,,,,,,,,,,,,,,,,,,13.0158767,77.5656606
2025-10-17 00:04:38.446,,,,,,,,,0.0,,,,,,,,,,,,,,,,,,,13.0158767,77.5656606
2025-10-17 00:04:38.446,,,,,,,,,,0.0,,,,,,,,,,,,,,,,,,13.0158767,77.5656606
2025-10-17 00:04:38.446,,,,,,,,,,,,,,,,,,,,,,,,,,0.0,,13.0158767,77.5656606
2025-10-17 00:04:38.446,,,,,,,,,,,,,,,,,,,,,,,,,,,0.0,13.0158767,77.5656606
2025-10-17 00:04:38.531,,,,,,,,,,,,,79.0,,,,,,,,,,,,,,,13.0158767,77.5656606
2025-10-17 00:04:38.581,,,,,,,,,,,832.0,,,,,,,,,,,,,,,,,13.0158767,77.5656606
2025-10-17 00:04:38.581,,,,,,,,,,,,0.8,,,,,,,,,,,,,,,,13.0158767,77.5656606
2025-10-17 00:04:38.652,,0.0,,,,,,,,,,,,,,,,,,,,,,,,,,13.0158767,77.5656606
2025-10-17 00:04:38.652,,,,,,,,,0.0,,,,,,,,,,,,,,,,,,,13.0158767,77.5656606
2025-10-17 00:04:38.652,,,,,,,,,,0.0,,,,,,,,,,,,,,,,,,13.0158767,77.5656606
2025-10-17 00:04:38.652,,,,,,,,,,,,,,,,,,,,,,,,,,0.0,,13.0158767,77.5656606
2025-10-17 00:04:38.652,,,,,,,,,,,,,,,,,,,,,,,,,,,0.0,13.0158767,77.5656606
2025-10-17 00:04:38.701,,,,,,,,,,,822.0,,,,,,,,,,,,,,,,,13.0158767,77.5656606
2025-10-17 00:04:38.701,,,,,,,,,,,,0.8,,,,,,,,,,,,,,,,13.0158767,77.5656606
2025-10-17 00:04:38.746,,0.0,,,,,,,,,,,,,,,,,,,,,,,,,,13.0158767,77.5656606
2025-10-17 00:04:38.746,,,,,,,,,0.0,,,,,,,,,,,,,,,,,,,13.0158767,77.5656606
2025-10-17 00:04:38.746,,,,,,,,,,0.0,,,,,,,,,,,,,,,,,,13.0158767,77.5656606
2025-10-17 00:04:38.746,,,,,,,,,,,,,,,,,,,,,,,,,,0.0,,13.0158767,77.5656606
2025-10-17 00:04:38.746,,,,,,,,,,,,,,,,,,,,,,,,,,,0.0,13.0158767,77.5656606
2025-10-17 00:04:38.805,,,,,,,,,,,,,79.0,,,,,,,,,,,,,,,13.0158767,77.5656606
2025-10-17 00:04:38.855,,,,,,,,,,,818.0,,,,,,,,,,,,,,,,,13.0158767,77.5656606
2025-10-17 00:04:38.855,,,,,,,,,,,,0.8,,,,,,,,,,,,,,,,13.0158767,77.5656606
2025-10-17 00:04:38.901,,0.0,,,,,,,,,,,,,,,,,,,,,,,,,,13.0158767,77.5656606
2025-10-17 00:04:38.901,,,,,,,,,0.0,,,,,,,,,,,,,,,,,,,13.0158767,77.5656606
2025-10-17 00:04:38.901,,,,,,,,,,0.0,,,,,,,,,,,,,,,,,,13.0158767,77.5656606
2025-10-17 00:04:38.901,,,,,,,,,,,,,,,,,,,,,,,,,,0.0,,13.0158767,77.5656606
2025-10-17 00:04:38.901,,,,,,,,,,,,,,,,,,,,,,,,,,,0.0,13.0158767,77.5656606
2025-10-17 00:04:38.956,,,,,,,,,,,818.0,,,,,,,,,,,,,,,,,13.0158767,77.5656606
2025-10-17 00:04:38.956,,,,,,,,,,,,0.8,,,,,,,,,,,,,,,,13.0158767,77.5656606
2025-10-17 00:04:39.053,,0.0,,,,,,,,,,,,,,,,,,,,,,,,,,13.0158767,77.5656606
2025-10-17 00:04:39.053,,,,,,,,,0.0,,,,,,,,,,,,,,,,,,,13.0158767,77.5656606
2025-10-17 00:04:39.053,,,,,,,,,,0.0,,,,,,,,,,,,,,,,,,13.0158767,77.5656606
2025-10-17 00:04:39.053,,,,,,,,,,,,,,,,,,,,,,,,,,0.0,,13.0158767,77.5656606
2025-10-17 00:04:39.053,,,,,,,,,,,,,,,,,,,,,,,,,,,0.0,13.0158767,77.5656606
2025-10-17 00:04:39.105,,,,,,,,,,,,,79.0,,,,,,,,,,,,,,,13.0158767,77.5656606
2025-10-17 00:04:39.152,,,,,,,,,,,806.0,,,,,,,,,,,,,,,,,13.0158767,77.5656606
2025-10-17 00:04:39.152,,,,,,,,,,,,0.8,,,,,,,,,,,,,,,,13.0158767,77.5656606
2025-10-17 00:04:39.200,,0.0,,,,,,,,,,,,,,,,,,,,,,,,,,13.0158767,77.5656606
2025-10-17 00:04:39.200,,,,,,,,,0.0,,,,,,,,,,,,,,,,,,,13.0158767,77.5656606
2025-10-17 00:04:39.200,,,,,,,,,,0.0,,,,,,,,,,,,,,,,,,13.0158767,77.5656606
2025-10-17 00:04:39.200,,,,,,,,,,,,,,,,,,,,,,,,,,0.0,,13.0158767,77.5656606
2025-10-17 00:04:39.200,,,,,,,,,,,,,,,,,,,,,,,,,,,0.0,13.0158767,77.5656606
2025-10-17 00:04:39.251,,,,,,,,,,,804.0,,,,,,,,,,,,,,,,,13.0158767,77.5656606
2025-10-17 00:04:39.251,,,,,,,,,,,,0.8,,,,,,,,,,,,,,,,13.0158767,77.5656606
2025-10-17 00:04:39.302,,0.0,,,,,,,,,,,,,,,,,,,,,,,,,,13.0158767,77.5656606
2025-10-17 00:04:39.302,,,,,,,,,0.0,,,,,,,,,,,,,,,,,,,13.0158767,77.5656606
2025-10-17 00:04:39.302,,,,,,,,,,0.0,,,,,,,,,,,,,,,,,,13.0158767,77.5656606
2025-10-17 00:04:39.302,,,,,,,,,,,,,,,,,,,,,,,,,,0.0,,13.0158767,77.5656606
2025-10-17 00:04:39.302,,,,,,,,,,,,,,,,,,,,,,,,,,,0.0,13.0158767,77.5656606
2025-10-17 00:04:39.354,,,,,,,,,,,,,79.0,,,,,,,,,,,,,,,13.0158767,77.5656606
2025-10-17 00:04:39.401,,,,,,,,,,,804.0,,,,,,,,,,,,,,,,,13.0158767,77.5656606
2025-10-17 00:04:39.401,,,,,,,,,,,,0.8,,,,,,,,,,,,,,,,13.0158767,77.5656606
2025-10-17 00:04:40.239,,,,,,21.5686274509804,,,,,,,,,,,,,,,,,,,,,,13.0158767,77.5656606
2025-10-17 00:04:40.316,,,,,,,0.856730769230769,,,,,,,,,,,,,,,,,,,,,13.0158767,77.5656606
2025-10-17 00:04:40.316,,,,,,,,,,,,,,,,,,,3.793368785467,,,,,,,,,13.0158767,77.5656606
2025-10-17 00:04:40.316,,,,,,,,,,,,,,,,,,,,,,13.77,,,,,,13.0158767,77.5656606
2025-10-17 00:04:40.316,,,,,,,,,,,,,,,,,,,,,,,,16.524,,,,13.0158767,77.5656606
2025-10-17 00:04:40.375,,0.0,,,,,,,,,,,,,,,,,,,,,,,,,,13.0158767,77.5656606
2025-10-17 00:04:40.375,,,,,,,,,0.0,,,,,,,,,,,,,,,,,,,13.0158767,77.5656606
2025-10-17 00:04:40.375,,,,,,,,,,0.0,,,,,,,,,,,,,,,,,,13.0158767,77.5656606
2025-10-17 00:04:40.375,,,,,,,,,,,,,,,,,,,,,,,,,,0.0,,13.0158767,77.5656606
2025-10-17 00:04:40.375,,,,,,,,,,,,,,,,,,,,,,,,,,,0.0,13.0158767,77.5656606
2025-10-17 00:04:40.437,,,,,,,,,,,803.0,,,,,,,,,,,,,,,,,13.0158767,77.5656606
2025-10-17 00:04:40.437,,,,,,,,,,,,0.8,,,,,,,,,,,,,,,,13.0158767,77.5656606
2025-10-17 00:04:40.489,,,,,,20.7843137254902,,,,,,,,,,,,,,,,,,,,,,13.0158767,77.5656606
2025-10-17 00:04:40.550,,,,,,,0.822579185520362,,,,,,,,,,,,,,,,,,,,,13.0158767,77.5656606
2025-10-17 00:04:40.550,,,,,,,,,,,,,,,0.0143413140065165,,,,,,,,,,,,,13.0158767,77.5656606
2025-10-17 00:04:40.550,,,,,,,,,,,,,,,,0.0143413140065165,,,,,,,,,,,,13.0158767,77.5656606
2025-10-17 00:04:40.550,,,,,,,,,,,,,,,,,0.0144847271465816,,,,,,,,,,,13.0158767,77.5656606
2025-10-17 00:04:40.550,,,,,,,,,,,,,,,,,,0.01,,,,,,,,,,13.0158767,77.5656606
2025-10-17 00:04:40.550,,,,,,,,,,,,,,,,,,,3.64215494294605,,,,,,,,,13.0158767,77.5656606
2025-10-17 00:04:40.550,,,,,,,,,,,,,,,,,,,,,,13.72,,,,,,13.0158767,77.5656606
2025-10-17 00:04:40.550,,,,,,,,,,,,,,,,,,,,,,,,16.464,,,,13.0158767,77.5656606
2025-10-17 00:04:40.606,,0.0,,,,,,,,,,,,,,,,,,,,,,,,,,13.0158767,77.5656606
2025-10-17 00:04:40.606,,,,,,,,,0.0,,,,,,,,,,,,,,,,,,,13.0158767,77.5656606
2025-10-17 00:04:40.606,,,,,,,,,,0.0,,,,,,,,,,,,,,,,,,13.0158767,77.5656606
2025-10-17 00:04:40.606,,,,,,,,,,,,,,,,,,,,,,,,,,0.0,,13.0158767,77.5656606
2025-10-17 00:04:40.606,,,,,,,,,,,,,,,,,,,,,,,,,,,0.0,13.0158767,77.5656606
2025-10-17 00:04:40.655,,,,,,,,,,,803.0,,,,,,,,,,,,,,,,,13.0158767,77.5656606
2025-10-17 00:04:40.655,,,,,,,,,,,,0.8,,,,,,,,,,,,,,,,13.0158767,77.5656606
2025-10-17 00:04:40.703,,,,,,21.1764705882353,,,,,,,,,,,,,,,,,,,,,,13.0158767,77.5656606
2025-10-17 00:04:40.752,,,,,,,0.834434389140272,,,,,,,,,,,,,,,,,,,,,13.0158767,77.5656606
2025-10-17 00:04:40.752,,,,,,,,,,,,,,,0.0143880823156228,,,,,,,,,,,,,13.0158767,77.5656606
2025-10-17 00:04:40.752,,,,,,,,,,,,,,,,0.0143880823156228,,,,,,,,,,,,13.0158767,77.5656606
2025-10-17 00:04:40.752,,,,,,,,,,,,,,,,,0.014531963138779,,,,,,,,,,,13.0158767,77.5656606
2025-10-17 00:04:40.752,,,,,,,,,,,,,,,,,,0.01,,,,,,,,,,13.0158767,77.5656606
2025-10-17 00:04:40.752,,,,,,,,,,,,,,,,,,,3.69464653187018,,,,,,,,,13.0158767,77.5656606
2025-10-17 00:04:40.752,,,,,,,,,,,,,,,,,,,,,,13.66,,,,,,13.0158767,77.5656606
2025-10-17 00:04:40.752,,,,,,,,,,,,,,,,,,,,,,,,16.392,,,,13.0158767,77.5656606
2025-10-17 00:04:40.806,,0.0,,,,,,,,,,,,,,,,,,,,,,,,,,13.0158767,77.5656606
2025-10-17 00:04:40.806,,,,,,,,,0.0,,,,,,,,,,,,,,,,,,,13.0158767,77.5656606
2025-10-17 00:04:40.806,,,,,,,,,,0.0,,,,,,,,,,,,,,,,,,13.0158767,77.5656606
2025-10-17 00:04:40.806,,,,,,,,,,,,,,,,,,,,,,,,,,0.0,,13.0158767,77.5656606
2025-10-17 00:04:40.806,,,,,,,,,,,,,,,,,,,,,,,,,,,0.0,13.0158767,77.5656606
2025-10-17 00:04:40.858,,,,,,,,,,,797.0,,,,,,,,,,,,,,,,,13.0158767,77.5656606
2025-10-17 00:04:40.858,,,,,,,,,,,,0.8,,,,,,,,,,,,,,,,13.0158767,77.5656606
2025-10-17 00:04:40.910,,,,,,21.1764705882353,,,,,,,,,,,,,,,,,,,,,,13.0158767,77.5656606
2025-10-17 00:04:40.961,,,,,,,0.841153846153846,,,,,,,,,,,,,,,,,,,,,13.0158767,77.5656606
2025-10-17 00:04:40.961,,,,,,,,,,,,,,,0.0144369315775459,,,,,,,,,,,,,13.0158767,77.5656606
2025-10-17 00:04:40.961,,,,,,,,,,,,,,,,0.0144369315775459,,,,,,,,,,,,13.0158767,77.5656606
2025-10-17 00:04:40.961,,,,,,,,,,,,,,,,,0.0145813008933213,,,,,,,,,,,13.0158767,77.5656606
2025-10-17 00:04:40.961,,,,,,,,,,,,,,,,,,0.01,,,,,,,,,,13.0158767,77.5656606
2025-10-17 00:04:40.961,,,,,,,,,,,,,,,,,,,3.72439844391306,,,,,,,,,13.0158767,77.5656606
2025-10-17 00:04:40.961,,,,,,,,,,,,,,,,,,,,,,13.77,,,,,,13.0158767,77.5656606
2025-10-17 00:04:40.961,,,,,,,,,,,,,,,,,,,,,,,,16.524,,,,13.0158767,77.5656606
2025-10-17 00:04:41.019,,0.0,,,,,,,,,,,,,,,,,,,,,,,,,,13.0158767,77.5656606
2025-10-17 00:04:41.019,,,,,,,,,0.0,,,,,,,,,,,,,,,,,,,13.0158767,77.5656606
2025-10-17 00:04:41.019,,,,,,,,,,0.0,,,,,,,,,,,,,,,,,,13.0158767,77.5656606
2025-10-17 00:04:41.019,,,,,,,,,,,,,,,,,,,,,,,,,,0.0,,13.0158767,77.5656606
2025-10-17 00:04:41.019,,,,,,,,,,,,,,,,,,,,,,,,,,,0.0,13.0158767,77.5656606
2025-10-17 00:04:41.072,,,,,,,,,,,801.0,,,,,,,,,,,,,,,,,13.0158767,77.5656606
2025-10-17 00:04:41.072,,,,,,,,,,,,0.8,,,,,,,,,,,,,,,,13.0158767,77.5656606
2025-10-17 00:04:41.135,,,,,,21.1764705882353,,,,,,,,,,,,,,,,,,,,,,13.0158767,77.5656606
2025-10-17 00:04:41.206,,,,,,,0.838099547511312,,,,,,,,,,,,,,,,,,,,,13.0158767,77.5656606
2025-10-17 00:04:41.206,,,,,,,,,,,,,,,0.0144940279938807,,,,,,,,,,,,,13.0158767,77.5656606
2025-10-17 00:04:41.206,,,,,,,,,,,,,,,,0.0144940279938807,,,,,,,,,,,,13.0158767,77.5656606
2025-10-17 00:04:41.206,,,,,,,,,,,,,,,,,0.0146389682738195,,,,,,,,,,,13.0158767,77.5656606
2025-10-17 00:04:41.206,,,,,,,,,,,,,,,,,,0.01,,,,,,,,,,13.0158767,77.5656606
2025-10-17 00:04:41.206,,,,,,,,,,,,,,,,,,,3.71087484752993,,,,,,,,,13.0158767,77.5656606
2025-10-17 00:04:41.206,,,,,,,,,,,,,,,,,,,,,,13.72,,,,,,13.0158767,77.5656606
2025-10-17 00:04:41.206,,,,,,,,,,,,,,,,,,,,,,,,16.464,,,,13.0158767,77.5656606
2025-10-17 00:04:41.261,,0.0,,,,,,,,,,,,,,,,,,,,,,,,,,13.0158767,77.5656606
2025-10-17 00:04:41.261,,,,,,,,,0.0,,,,,,,,,,,,,,,,,,,13.0158767,77.5656606
2025-10-17 00:04:41.261,,,,,,,,,,0.0,,,,,,,,,,,,,,,,,,13.0158767,77.5656606
2025-10-17 00:04:41.261,,,,,,,,,,,,,,,,,,,,,,,,,,0.0,,13.0158767,77.5656606
2025-10-17 00:04:41.261,,,,,,,,,,,,,,,,,,,,,,,,,,,0.0,13.0158767,77.5656606
2025-10-17 00:04:41.323,,,,,,,,,,,802.0,,,,,,,,,,,,,,,,,13.0158767,77.5656606
2025-10-17 00:04:41.323,,,,,,,,,,,,0.8,,,,,,,,,,,,,,,,13.0158767,77.5656606
2025-10-17 00:04:41.374,,,,,,21.1764705882353,,,,,,,,,,,,,,,,,,,,,,13.0158767,77.5656606
2025-10-17 00:04:41.422,,,,,,,0.836266968325792,,,,,,,,,,,,,,,,,,,,,13.0158767,77.5656606
2025-10-17 00:04:41.422,,,,,,,,,,,,,,,0.0145441533481398,,,,,,,,,,,,,13.0158767,77.5656606
2025-10-17 00:04:41.422,,,,,,,,,,,,,,,,0.0145441533481398,,,,,,,,,,,,13.0158767,77.5656606
2025-10-17 00:04:41.422,,,,,,,,,,,,,,,,,0.0146895948816212,,,,,,,,,,,13.0158767,77.5656606
2025-10-17 00:04:41.422,,,,,,,,,,,,,,,,,,0.01,,,,,,,,,,13.0158767,77.5656606
2025-10-17 00:04:41.422,,,,,,,,,,,,,,,,,,,3.70276068970006,,,,,,,,,13.0158767,77.5656606
2025-10-17 00:04:41.422,,,,,,,,,,,,,,,,,,,,,,13.69,,,,,,13.0158767,77.5656606
2025-10-17 00:04:41.422,,,,,,,,,,,,,,,,,,,,,,,,16.428,,,,13.0158767,77.5656606
2025-10-17 00:04:41.476,,0.0,,,,,,,,,,,,,,,,,,,,,,,,,,13.0158767,77.5656606
2025-10-17 00:04:41.476,,,,,,,,,0.0,,,,,,,,,,,,,,,,,,,13.0158767,77.5656606
2025-10-17 00:04:41.476,,,,,,,,,,0.0,,,,,,,,,,,,,,,,,,13.0158767,77.5656606
2025-10-17 00:04:41.476,,,,,,,,,,,,,,,,,,,,,,,,,,0.0,,13.0158767,77.5656606
2025-10-17 00:04:41.476,,,,,,,,,,,,,,,,,,,,,,,,,,,0.0,13.0158767,77.5656606
2025-10-17 00:04:41.543,,,,,,,,,,,798.0,,,,,,,,,,,,,,,,,13.0158767,77.5656606
2025-10-17 00:04:41.543,,,,,,,,,,,,0.8,,,,,,,,,,,,,,,,13.0158767,77.5656606
2025-10-17 00:04:41.596,,,,,,21.1764705882353,,,,,,,,,,,,,,,,,,,,,,13.0158767,77.5656606
2025-10-17 00:04:41.649,,,,,,,0.838099547511312,,,,,,,,,,,,,,,,,,,,,13.0158767,77.5656606
2025-10-17 00:04:41.649,,,,,,,,,,,,,,,0.0145969066860583,,,,,,,,,,,,,13.0158767,77.5656606
2025-10-17 00:04:41.649,,,,,,,,,,,,,,,,0.0145969066860583,,,,,,,,,,,,13.0158767,77.5656606
2025-10-17 00:04:41.649,,,,,,,,,,,,,,,,,0.0147428757529189,,,,,,,,,,,13.0158767,77.5656606
2025-10-17 00:04:41.649,,,,,,,,,,,,,,,,,,0.01,,,,,,,,,,13.0158767,77.5656606
2025-10-17 00:04:41.649,,,,,,,,,,,,,,,,,,,3.71087484752993,,,,,,,,,13.0158767,77.5656606
2025-10-17 00:04:41.649,,,,,,,,,,,,,,,,,,,,,,13.72,,,,,,13.0158767,77.5656606
2025-10-17 00:04:41.649,,,,,,,,,,,,,,,,,,,,,,,,16.464,,,,13.0158767,77.5656606
2025-10-17 00:04:41.703,,0.0,,,,,,,,,,,,,,,,,,,,,,,,,,13.0158767,77.5656606
2025-10-17 00:04:41.703,,,,,,,,,0.0,,,,,,,,,,,,,,,,,,,13.0158767,77.5656606
2025-10-17 00:04:41.703,,,,,,,,,,0.0,,,,,,,,,,,,,,,,,,13.0158767,77.5656606
2025-10-17 00:04:41.703,,,,,,,,,,,,,,,,,,,,,,,,,,0.0,,13.0158767,77.5656606
2025-10-17 00:04:41.703,,,,,,,,,,,,,,,,,,,,,,,,,,,0.0,13.0158767,77.5656606
2025-10-17 00:04:41.757,,,,,,,,,,,800.0,,,,,,,,,,,,,,,,,13.0158767,77.5656606
2025-10-17 00:04:41.757,,,,,,,,,,,,0.8,,,,,,,,,,,,,,,,13.0158767,77.5656606
2025-10-17 00:04:41.819,,,,,,21.1764705882353,,,,,,,,,,,,,,,,,,,,,,13.0158767,77.5656606
2025-10-17 00:04:41.868,,,,,,,0.834434389140272,,,,,,,,,,,,,,,,,,,,,13.0158767,77.5656606
2025-10-17 00:04:41.868,,,,,,,,,,,,,,,0.0146477380879927,,,,,,,,,,,,,13.0158767,77.5656606
2025-10-17 00:04:41.868,,,,,,,,,,,,,,,,0.0146477380879927,,,,,,,,,,,,13.0158767,77.5656606
2025-10-17 00:04:41.868,,,,,,,,,,,,,,,,,0.0147942154688726,,,,,,,,,,,13.0158767,77.5656606
2025-10-17 00:04:41.868,,,,,,,,,,,,,,,,,,0.01,,,,,,,,,,13.0158767,77.5656606
2025-10-17 00:04:41.868,,,,,,,,,,,,,,,,,,,3.69464653187018,,,,,,,,,13.0158767,77.5656606
2025-10-17 00:04:41.868,,,,,,,,,,,,,,,,,,,,,,13.66,,,,,,13.0158767,77.5656606
2025-10-17 00:04:41.868,,,,,,,,,,,,,,,,,,,,,,,,16.392,,,,13.0158767,77.5656606
2025-10-17 00:04:41.914,,0.0,,,,,,,,,,,,,,,,,,,,,,,,,,13.0158767,77.5656606
2025-10-17 00:04:41.914,,,,,,,,,0.0,,,,,,,,,,,,,,,,,,,13.0158767,77.5656606
2025-10-17 00:04:41.914,,,,,,,,,,0.0,,,,,,,,,,,,,,,,,,13.0158767,77.5656606
2025-10-17 00:04:41.914,,,,,,,,,,,,,,,,,,,,,,,,,,0.0,,13.0158767,77.5656606
2025-10-17 00:04:41.914,,,,,,,,,,,,,,,,,,,,,,,,,,,0.0,13.0158767,77.5656606
2025-10-17 00:04:41.967,,,,,,,,,,,800.0,,,,,,,,,,,,,,,,,13.0158767,77.5656606
2025-10-17 00:04:41.967,,,,,,,,,,,,0.8,,,,,,,,,,,,,,,,13.0158767,77.5656606
2025-10-17 00:04:42.016,,,,,,21.5686274509804,,,,,,,,,,,,,,,,,,,,,,13.0158767,77.5656606
2025-10-17 00:04:42.066,,,,,,,0.851753393665158,,,,,,,,,,,,,,,,,,,,,13.0158767,77.5656606
2025-10-17 00:04:42.066,,,,,,,,,,,,,,,0.0146946379721697,,,,,,,,,,,,,13.0158767,77.5656606
2025-10-17 00:04:42.066,,,,,,,,,,,,,,,,0.0146946379721698,,,,,,,,,,,,13.0158767,77.5656606
2025-10-17 00:04:42.066,,,,,,,,,,,,,,,,,0.0148415843518914,,,,,,,,,,,13.0158767,77.5656606
2025-10-17 00:04:42.066,,,,,,,,,,,,,,,,,,0.01,,,,,,,,,,13.0158767,77.5656606
2025-10-17 00:04:42.066,,,,,,,,,,,,,,,,,,,3.77133033210191,,,,,,,,,13.0158767,77.5656606
2025-10-17 00:04:42.066,,,,,,,,,,,,,,,,,,,,,,13.69,,,,,,13.0158767,77.5656606
2025-10-17 00:04:42.066,,,,,,,,,,,,,,,,,,,,,,,,16.428,,,,13.0158767,77.5656606
2025-10-17 00:04:42.133,,0.0,,,,,,,,,,,,,,,,,,,,,,,,,,13.0158767,77.5656606
2025-10-17 00:04:42.133,,,,,,,,,0.0,,,,,,,,,,,,,,,,,,,13.0158767,77.5656606
2025-10-17 00:04:42.133,,,,,,,,,,0.0,,,,,,,,,,,,,,,,,,13.0158767,77.5656606
2025-10-17 00:04:42.133,,,,,,,,,,,,,,,,,,,,,,,,,,0.0,,13.0158767,77.5656606
2025-10-17 00:04:42.133,,,,,,,,,,,,,,,,,,,,,,,,,,,0.0,13.0158767,77.5656606
2025-10-17 00:04:42.148,851.6,,,,,,,,,,,,,,,,,,,,,,,,,,,13.0157733333333,77.5656816666667
2025-10-17 00:04:42.184,,,,,,,,,,,798.0,,,,,,,,,,,,,,,,,13.0157733333333,77.5656816666667
2025-10-17 00:04:42.184,,,,,,,,,,,,0.8,,,,,,,,,,,,,,,,13.0157733333333,77.5656816666667
2025-10-17 00:04:42.237,,,,,,21.1764705882353,,,,,,,,,,,,,,,,,,,,,,13.0157733333333,77.5656816666667
2025-10-17 00:04:42.298,,,,,,,0.839321266968326,,,,,,,,,,,,,,,,,,,,,13.0157733333333,77.5656816666667
2025-10-17 00:04:42.298,,,,,,,,,,,,,,,0.0147487006600204,,,,,,,,,,,,,13.0157733333333,77.5656816666667
2025-10-17 00:04:42.298,,,,,,,,,,,,,,,,0.0147487006600204,,,,,,,,,,,,13.0157733333333,77.5656816666667
2025-10-17 00:04:42.298,,,,,,,,,,,,,,,,,0.0148961876666206,,,,,,,,,,,13.0157733333333,77.5656816666667
2025-10-17 00:04:42.298,,,,,,,,,,,,,,,,,,0.01,,,,,,,,,,13.0157733333333,77.5656816666667
2025-10-17 00:04:42.298,,,,,,,,,,,,,,,,,,,3.71628428608318,,,,,,,,,13.0157733333333,77.5656816666667
2025-10-17 00:04:42.298,,,,,,,,,,,,,,,,,,,,,,13.74,,,,,,13.0157733333333,77.5656816666667
2025-10-17 00:04:42.298,,,,,,,,,,,,,,,,,,,,,,,,16.488,,,,13.0157733333333,77.5656816666667
2025-10-17 00:04:42.351,,0.0,,,,,,,,,,,,,,,,,,,,,,,,,,13.0157733333333,77.5656816666667
2025-10-17 00:04:42.351,,,,,,,,,0.0,,,,,,,,,,,,,,,,,,,13.0157733333333,77.5656816666667
2025-10-17 00:04:42.351,,,,,,,,,,0.0,,,,,,,,,,,,,,,,,,13.0157733333333,77.5656816666667
2025-10-17 00:04:42.351,,,,,,,,,,,,,,,,,,,,,,,,,,0.0,,13.0157733333333,77.5656816666667
2025-10-17 00:04:42.351,,,,,,,,,,,,,,,,,,,,,,,,,,,0.0,13.0157733333333,77.5656816666667
2025-10-17 00:04:42.400,,,,,,,,,,,801.0,,,,,,,,,,,,,,,,,13.0157733333333,77.5656816666667
2025-10-17 00:04:42.400,,,,,,,,,,,,0.8,,,,,,,,,,,,,,,,13.0157733333333,77.5656816666667
2025-10-17 00:04:42.449,,,,,,21.1764705882353,,,,,,,,,,,,,,,,,,,,,,13.0157733333333,77.5656816666667
2025-10-17 00:04:42.500,,,,,,,0.838099547511312,,,,,,,,,,,,,,,,,,,,,13.0157733333333,77.5656816666667
2025-10-17 00:04:42.500,,,,,,,,,,,,,,,0.014795636888663,,,,,,,,,,,,,13.0157733333333,77.5656816666667
2025-10-17 00:04:42.500,,,,,,,,,,,,,,,,0.014795636888663,,,,,,,,,,,,13.0157733333333,77.5656816666667
2025-10-17 00:04:42.500,,,,,,,,,,,,,,,,,0.0149435932575496,,,,,,,,,,,13.0157733333333,77.5656816666667
2025-10-17 00:04:42.500,,,,,,,,,,,,,,,,,,0.01,,,,,,,,,,13.0157733333333,77.5656816666667
2025-10-17 00:04:42.500,,,,,,,,,,,,,,,,,,,3.71087484752993,,,,,,,,,13.0157733333333,77.5656816666667
2025-10-17 00:04:42.500,,,,,,,,,,,,,,,,,,,,,,13.72,,,,,,13.0157733333333,77.5656816666667
2025-10-17 00:04:42.500,,,,,,,,,,,,,,,,,,,,,,,,16.464,,,,13.0157733333333,77.5656816666667
2025-10-17 00:04:42.554,,0.0,,,,,,,,,,,,,,,,,,,,,,,,,,13.0157733333333,77.5656816666667
2025-10-17 00:04:42.554,,,,,,,,,0.0,,,,,,,,,,,,,,,,,,,13.0157733333333,77.5656816666667
2025-10-17 00:04:42.554,,,,,,,,,,0.0,,,,,,,,,,,,,,,,,,13.0157733333333,77.5656816666667
2025-10-17 00:04:42.554,,,,,,,,,,,,,,,,,,,,,,,,,,0.0,,13.0157733333333,77.5656816666667
2025-10-17 00:04:42.554,,,,,,,,,,,,,,,,,,,,,,,,,,,0.0,13.0157733333333,77.5656816666667
2025-10-17 00:04:42.608,,,,,,,,,,,801.0,,,,,,,,,,,,,,,,,13.0157733333333,77.5656816666667
2025-10-17 00:04:42.608,,,,,,,,,,,,0.8,,,,,,,,,,,,,,,,13.0157733333333,77.5656816666667
2025-10-17 00:04:42.659,,,,,,21.1764705882353,,,,,,,,,,,,,,,,,,,,,,13.0157733333333,77.5656816666667
2025-10-17 00:04:42.709,,,,,,,0.832601809954751,,,,,,,,,,,,,,,,,,,,,13.0157733333333,77.5656816666667
2025-10-17 00:04:42.709,,,,,,,,,,,,,,,0.0148439549225826,,,,,,,,,,,,,13.0157733333333,77.5656816666667
2025-10-17 00:04:42.709,,,,,,,,,,,,,,,,0.0148439549225826,,,,,,,,,,,,13.0157733333333,77.5656816666667
2025-10-17 00:04:42.709,,,,,,,,,,,,,,,,,0.0149923944718085,,,,,,,,,,,13.0157733333333,77.5656816666667
2025-10-17 00:04:42.709,,,,,,,,,,,,,,,,,,0.01,,,,,,,,,,13.0157733333333,77.5656816666667
2025-10-17 00:04:42.709,,,,,,,,,,,,,,,,,,,3.6865323740403,,,,,,,,,13.0157733333333,77.5656816666667
2025-10-17 00:04:42.709,,,,,,,,,,,,,,,,,,,,,,13.63,,,,,,13.0157733333333,77.5656816666667
2025-10-17 00:04:42.709,,,,,,,,,,,,,,,,,,,,,,,,16.356,,,,13.0157733333333,77.5656816666667
2025-10-17 00:04:42.764,,0.0,,,,,,,,,,,,,,,,,,,,,,,,,,13.0157733333333,77.5656816666667
2025-10-17 00:04:42.764,,,,,,,,,0.0,,,,,,,,,,,,,,,,,,,13.0157733333333,77.5656816666667
2025-10-17 00:04:42.764,,,,,,,,,,0.0,,,,,,,,,,,,,,,,,,13.0157733333333,77.5656816666667
2025-10-17 00:04:42.764,,,,,,,,,,,,,,,,,,,,,,,,,,0.0,,13.0157733333333,77.5656816666667
2025-10-17 00:04:42.764,,,,,,,,,,,,,,,,,,,,,,,,,,,0.0,13.0157733333333,77.5656816666667
2025-10-17 00:04:42.839,,,,,,,,,,,800.0,,,,,,,,,,,,,,,,,13.0157733333333,77.5656816666667
2025-10-17 00:04:42.839,,,,,,,,,,,,0.8,,,,,,,,,,,,,,,,13.0157733333333,77.5656816666667
2025-10-17 00:04:42.888,,,,,,21.1764705882353,,,,,,,,,,,,,,,,,,,,,,13.0157733333333,77.5656816666667
2025-10-17 00:04:42.947,,,,,,,0.836266968325792,,,,,,,,,,,,,,,,,,,,,13.0157733333333,77.5656816666667
2025-10-17 00:04:42.947,,,,,,,,,,,,,,,0.0148992477562761,,,,,,,,,,,,,13.0157733333333,77.5656816666667
2025-10-17 00:04:42.947,,,,,,,,,,,,,,,,0.0148992477562761,,,,,,,,,,,,13.0157733333333,77.5656816666667
2025-10-17 00:04:42.947,,,,,,,,,,,,,,,,,0.0150482402338388,,,,,,,,,,,13.0157733333333,77.5656816666667
2025-10-17 00:04:42.947,,,,,,,,,,,,,,,,,,0.01,,,,,,,,,,13.0157733333333,77.5656816666667
2025-10-17 00:04:42.947,,,,,,,,,,,,,,,,,,,3.70276068970006,,,,,,,,,13.0157733333333,77.5656816666667
2025-10-17 00:04:42.947,,,,,,,,,,,,,,,,,,,,,,13.69,,,,,,13.0157733333333,77.5656816666667
2025-10-17 00:04:42.947,,,,,,,,,,,,,,,,,,,,,,,,16.428,,,,13.0157733333333,77.5656816666667
2025-10-17 00:04:43.011,,0.0,,,,,,,,,,,,,,,,,,,,,,,,,,13.0157733333333,77.5656816666667
2025-10-17 00:04:43.011,,,,,,,,,0.0,,,,,,,,,,,,,,,,,,,13.0157733333333,77.5656816666667
2025-10-17 00:04:43.011,,,,,,,,,,0.0,,,,,,,,,,,,,,,,,,13.0157733333333,77.5656816666667
2025-10-17 00:04:43.011,,,,,,,,,,,,,,,,,,,,,,,,,,0.0,,13.0157733333333,77.5656816666667
2025-10-17 00:04:43.011,,,,,,,,,,,,,,,,,,,,,,,,,,,0.0,13.0157733333333,77.5656816666667
2025-10-17 00:04:43.063,,,,,,,,,,,802.0,,,,,,,,,,,,,,,,,13.0157733333333,77.5656816666667
2025-10-17 00:04:43.063,,,,,,,,,,,,0.8,,,,,,,,,,,,,,,,13.0157733333333,77.5656816666667
2025-10-17 00:04:43.113,,,,,,21.1764705882353,,,,,,,,,,,,,,,,,,,,,,13.0157733333333,77.5656816666667
2025-10-17 00:04:43.166,,,,,,,0.834434389140272,,,,,,,,,,,,,,,,,,,,,13.0157733333333,77.5656816666667
2025-10-17 00:04:43.166,,,,,,,,,,,,,,,0.0149500262875204,,,,,,,,,,,,,13.0157733333333,77.5656816666667
2025-10-17 00:04:43.166,,,,,,,,,,,,,,,,0.0149500262875204,,,,,,,,,,,,13.0157733333333,77.5656816666667
2025-10-17 00:04:43.166,,,,,,,,,,,,,,,,,0.0150995265503956,,,,,,,,,,,13.0157733333333,77.5656816666667
2025-10-17 00:04:43.166,,,,,,,,,,,,,,,,,,0.01,,,,,,,,,,13.0157733333333,77.5656816666667
2025-10-17 00:04:43.166,,,,,,,,,,,,,,,,,,,3.69464653187018,,,,,,,,,13.0157733333333,77.5656816666667
2025-10-17 00:04:43.166,,,,,,,,,,,,,,,,,,,,,,13.66,,,,,,13.0157733333333,77.5656816666667
2025-10-17 00:04:43.166,,,,,,,,,,,,,,,,,,,,,,,,16.392,,,,13.0157733333333,77.5656816666667
2025-10-17 00:04:43.223,,0.0,,,,,,,,,,,,,,,,,,,,,,,,,,13.0157733333333,77.5656816666667
2025-10-17 00:04:43.223,,,,,,,,,0.0,,,,,,,,,,,,,,,,,,,13.0157733333333,77.5656816666667
2025-10-17 00:04:43.223,,,,,,,,,,0.0,,,,,,,,,,,,,,,,,,13.0157733333333,77.5656816666667
2025-10-17 00:04:43.223,,,,,,,,,,,,,,,,,,,,,,,,,,0.0,,13.0157733333333,77.5656816666667
2025-10-17 00:04:43.223,,,,,,,,,,,,,,,,,,,,,,,,,,,0.0,13.0157733333333,77.5656816666667
2025-10-17 00:04:43.274,,,,,,,,,,,798.0,,,,,,,,,,,,,,,,,13.0157733333333,77.5656816666667
2025-10-17 00:04:43.274,,,,,,,,,,,,0.8,,,,,,,,,,,,,,,,13.0157733333333,77.5656816666667
2025-10-17 00:04:43.325,,,,,,20.7843137254902,,,,,,,,,,,,,,,,,,,,,,13.0157733333333,77.5656816666667
2025-10-17 00:04:43.374,,,,,,,0.817183257918552,,,,,,,,,,,,,,,,,,,,,13.0157733333333,77.5656816666667
2025-10-17 00:04:43.374,,,,,,,,,,,,,,,0.014997192811294,,,,,,,,,,,,,13.0157733333333,77.5656816666667
2025-10-17 00:04:43.374,,,,,,,,,,,,,,,,0.014997192811294,,,,,,,,,,,,13.0157733333333,77.5656816666667
2025-10-17 00:04:43.374,,,,,,,,,,,,,,,,,0.0151471647394069,,,,,,,,,,,13.0157733333333,77.5656816666667
2025-10-17 00:04:43.374,,,,,,,,,,,,,,,,,,0.01,,,,,,,,,,13.0157733333333,77.5656816666667
2025-10-17 00:04:43.374,,,,,,,,,,,,,,,,,,,3.61826325600252,,,,,,,,,13.0157733333333,77.5656816666667
2025-10-17 00:04:43.374,,,,,,,,,,,,,,,,,,,,,,13.63,,,,,,13.0157733333333,77.5656816666667
2025-10-17 00:04:43.374,,,,,,,,,,,,,,,,,,,,,,,,16.356,,,,13.0157733333333,77.5656816666667
2025-10-17 00:04:43.431,,0.0,,,,,,,,,,,,,,,,,,,,,,,,,,13.0157733333333,77.5656816666667
2025-10-17 00:04:43.431,,,,,,,,,0.0,,,,,,,,,,,,,,,,,,,13.0157733333333,77.5656816666667
2025-10-17 00:04:43.431,,,,,,,,,,0.0,,,,,,,,,,,,,,,,,,13.0157733333333,77.5656816666667
2025-10-17 00:04:43.431,,,,,,,,,,,,,,,,,,,,,,,,,,0.0,,13.0157733333333,77.5656816666667
2025-10-17 00:04:43.431,,,,,,,,,,,,,,,,,,,,,,,,,,,0.0,13.0157733333333,77.5656816666667
2025-10-17 00:04:43.484,,,,,,,,,,,801.0,,,,,,,,,,,,,,,,,13.0157733333333,77.5656816666667
2025-10-17 00:04:43.484,,,,,,,,,,,,0.8,,,,,,,,,,,,,,,,13.0157733333333,77.5656816666667
2025-10-17 00:04:43.533,,,,,,21.1764705882353,,,,,,,,,,,,,,,,,,,,,,13.0157733333333,77.5656816666667
2025-10-17 00:04:43.583,,,,,,,0.834434389140272,,,,,,,,,,,,,,,,,,,,,13.0157733333333,77.5656816666667
2025-10-17 00:04:43.583,,,,,,,,,,,,,,,0.0150456303832171,,,,,,,,,,,,,13.0157733333333,77.5656816666667
2025-10-17 00:04:43.583,,,,,,,,,,,,,,,,0.0150456303832171,,,,,,,,,,,,13.0157733333333,77.5656816666667
2025-10-17 00:04:43.583,,,,,,,,,,,,,,,,,0.0151960866870492,,,,,,,,,,,13.0157733333333,77.5656816666667
2025-10-17 00:04:43.583,,,,,,,,,,,,,,,,,,0.01,,,,,,,,,,13.0157733333333,77.5656816666667
2025-10-17 00:04:43.583,,,,,,,,,,,,,,,,,,,3.69464653187018,,,,,,,,,13.0157733333333,77.5656816666667
2025-10-17 00:04:43.583,,,,,,,,,,,,,,,,,,,,,,13.66,,,,,,13.0157733333333,77.5656816666667
2025-10-17 00:04:43.583,,,,,,,,,,,,,,,,,,,,,,,,16.392,,,,13.0157733333333,77.5656816666667
2025-10-17 00:04:43.637,,0.0,,,,,,,,,,,,,,,,,,,,,,,,,,13.0157733333333,77.5656816666667
2025-10-17 00:04:43.637,,,,,,,,,0.0,,,,,,,,,,,,,,,,,,,13.0157733333333,77.5656816666667
2025-10-17 00:04:43.637,,,,,,,,,,0.0,,,,,,,,,,,,,,,,,,13.0157733333333,77.5656816666667
2025-10-17 00:04:43.637,,,,,,,,,,,,,,,,,,,,,,,,,,0.0,,13.0157733333333,77.5656816666667
2025-10-17 00:04:43.637,,,,,,,,,,,,,,,,,,,,,,,,,,,0.0,13.0157733333333,77.5656816666667
2025-10-17 00:04:43.690,,,,,,,,,,,801.0,,,,,,,,,,,,,,,,,13.0157733333333,77.5656816666667
2025-10-17 00:04:43.690,,,,,,,,,,,,0.8,,,,,,,,,,,,,,,,13.0157733333333,77.5656816666667
2025-10-17 00:04:43.740,,,,,,21.1764705882353,,,,,,,,,,,,,,,,,,,,,,13.0157733333333,77.5656816666667
2025-10-17 00:04:43.791,,,,,,,0.832601809954751,,,,,,,,,,,,,,,,,,,,,13.0157733333333,77.5656816666667
2025-10-17 00:04:43.791,,,,,,,,,,,,,,,0.0150938516965598,,,,,,,,,,,,,13.0157733333333,77.5656816666667
2025-10-17 00:04:43.791,,,,,,,,,,,,,,,,0.0150938516965598,,,,,,,,,,,,13.0157733333333,77.5656816666667
2025-10-17 00:04:43.791,,,,,,,,,,,,,,,,,0.0152447902135254,,,,,,,,,,,13.0157733333333,77.5656816666667
2025-10-17 00:04:43.791,,,,,,,,,,,,,,,,,,0.01,,,,,,,,,,13.0157733333333,77.5656816666667
2025-10-17 00:04:43.791,,,,,,,,,,,,,,,,,,,3.6865323740403,,,,,,,,,13.0157733333333,77.5656816666667
2025-10-17 00:04:43.791,,,,,,,,,,,,,,,,,,,,,,13.63,,,,,,13.0157733333333,77.5656816666667
2025-10-17 00:04:43.791,,,,,,,,,,,,,,,,,,,,,,,,16.356,,,,13.0157733333333,77.5656816666667
2025-10-17 00:04:43.846,,0.0,,,,,,,,,,,,,,,,,,,,,,,,,,13.0157733333333,77.5656816666667
2025-10-17 00:04:43.846,,,,,,,,,0.0,,,,,,,,,,,,,,,,,,,13.0157733333333,77.5656816666667
2025-10-17 00:04:43.846,,,,,,,,,,0.0,,,,,,,,,,,,,,,,,,13.0157733333333,77.5656816666667
2025-10-17 00:04:43.846,,,,,,,,,,,,,,,,,,,,,,,,,,0.0,,13.0157733333333,77.5656816666667
2025-10-17 00:04:43.846,,,,,,,,,,,,,,,,,,,,,,,,,,,0.0,13.0157733333333,77.5656816666667
2025-10-17 00:04:43.899,,,,,,,,,,,797.0,,,,,,,,,,,,,,,,,13.0157733333333,77.5656816666667
2025-10-17 00:04:43.899,,,,,,,,,,,,0.8,,,,,,,,,,,,,,,,13.0157733333333,77.5656816666667
2025-10-17 00:04:43.949,,,,,,21.1764705882353,,,,,,,,,,,,,,,,,,,,,,13.0157733333333,77.5656816666667
2025-10-17 00:04:44.000,,,,,,,0.839321266968326,,,,,,,,,,,,,,,,,,,,,13.0157733333333,77.5656816666667
2025-10-17 00:04:44.000,,,,,,,,,,,,,,,0.0151424551124874,,,,,,,,,,,,,13.0157733333333,77.5656816666667
2025-10-17 00:04:44.000,,,,,,,,,,,,,,,,0.0151424551124874,,,,,,,,,,,,13.0157733333333,77.5656816666667
2025-10-17 00:04:44.000,,,,,,,,,,,,,,,,,0.0152938796636123,,,,,,,,,,,13.0157733333333,77.5656816666667
2025-10-17 00:04:44.000,,,,,,,,,,,,,,,,,,0.01,,,,,,,,,,13.0157733333333,77.5656816666667
2025-10-17 00:04:44.000,,,,,,,,,,,,,,,,,,,3.71628428608318,,,,,,,,,13.0157733333333,77.5656816666667
2025-10-17 00:04:44.000,,,,,,,,,,,,,,,,,,,,,,13.74,,,,,,13.0157733333333,77.5656816666667
2025-10-17 00:04:44.000,,,,,,,,,,,,,,,,,,,,,,,,16.488,,,,13.0157733333333,77.5656816666667
2025-10-17 00:04:44.055,,0.0,,,,,,,,,,,,,,,,,,,,,,,,,,13.0157733333333,77.5656816666667
2025-10-17 00:04:44.055,,,,,,,,,0.0,,,,,,,,,,,,,,,,,,,13.0157733333333,77.5656816666667
2025-10-17 00:04:44.055,,,,,,,,,,0.0,,,,,,,,,,,,,,,,,,13.0157733333333,77.5656816666667
2025-10-17 00:04:44.055,,,,,,,,,,,,,,,,,,,,,,,,,,0.0,,13.0157733333333,77.5656816666667
2025-10-17 00:04:44.055,,,,,,,,,,,,,,,,,,,,,,,,,,,0.0,13.0157733333333,77.5656816666667
2025-10-17 00:04:44.109,,,,,,,,,,,799.0,,,,,,,,,,,,,,,,,13.0157733333333,77.5656816666667
2025-10-17 00:04:44.109,,,,,,,,,,,,0.8,,,,,,,,,,,,,,,,13.0157733333333,77.5656816666667
2025-10-17 00:04:44.158,,,,,,20.7843137254902,,,,,,,,,,,,,,,,,,,,,,13.0157733333333,77.5656816666667
2025-10-17 00:04:44.229,,,,,,,0.820780542986425,,,,,,,,,,,,,,,,,,,,,13.0157733333333,77.5656816666667
2025-10-17 00:04:44.229,,,,,,,,,,,,,,,0.0151946834075896,,,,,,,,,,,,,13.0157733333333,77.5656816666667
2025-10-17 00:04:44.229,,,,,,,,,,,,,,,,0.0151946834075896,,,,,,,,,,,,13.0157733333333,77.5656816666667
2025-10-17 00:04:44.229,,,,,,,,,,,,,,,,,0.0153466302416655,,,,,,,,,,,13.0157733333333,77.5656816666667
2025-10-17 00:04:44.229,,,,,,,,,,,,,,,,,,0.01,,,,,,,,,,13.0157733333333,77.5656816666667
2025-10-17 00:04:44.229,,,,,,,,,,,,,,,,,,,3.6341910472982,,,,,,,,,13.0157733333333,77.5656816666667
2025-10-17 00:04:44.229,,,,,,,,,,,,,,,,,,,,,,13.69,,,,,,13.0157733333333,77.5656816666667
2025-10-17 00:04:44.229,,,,,,,,,,,,,,,,,,,,,,,,16.428,,,,13.0157733333333,77.5656816666667
2025-10-17 00:04:44.284,,0.0,,,,,,,,,,,,,,,,,,,,,,,,,,13.0157733333333,77.5656816666667
2025-10-17 00:04:44.284,,,,,,,,,0.0,,,,,,,,,,,,,,,,,,,13.0157733333333,77.5656816666667
2025-10-17 00:04:44.284,,,,,,,,,,0.0,,,,,,,,,,,,,,,,,,13.0157733333333,77.5656816666667
2025-10-17 00:04:44.284,,,,,,,,,,,,,,,,,,,,,,,,,,0.0,,13.0157733333333,77.5656816666667
2025-10-17 00:04:44.284,,,,,,,,,,,,,,,,,,,,,,,,,,,0.0,13.0157733333333,77.5656816666667
2025-10-17 00:04:44.348,,,,,,,,,,,802.0,,,,,,,,,,,,,,,,,13.0157733333333,77.5656816666667
2025-10-17 00:04:44.348,,,,,,,,,,,,0.8,,,,,,,,,,,,,,,,13.0157733333333,77.5656816666667
2025-10-17 00:04:44.395,,,,,,21.1764705882353,,,,,,,,,,,,,,,,,,,,,,13.0157733333333,77.5656816666667
2025-10-17 00:04:44.465,,,,,,,0.838099547511312,,,,,,,,,,,,,,,,,,,,,13.0157733333333,77.5656816666667
2025-10-17 00:04:44.465,,,,,,,,,,,,,,,0.0152495598379063,,,,,,,,,,,,,13.0157733333333,77.5656816666667
2025-10-17 00:04:44.465,,,,,,,,,,,,,,,,0.0152495598379063,,,,,,,,,,,,13.0157733333333,77.5656816666667
2025-10-17 00:04:44.465,,,,,,,,,,,,,,,,,0.0154020554362854,,,,,,,,,,,13.0157733333333,77.5656816666667
2025-10-17 00:04:44.465,,,,,,,,,,,,,,,,,,0.01,,,,,,,,,,13.0157733333333,77.5656816666667
2025-10-17 00:04:44.465,,,,,,,,,,,,,,,,,,,3.71087484752993,,,,,,,,,13.0157733333333,77.5656816666667
2025-10-17 00:04:44.465,,,,,,,,,,,,,,,,,,,,,,13.72,,,,,,13.0157733333333,77.5656816666667
2025-10-17 00:04:44.465,,,,,,,,,,,,,,,,,,,,,,,,16.464,,,,13.0157733333333,77.5656816666667
2025-10-17 00:04:44.545,,0.0,,,,,,,,,,,,,,,,,,,,,,,,,,13.0157733333333,77.5656816666667
2025-10-17 00:04:44.545,,,,,,,,,0.0,,,,,,,,,,,,,,,,,,,13.0157733333333,77.5656816666667
2025-10-17 00:04:44.545,,,,,,,,,,0.0,,,,,,,,,,,,,,,,,,13.0157733333333,77.5656816666667
2025-10-17 00:04:44.545,,,,,,,,,,,,,,,,,,,,,,,,,,0.0,,13.0157733333333,77.5656816666667
2025-10-17 00:04:44.545,,,,,,,,,,,,,,,,,,,,,,,,,,,0.0,13.0157733333333,77.5656816666667
2025-10-17 00:04:44.619,,,,,,,,,,,798.0,,,,,,,,,,,,,,,,,13.0157733333333,77.5656816666667
2025-10-17 00:04:44.619,,,,,,,,,,,,0.8,,,,,,,,,,,,,,,,13.0157733333333,77.5656816666667
2025-10-17 00:04:44.850,,,,,,,,,,,802.0,,,,,,,,,,,,,,,,,13.0157733333333,77.5656816666667
2025-10-17 00:04:44.850,,,,,,,,,,,,0.8,,,,,,,,,,,,,,,,13.0157733333333,77.5656816666667
2025-10-17 00:04:44.914,,0.0,,,,,,,,,,,,,,,,,,,,,,,,,,13.0157733333333,77.56568
2025-10-17 00:04:44.914,,,,,,,,,0.0,,,,,,,,,,,,,,,,,,,13.0157733333333,77.56568
2025-10-17 00:04:44.914,,,,,,,,,,0.0,,,,,,,,,,,,,,,,,,13.0157733333333,77.56568
2025-10-17 00:04:44.914,,,,,,,,,,,,,,,,,,,,,,,,,,0.0,,13.0157733333333,77.56568
2025-10-17 00:04:44.914,,,,,,,,,,,,,,,,,,,,,,,,,,,0.0,13.0157733333333,77.56568
2025-10-17 00:04:44.999,,,,,,,,,,,,,79.0,,,,,,,,,,,,,,,13.0157733333333,77.56568
2025-10-17 00:04:45.051,,,,,,,,,,,798.0,,,,,,,,,,,,,,,,,13.0157733333333,77.56568
2025-10-17 00:04:45.051,,,,,,,,,,,,0.8,,,,,,,,,,,,,,,,13.0157733333333,77.56568
2025-10-17 00:04:45.098,,0.0,,,,,,,,,,,,,,,,,,,,,,,,,,13.0157733333333,77.56568
2025-10-17 00:04:45.098,,,,,,,,,0.0,,,,,,,,,,,,,,,,,,,13.0157733333333,77.56568
2025-10-17 00:04:45.098,,,,,,,,,,0.0,,,,,,,,,,,,,,,,,,13.0157733333333,77.56568
2025-10-17 00:04:45.098,,,,,,,,,,,,,,,,,,,,,,,,,,0.0,,13.0157733333333,77.56568
2025-10-17 00:04:45.098,,,,,,,,,,,,,,,,,,,,,,,,,,,0.0,13.0157733333333,77.56568
2025-10-17 00:04:45.144,,,,,,,,,,,798.0,,,,,,,,,,,,,,,,,13.0157733333333,77.56568
2025-10-17 00:04:45.144,,,,,,,,,,,,0.8,,,,,,,,,,,,,,,,13.0157733333333,77.56568
2025-10-17 00:04:45.191,,0.0,,,,,,,,,,,,,,,,,,,,,,,,,,13.0157733333333,77.56568
2025-10-17 00:04:45.191,,,,,,,,,0.0,,,,,,,,,,,,,,,,,,,13.0157733333333,77.56568
2025-10-17 00:04:45.191,,,,,,,,,,0.0,,,,,,,,,,,,,,,,,,13.0157733333333,77.56568
2025-10-17 00:04:45.191,,,,,,,,,,,,,,,,,,,,,,,,,,0.0,,13.0157733333333,77.56568
2025-10-17 00:04:45.191,,,,,,,,,,,,,,,,,,,,,,,,,,,0.0,13.0157733333333,77.56568
2025-10-17 00:04:45.251,,,,,,,,,,,,,79.0,,,,,,,,,,,,,,,13.0157733333333,77.56568
2025-10-17 00:04:45.298,,,,,,,,,,,799.0,,,,,,,,,,,,,,,,,13.0157733333333,77.56568
2025-10-17 00:04:45.298,,,,,,,,,,,,0.8,,,,,,,,,,,,,,,,13.0157733333333,77.56568
2025-10-17 00:04:45.345,,0.0,,,,,,,,,,,,,,,,,,,,,,,,,,13.0157733333333,77.56568
2025-10-17 00:04:45.345,,,,,,,,,0.0,,,,,,,,,,,,,,,,,,,13.0157733333333,77.56568
2025-10-17 00:04:45.345,,,,,,,,,,0.0,,,,,,,,,,,,,,,,,,13.0157733333333,77.56568
2025-10-17 00:04:45.345,,,,,,,,,,,,,,,,,,,,,,,,,,0.0,,13.0157733333333,77.56568
2025-10-17 00:04:45.345,,,,,,,,,,,,,,,,,,,,,,,,,,,0.0,13.0157733333333,77.56568
2025-10-17 00:04:45.392,,,,,,,,,,,799.0,,,,,,,,,,,,,,,,,13.0157733333333,77.56568
2025-10-17 00:04:45.392,,,,,,,,,,,,0.8,,,,,,,,,,,,,,,,13.0157733333333,77.56568
2025-10-17 00:04:45.449,,0.0,,,,,,,,,,,,,,,,,,,,,,,,,,13.0157733333333,77.56568
2025-10-17 00:04:45.449,,,,,,,,,0.0,,,,,,,,,,,,,,,,,,,13.0157733333333,77.56568
2025-10-17 00:04:45.449,,,,,,,,,,0.0,,,,,,,,,,,,,,,,,,13.0157733333333,77.56568
2025-10-17 00:04:45.449,,,,,,,,,,,,,,,,,,,,,,,,,,0.0,,13.0157733333333,77.56568
2025-10-17 00:04:45.449,,,,,,,,,,,,,,,,,,,,,,,,,,,0.0,13.0157733333333,77.56568
2025-10-17 00:04:45.495,,,,,,,,,,,,,79.0,,,,,,,,,,,,,,,13.0157733333333,77.56568
2025-10-17 00:04:45.570,,,,,,,,,,,801.0,,,,,,,,,,,,,,,,,13.0157733333333,77.56568
2025-10-17 00:04:45.570,,,,,,,,,,,,0.8,,,,,,,,,,,,,,,,13.0157733333333,77.56568
2025-10-17 00:04:45.615,,0.0,,,,,,,,,,,,,,,,,,,,,,,,,,13.0157733333333,77.56568
2025-10-17 00:04:45.615,,,,,,,,,0.0,,,,,,,,,,,,,,,,,,,13.0157733333333,77.56568
2025-10-17 00:04:45.615,,,,,,,,,,0.0,,,,,,,,,,,,,,,,,,13.0157733333333,77.56568
2025-10-17 00:04:45.615,,,,,,,,,,,,,,,,,,,,,,,,,,0.0,,13.0157733333333,77.56568
2025-10-17 00:04:45.615,,,,,,,,,,,,,,,,,,,,,,,,,,,0.0,13.0157733333333,77.56568
2025-10-17 00:04:47.651,851.5,,,,,,,,,,,,,,,,,,,,,,,,,,,13.0157733333333,77.5656883333333
2025-10-17 00:04:53.684,851.6,,,,,,,,,,,,,,,,,,,,,,,,,,,13.0157783333333,77.565685
2025-10-17 00:04:55.452,851.8,,,,,,,,,,,,,,,,,,,,,,,,,,,13.0157766666667,77.5656783333333
2025-10-17 00:04:56.718,852.2,,,,,,,,,,,,,,,,,,,,,,,,,,,13.01578,77.5656616666667
2025-10-17 00:04:57.605,873.700012207031,,,,,,,,,,,,,,,,,,,,,,,,,,,13.0158772,77.5656552
2025-10-17 00:05:01.714,852.2,,,,,,,,,,,,,,,,,,,,,,,,,,,13.0157833333333,77.56566
2025-10-17 00:05:03.462,852.6,,,,,,,,,,,,,,,,,,,,,,,,,,,13.01577,77.5656533333333
2025-10-17 00:05:04.710,852.8,,,,,,,,,,,,,,,,,,,,,,,,,,,13.0157583333333,77.5656483333333
2025-10-17 00:05:06.975,852.7,,,,,,,,,,,,,,,,,,,,,,,,,,,13.015765,77.5656516666667
2025-10-17 00:05:11.225,853.1,,,,,,,,,,,,,,,,,,,,,,,,,,,13.0157583333333,77.5656666666667
2025-10-17 00:05:12.984,,,0.160263070591826,,,,,,,,,,,,,,,,,,,,,,,,,13.0157833333333,77.5656733333333
2025-10-17 00:05:12.984,,,,,,,,,,,,,,,,,,,,,,,,,0.135269004106522,,,13.0157833333333,77.5656733333333
2025-10-17 00:05:12.985,853.9,,,,,,,,,,,,,,,,,,,,,,,,,,,13.0157833333333,77.5656733333333
2025-10-17 00:05:14.254,854.0,,,,,,,,,,,,,,,,,,,,,,,,,,,13.0157833333333,77.5656666666667
2025-10-17 00:05:14.254,,,0.159620950299932,,,,,,,,,,,,,,,,,,,,,,,,,13.0157833333333,77.5656666666667
2025-10-17 00:05:14.254,,,,,,,,,,,,,,,,,,,,,,,,,0.0,,,13.0157833333333,77.5656666666667
2025-10-17 00:05:15.524,854.1,,,,,,,,,,,,,,,,,,,,,,,,,,,13.0157866666667,77.5656733333333
2025-10-17 00:05:16.910,854.1,,,,,,,,,,,,,,,,,,,,,,,,,,,13.0157866666667,77.5656733333333
2025-10-17 00:05:16.910,,,0.158294513587606,,,,,,,,,,,,,,,,,,,,,,,,,13.0157866666667,77.5656733333333
2025-10-17 00:05:16.910,,,,,,,,,,,,,,,,,,,,,,,,,0.0,,,13.0157866666667,77.5656733333333
2025-10-17 00:05:17.266,,,0.158169775515273,,,,,,,,,,,,,,,,,,,,,,,,,13.0157866666667,77.5656733333333
2025-10-17 00:05:17.266,,,,,,,,,,,,,,,,,,,,,,,,,0.0463249985128641,,,13.0157866666667,77.5656733333333
2025-10-17 00:05:17.267,853.5,,,,,,,,,,,,,,,,,,,,,,,,,,,13.0157866666667,77.5656733333333
2025-10-17 00:05:17.272,,,0.158167727489015,,,,,,,,,,,,,,,,,,,,,,,,,13.015775,77.5656566666667
2025-10-17 00:05:17.273,853.5,,,,,,,,,,,,,,,,,,,,,,,,,,,13.015775,77.5656566666667
2025-10-17 00:05:17.273,853.5,,,,,,,,,,,,,,,,,,,,,,,,,,,13.015775,77.5656566666667
2025-10-17 00:05:17.273,,,0.158167449950351,,,,,,,,,,,,,,,,,,,,,,,,,13.015775,77.5656566666667
2025-10-17 00:05:17.273,,,,,,,,,,,,,,,,,,,,,,,,,0.0463249985128641,,,13.015775,77.5656566666667
2025-10-17 00:05:17.273,,,,,,,,,,,,,,,,,,,,,,,,,0.0463249985128641,,,13.015775,77.5656566666667
2025-10-17 00:05:17.279,,,0.158165213961763,,,,,,,,,,,,,,,,,,,,,,,,,13.015775,77.5656566666667
2025-10-17 00:05:17.279,,,,,,,,,,,,,,,,,,,,,,,,,0.0463249985128641,,,13.015775,77.5656566666667
2025-10-17 00:05:17.280,873.700012207031,,,,,,,,,,,,,,,,,,,,,,,,,,,13.015775,77.5656566666667
2025-10-17 00:05:17.417,,,,,,,,,,,,,,,,,,,,,,,12.6,,,,,13.015775,77.5656566666667
2025-10-17 00:05:17.805,873.700012207031,,,,,,,,,,,,,,,,,,,,,,,,,,,13.0159259,77.5656373
2025-10-17 00:05:17.808,,,0.157904260156071,,,,,,,,,,,,,,,,,,,,,,,,,13.0159259,77.5656373
2025-10-17 00:05:17.808,,,,,,,,,,,,,,,,,,,,,,,,,0.0,,,13.0159259,77.5656373
2025-10-17 00:05:17.809,873.700012207031,,,,,,,,,,,,,,,,,,,,,,,,,,,13.0159259,77.5656373
2025-10-17 00:05:17.809,,,0.157903556122177,,,,,,,,,,,,,,,,,,,,,,,,,13.0159259,77.5656373
2025-10-17 00:05:17.809,,,,,,,,,,,,,,,,,,,,,,,,,0.0,,,13.0159259,77.5656373
2025-10-17 00:05:17.810,873.700012207031,,,,,,,,,,,,,,,,,,,,,,,,,,,13.0159259,77.5656373
2025-10-17 00:05:17.818,,,0.157901306791195,,,,,,,,,,,,,,,,,,,,,,,,,13.0159259,77.5656373
2025-10-17 00:05:17.818,,,,,,,,,,,,,,,,,,,,,,,,,0.0778259977698326,,,13.0159259,77.5656373
2025-10-17 00:05:17.819,853.4,,,,,,,,,,,,,,,,,,,,,,,,,,,13.0159259,77.5656373
2025-10-17 00:05:17.948,873.700012207031,,,,,,,,,,,,,,,,,,,,,,,,,,,13.0159259,77.5656373
2025-10-17 00:05:17.948,,,0.157837694486676,,,,,,,,,,,,,,,,,,,,,,,,,13.0159259,77.5656373
2025-10-17 00:05:17.948,,,,,,,,,,,,,,,,,,,,,,,,,0.0,,,13.0159259,77.5656373
2025-10-17 00:05:18.609,,,0.157775997106182,,,,,,,,,,,,,,,,,,,,,,,,,13.0159259,77.5656373
2025-10-17 00:05:18.609,,,,,,,,,,,,,,,,,,,,,,,,,0.127857001125813,,,13.0159259,77.5656373
2025-10-17 00:05:18.610,852.9,,,,,,,,,,,,,,,,,,,,,,,,,,,13.0159259,77.5656373
2025-10-17 00:05:18.612,852.9,,,,,,,,,,,,,,,,,,,,,,,,,,,13.0159259,77.5656373
2025-10-17 00:05:18.612,,,0.157775749414914,,,,,,,,,,,,,,,,,,,,,,,,,13.0159259,77.5656373
2025-10-17 00:05:18.612,,,,,,,,,,,,,,,,,,,,,,,,,0.127857001125813,,,13.0159259,77.5656373
2025-10-17 00:05:18.624,873.700012207031,,,,,,,,,,,,,,,,,,,,,,,,,,,13.0159259,77.5656373
2025-10-17 00:05:18.624,,,0.157774598542371,,,,,,,,,,,,,,,,,,,,,,,,,13.0159259,77.5656373
2025-10-17 00:05:18.624,,,,,,,,,,,,,,,,,,,,,,,,,0.127857001125813,,,13.0159259,77.5656373
2025-10-17 00:05:18.677,,,0.15774862815715,,,,,,,,,,,,,,,,,,,,,,,,,13.0159259,77.5656373
2025-10-17 00:05:18.677,,,,,,,,,,,,,,,,,,,,,,,,,0.0,,,13.0159259,77.5656373
2025-10-17 00:05:18.678,873.700012207031,,,,,,,,,,,,,,,,,,,,,,,,,,,13.0159259,77.5656373
2025-10-17 00:05:19.104,,,0.157873743549243,,,,,,,,,,,,,,,,,,,,,,,,,13.0159259,77.5656373
2025-10-17 00:05:19.104,,,,,,,,,,,,,,,,,,,,,,,,,0.252007994055748,,,13.0159259,77.5656373
2025-10-17 00:05:19.105,851.4,,,,,,,,,,,,,,,,,,,,,,,,,,,13.0159259,77.5656373
2025-10-17 00:05:19.105,,,0.157874197255089,,,,,,,,,,,,,,,,,,,,,,,,,13.0159259,77.5656373
2025-10-17 00:05:19.105,,,,,,,,,,,,,,,,,,,,,,,,,0.252007994055748,,,13.0159259,77.5656373
2025-10-17 00:05:19.106,851.4,,,,,,,,,,,,,,,,,,,,,,,,,,,13.0159259,77.5656373
2025-10-17 00:05:19.113,873.700012207031,,,,,,,,,,,,,,,,,,,,,,,,,,,13.0159259,77.5656373
2025-10-17 00:05:19.113,,,0.157876445828083,,,,,,,,,,,,,,,,,,,,,,,,,13.0159259,77.5656373
2025-10-17 00:05:19.113,,,,,,,,,,,,,,,,,,,,,,,,,0.252007994055748,,,13.0159259,77.5656373
2025-10-17 00:05:19.254,,,0.157807258801776,,,,,,,,,,,,,,,,,,,,,,,,,13.0159259,77.5656373
2025-10-17 00:05:19.254,,,,,,,,,,,,,,,,,,,,,,,,,0.0,,,13.0159259,77.5656373
2025-10-17 00:05:19.255,873.700012207031,,,,,,,,,,,,,,,,,,,,,,,,,,,13.0159259,77.5656373
2025-10-17 00:05:20.079,849.9,,,,,,,,,,,,,,,,,,,,,,,,,,,13.0159259,77.5656373
2025-10-17 00:05:20.079,,,0.158350984733595,,,,,,,,,,,,,,,,,,,,,,,,,13.0159259,77.5656373
2025-10-17 00:05:20.079,,,,,,,,,,,,,,,,,,,,,,,,,0.370599988102913,,,13.0159259,77.5656373
2025-10-17 00:05:20.082,,,0.15835318300131,,,,,,,,,,,,,,,,,,,,,,,,,13.0157166666667,77.56565
2025-10-17 00:05:20.082,,,,,,,,,,,,,,,,,,,,,,,,,0.370599988102913,,,13.0157166666667,77.56565
2025-10-17 00:05:20.083,849.9,,,,,,,,,,,,,,,,,,,,,,,,,,,13.0157166666667,77.56565
2025-10-17 00:05:20.083,,,0.158353496660086,,,,,,,,,,,,,,,,,,,,,,,,,13.0157166666667,77.56565
2025-10-17 00:05:20.083,,,,,,,,,,,,,,,,,,,,,,,,,0.370599988102913,,,13.0157166666667,77.56565
2025-10-17 00:05:20.084,849.9,,,,,,,,,,,,,,,,,,,,,,,,,,,13.0157166666667,77.56565
2025-10-17 00:05:20.097,,,0.15834639999094,,,,,,,,,,,,,,,,,,,,,,,,,13.0157166666667,77.56565
2025-10-17 00:05:20.097,,,,,,,,,,,,,,,,,,,,,,,,,0.0,,,13.0157166666667,77.56565
2025-10-17 00:05:20.098,873.700012207031,,,,,,,,,,,,,,,,,,,,,,,,,,,13.0157166666667,77.56565
2025-10-17 00:05:20.100,873.700012207031,,,,,,,,,,,,,,,,,,,,,,,,,,,13.0157166666667,77.56565
2025-10-17 00:05:20.100,,,0.158348073460601,,,,,,,,,,,,,,,,,,,,,,,,,13.0157166666667,77.56565
2025-10-17 00:05:20.100,,,0.158348519276358,,,,,,,,,,,,,,,,,,,,,,,,,13.0157166666667,77.56565
2025-10-17 00:05:20.100,,,,,,,,,,,,,,,,,,,,,,,,,0.370599988102913,,,13.0157166666667,77.56565
2025-10-17 00:05:20.100,,,,,,,,,,,,,,,,,,,,,,,,,0.370599988102913,,,13.0157166666667,77.56565
2025-10-17 00:05:20.101,873.700012207031,,,,,,,,,,,,,,,,,,,,,,,,,,,13.0157166666667,77.56565
2025-10-17 00:05:20.221,873.700012207031,,,,,,,,,,,,,,,,,,,,,,,,,,,13.0157166666667,77.56565
2025-10-17 00:05:20.221,,,0.158289642634994,,,,,,,,,,,,,,,,,,,,,,,,,13.0157166666667,77.56565
2025-10-17 00:05:20.221,,,,,,,,,,,,,,,,,,,,,,,,,0.0,,,13.0157166666667,77.56565
2025-10-17 00:05:21.571,,,0.158973067078521,,,,,,,,,,,,,,,,,,,,,,,,,13.015715,77.5656483333333
2025-10-17 00:05:21.571,,,,,,,,,,,,,,,,,,,,,,,,,0.322421988844872,,,13.015715,77.5656483333333
2025-10-17 00:05:21.572,849.4,,,,,,,,,,,,,,,,,,,,,,,,,,,13.015715,77.5656483333333
2025-10-17 00:05:21.572,849.4,,,,,,,,,,,,,,,,,,,,,,,,,,,13.015715,77.5656483333333
2025-10-17 00:05:21.572,,,0.158973545430395,,,,,,,,,,,,,,,,,,,,,,,,,13.015715,77.5656483333333
2025-10-17 00:05:21.572,,,,,,,,,,,,,,,,,,,,,,,,,0.322421988844872,,,13.015715,77.5656483333333
2025-10-17 00:05:21.588,873.700012207031,,,,,,,,,,,,,,,,,,,,,,,,,,,13.015715,77.5656483333333
2025-10-17 00:05:21.588,,,0.15896555659895,,,,,,,,,,,,,,,,,,,,,,,,,13.015715,77.5656483333333
2025-10-17 00:05:21.588,,,,,,,,,,,,,,,,,,,,,,,,,0.0,,,13.015715,77.5656483333333
2025-10-17 00:05:21.595,873.700012207031,,,,,,,,,,,,,,,,,,,,,,,,,,,13.015715,77.5656483333333
2025-10-17 00:05:21.595,,,0.158969222521158,,,,,,,,,,,,,,,,,,,,,,,,,13.015715,77.5656483333333
2025-10-17 00:05:21.595,,,,,,,,,,,,,,,,,,,,,,,,,0.322421988844872,,,13.015715,77.5656483333333
2025-10-17 00:05:21.710,,,0.15891291067492,,,,,,,,,,,,,,,,,,,,,,,,,13.015715,77.5656483333333
2025-10-17 00:05:21.710,,,,,,,,,,,,,,,,,,,,,,,,,0.0,,,13.015715,77.5656483333333
2025-10-17 00:05:21.711,873.700012207031,,,,,,,,,,,,,,,,,,,,,,,,,,,13.015715,77.5656483333333
2025-10-17 00:05:22.583,,,0.159162681220266,,,,,,,,,,,,,,,,,,,,,,,,,13.015715,77.56565
2025-10-17 00:05:22.583,,,,,,,,,,,,,,,,,,,,,,,,,0.252007994055748,,,13.015715,77.56565
2025-10-17 00:05:22.584,848.9,,,,,,,,,,,,,,,,,,,,,,,,,,,13.015715,77.56565
2025-10-17 00:05:22.586,848.9,,,,,,,,,,,,,,,,,,,,,,,,,,,13.015715,77.56565
2025-10-17 00:05:22.586,,,0.159163490421013,,,,,,,,,,,,,,,,,,,,,,,,,13.015715,77.56565
2025-10-17 00:05:22.586,,,,,,,,,,,,,,,,,,,,,,,,,0.252007994055748,,,13.015715,77.56565
2025-10-17 00:05:22.596,873.700012207031,,,,,,,,,,,,,,,,,,,,,,,,,,,13.015715,77.56565
2025-10-17 00:05:22.596,,,0.159158540196178,,,,,,,,,,,,,,,,,,,,,,,,,13.015715,77.56565
2025-10-17 00:05:22.596,,,,,,,,,,,,,,,,,,,,,,,,,0.0,,,13.015715,77.56565
2025-10-17 00:05:22.605,873.700012207031,,,,,,,,,,,,,,,,,,,,,,,,,,,13.015715,77.56565
2025-10-17 00:05:22.605,,,0.159161197816704,,,,,,,,,,,,,,,,,,,,,,,,,13.015715,77.56565
2025-10-17 00:05:22.605,,,,,,,,,,,,,,,,,,,,,,,,,0.252007994055748,,,13.015715,77.56565
2025-10-17 00:05:22.729,873.700012207031,,,,,,,,,,,,,,,,,,,,,,,,,,,13.015715,77.56565
2025-10-17 00:05:22.729,,,0.159100686545758,,,,,,,,,,,,,,,,,,,,,,,,,13.015715,77.56565
2025-10-17 00:05:22.729,,,,,,,,,,,,,,,,,,,,,,,,,0.0,,,13.015715,77.56565
2025-10-17 00:05:23.581,851.1,,,,,,,,,,,,,,,,,,,,,,,,,,,13.01572,77.56565
2025-10-17 00:05:23.581,,,0.159154610317024,,,,,,,,,,,,,,,,,,,,,,,,,13.01572,77.56565
2025-10-17 00:05:23.581,,,,,,,,,,,,,,,,,,,,,,,,,0.179740995168686,,,13.01572,77.56565
2025-10-17 00:05:24.850,,,0.158538024324621,,,,,,,,,,,,,,,,,,,,,,,,,13.0157216666667,77.56565
2025-10-17 00:05:24.850,,,,,,,,,,,,,,,,,,,,,,,,,0.0,,,13.0157216666667,77.56565
2025-10-17 00:05:24.851,851.2,,,,,,,,,,,,,,,,,,,,,,,,,,,13.0157216666667,77.56565
2025-10-17 00:05:29.081,851.1,,,,,,,,,,,,,,,,,,,,,,,,,,,13.0157216666667,77.56565
2025-10-17 00:05:30.332,851.2,,,,,,,,,,,,,,,,,,,,,,,,,,,13.0157216666667,77.56565
2025-10-17 00:05:32.853,851.3,,,,,,,,,,,,,,,,,,,,,,,,,,,13.015725,77.5656483333333
2025-10-17 00:05:35.335,851.4,,,,,,,,,,,,,,,,,,,,,,,,,,,13.015725,77.5656466666667
2025-10-17 00:05:36.585,851.2,,,,,,,,,,,,,,,,,,,,,,,,,,,13.01573,77.5656466666667
2025-10-17 00:05:39.002,874.299987792969,,,,,,,,,,,,,,,,,,,,,,,,,,,13.0157088,77.5656117
2025-10-17 00:05:44.238,851.0,,,,,,,,,,,,,,,,,,,,,,,,,,,13.0157366666667,77.565645
2025-10-17 00:05:46.017,850.9,,,,,,,,,,,,,,,,,,,,,,,,,,,13.01574,77.5656483333333
2025-10-17 00:05:50.026,850.8,,,,,,,,,,,,,,,,,,,,,,,,,,,13.0157433333333,77.5656466666667
2025-10-17 00:05:53.514,851.0,,,,,,,,,,,,,,,,,,,,,,,,,,,13.0157483333333,77.5656483333333
